13-Feb-2024 07:48:49.424 정보 [http-nio-8855-exec-20] org.apache.coyote.http11.AbstractHttp11Processor.process Error parsing HTTP request header
 Note: further occurrences of HTTP header parsing errors will be logged at DEBUG level.
 java.lang.IllegalArgumentException: Invalid character found in method name. HTTP method names must be tokens
	at org.apache.coyote.http11.AbstractNioInputBuffer.parseRequestLine(AbstractNioInputBuffer.java:235)
	at org.apache.coyote.http11.AbstractHttp11Processor.process(AbstractHttp11Processor.java:1045)
	at org.apache.coyote.AbstractProtocol$AbstractConnectionHandler.process(AbstractProtocol.java:684)
	at org.apache.tomcat.util.net.NioEndpoint$SocketProcessor.doRun(NioEndpoint.java:1539)
	at org.apache.tomcat.util.net.NioEndpoint$SocketProcessor.run(NioEndpoint.java:1495)
	at java.util.concurrent.ThreadPoolExecutor.runWorker(ThreadPoolExecutor.java:1142)
	at java.util.concurrent.ThreadPoolExecutor$Worker.run(ThreadPoolExecutor.java:617)
	at org.apache.tomcat.util.threads.TaskThread$WrappingRunnable.run(TaskThread.java:61)
	at java.lang.Thread.run(Thread.java:745)

13-Feb-2024 14:23:41.838 정보 [main] org.apache.catalina.core.StandardServer.await A valid shutdown command was received via the shutdown port. Stopping the Server instance.
13-Feb-2024 14:23:41.838 정보 [main] org.apache.coyote.AbstractProtocol.pause Pausing ProtocolHandler ["http-nio-8855"]
13-Feb-2024 14:23:41.888 정보 [main] org.apache.catalina.core.StandardService.stopInternal Stopping service daejist7
13-Feb-2024 14:23:41.890 정보 [daejist7.cafe24.com-startStop-7] org.apache.catalina.core.ApplicationContext.log Destroying Spring FrameworkServlet 'appServlet'
13-Feb-2024 14:23:41.904 정보 [daejist7.cafe24.com-startStop-7] org.apache.catalina.core.ApplicationContext.log Closing Spring root WebApplicationContext
13-Feb-2024 14:23:41.956 경고 [daejist7.cafe24.com-startStop-7] org.apache.catalina.loader.WebappClassLoaderBase.clearReferencesJdbc The web application [ROOT] registered the JDBC driver [com.microsoft.sqlserver.jdbc.SQLServerDriver] but failed to unregister it when the web application was stopped. To prevent a memory leak, the JDBC Driver has been forcibly unregistered.
13-Feb-2024 14:23:41.967 정보 [daejist7.cafe24.com-startStop-7] org.apache.catalina.core.ApplicationContext.log Destroying Spring FrameworkServlet 'appServlet'
13-Feb-2024 14:23:41.972 정보 [daejist7.cafe24.com-startStop-7] org.apache.catalina.core.ApplicationContext.log Closing Spring root WebApplicationContext
13-Feb-2024 14:23:42.159 경고 [daejist7.cafe24.com-startStop-7] org.apache.catalina.loader.WebappClassLoaderBase.clearReferencesJdbc The web application [scm] registered the JDBC driver [com.microsoft.sqlserver.jdbc.SQLServerDriver] but failed to unregister it when the web application was stopped. To prevent a memory leak, the JDBC Driver has been forcibly unregistered.
13-Feb-2024 14:23:42.160 정보 [daejist7.cafe24.com-startStop-7] org.apache.catalina.core.ApplicationContext.log Destroying Spring FrameworkServlet 'appServlet'
13-Feb-2024 14:23:42.170 정보 [daejist7.cafe24.com-startStop-7] org.apache.catalina.core.ApplicationContext.log Closing Spring root WebApplicationContext
13-Feb-2024 14:23:42.631 경고 [daejist7.cafe24.com-startStop-7] org.apache.catalina.loader.WebappClassLoaderBase.clearReferencesJdbc The web application [daejiM] registered the JDBC driver [com.microsoft.sqlserver.jdbc.SQLServerDriver] but failed to unregister it when the web application was stopped. To prevent a memory leak, the JDBC Driver has been forcibly unregistered.
13-Feb-2024 14:23:42.635 정보 [main] org.apache.coyote.AbstractProtocol.stop Stopping ProtocolHandler ["http-nio-8855"]
13-Feb-2024 14:23:42.718 정보 [main] org.apache.coyote.AbstractProtocol.destroy Destroying ProtocolHandler ["http-nio-8855"]
13-Feb-2024 14:23:52.981 정보 [main] org.apache.catalina.core.AprLifecycleListener.lifecycleEvent The APR based Apache Tomcat Native library which allows optimal performance in production environments was not found on the java.library.path: :/usr/local/mysql/lib:/usr/java/packages/lib/amd64:/usr/lib64:/lib64:/lib:/usr/lib
13-Feb-2024 14:23:53.032 정보 [main] org.apache.coyote.AbstractProtocol.init Initializing ProtocolHandler ["http-nio-8855"]
13-Feb-2024 14:23:53.042 정보 [main] org.apache.tomcat.util.net.NioSelectorPool.getSharedSelector Using a shared selector for servlet write/read
13-Feb-2024 14:23:53.043 정보 [main] org.apache.catalina.startup.Catalina.load Initialization processed in 227 ms
13-Feb-2024 14:23:53.056 정보 [main] org.apache.catalina.core.StandardService.startInternal Starting service daejist7
13-Feb-2024 14:23:53.056 정보 [main] org.apache.catalina.core.StandardEngine.startInternal Starting Servlet Engine: Apache Tomcat/8.0.50
13-Feb-2024 14:23:53.070 정보 [daejist7.cafe24.com-startStop-1] org.apache.catalina.startup.HostConfig.deployWAR Deploying web application archive /daejist7/tomcat/webapps/daejiM.war
13-Feb-2024 14:23:55.890 정보 [daejist7.cafe24.com-startStop-1] org.apache.jasper.servlet.TldScanner.scanJars At least one JAR was scanned for TLDs yet contained no TLDs. Enable debug logging for this logger for a complete list of JARs that were scanned but no TLDs were found in them. Skipping unneeded JARs during scanning can improve startup time and JSP compilation time.
13-Feb-2024 14:23:55.906 정보 [daejist7.cafe24.com-startStop-1] org.apache.catalina.core.ApplicationContext.log No Spring WebApplicationInitializer types detected on classpath
13-Feb-2024 14:23:55.912 정보 [daejist7.cafe24.com-startStop-1] org.apache.catalina.core.ApplicationContext.log Initializing Spring root WebApplicationContext
13-Feb-2024 14:24:01.817 정보 [daejist7.cafe24.com-startStop-1] org.apache.catalina.core.ApplicationContext.log Initializing Spring DispatcherServlet 'appServlet'
13-Feb-2024 14:24:02.367 정보 [daejist7.cafe24.com-startStop-1] org.apache.catalina.startup.HostConfig.deployWAR Deployment of web application archive /daejist7/tomcat/webapps/daejiM.war has finished in 9,297 ms
13-Feb-2024 14:24:02.372 정보 [daejist7.cafe24.com-startStop-1] org.apache.catalina.startup.HostConfig.deployWAR Deploying web application archive /daejist7/tomcat/webapps/scm.war
13-Feb-2024 14:24:04.370 정보 [daejist7.cafe24.com-startStop-1] org.apache.jasper.servlet.TldScanner.scanJars At least one JAR was scanned for TLDs yet contained no TLDs. Enable debug logging for this logger for a complete list of JARs that were scanned but no TLDs were found in them. Skipping unneeded JARs during scanning can improve startup time and JSP compilation time.
13-Feb-2024 14:24:04.379 정보 [daejist7.cafe24.com-startStop-1] org.apache.catalina.core.ApplicationContext.log No Spring WebApplicationInitializer types detected on classpath
13-Feb-2024 14:24:04.385 정보 [daejist7.cafe24.com-startStop-1] org.apache.catalina.core.ApplicationContext.log Initializing Spring root WebApplicationContext
13-Feb-2024 14:24:05.278 정보 [daejist7.cafe24.com-startStop-1] org.apache.catalina.core.ApplicationContext.log Initializing Spring DispatcherServlet 'appServlet'
13-Feb-2024 14:24:05.829 정보 [daejist7.cafe24.com-startStop-1] org.apache.catalina.startup.HostConfig.deployWAR Deployment of web application archive /daejist7/tomcat/webapps/scm.war has finished in 3,457 ms
13-Feb-2024 14:24:05.836 정보 [daejist7.cafe24.com-startStop-1] org.apache.catalina.startup.HostConfig.deployWAR Deploying web application archive /daejist7/tomcat/webapps/ROOT.war
13-Feb-2024 14:24:06.765 정보 [daejist7.cafe24.com-startStop-1] org.apache.jasper.servlet.TldScanner.scanJars At least one JAR was scanned for TLDs yet contained no TLDs. Enable debug logging for this logger for a complete list of JARs that were scanned but no TLDs were found in them. Skipping unneeded JARs during scanning can improve startup time and JSP compilation time.
13-Feb-2024 14:24:06.767 정보 [daejist7.cafe24.com-startStop-1] org.apache.catalina.core.ApplicationContext.log No Spring WebApplicationInitializer types detected on classpath
13-Feb-2024 14:24:06.771 정보 [daejist7.cafe24.com-startStop-1] org.apache.catalina.core.ApplicationContext.log Initializing Spring root WebApplicationContext
13-Feb-2024 14:24:07.125 정보 [daejist7.cafe24.com-startStop-1] org.apache.catalina.core.ApplicationContext.log Initializing Spring DispatcherServlet 'appServlet'
13-Feb-2024 14:24:07.484 정보 [daejist7.cafe24.com-startStop-1] org.apache.catalina.startup.HostConfig.deployWAR Deployment of web application archive /daejist7/tomcat/webapps/ROOT.war has finished in 1,648 ms
13-Feb-2024 14:24:07.488 정보 [daejist7.cafe24.com-startStop-1] org.apache.catalina.startup.HostConfig.deployWAR Deploying web application archive /daejist7/tomcat/webapps/mis.war
13-Feb-2024 14:24:08.409 정보 [daejist7.cafe24.com-startStop-1] org.apache.jasper.servlet.TldScanner.scanJars At least one JAR was scanned for TLDs yet contained no TLDs. Enable debug logging for this logger for a complete list of JARs that were scanned but no TLDs were found in them. Skipping unneeded JARs during scanning can improve startup time and JSP compilation time.
13-Feb-2024 14:24:08.411 정보 [daejist7.cafe24.com-startStop-1] org.apache.catalina.core.ApplicationContext.log No Spring WebApplicationInitializer types detected on classpath
13-Feb-2024 14:24:08.440 정보 [daejist7.cafe24.com-startStop-1] org.apache.catalina.core.ApplicationContext.log Initializing Spring root WebApplicationContext
13-Feb-2024 14:24:08.905 심각 [daejist7.cafe24.com-startStop-1] org.apache.catalina.core.StandardContext.listenerStart Exception sending context initialized event to listener instance of class org.springframework.web.context.ContextLoaderListener
 org.springframework.beans.factory.BeanCreationException: Error creating bean with name 'sqlSessionFactory' defined in ServletContext resource [/WEB-INF/spring/root-context.xml]: Invocation of init method failed; nested exception is java.lang.UnsupportedClassVersionError: com/dj/exe/vo/prcVO has been compiled by a more recent version of the Java Runtime (class file version 55.0), this version of the Java Runtime only recognizes class file versions up to 52.0 (unable to load class com.dj.exe.vo.prcVO)
	at org.springframework.beans.factory.support.AbstractAutowireCapableBeanFactory.initializeBean(AbstractAutowireCapableBeanFactory.java:1553)
	at org.springframework.beans.factory.support.AbstractAutowireCapableBeanFactory.doCreateBean(AbstractAutowireCapableBeanFactory.java:539)
	at org.springframework.beans.factory.support.AbstractAutowireCapableBeanFactory.createBean(AbstractAutowireCapableBeanFactory.java:475)
	at org.springframework.beans.factory.support.AbstractBeanFactory$1.getObject(AbstractBeanFactory.java:304)
	at org.springframework.beans.factory.support.DefaultSingletonBeanRegistry.getSingleton(DefaultSingletonBeanRegistry.java:228)
	at org.springframework.beans.factory.support.AbstractBeanFactory.doGetBean(AbstractBeanFactory.java:300)
	at org.springframework.beans.factory.support.AbstractBeanFactory.getBean(AbstractBeanFactory.java:195)
	at org.springframework.beans.factory.support.DefaultListableBeanFactory.preInstantiateSingletons(DefaultListableBeanFactory.java:681)
	at org.springframework.context.support.AbstractApplicationContext.finishBeanFactoryInitialization(AbstractApplicationContext.java:760)
	at org.springframework.context.support.AbstractApplicationContext.refresh(AbstractApplicationContext.java:482)
	at org.springframework.web.context.ContextLoader.configureAndRefreshWebApplicationContext(ContextLoader.java:381)
	at org.springframework.web.context.ContextLoader.initWebApplicationContext(ContextLoader.java:293)
	at org.springframework.web.context.ContextLoaderListener.contextInitialized(ContextLoaderListener.java:106)
	at org.apache.catalina.core.StandardContext.listenerStart(StandardContext.java:4861)
	at org.apache.catalina.core.StandardContext.startInternal(StandardContext.java:5322)
	at org.apache.catalina.util.LifecycleBase.start(LifecycleBase.java:145)
	at org.apache.catalina.core.ContainerBase.addChildInternal(ContainerBase.java:753)
	at org.apache.catalina.core.ContainerBase.addChild(ContainerBase.java:729)
	at org.apache.catalina.core.StandardHost.addChild(StandardHost.java:717)
	at org.apache.catalina.startup.HostConfig.deployWAR(HostConfig.java:974)
	at org.apache.catalina.startup.HostConfig$DeployWar.run(HostConfig.java:1850)
	at java.util.concurrent.Executors$RunnableAdapter.call(Executors.java:511)
	at java.util.concurrent.FutureTask.run(FutureTask.java:266)
	at java.util.concurrent.ThreadPoolExecutor.runWorker(ThreadPoolExecutor.java:1142)
	at java.util.concurrent.ThreadPoolExecutor$Worker.run(ThreadPoolExecutor.java:617)
	at java.lang.Thread.run(Thread.java:745)
Caused by: java.lang.UnsupportedClassVersionError: com/dj/exe/vo/prcVO has been compiled by a more recent version of the Java Runtime (class file version 55.0), this version of the Java Runtime only recognizes class file versions up to 52.0 (unable to load class com.dj.exe.vo.prcVO)
	at org.apache.catalina.loader.WebappClassLoaderBase.findClassInternal(WebappClassLoaderBase.java:2478)
	at org.apache.catalina.loader.WebappClassLoaderBase.findClass(WebappClassLoaderBase.java:855)
	at org.apache.catalina.loader.WebappClassLoaderBase.loadClass(WebappClassLoaderBase.java:1304)
	at org.apache.catalina.loader.WebappClassLoaderBase.loadClass(WebappClassLoaderBase.java:1163)
	at java.lang.Class.forName0(Native Method)
	at java.lang.Class.forName(Class.java:348)
	at org.apache.ibatis.io.ClassLoaderWrapper.classForName(ClassLoaderWrapper.java:186)
	at org.apache.ibatis.io.ClassLoaderWrapper.classForName(ClassLoaderWrapper.java:89)
	at org.apache.ibatis.io.Resources.classForName(Resources.java:261)
	at org.apache.ibatis.type.TypeAliasRegistry.resolveAlias(TypeAliasRegistry.java:116)
	at org.apache.ibatis.builder.BaseBuilder.resolveAlias(BaseBuilder.java:149)
	at org.apache.ibatis.builder.BaseBuilder.resolveClass(BaseBuilder.java:116)
	at org.apache.ibatis.builder.xml.XMLStatementBuilder.parseStatementNode(XMLStatementBuilder.java:102)
	at org.apache.ibatis.builder.xml.XMLMapperBuilder.buildStatementFromContext(XMLMapperBuilder.java:137)
	at org.apache.ibatis.builder.xml.XMLMapperBuilder.buildStatementFromContext(XMLMapperBuilder.java:130)
	at org.apache.ibatis.builder.xml.XMLMapperBuilder.configurationElement(XMLMapperBuilder.java:120)
	at org.apache.ibatis.builder.xml.XMLMapperBuilder.parse(XMLMapperBuilder.java:94)
	at org.mybatis.spring.SqlSessionFactoryBean.buildSqlSessionFactory(SqlSessionFactoryBean.java:521)
	at org.mybatis.spring.SqlSessionFactoryBean.afterPropertiesSet(SqlSessionFactoryBean.java:380)
	at org.springframework.beans.factory.support.AbstractAutowireCapableBeanFactory.invokeInitMethods(AbstractAutowireCapableBeanFactory.java:1612)
	at org.springframework.beans.factory.support.AbstractAutowireCapableBeanFactory.initializeBean(AbstractAutowireCapableBeanFactory.java:1549)
	... 25 more

13-Feb-2024 14:24:08.905 심각 [daejist7.cafe24.com-startStop-1] org.apache.catalina.core.StandardContext.startInternal One or more listeners failed to start. Full details will be found in the appropriate container log file
13-Feb-2024 14:24:08.906 심각 [daejist7.cafe24.com-startStop-1] org.apache.catalina.core.StandardContext.startInternal Context [/mis] startup failed due to previous errors
13-Feb-2024 14:24:08.906 정보 [daejist7.cafe24.com-startStop-1] org.apache.catalina.core.ApplicationContext.log Closing Spring root WebApplicationContext
13-Feb-2024 14:24:08.912 정보 [daejist7.cafe24.com-startStop-1] org.apache.catalina.startup.HostConfig.deployWAR Deployment of web application archive /daejist7/tomcat/webapps/mis.war has finished in 1,423 ms
13-Feb-2024 14:24:08.912 정보 [daejist7.cafe24.com-startStop-1] org.apache.catalina.startup.HostConfig.deployDirectory Deploying web application directory /daejist7/tomcat/webapps/host-manager
13-Feb-2024 14:24:09.023 정보 [daejist7.cafe24.com-startStop-1] org.apache.jasper.servlet.TldScanner.scanJars At least one JAR was scanned for TLDs yet contained no TLDs. Enable debug logging for this logger for a complete list of JARs that were scanned but no TLDs were found in them. Skipping unneeded JARs during scanning can improve startup time and JSP compilation time.
13-Feb-2024 14:24:09.026 정보 [daejist7.cafe24.com-startStop-1] org.apache.catalina.startup.HostConfig.deployDirectory Deployment of web application directory /daejist7/tomcat/webapps/host-manager has finished in 114 ms
13-Feb-2024 14:24:09.026 정보 [daejist7.cafe24.com-startStop-1] org.apache.catalina.startup.HostConfig.deployDirectory Deploying web application directory /daejist7/tomcat/webapps/manager
13-Feb-2024 14:24:09.136 정보 [daejist7.cafe24.com-startStop-1] org.apache.jasper.servlet.TldScanner.scanJars At least one JAR was scanned for TLDs yet contained no TLDs. Enable debug logging for this logger for a complete list of JARs that were scanned but no TLDs were found in them. Skipping unneeded JARs during scanning can improve startup time and JSP compilation time.
13-Feb-2024 14:24:09.138 정보 [daejist7.cafe24.com-startStop-1] org.apache.catalina.startup.HostConfig.deployDirectory Deployment of web application directory /daejist7/tomcat/webapps/manager has finished in 112 ms
13-Feb-2024 14:24:09.140 정보 [main] org.apache.coyote.AbstractProtocol.start Starting ProtocolHandler ["http-nio-8855"]
13-Feb-2024 14:24:09.144 정보 [main] org.apache.catalina.startup.Catalina.start Server startup in 16100 ms
13-Feb-2024 14:28:19.184 정보 [daejist7.cafe24.com-startStop-2] org.apache.catalina.startup.HostConfig.deployWAR Deploying web application archive /daejist7/tomcat/webapps/daeji.war
13-Feb-2024 14:28:20.293 정보 [daejist7.cafe24.com-startStop-2] org.apache.jasper.servlet.TldScanner.scanJars At least one JAR was scanned for TLDs yet contained no TLDs. Enable debug logging for this logger for a complete list of JARs that were scanned but no TLDs were found in them. Skipping unneeded JARs during scanning can improve startup time and JSP compilation time.
13-Feb-2024 14:28:20.295 정보 [daejist7.cafe24.com-startStop-2] org.apache.catalina.core.ApplicationContext.log No Spring WebApplicationInitializer types detected on classpath
13-Feb-2024 14:28:20.321 정보 [daejist7.cafe24.com-startStop-2] org.apache.catalina.core.ApplicationContext.log Initializing Spring root WebApplicationContext
13-Feb-2024 14:28:20.625 심각 [daejist7.cafe24.com-startStop-2] org.apache.catalina.core.StandardContext.listenerStart Exception sending context initialized event to listener instance of class org.springframework.web.context.ContextLoaderListener
 org.springframework.beans.factory.BeanCreationException: Error creating bean with name 'sqlSessionFactory' defined in ServletContext resource [/WEB-INF/spring/root-context.xml]: Invocation of init method failed; nested exception is java.lang.UnsupportedClassVersionError: com/dj/exe/vo/prcVO has been compiled by a more recent version of the Java Runtime (class file version 55.0), this version of the Java Runtime only recognizes class file versions up to 52.0 (unable to load class com.dj.exe.vo.prcVO)
	at org.springframework.beans.factory.support.AbstractAutowireCapableBeanFactory.initializeBean(AbstractAutowireCapableBeanFactory.java:1553)
	at org.springframework.beans.factory.support.AbstractAutowireCapableBeanFactory.doCreateBean(AbstractAutowireCapableBeanFactory.java:539)
	at org.springframework.beans.factory.support.AbstractAutowireCapableBeanFactory.createBean(AbstractAutowireCapableBeanFactory.java:475)
	at org.springframework.beans.factory.support.AbstractBeanFactory$1.getObject(AbstractBeanFactory.java:304)
	at org.springframework.beans.factory.support.DefaultSingletonBeanRegistry.getSingleton(DefaultSingletonBeanRegistry.java:228)
	at org.springframework.beans.factory.support.AbstractBeanFactory.doGetBean(AbstractBeanFactory.java:300)
	at org.springframework.beans.factory.support.AbstractBeanFactory.getBean(AbstractBeanFactory.java:195)
	at org.springframework.beans.factory.support.DefaultListableBeanFactory.preInstantiateSingletons(DefaultListableBeanFactory.java:681)
	at org.springframework.context.support.AbstractApplicationContext.finishBeanFactoryInitialization(AbstractApplicationContext.java:760)
	at org.springframework.context.support.AbstractApplicationContext.refresh(AbstractApplicationContext.java:482)
	at org.springframework.web.context.ContextLoader.configureAndRefreshWebApplicationContext(ContextLoader.java:381)
	at org.springframework.web.context.ContextLoader.initWebApplicationContext(ContextLoader.java:293)
	at org.springframework.web.context.ContextLoaderListener.contextInitialized(ContextLoaderListener.java:106)
	at org.apache.catalina.core.StandardContext.listenerStart(StandardContext.java:4861)
	at org.apache.catalina.core.StandardContext.startInternal(StandardContext.java:5322)
	at org.apache.catalina.util.LifecycleBase.start(LifecycleBase.java:145)
	at org.apache.catalina.core.ContainerBase.addChildInternal(ContainerBase.java:753)
	at org.apache.catalina.core.ContainerBase.addChild(ContainerBase.java:729)
	at org.apache.catalina.core.StandardHost.addChild(StandardHost.java:717)
	at org.apache.catalina.startup.HostConfig.deployWAR(HostConfig.java:974)
	at org.apache.catalina.startup.HostConfig$DeployWar.run(HostConfig.java:1850)
	at java.util.concurrent.Executors$RunnableAdapter.call(Executors.java:511)
	at java.util.concurrent.FutureTask.run(FutureTask.java:266)
	at java.util.concurrent.ThreadPoolExecutor.runWorker(ThreadPoolExecutor.java:1142)
	at java.util.concurrent.ThreadPoolExecutor$Worker.run(ThreadPoolExecutor.java:617)
	at java.lang.Thread.run(Thread.java:745)
Caused by: java.lang.UnsupportedClassVersionError: com/dj/exe/vo/prcVO has been compiled by a more recent version of the Java Runtime (class file version 55.0), this version of the Java Runtime only recognizes class file versions up to 52.0 (unable to load class com.dj.exe.vo.prcVO)
	at org.apache.catalina.loader.WebappClassLoaderBase.findClassInternal(WebappClassLoaderBase.java:2478)
	at org.apache.catalina.loader.WebappClassLoaderBase.findClass(WebappClassLoaderBase.java:855)
	at org.apache.catalina.loader.WebappClassLoaderBase.loadClass(WebappClassLoaderBase.java:1304)
	at org.apache.catalina.loader.WebappClassLoaderBase.loadClass(WebappClassLoaderBase.java:1163)
	at java.lang.Class.forName0(Native Method)
	at java.lang.Class.forName(Class.java:348)
	at org.apache.ibatis.io.ClassLoaderWrapper.classForName(ClassLoaderWrapper.java:186)
	at org.apache.ibatis.io.ClassLoaderWrapper.classForName(ClassLoaderWrapper.java:89)
	at org.apache.ibatis.io.Resources.classForName(Resources.java:261)
	at org.apache.ibatis.type.TypeAliasRegistry.resolveAlias(TypeAliasRegistry.java:116)
	at org.apache.ibatis.builder.BaseBuilder.resolveAlias(BaseBuilder.java:149)
	at org.apache.ibatis.builder.BaseBuilder.resolveClass(BaseBuilder.java:116)
	at org.apache.ibatis.builder.xml.XMLStatementBuilder.parseStatementNode(XMLStatementBuilder.java:102)
	at org.apache.ibatis.builder.xml.XMLMapperBuilder.buildStatementFromContext(XMLMapperBuilder.java:137)
	at org.apache.ibatis.builder.xml.XMLMapperBuilder.buildStatementFromContext(XMLMapperBuilder.java:130)
	at org.apache.ibatis.builder.xml.XMLMapperBuilder.configurationElement(XMLMapperBuilder.java:120)
	at org.apache.ibatis.builder.xml.XMLMapperBuilder.parse(XMLMapperBuilder.java:94)
	at org.mybatis.spring.SqlSessionFactoryBean.buildSqlSessionFactory(SqlSessionFactoryBean.java:521)
	at org.mybatis.spring.SqlSessionFactoryBean.afterPropertiesSet(SqlSessionFactoryBean.java:380)
	at org.springframework.beans.factory.support.AbstractAutowireCapableBeanFactory.invokeInitMethods(AbstractAutowireCapableBeanFactory.java:1612)
	at org.springframework.beans.factory.support.AbstractAutowireCapableBeanFactory.initializeBean(AbstractAutowireCapableBeanFactory.java:1549)
	... 25 more

13-Feb-2024 14:28:20.625 심각 [daejist7.cafe24.com-startStop-2] org.apache.catalina.core.StandardContext.startInternal One or more listeners failed to start. Full details will be found in the appropriate container log file
13-Feb-2024 14:28:20.625 심각 [daejist7.cafe24.com-startStop-2] org.apache.catalina.core.StandardContext.startInternal Context [/daeji] startup failed due to previous errors
13-Feb-2024 14:28:20.626 정보 [daejist7.cafe24.com-startStop-2] org.apache.catalina.core.ApplicationContext.log Closing Spring root WebApplicationContext
13-Feb-2024 14:28:20.627 경고 [daejist7.cafe24.com-startStop-2] org.apache.catalina.loader.WebappClassLoaderBase.clearReferencesJdbc The web application [daeji] registered the JDBC driver [com.microsoft.sqlserver.jdbc.SQLServerDriver] but failed to unregister it when the web application was stopped. To prevent a memory leak, the JDBC Driver has been forcibly unregistered.
13-Feb-2024 14:28:20.628 정보 [daejist7.cafe24.com-startStop-2] org.apache.catalina.startup.HostConfig.deployWAR Deployment of web application archive /daejist7/tomcat/webapps/daeji.war has finished in 1,444 ms
13-Feb-2024 14:28:59.003 정보 [main] org.apache.catalina.core.StandardServer.await A valid shutdown command was received via the shutdown port. Stopping the Server instance.
13-Feb-2024 14:28:59.003 정보 [main] org.apache.coyote.AbstractProtocol.pause Pausing ProtocolHandler ["http-nio-8855"]
13-Feb-2024 14:28:59.054 정보 [main] org.apache.catalina.core.StandardService.stopInternal Stopping service daejist7
13-Feb-2024 14:28:59.055 정보 [daejist7.cafe24.com-startStop-3] org.apache.catalina.core.ApplicationContext.log Destroying Spring FrameworkServlet 'appServlet'
13-Feb-2024 14:28:59.061 정보 [daejist7.cafe24.com-startStop-3] org.apache.catalina.core.ApplicationContext.log Closing Spring root WebApplicationContext
13-Feb-2024 14:28:59.064 경고 [daejist7.cafe24.com-startStop-3] org.apache.catalina.loader.WebappClassLoaderBase.clearReferencesJdbc The web application [ROOT] registered the JDBC driver [com.microsoft.sqlserver.jdbc.SQLServerDriver] but failed to unregister it when the web application was stopped. To prevent a memory leak, the JDBC Driver has been forcibly unregistered.
13-Feb-2024 14:28:59.071 정보 [daejist7.cafe24.com-startStop-3] org.apache.catalina.core.ApplicationContext.log Destroying Spring FrameworkServlet 'appServlet'
13-Feb-2024 14:28:59.081 정보 [daejist7.cafe24.com-startStop-3] org.apache.catalina.core.ApplicationContext.log Closing Spring root WebApplicationContext
13-Feb-2024 14:28:59.090 경고 [daejist7.cafe24.com-startStop-3] org.apache.catalina.loader.WebappClassLoaderBase.clearReferencesJdbc The web application [scm] registered the JDBC driver [com.microsoft.sqlserver.jdbc.SQLServerDriver] but failed to unregister it when the web application was stopped. To prevent a memory leak, the JDBC Driver has been forcibly unregistered.
13-Feb-2024 14:28:59.092 정보 [daejist7.cafe24.com-startStop-3] org.apache.catalina.core.ApplicationContext.log Destroying Spring FrameworkServlet 'appServlet'
13-Feb-2024 14:28:59.100 정보 [daejist7.cafe24.com-startStop-3] org.apache.catalina.core.ApplicationContext.log Closing Spring root WebApplicationContext
13-Feb-2024 14:28:59.119 경고 [daejist7.cafe24.com-startStop-3] org.apache.catalina.loader.WebappClassLoaderBase.clearReferencesThreads The web application [daejiM] appears to have started a thread named [SeedGenerator Thread] but has failed to stop it. This is very likely to create a memory leak. Stack trace of thread:
 java.lang.Object.wait(Native Method)
 java.lang.Object.wait(Object.java:502)
 sun.security.provider.SeedGenerator$ThreadedSeedGenerator.run(SeedGenerator.java:334)
 java.lang.Thread.run(Thread.java:745)
13-Feb-2024 14:28:59.126 정보 [main] org.apache.coyote.AbstractProtocol.stop Stopping ProtocolHandler ["http-nio-8855"]
13-Feb-2024 14:28:59.127 정보 [main] org.apache.coyote.AbstractProtocol.destroy Destroying ProtocolHandler ["http-nio-8855"]
13-Feb-2024 14:29:14.482 정보 [main] org.apache.catalina.core.AprLifecycleListener.lifecycleEvent The APR based Apache Tomcat Native library which allows optimal performance in production environments was not found on the java.library.path: :/usr/local/mysql/lib:/usr/java/packages/lib/amd64:/usr/lib64:/lib64:/lib:/usr/lib
13-Feb-2024 14:29:14.537 정보 [main] org.apache.coyote.AbstractProtocol.init Initializing ProtocolHandler ["http-nio-8855"]
13-Feb-2024 14:29:14.547 정보 [main] org.apache.tomcat.util.net.NioSelectorPool.getSharedSelector Using a shared selector for servlet write/read
13-Feb-2024 14:29:14.548 정보 [main] org.apache.catalina.startup.Catalina.load Initialization processed in 243 ms
13-Feb-2024 14:29:14.560 정보 [main] org.apache.catalina.core.StandardService.startInternal Starting service daejist7
13-Feb-2024 14:29:14.560 정보 [main] org.apache.catalina.core.StandardEngine.startInternal Starting Servlet Engine: Apache Tomcat/8.0.50
13-Feb-2024 14:29:14.574 정보 [daejist7.cafe24.com-startStop-1] org.apache.catalina.startup.HostConfig.deployWAR Deploying web application archive /daejist7/tomcat/webapps/daejiM.war
13-Feb-2024 14:29:16.542 정보 [daejist7.cafe24.com-startStop-1] org.apache.jasper.servlet.TldScanner.scanJars At least one JAR was scanned for TLDs yet contained no TLDs. Enable debug logging for this logger for a complete list of JARs that were scanned but no TLDs were found in them. Skipping unneeded JARs during scanning can improve startup time and JSP compilation time.
13-Feb-2024 14:29:16.554 정보 [daejist7.cafe24.com-startStop-1] org.apache.catalina.core.ApplicationContext.log No Spring WebApplicationInitializer types detected on classpath
13-Feb-2024 14:29:16.560 정보 [daejist7.cafe24.com-startStop-1] org.apache.catalina.core.ApplicationContext.log Initializing Spring root WebApplicationContext
13-Feb-2024 14:29:22.410 정보 [daejist7.cafe24.com-startStop-1] org.apache.catalina.core.ApplicationContext.log Initializing Spring DispatcherServlet 'appServlet'
13-Feb-2024 14:29:22.806 정보 [daejist7.cafe24.com-startStop-1] org.apache.catalina.startup.HostConfig.deployWAR Deployment of web application archive /daejist7/tomcat/webapps/daejiM.war has finished in 8,232 ms
13-Feb-2024 14:29:22.806 정보 [daejist7.cafe24.com-startStop-1] org.apache.catalina.startup.HostConfig.deployWAR Deploying web application archive /daejist7/tomcat/webapps/scm.war
13-Feb-2024 14:29:24.067 정보 [daejist7.cafe24.com-startStop-1] org.apache.jasper.servlet.TldScanner.scanJars At least one JAR was scanned for TLDs yet contained no TLDs. Enable debug logging for this logger for a complete list of JARs that were scanned but no TLDs were found in them. Skipping unneeded JARs during scanning can improve startup time and JSP compilation time.
13-Feb-2024 14:29:24.069 정보 [daejist7.cafe24.com-startStop-1] org.apache.catalina.core.ApplicationContext.log No Spring WebApplicationInitializer types detected on classpath
13-Feb-2024 14:29:24.075 정보 [daejist7.cafe24.com-startStop-1] org.apache.catalina.core.ApplicationContext.log Initializing Spring root WebApplicationContext
13-Feb-2024 14:29:24.715 정보 [daejist7.cafe24.com-startStop-1] org.apache.catalina.core.ApplicationContext.log Initializing Spring DispatcherServlet 'appServlet'
13-Feb-2024 14:29:25.067 정보 [daejist7.cafe24.com-startStop-1] org.apache.catalina.startup.HostConfig.deployWAR Deployment of web application archive /daejist7/tomcat/webapps/scm.war has finished in 2,261 ms
13-Feb-2024 14:29:25.067 정보 [daejist7.cafe24.com-startStop-1] org.apache.catalina.startup.HostConfig.deployWAR Deploying web application archive /daejist7/tomcat/webapps/ROOT.war
13-Feb-2024 14:29:25.793 정보 [daejist7.cafe24.com-startStop-1] org.apache.jasper.servlet.TldScanner.scanJars At least one JAR was scanned for TLDs yet contained no TLDs. Enable debug logging for this logger for a complete list of JARs that were scanned but no TLDs were found in them. Skipping unneeded JARs during scanning can improve startup time and JSP compilation time.
13-Feb-2024 14:29:25.795 정보 [daejist7.cafe24.com-startStop-1] org.apache.catalina.core.ApplicationContext.log No Spring WebApplicationInitializer types detected on classpath
13-Feb-2024 14:29:25.800 정보 [daejist7.cafe24.com-startStop-1] org.apache.catalina.core.ApplicationContext.log Initializing Spring root WebApplicationContext
13-Feb-2024 14:29:26.151 정보 [daejist7.cafe24.com-startStop-1] org.apache.catalina.core.ApplicationContext.log Initializing Spring DispatcherServlet 'appServlet'
13-Feb-2024 14:29:26.527 정보 [daejist7.cafe24.com-startStop-1] org.apache.catalina.startup.HostConfig.deployWAR Deployment of web application archive /daejist7/tomcat/webapps/ROOT.war has finished in 1,460 ms
13-Feb-2024 14:29:26.527 정보 [daejist7.cafe24.com-startStop-1] org.apache.catalina.startup.HostConfig.deployWAR Deploying web application archive /daejist7/tomcat/webapps/daeji.war
13-Feb-2024 14:29:27.218 정보 [daejist7.cafe24.com-startStop-1] org.apache.jasper.servlet.TldScanner.scanJars At least one JAR was scanned for TLDs yet contained no TLDs. Enable debug logging for this logger for a complete list of JARs that were scanned but no TLDs were found in them. Skipping unneeded JARs during scanning can improve startup time and JSP compilation time.
13-Feb-2024 14:29:27.220 정보 [daejist7.cafe24.com-startStop-1] org.apache.catalina.core.ApplicationContext.log No Spring WebApplicationInitializer types detected on classpath
13-Feb-2024 14:29:27.248 정보 [daejist7.cafe24.com-startStop-1] org.apache.catalina.core.ApplicationContext.log Initializing Spring root WebApplicationContext
13-Feb-2024 14:29:27.762 심각 [daejist7.cafe24.com-startStop-1] org.apache.catalina.core.StandardContext.listenerStart Exception sending context initialized event to listener instance of class org.springframework.web.context.ContextLoaderListener
 org.springframework.beans.factory.BeanCreationException: Error creating bean with name 'sqlSessionFactory' defined in ServletContext resource [/WEB-INF/spring/root-context.xml]: Invocation of init method failed; nested exception is java.lang.UnsupportedClassVersionError: com/dj/exe/vo/prcVO has been compiled by a more recent version of the Java Runtime (class file version 55.0), this version of the Java Runtime only recognizes class file versions up to 52.0 (unable to load class com.dj.exe.vo.prcVO)
	at org.springframework.beans.factory.support.AbstractAutowireCapableBeanFactory.initializeBean(AbstractAutowireCapableBeanFactory.java:1553)
	at org.springframework.beans.factory.support.AbstractAutowireCapableBeanFactory.doCreateBean(AbstractAutowireCapableBeanFactory.java:539)
	at org.springframework.beans.factory.support.AbstractAutowireCapableBeanFactory.createBean(AbstractAutowireCapableBeanFactory.java:475)
	at org.springframework.beans.factory.support.AbstractBeanFactory$1.getObject(AbstractBeanFactory.java:304)
	at org.springframework.beans.factory.support.DefaultSingletonBeanRegistry.getSingleton(DefaultSingletonBeanRegistry.java:228)
	at org.springframework.beans.factory.support.AbstractBeanFactory.doGetBean(AbstractBeanFactory.java:300)
	at org.springframework.beans.factory.support.AbstractBeanFactory.getBean(AbstractBeanFactory.java:195)
	at org.springframework.beans.factory.support.DefaultListableBeanFactory.preInstantiateSingletons(DefaultListableBeanFactory.java:681)
	at org.springframework.context.support.AbstractApplicationContext.finishBeanFactoryInitialization(AbstractApplicationContext.java:760)
	at org.springframework.context.support.AbstractApplicationContext.refresh(AbstractApplicationContext.java:482)
	at org.springframework.web.context.ContextLoader.configureAndRefreshWebApplicationContext(ContextLoader.java:381)
	at org.springframework.web.context.ContextLoader.initWebApplicationContext(ContextLoader.java:293)
	at org.springframework.web.context.ContextLoaderListener.contextInitialized(ContextLoaderListener.java:106)
	at org.apache.catalina.core.StandardContext.listenerStart(StandardContext.java:4861)
	at org.apache.catalina.core.StandardContext.startInternal(StandardContext.java:5322)
	at org.apache.catalina.util.LifecycleBase.start(LifecycleBase.java:145)
	at org.apache.catalina.core.ContainerBase.addChildInternal(ContainerBase.java:753)
	at org.apache.catalina.core.ContainerBase.addChild(ContainerBase.java:729)
	at org.apache.catalina.core.StandardHost.addChild(StandardHost.java:717)
	at org.apache.catalina.startup.HostConfig.deployWAR(HostConfig.java:974)
	at org.apache.catalina.startup.HostConfig$DeployWar.run(HostConfig.java:1850)
	at java.util.concurrent.Executors$RunnableAdapter.call(Executors.java:511)
	at java.util.concurrent.FutureTask.run(FutureTask.java:266)
	at java.util.concurrent.ThreadPoolExecutor.runWorker(ThreadPoolExecutor.java:1142)
	at java.util.concurrent.ThreadPoolExecutor$Worker.run(ThreadPoolExecutor.java:617)
	at java.lang.Thread.run(Thread.java:745)
Caused by: java.lang.UnsupportedClassVersionError: com/dj/exe/vo/prcVO has been compiled by a more recent version of the Java Runtime (class file version 55.0), this version of the Java Runtime only recognizes class file versions up to 52.0 (unable to load class com.dj.exe.vo.prcVO)
	at org.apache.catalina.loader.WebappClassLoaderBase.findClassInternal(WebappClassLoaderBase.java:2478)
	at org.apache.catalina.loader.WebappClassLoaderBase.findClass(WebappClassLoaderBase.java:855)
	at org.apache.catalina.loader.WebappClassLoaderBase.loadClass(WebappClassLoaderBase.java:1304)
	at org.apache.catalina.loader.WebappClassLoaderBase.loadClass(WebappClassLoaderBase.java:1163)
	at java.lang.Class.forName0(Native Method)
	at java.lang.Class.forName(Class.java:348)
	at org.apache.ibatis.io.ClassLoaderWrapper.classForName(ClassLoaderWrapper.java:186)
	at org.apache.ibatis.io.ClassLoaderWrapper.classForName(ClassLoaderWrapper.java:89)
	at org.apache.ibatis.io.Resources.classForName(Resources.java:261)
	at org.apache.ibatis.type.TypeAliasRegistry.resolveAlias(TypeAliasRegistry.java:116)
	at org.apache.ibatis.builder.BaseBuilder.resolveAlias(BaseBuilder.java:149)
	at org.apache.ibatis.builder.BaseBuilder.resolveClass(BaseBuilder.java:116)
	at org.apache.ibatis.builder.xml.XMLStatementBuilder.parseStatementNode(XMLStatementBuilder.java:102)
	at org.apache.ibatis.builder.xml.XMLMapperBuilder.buildStatementFromContext(XMLMapperBuilder.java:137)
	at org.apache.ibatis.builder.xml.XMLMapperBuilder.buildStatementFromContext(XMLMapperBuilder.java:130)
	at org.apache.ibatis.builder.xml.XMLMapperBuilder.configurationElement(XMLMapperBuilder.java:120)
	at org.apache.ibatis.builder.xml.XMLMapperBuilder.parse(XMLMapperBuilder.java:94)
	at org.mybatis.spring.SqlSessionFactoryBean.buildSqlSessionFactory(SqlSessionFactoryBean.java:521)
	at org.mybatis.spring.SqlSessionFactoryBean.afterPropertiesSet(SqlSessionFactoryBean.java:380)
	at org.springframework.beans.factory.support.AbstractAutowireCapableBeanFactory.invokeInitMethods(AbstractAutowireCapableBeanFactory.java:1612)
	at org.springframework.beans.factory.support.AbstractAutowireCapableBeanFactory.initializeBean(AbstractAutowireCapableBeanFactory.java:1549)
	... 25 more

13-Feb-2024 14:29:27.763 심각 [daejist7.cafe24.com-startStop-1] org.apache.catalina.core.StandardContext.startInternal One or more listeners failed to start. Full details will be found in the appropriate container log file
13-Feb-2024 14:29:27.763 심각 [daejist7.cafe24.com-startStop-1] org.apache.catalina.core.StandardContext.startInternal Context [/daeji] startup failed due to previous errors
13-Feb-2024 14:29:27.764 정보 [daejist7.cafe24.com-startStop-1] org.apache.catalina.core.ApplicationContext.log Closing Spring root WebApplicationContext
13-Feb-2024 14:29:27.767 정보 [daejist7.cafe24.com-startStop-1] org.apache.catalina.startup.HostConfig.deployWAR Deployment of web application archive /daejist7/tomcat/webapps/daeji.war has finished in 1,240 ms
13-Feb-2024 14:29:27.767 정보 [daejist7.cafe24.com-startStop-1] org.apache.catalina.startup.HostConfig.deployWAR Deploying web application archive /daejist7/tomcat/webapps/mis.war
13-Feb-2024 14:29:28.456 정보 [daejist7.cafe24.com-startStop-1] org.apache.jasper.servlet.TldScanner.scanJars At least one JAR was scanned for TLDs yet contained no TLDs. Enable debug logging for this logger for a complete list of JARs that were scanned but no TLDs were found in them. Skipping unneeded JARs during scanning can improve startup time and JSP compilation time.
13-Feb-2024 14:29:28.458 정보 [daejist7.cafe24.com-startStop-1] org.apache.catalina.core.ApplicationContext.log No Spring WebApplicationInitializer types detected on classpath
13-Feb-2024 14:29:28.484 정보 [daejist7.cafe24.com-startStop-1] org.apache.catalina.core.ApplicationContext.log Initializing Spring root WebApplicationContext
13-Feb-2024 14:29:28.733 심각 [daejist7.cafe24.com-startStop-1] org.apache.catalina.core.StandardContext.listenerStart Exception sending context initialized event to listener instance of class org.springframework.web.context.ContextLoaderListener
 org.springframework.beans.factory.BeanCreationException: Error creating bean with name 'sqlSessionFactory' defined in ServletContext resource [/WEB-INF/spring/root-context.xml]: Invocation of init method failed; nested exception is java.lang.UnsupportedClassVersionError: com/dj/exe/vo/prcVO has been compiled by a more recent version of the Java Runtime (class file version 55.0), this version of the Java Runtime only recognizes class file versions up to 52.0 (unable to load class com.dj.exe.vo.prcVO)
	at org.springframework.beans.factory.support.AbstractAutowireCapableBeanFactory.initializeBean(AbstractAutowireCapableBeanFactory.java:1553)
	at org.springframework.beans.factory.support.AbstractAutowireCapableBeanFactory.doCreateBean(AbstractAutowireCapableBeanFactory.java:539)
	at org.springframework.beans.factory.support.AbstractAutowireCapableBeanFactory.createBean(AbstractAutowireCapableBeanFactory.java:475)
	at org.springframework.beans.factory.support.AbstractBeanFactory$1.getObject(AbstractBeanFactory.java:304)
	at org.springframework.beans.factory.support.DefaultSingletonBeanRegistry.getSingleton(DefaultSingletonBeanRegistry.java:228)
	at org.springframework.beans.factory.support.AbstractBeanFactory.doGetBean(AbstractBeanFactory.java:300)
	at org.springframework.beans.factory.support.AbstractBeanFactory.getBean(AbstractBeanFactory.java:195)
	at org.springframework.beans.factory.support.DefaultListableBeanFactory.preInstantiateSingletons(DefaultListableBeanFactory.java:681)
	at org.springframework.context.support.AbstractApplicationContext.finishBeanFactoryInitialization(AbstractApplicationContext.java:760)
	at org.springframework.context.support.AbstractApplicationContext.refresh(AbstractApplicationContext.java:482)
	at org.springframework.web.context.ContextLoader.configureAndRefreshWebApplicationContext(ContextLoader.java:381)
	at org.springframework.web.context.ContextLoader.initWebApplicationContext(ContextLoader.java:293)
	at org.springframework.web.context.ContextLoaderListener.contextInitialized(ContextLoaderListener.java:106)
	at org.apache.catalina.core.StandardContext.listenerStart(StandardContext.java:4861)
	at org.apache.catalina.core.StandardContext.startInternal(StandardContext.java:5322)
	at org.apache.catalina.util.LifecycleBase.start(LifecycleBase.java:145)
	at org.apache.catalina.core.ContainerBase.addChildInternal(ContainerBase.java:753)
	at org.apache.catalina.core.ContainerBase.addChild(ContainerBase.java:729)
	at org.apache.catalina.core.StandardHost.addChild(StandardHost.java:717)
	at org.apache.catalina.startup.HostConfig.deployWAR(HostConfig.java:974)
	at org.apache.catalina.startup.HostConfig$DeployWar.run(HostConfig.java:1850)
	at java.util.concurrent.Executors$RunnableAdapter.call(Executors.java:511)
	at java.util.concurrent.FutureTask.run(FutureTask.java:266)
	at java.util.concurrent.ThreadPoolExecutor.runWorker(ThreadPoolExecutor.java:1142)
	at java.util.concurrent.ThreadPoolExecutor$Worker.run(ThreadPoolExecutor.java:617)
	at java.lang.Thread.run(Thread.java:745)
Caused by: java.lang.UnsupportedClassVersionError: com/dj/exe/vo/prcVO has been compiled by a more recent version of the Java Runtime (class file version 55.0), this version of the Java Runtime only recognizes class file versions up to 52.0 (unable to load class com.dj.exe.vo.prcVO)
	at org.apache.catalina.loader.WebappClassLoaderBase.findClassInternal(WebappClassLoaderBase.java:2478)
	at org.apache.catalina.loader.WebappClassLoaderBase.findClass(WebappClassLoaderBase.java:855)
	at org.apache.catalina.loader.WebappClassLoaderBase.loadClass(WebappClassLoaderBase.java:1304)
	at org.apache.catalina.loader.WebappClassLoaderBase.loadClass(WebappClassLoaderBase.java:1163)
	at java.lang.Class.forName0(Native Method)
	at java.lang.Class.forName(Class.java:348)
	at org.apache.ibatis.io.ClassLoaderWrapper.classForName(ClassLoaderWrapper.java:186)
	at org.apache.ibatis.io.ClassLoaderWrapper.classForName(ClassLoaderWrapper.java:89)
	at org.apache.ibatis.io.Resources.classForName(Resources.java:261)
	at org.apache.ibatis.type.TypeAliasRegistry.resolveAlias(TypeAliasRegistry.java:116)
	at org.apache.ibatis.builder.BaseBuilder.resolveAlias(BaseBuilder.java:149)
	at org.apache.ibatis.builder.BaseBuilder.resolveClass(BaseBuilder.java:116)
	at org.apache.ibatis.builder.xml.XMLStatementBuilder.parseStatementNode(XMLStatementBuilder.java:102)
	at org.apache.ibatis.builder.xml.XMLMapperBuilder.buildStatementFromContext(XMLMapperBuilder.java:137)
	at org.apache.ibatis.builder.xml.XMLMapperBuilder.buildStatementFromContext(XMLMapperBuilder.java:130)
	at org.apache.ibatis.builder.xml.XMLMapperBuilder.configurationElement(XMLMapperBuilder.java:120)
	at org.apache.ibatis.builder.xml.XMLMapperBuilder.parse(XMLMapperBuilder.java:94)
	at org.mybatis.spring.SqlSessionFactoryBean.buildSqlSessionFactory(SqlSessionFactoryBean.java:521)
	at org.mybatis.spring.SqlSessionFactoryBean.afterPropertiesSet(SqlSessionFactoryBean.java:380)
	at org.springframework.beans.factory.support.AbstractAutowireCapableBeanFactory.invokeInitMethods(AbstractAutowireCapableBeanFactory.java:1612)
	at org.springframework.beans.factory.support.AbstractAutowireCapableBeanFactory.initializeBean(AbstractAutowireCapableBeanFactory.java:1549)
	... 25 more

13-Feb-2024 14:29:28.733 심각 [daejist7.cafe24.com-startStop-1] org.apache.catalina.core.StandardContext.startInternal One or more listeners failed to start. Full details will be found in the appropriate container log file
13-Feb-2024 14:29:28.733 심각 [daejist7.cafe24.com-startStop-1] org.apache.catalina.core.StandardContext.startInternal Context [/mis] startup failed due to previous errors
13-Feb-2024 14:29:28.734 정보 [daejist7.cafe24.com-startStop-1] org.apache.catalina.core.ApplicationContext.log Closing Spring root WebApplicationContext
13-Feb-2024 14:29:28.736 정보 [daejist7.cafe24.com-startStop-1] org.apache.catalina.startup.HostConfig.deployWAR Deployment of web application archive /daejist7/tomcat/webapps/mis.war has finished in 969 ms
13-Feb-2024 14:29:28.736 정보 [daejist7.cafe24.com-startStop-1] org.apache.catalina.startup.HostConfig.deployDirectory Deploying web application directory /daejist7/tomcat/webapps/host-manager
13-Feb-2024 14:29:28.842 정보 [daejist7.cafe24.com-startStop-1] org.apache.jasper.servlet.TldScanner.scanJars At least one JAR was scanned for TLDs yet contained no TLDs. Enable debug logging for this logger for a complete list of JARs that were scanned but no TLDs were found in them. Skipping unneeded JARs during scanning can improve startup time and JSP compilation time.
13-Feb-2024 14:29:28.843 정보 [daejist7.cafe24.com-startStop-1] org.apache.catalina.startup.HostConfig.deployDirectory Deployment of web application directory /daejist7/tomcat/webapps/host-manager has finished in 107 ms
13-Feb-2024 14:29:28.844 정보 [daejist7.cafe24.com-startStop-1] org.apache.catalina.startup.HostConfig.deployDirectory Deploying web application directory /daejist7/tomcat/webapps/manager
13-Feb-2024 14:29:28.944 정보 [daejist7.cafe24.com-startStop-1] org.apache.jasper.servlet.TldScanner.scanJars At least one JAR was scanned for TLDs yet contained no TLDs. Enable debug logging for this logger for a complete list of JARs that were scanned but no TLDs were found in them. Skipping unneeded JARs during scanning can improve startup time and JSP compilation time.
13-Feb-2024 14:29:28.945 정보 [daejist7.cafe24.com-startStop-1] org.apache.catalina.startup.HostConfig.deployDirectory Deployment of web application directory /daejist7/tomcat/webapps/manager has finished in 102 ms
13-Feb-2024 14:29:28.947 정보 [main] org.apache.coyote.AbstractProtocol.start Starting ProtocolHandler ["http-nio-8855"]
13-Feb-2024 14:29:28.950 정보 [main] org.apache.catalina.startup.Catalina.start Server startup in 14402 ms
13-Feb-2024 14:30:09.453 정보 [ContainerBackgroundProcessor[StandardEngine[daejist7]]] org.apache.catalina.startup.HostConfig.undeploy Undeploying context [/daeji]
13-Feb-2024 14:47:09.559 정보 [daejist7.cafe24.com-startStop-2] org.apache.catalina.startup.HostConfig.deployWAR Deploying web application archive /daejist7/tomcat/webapps/daeji1.war
13-Feb-2024 14:47:10.696 정보 [daejist7.cafe24.com-startStop-2] org.apache.jasper.servlet.TldScanner.scanJars At least one JAR was scanned for TLDs yet contained no TLDs. Enable debug logging for this logger for a complete list of JARs that were scanned but no TLDs were found in them. Skipping unneeded JARs during scanning can improve startup time and JSP compilation time.
13-Feb-2024 14:47:10.698 정보 [daejist7.cafe24.com-startStop-2] org.apache.catalina.core.ApplicationContext.log No Spring WebApplicationInitializer types detected on classpath
13-Feb-2024 14:47:10.725 정보 [daejist7.cafe24.com-startStop-2] org.apache.catalina.core.ApplicationContext.log Initializing Spring root WebApplicationContext
13-Feb-2024 14:47:11.215 심각 [daejist7.cafe24.com-startStop-2] org.apache.catalina.core.StandardContext.listenerStart Exception sending context initialized event to listener instance of class org.springframework.web.context.ContextLoaderListener
 org.springframework.beans.factory.BeanCreationException: Error creating bean with name 'sqlSessionFactory' defined in ServletContext resource [/WEB-INF/spring/root-context.xml]: Invocation of init method failed; nested exception is java.lang.UnsupportedClassVersionError: com/dj/exe/vo/prcVO has been compiled by a more recent version of the Java Runtime (class file version 55.0), this version of the Java Runtime only recognizes class file versions up to 52.0 (unable to load class com.dj.exe.vo.prcVO)
	at org.springframework.beans.factory.support.AbstractAutowireCapableBeanFactory.initializeBean(AbstractAutowireCapableBeanFactory.java:1553)
	at org.springframework.beans.factory.support.AbstractAutowireCapableBeanFactory.doCreateBean(AbstractAutowireCapableBeanFactory.java:539)
	at org.springframework.beans.factory.support.AbstractAutowireCapableBeanFactory.createBean(AbstractAutowireCapableBeanFactory.java:475)
	at org.springframework.beans.factory.support.AbstractBeanFactory$1.getObject(AbstractBeanFactory.java:304)
	at org.springframework.beans.factory.support.DefaultSingletonBeanRegistry.getSingleton(DefaultSingletonBeanRegistry.java:228)
	at org.springframework.beans.factory.support.AbstractBeanFactory.doGetBean(AbstractBeanFactory.java:300)
	at org.springframework.beans.factory.support.AbstractBeanFactory.getBean(AbstractBeanFactory.java:195)
	at org.springframework.beans.factory.support.DefaultListableBeanFactory.preInstantiateSingletons(DefaultListableBeanFactory.java:681)
	at org.springframework.context.support.AbstractApplicationContext.finishBeanFactoryInitialization(AbstractApplicationContext.java:760)
	at org.springframework.context.support.AbstractApplicationContext.refresh(AbstractApplicationContext.java:482)
	at org.springframework.web.context.ContextLoader.configureAndRefreshWebApplicationContext(ContextLoader.java:381)
	at org.springframework.web.context.ContextLoader.initWebApplicationContext(ContextLoader.java:293)
	at org.springframework.web.context.ContextLoaderListener.contextInitialized(ContextLoaderListener.java:106)
	at org.apache.catalina.core.StandardContext.listenerStart(StandardContext.java:4861)
	at org.apache.catalina.core.StandardContext.startInternal(StandardContext.java:5322)
	at org.apache.catalina.util.LifecycleBase.start(LifecycleBase.java:145)
	at org.apache.catalina.core.ContainerBase.addChildInternal(ContainerBase.java:753)
	at org.apache.catalina.core.ContainerBase.addChild(ContainerBase.java:729)
	at org.apache.catalina.core.StandardHost.addChild(StandardHost.java:717)
	at org.apache.catalina.startup.HostConfig.deployWAR(HostConfig.java:974)
	at org.apache.catalina.startup.HostConfig$DeployWar.run(HostConfig.java:1850)
	at java.util.concurrent.Executors$RunnableAdapter.call(Executors.java:511)
	at java.util.concurrent.FutureTask.run(FutureTask.java:266)
	at java.util.concurrent.ThreadPoolExecutor.runWorker(ThreadPoolExecutor.java:1142)
	at java.util.concurrent.ThreadPoolExecutor$Worker.run(ThreadPoolExecutor.java:617)
	at java.lang.Thread.run(Thread.java:745)
Caused by: java.lang.UnsupportedClassVersionError: com/dj/exe/vo/prcVO has been compiled by a more recent version of the Java Runtime (class file version 55.0), this version of the Java Runtime only recognizes class file versions up to 52.0 (unable to load class com.dj.exe.vo.prcVO)
	at org.apache.catalina.loader.WebappClassLoaderBase.findClassInternal(WebappClassLoaderBase.java:2478)
	at org.apache.catalina.loader.WebappClassLoaderBase.findClass(WebappClassLoaderBase.java:855)
	at org.apache.catalina.loader.WebappClassLoaderBase.loadClass(WebappClassLoaderBase.java:1304)
	at org.apache.catalina.loader.WebappClassLoaderBase.loadClass(WebappClassLoaderBase.java:1163)
	at java.lang.Class.forName0(Native Method)
	at java.lang.Class.forName(Class.java:348)
	at org.apache.ibatis.io.ClassLoaderWrapper.classForName(ClassLoaderWrapper.java:186)
	at org.apache.ibatis.io.ClassLoaderWrapper.classForName(ClassLoaderWrapper.java:89)
	at org.apache.ibatis.io.Resources.classForName(Resources.java:261)
	at org.apache.ibatis.type.TypeAliasRegistry.resolveAlias(TypeAliasRegistry.java:116)
	at org.apache.ibatis.builder.BaseBuilder.resolveAlias(BaseBuilder.java:149)
	at org.apache.ibatis.builder.BaseBuilder.resolveClass(BaseBuilder.java:116)
	at org.apache.ibatis.builder.xml.XMLStatementBuilder.parseStatementNode(XMLStatementBuilder.java:102)
	at org.apache.ibatis.builder.xml.XMLMapperBuilder.buildStatementFromContext(XMLMapperBuilder.java:137)
	at org.apache.ibatis.builder.xml.XMLMapperBuilder.buildStatementFromContext(XMLMapperBuilder.java:130)
	at org.apache.ibatis.builder.xml.XMLMapperBuilder.configurationElement(XMLMapperBuilder.java:120)
	at org.apache.ibatis.builder.xml.XMLMapperBuilder.parse(XMLMapperBuilder.java:94)
	at org.mybatis.spring.SqlSessionFactoryBean.buildSqlSessionFactory(SqlSessionFactoryBean.java:521)
	at org.mybatis.spring.SqlSessionFactoryBean.afterPropertiesSet(SqlSessionFactoryBean.java:380)
	at org.springframework.beans.factory.support.AbstractAutowireCapableBeanFactory.invokeInitMethods(AbstractAutowireCapableBeanFactory.java:1612)
	at org.springframework.beans.factory.support.AbstractAutowireCapableBeanFactory.initializeBean(AbstractAutowireCapableBeanFactory.java:1549)
	... 25 more

13-Feb-2024 14:47:11.215 심각 [daejist7.cafe24.com-startStop-2] org.apache.catalina.core.StandardContext.startInternal One or more listeners failed to start. Full details will be found in the appropriate container log file
13-Feb-2024 14:47:11.215 심각 [daejist7.cafe24.com-startStop-2] org.apache.catalina.core.StandardContext.startInternal Context [/daeji1] startup failed due to previous errors
13-Feb-2024 14:47:11.216 정보 [daejist7.cafe24.com-startStop-2] org.apache.catalina.core.ApplicationContext.log Closing Spring root WebApplicationContext
13-Feb-2024 14:47:11.217 경고 [daejist7.cafe24.com-startStop-2] org.apache.catalina.loader.WebappClassLoaderBase.clearReferencesJdbc The web application [daeji1] registered the JDBC driver [com.microsoft.sqlserver.jdbc.SQLServerDriver] but failed to unregister it when the web application was stopped. To prevent a memory leak, the JDBC Driver has been forcibly unregistered.
13-Feb-2024 14:47:11.218 정보 [daejist7.cafe24.com-startStop-2] org.apache.catalina.startup.HostConfig.deployWAR Deployment of web application archive /daejist7/tomcat/webapps/daeji1.war has finished in 1,659 ms
13-Feb-2024 14:49:01.728 정보 [ContainerBackgroundProcessor[StandardEngine[daejist7]]] org.apache.catalina.startup.HostConfig.undeploy Undeploying context [/daeji1]
13-Feb-2024 15:25:31.900 정보 [daejist7.cafe24.com-startStop-3] org.apache.catalina.startup.HostConfig.deployWAR Deploying web application archive /daejist7/tomcat/webapps/daejiM2.war
13-Feb-2024 15:25:34.368 정보 [daejist7.cafe24.com-startStop-3] org.apache.jasper.servlet.TldScanner.scanJars At least one JAR was scanned for TLDs yet contained no TLDs. Enable debug logging for this logger for a complete list of JARs that were scanned but no TLDs were found in them. Skipping unneeded JARs during scanning can improve startup time and JSP compilation time.
13-Feb-2024 15:25:34.370 정보 [daejist7.cafe24.com-startStop-3] org.apache.catalina.core.ApplicationContext.log No Spring WebApplicationInitializer types detected on classpath
13-Feb-2024 15:25:34.376 정보 [daejist7.cafe24.com-startStop-3] org.apache.catalina.core.ApplicationContext.log Initializing Spring root WebApplicationContext
13-Feb-2024 15:25:35.034 정보 [daejist7.cafe24.com-startStop-3] org.apache.catalina.core.ApplicationContext.log Initializing Spring DispatcherServlet 'appServlet'
13-Feb-2024 15:25:35.340 정보 [daejist7.cafe24.com-startStop-3] org.apache.catalina.startup.HostConfig.deployWAR Deployment of web application archive /daejist7/tomcat/webapps/daejiM2.war has finished in 3,441 ms
13-Feb-2024 15:26:25.847 정보 [ContainerBackgroundProcessor[StandardEngine[daejist7]]] org.apache.catalina.startup.HostConfig.undeploy Undeploying context [/daejiM2]
13-Feb-2024 15:26:25.848 정보 [ContainerBackgroundProcessor[StandardEngine[daejist7]]] org.apache.catalina.core.ApplicationContext.log Destroying Spring FrameworkServlet 'appServlet'
13-Feb-2024 15:26:25.860 정보 [ContainerBackgroundProcessor[StandardEngine[daejist7]]] org.apache.catalina.core.ApplicationContext.log Closing Spring root WebApplicationContext
13-Feb-2024 15:26:25.862 심각 [ContainerBackgroundProcessor[StandardEngine[daejist7]]] org.apache.catalina.core.StandardContext.listenerStop Exception sending context destroyed event to listener instance of class org.springframework.web.context.ContextLoaderListener
 java.lang.IllegalStateException: java.io.FileNotFoundException: /daejist7/tomcat/webapps/daejiM2/WEB-INF/lib/kotlin-stdlib-jdk8-1.5.31.jar (그런 파일이나 디렉터리가 없습니다)
	at org.apache.catalina.webresources.AbstractSingleArchiveResourceSet.getArchiveEntry(AbstractSingleArchiveResourceSet.java:100)
	at org.apache.catalina.webresources.AbstractArchiveResourceSet.getResource(AbstractArchiveResourceSet.java:265)
	at org.apache.catalina.webresources.StandardRoot.getResourceInternal(StandardRoot.java:281)
	at org.apache.catalina.webresources.Cache.getResource(Cache.java:62)
	at org.apache.catalina.webresources.StandardRoot.getResource(StandardRoot.java:216)
	at org.apache.catalina.webresources.StandardRoot.getClassLoaderResource(StandardRoot.java:225)
	at org.apache.catalina.loader.WebappClassLoaderBase.findResourceInternal(WebappClassLoaderBase.java:2541)
	at org.apache.catalina.loader.WebappClassLoaderBase.findClassInternal(WebappClassLoaderBase.java:2377)
	at org.apache.catalina.loader.WebappClassLoaderBase.findClass(WebappClassLoaderBase.java:855)
	at org.apache.catalina.loader.WebappClassLoaderBase.loadClass(WebappClassLoaderBase.java:1304)
	at org.apache.catalina.loader.WebappClassLoaderBase.loadClass(WebappClassLoaderBase.java:1163)
	at org.springframework.web.context.ContextLoaderListener.contextDestroyed(ContextLoaderListener.java:113)
	at org.apache.catalina.core.StandardContext.listenerStop(StandardContext.java:4908)
	at org.apache.catalina.core.StandardContext.stopInternal(StandardContext.java:5545)
	at org.apache.catalina.util.LifecycleBase.stop(LifecycleBase.java:221)
	at org.apache.catalina.core.ContainerBase.removeChild(ContainerBase.java:849)
	at org.apache.catalina.startup.HostConfig.undeploy(HostConfig.java:1429)
	at org.apache.catalina.startup.HostConfig.checkResources(HostConfig.java:1355)
	at org.apache.catalina.startup.HostConfig.check(HostConfig.java:1615)
	at org.apache.catalina.startup.HostConfig.lifecycleEvent(HostConfig.java:318)
	at org.apache.catalina.util.LifecycleSupport.fireLifecycleEvent(LifecycleSupport.java:95)
	at org.apache.catalina.util.LifecycleBase.fireLifecycleEvent(LifecycleBase.java:90)
	at org.apache.catalina.core.ContainerBase.backgroundProcess(ContainerBase.java:1168)
	at org.apache.catalina.core.ContainerBase$ContainerBackgroundProcessor.processChildren(ContainerBase.java:1377)
	at org.apache.catalina.core.ContainerBase$ContainerBackgroundProcessor.processChildren(ContainerBase.java:1381)
	at org.apache.catalina.core.ContainerBase$ContainerBackgroundProcessor.run(ContainerBase.java:1349)
	at java.lang.Thread.run(Thread.java:745)
Caused by: java.io.FileNotFoundException: /daejist7/tomcat/webapps/daejiM2/WEB-INF/lib/kotlin-stdlib-jdk8-1.5.31.jar (그런 파일이나 디렉터리가 없습니다)
	at java.util.zip.ZipFile.open(Native Method)
	at java.util.zip.ZipFile.<init>(ZipFile.java:219)
	at java.util.zip.ZipFile.<init>(ZipFile.java:149)
	at java.util.jar.JarFile.<init>(JarFile.java:166)
	at java.util.jar.JarFile.<init>(JarFile.java:130)
	at org.apache.tomcat.util.compat.JreCompat.jarFileNewInstance(JreCompat.java:170)
	at org.apache.tomcat.util.compat.JreCompat.jarFileNewInstance(JreCompat.java:155)
	at org.apache.catalina.webresources.AbstractArchiveResourceSet.openJarFile(AbstractArchiveResourceSet.java:316)
	at org.apache.catalina.webresources.AbstractSingleArchiveResourceSet.getArchiveEntry(AbstractSingleArchiveResourceSet.java:96)
	... 26 more

13-Feb-2024 15:26:25.864 경고 [ContainerBackgroundProcessor[StandardEngine[daejist7]]] org.apache.catalina.loader.WebappClassLoaderBase.clearReferencesJdbc The web application [daejiM2] registered the JDBC driver [com.microsoft.sqlserver.jdbc.SQLServerDriver] but failed to unregister it when the web application was stopped. To prevent a memory leak, the JDBC Driver has been forcibly unregistered.
13-Feb-2024 15:30:25.888 정보 [daejist7.cafe24.com-startStop-4] org.apache.catalina.startup.HostConfig.deployWAR Deploying web application archive /daejist7/tomcat/webapps/mis2.war
13-Feb-2024 15:30:27.070 정보 [daejist7.cafe24.com-startStop-4] org.apache.jasper.servlet.TldScanner.scanJars At least one JAR was scanned for TLDs yet contained no TLDs. Enable debug logging for this logger for a complete list of JARs that were scanned but no TLDs were found in them. Skipping unneeded JARs during scanning can improve startup time and JSP compilation time.
13-Feb-2024 15:30:27.071 정보 [daejist7.cafe24.com-startStop-4] org.apache.catalina.core.ApplicationContext.log No Spring WebApplicationInitializer types detected on classpath
13-Feb-2024 15:30:27.095 정보 [daejist7.cafe24.com-startStop-4] org.apache.catalina.core.ApplicationContext.log Initializing Spring root WebApplicationContext
13-Feb-2024 15:30:27.516 심각 [daejist7.cafe24.com-startStop-4] org.apache.catalina.core.StandardContext.listenerStart Exception sending context initialized event to listener instance of class org.springframework.web.context.ContextLoaderListener
 org.springframework.beans.factory.BeanCreationException: Error creating bean with name 'sqlSessionFactory' defined in ServletContext resource [/WEB-INF/spring/root-context.xml]: Invocation of init method failed; nested exception is java.lang.UnsupportedClassVersionError: com/dj/exe/vo/prcVO has been compiled by a more recent version of the Java Runtime (class file version 55.0), this version of the Java Runtime only recognizes class file versions up to 52.0 (unable to load class com.dj.exe.vo.prcVO)
	at org.springframework.beans.factory.support.AbstractAutowireCapableBeanFactory.initializeBean(AbstractAutowireCapableBeanFactory.java:1553)
	at org.springframework.beans.factory.support.AbstractAutowireCapableBeanFactory.doCreateBean(AbstractAutowireCapableBeanFactory.java:539)
	at org.springframework.beans.factory.support.AbstractAutowireCapableBeanFactory.createBean(AbstractAutowireCapableBeanFactory.java:475)
	at org.springframework.beans.factory.support.AbstractBeanFactory$1.getObject(AbstractBeanFactory.java:304)
	at org.springframework.beans.factory.support.DefaultSingletonBeanRegistry.getSingleton(DefaultSingletonBeanRegistry.java:228)
	at org.springframework.beans.factory.support.AbstractBeanFactory.doGetBean(AbstractBeanFactory.java:300)
	at org.springframework.beans.factory.support.AbstractBeanFactory.getBean(AbstractBeanFactory.java:195)
	at org.springframework.beans.factory.support.DefaultListableBeanFactory.preInstantiateSingletons(DefaultListableBeanFactory.java:681)
	at org.springframework.context.support.AbstractApplicationContext.finishBeanFactoryInitialization(AbstractApplicationContext.java:760)
	at org.springframework.context.support.AbstractApplicationContext.refresh(AbstractApplicationContext.java:482)
	at org.springframework.web.context.ContextLoader.configureAndRefreshWebApplicationContext(ContextLoader.java:381)
	at org.springframework.web.context.ContextLoader.initWebApplicationContext(ContextLoader.java:293)
	at org.springframework.web.context.ContextLoaderListener.contextInitialized(ContextLoaderListener.java:106)
	at org.apache.catalina.core.StandardContext.listenerStart(StandardContext.java:4861)
	at org.apache.catalina.core.StandardContext.startInternal(StandardContext.java:5322)
	at org.apache.catalina.util.LifecycleBase.start(LifecycleBase.java:145)
	at org.apache.catalina.core.ContainerBase.addChildInternal(ContainerBase.java:753)
	at org.apache.catalina.core.ContainerBase.addChild(ContainerBase.java:729)
	at org.apache.catalina.core.StandardHost.addChild(StandardHost.java:717)
	at org.apache.catalina.startup.HostConfig.deployWAR(HostConfig.java:974)
	at org.apache.catalina.startup.HostConfig$DeployWar.run(HostConfig.java:1850)
	at java.util.concurrent.Executors$RunnableAdapter.call(Executors.java:511)
	at java.util.concurrent.FutureTask.run(FutureTask.java:266)
	at java.util.concurrent.ThreadPoolExecutor.runWorker(ThreadPoolExecutor.java:1142)
	at java.util.concurrent.ThreadPoolExecutor$Worker.run(ThreadPoolExecutor.java:617)
	at java.lang.Thread.run(Thread.java:745)
Caused by: java.lang.UnsupportedClassVersionError: com/dj/exe/vo/prcVO has been compiled by a more recent version of the Java Runtime (class file version 55.0), this version of the Java Runtime only recognizes class file versions up to 52.0 (unable to load class com.dj.exe.vo.prcVO)
	at org.apache.catalina.loader.WebappClassLoaderBase.findClassInternal(WebappClassLoaderBase.java:2478)
	at org.apache.catalina.loader.WebappClassLoaderBase.findClass(WebappClassLoaderBase.java:855)
	at org.apache.catalina.loader.WebappClassLoaderBase.loadClass(WebappClassLoaderBase.java:1304)
	at org.apache.catalina.loader.WebappClassLoaderBase.loadClass(WebappClassLoaderBase.java:1163)
	at java.lang.Class.forName0(Native Method)
	at java.lang.Class.forName(Class.java:348)
	at org.apache.ibatis.io.ClassLoaderWrapper.classForName(ClassLoaderWrapper.java:186)
	at org.apache.ibatis.io.ClassLoaderWrapper.classForName(ClassLoaderWrapper.java:89)
	at org.apache.ibatis.io.Resources.classForName(Resources.java:261)
	at org.apache.ibatis.type.TypeAliasRegistry.resolveAlias(TypeAliasRegistry.java:116)
	at org.apache.ibatis.builder.BaseBuilder.resolveAlias(BaseBuilder.java:149)
	at org.apache.ibatis.builder.BaseBuilder.resolveClass(BaseBuilder.java:116)
	at org.apache.ibatis.builder.xml.XMLStatementBuilder.parseStatementNode(XMLStatementBuilder.java:102)
	at org.apache.ibatis.builder.xml.XMLMapperBuilder.buildStatementFromContext(XMLMapperBuilder.java:137)
	at org.apache.ibatis.builder.xml.XMLMapperBuilder.buildStatementFromContext(XMLMapperBuilder.java:130)
	at org.apache.ibatis.builder.xml.XMLMapperBuilder.configurationElement(XMLMapperBuilder.java:120)
	at org.apache.ibatis.builder.xml.XMLMapperBuilder.parse(XMLMapperBuilder.java:94)
	at org.mybatis.spring.SqlSessionFactoryBean.buildSqlSessionFactory(SqlSessionFactoryBean.java:521)
	at org.mybatis.spring.SqlSessionFactoryBean.afterPropertiesSet(SqlSessionFactoryBean.java:380)
	at org.springframework.beans.factory.support.AbstractAutowireCapableBeanFactory.invokeInitMethods(AbstractAutowireCapableBeanFactory.java:1612)
	at org.springframework.beans.factory.support.AbstractAutowireCapableBeanFactory.initializeBean(AbstractAutowireCapableBeanFactory.java:1549)
	... 25 more

13-Feb-2024 15:30:27.516 심각 [daejist7.cafe24.com-startStop-4] org.apache.catalina.core.StandardContext.startInternal One or more listeners failed to start. Full details will be found in the appropriate container log file
13-Feb-2024 15:30:27.517 심각 [daejist7.cafe24.com-startStop-4] org.apache.catalina.core.StandardContext.startInternal Context [/mis2] startup failed due to previous errors
13-Feb-2024 15:30:27.517 정보 [daejist7.cafe24.com-startStop-4] org.apache.catalina.core.ApplicationContext.log Closing Spring root WebApplicationContext
13-Feb-2024 15:30:27.518 경고 [daejist7.cafe24.com-startStop-4] org.apache.catalina.loader.WebappClassLoaderBase.clearReferencesJdbc The web application [mis2] registered the JDBC driver [com.microsoft.sqlserver.jdbc.SQLServerDriver] but failed to unregister it when the web application was stopped. To prevent a memory leak, the JDBC Driver has been forcibly unregistered.
13-Feb-2024 15:30:27.519 정보 [daejist7.cafe24.com-startStop-4] org.apache.catalina.startup.HostConfig.deployWAR Deployment of web application archive /daejist7/tomcat/webapps/mis2.war has finished in 1,631 ms
13-Feb-2024 15:31:47.527 정보 [daejist7.cafe24.com-startStop-5] org.apache.catalina.startup.HostConfig.deployWAR Deploying web application archive /daejist7/tomcat/webapps/abcd.war
13-Feb-2024 15:31:49.812 정보 [daejist7.cafe24.com-startStop-5] org.apache.jasper.servlet.TldScanner.scanJars At least one JAR was scanned for TLDs yet contained no TLDs. Enable debug logging for this logger for a complete list of JARs that were scanned but no TLDs were found in them. Skipping unneeded JARs during scanning can improve startup time and JSP compilation time.
13-Feb-2024 15:31:49.814 정보 [daejist7.cafe24.com-startStop-5] org.apache.catalina.core.ApplicationContext.log No Spring WebApplicationInitializer types detected on classpath
13-Feb-2024 15:31:49.819 정보 [daejist7.cafe24.com-startStop-5] org.apache.catalina.core.ApplicationContext.log Initializing Spring root WebApplicationContext
13-Feb-2024 15:31:50.431 정보 [daejist7.cafe24.com-startStop-5] org.apache.catalina.core.ApplicationContext.log Initializing Spring DispatcherServlet 'appServlet'
13-Feb-2024 15:31:50.743 정보 [daejist7.cafe24.com-startStop-5] org.apache.catalina.startup.HostConfig.deployWAR Deployment of web application archive /daejist7/tomcat/webapps/abcd.war has finished in 3,216 ms
13-Feb-2024 15:32:21.246 정보 [ContainerBackgroundProcessor[StandardEngine[daejist7]]] org.apache.catalina.startup.HostConfig.undeploy Undeploying context [/abcd]
13-Feb-2024 15:32:21.247 정보 [ContainerBackgroundProcessor[StandardEngine[daejist7]]] org.apache.catalina.core.ApplicationContext.log Destroying Spring FrameworkServlet 'appServlet'
13-Feb-2024 15:32:21.253 정보 [ContainerBackgroundProcessor[StandardEngine[daejist7]]] org.apache.catalina.core.ApplicationContext.log Closing Spring root WebApplicationContext
13-Feb-2024 15:32:21.255 심각 [ContainerBackgroundProcessor[StandardEngine[daejist7]]] org.apache.catalina.core.StandardContext.listenerStop Exception sending context destroyed event to listener instance of class org.springframework.web.context.ContextLoaderListener
 java.lang.IllegalStateException: java.io.FileNotFoundException: /daejist7/tomcat/webapps/abcd/WEB-INF/lib/kotlin-stdlib-jdk8-1.5.31.jar (그런 파일이나 디렉터리가 없습니다)
	at org.apache.catalina.webresources.AbstractSingleArchiveResourceSet.getArchiveEntry(AbstractSingleArchiveResourceSet.java:100)
	at org.apache.catalina.webresources.AbstractArchiveResourceSet.getResource(AbstractArchiveResourceSet.java:265)
	at org.apache.catalina.webresources.StandardRoot.getResourceInternal(StandardRoot.java:281)
	at org.apache.catalina.webresources.Cache.getResource(Cache.java:62)
	at org.apache.catalina.webresources.StandardRoot.getResource(StandardRoot.java:216)
	at org.apache.catalina.webresources.StandardRoot.getClassLoaderResource(StandardRoot.java:225)
	at org.apache.catalina.loader.WebappClassLoaderBase.findResourceInternal(WebappClassLoaderBase.java:2541)
	at org.apache.catalina.loader.WebappClassLoaderBase.findClassInternal(WebappClassLoaderBase.java:2377)
	at org.apache.catalina.loader.WebappClassLoaderBase.findClass(WebappClassLoaderBase.java:855)
	at org.apache.catalina.loader.WebappClassLoaderBase.loadClass(WebappClassLoaderBase.java:1304)
	at org.apache.catalina.loader.WebappClassLoaderBase.loadClass(WebappClassLoaderBase.java:1163)
	at org.springframework.web.context.ContextLoaderListener.contextDestroyed(ContextLoaderListener.java:113)
	at org.apache.catalina.core.StandardContext.listenerStop(StandardContext.java:4908)
	at org.apache.catalina.core.StandardContext.stopInternal(StandardContext.java:5545)
	at org.apache.catalina.util.LifecycleBase.stop(LifecycleBase.java:221)
	at org.apache.catalina.core.ContainerBase.removeChild(ContainerBase.java:849)
	at org.apache.catalina.startup.HostConfig.undeploy(HostConfig.java:1429)
	at org.apache.catalina.startup.HostConfig.checkResources(HostConfig.java:1355)
	at org.apache.catalina.startup.HostConfig.check(HostConfig.java:1615)
	at org.apache.catalina.startup.HostConfig.lifecycleEvent(HostConfig.java:318)
	at org.apache.catalina.util.LifecycleSupport.fireLifecycleEvent(LifecycleSupport.java:95)
	at org.apache.catalina.util.LifecycleBase.fireLifecycleEvent(LifecycleBase.java:90)
	at org.apache.catalina.core.ContainerBase.backgroundProcess(ContainerBase.java:1168)
	at org.apache.catalina.core.ContainerBase$ContainerBackgroundProcessor.processChildren(ContainerBase.java:1377)
	at org.apache.catalina.core.ContainerBase$ContainerBackgroundProcessor.processChildren(ContainerBase.java:1381)
	at org.apache.catalina.core.ContainerBase$ContainerBackgroundProcessor.run(ContainerBase.java:1349)
	at java.lang.Thread.run(Thread.java:745)
Caused by: java.io.FileNotFoundException: /daejist7/tomcat/webapps/abcd/WEB-INF/lib/kotlin-stdlib-jdk8-1.5.31.jar (그런 파일이나 디렉터리가 없습니다)
	at java.util.zip.ZipFile.open(Native Method)
	at java.util.zip.ZipFile.<init>(ZipFile.java:219)
	at java.util.zip.ZipFile.<init>(ZipFile.java:149)
	at java.util.jar.JarFile.<init>(JarFile.java:166)
	at java.util.jar.JarFile.<init>(JarFile.java:130)
	at org.apache.tomcat.util.compat.JreCompat.jarFileNewInstance(JreCompat.java:170)
	at org.apache.tomcat.util.compat.JreCompat.jarFileNewInstance(JreCompat.java:155)
	at org.apache.catalina.webresources.AbstractArchiveResourceSet.openJarFile(AbstractArchiveResourceSet.java:316)
	at org.apache.catalina.webresources.AbstractSingleArchiveResourceSet.getArchiveEntry(AbstractSingleArchiveResourceSet.java:96)
	... 26 more

13-Feb-2024 15:32:21.257 경고 [ContainerBackgroundProcessor[StandardEngine[daejist7]]] org.apache.catalina.loader.WebappClassLoaderBase.clearReferencesJdbc The web application [abcd] registered the JDBC driver [com.microsoft.sqlserver.jdbc.SQLServerDriver] but failed to unregister it when the web application was stopped. To prevent a memory leak, the JDBC Driver has been forcibly unregistered.
13-Feb-2024 15:32:21.760 정보 [ContainerBackgroundProcessor[StandardEngine[daejist7]]] org.apache.catalina.startup.HostConfig.undeploy Undeploying context [/mis2]
13-Feb-2024 15:52:01.854 정보 [daejist7.cafe24.com-startStop-6] org.apache.catalina.startup.HostConfig.deployWAR Deploying web application archive /daejist7/tomcat/webapps/daejiM2.war
13-Feb-2024 15:52:04.180 정보 [daejist7.cafe24.com-startStop-6] org.apache.jasper.servlet.TldScanner.scanJars At least one JAR was scanned for TLDs yet contained no TLDs. Enable debug logging for this logger for a complete list of JARs that were scanned but no TLDs were found in them. Skipping unneeded JARs during scanning can improve startup time and JSP compilation time.
13-Feb-2024 15:52:04.181 정보 [daejist7.cafe24.com-startStop-6] org.apache.catalina.core.ApplicationContext.log No Spring WebApplicationInitializer types detected on classpath
13-Feb-2024 15:52:04.186 정보 [daejist7.cafe24.com-startStop-6] org.apache.catalina.core.ApplicationContext.log Initializing Spring root WebApplicationContext
13-Feb-2024 15:52:04.860 정보 [daejist7.cafe24.com-startStop-6] org.apache.catalina.core.ApplicationContext.log Initializing Spring DispatcherServlet 'appServlet'
13-Feb-2024 15:52:05.175 정보 [daejist7.cafe24.com-startStop-6] org.apache.catalina.startup.HostConfig.deployWAR Deployment of web application archive /daejist7/tomcat/webapps/daejiM2.war has finished in 3,321 ms
13-Feb-2024 15:52:55.682 정보 [ContainerBackgroundProcessor[StandardEngine[daejist7]]] org.apache.catalina.startup.HostConfig.undeploy Undeploying context [/daejiM2]
13-Feb-2024 15:52:55.682 정보 [ContainerBackgroundProcessor[StandardEngine[daejist7]]] org.apache.catalina.core.ApplicationContext.log Destroying Spring FrameworkServlet 'appServlet'
13-Feb-2024 15:52:55.688 정보 [ContainerBackgroundProcessor[StandardEngine[daejist7]]] org.apache.catalina.core.ApplicationContext.log Closing Spring root WebApplicationContext
13-Feb-2024 15:52:55.691 심각 [ContainerBackgroundProcessor[StandardEngine[daejist7]]] org.apache.catalina.core.StandardContext.listenerStop Exception sending context destroyed event to listener instance of class org.springframework.web.context.ContextLoaderListener
 java.lang.IllegalStateException: java.io.FileNotFoundException: /daejist7/tomcat/webapps/daejiM2/WEB-INF/lib/commons-dbcp-1.4.jar (그런 파일이나 디렉터리가 없습니다)
	at org.apache.catalina.webresources.AbstractSingleArchiveResourceSet.getArchiveEntry(AbstractSingleArchiveResourceSet.java:100)
	at org.apache.catalina.webresources.AbstractArchiveResourceSet.getResource(AbstractArchiveResourceSet.java:265)
	at org.apache.catalina.webresources.StandardRoot.getResourceInternal(StandardRoot.java:281)
	at org.apache.catalina.webresources.Cache.getResource(Cache.java:62)
	at org.apache.catalina.webresources.StandardRoot.getResource(StandardRoot.java:216)
	at org.apache.catalina.webresources.StandardRoot.getClassLoaderResource(StandardRoot.java:225)
	at org.apache.catalina.loader.WebappClassLoaderBase.findResourceInternal(WebappClassLoaderBase.java:2541)
	at org.apache.catalina.loader.WebappClassLoaderBase.findClassInternal(WebappClassLoaderBase.java:2377)
	at org.apache.catalina.loader.WebappClassLoaderBase.findClass(WebappClassLoaderBase.java:855)
	at org.apache.catalina.loader.WebappClassLoaderBase.loadClass(WebappClassLoaderBase.java:1304)
	at org.apache.catalina.loader.WebappClassLoaderBase.loadClass(WebappClassLoaderBase.java:1163)
	at org.springframework.web.context.ContextLoaderListener.contextDestroyed(ContextLoaderListener.java:113)
	at org.apache.catalina.core.StandardContext.listenerStop(StandardContext.java:4908)
	at org.apache.catalina.core.StandardContext.stopInternal(StandardContext.java:5545)
	at org.apache.catalina.util.LifecycleBase.stop(LifecycleBase.java:221)
	at org.apache.catalina.core.ContainerBase.removeChild(ContainerBase.java:849)
	at org.apache.catalina.startup.HostConfig.undeploy(HostConfig.java:1429)
	at org.apache.catalina.startup.HostConfig.checkResources(HostConfig.java:1355)
	at org.apache.catalina.startup.HostConfig.check(HostConfig.java:1615)
	at org.apache.catalina.startup.HostConfig.lifecycleEvent(HostConfig.java:318)
	at org.apache.catalina.util.LifecycleSupport.fireLifecycleEvent(LifecycleSupport.java:95)
	at org.apache.catalina.util.LifecycleBase.fireLifecycleEvent(LifecycleBase.java:90)
	at org.apache.catalina.core.ContainerBase.backgroundProcess(ContainerBase.java:1168)
	at org.apache.catalina.core.ContainerBase$ContainerBackgroundProcessor.processChildren(ContainerBase.java:1377)
	at org.apache.catalina.core.ContainerBase$ContainerBackgroundProcessor.processChildren(ContainerBase.java:1381)
	at org.apache.catalina.core.ContainerBase$ContainerBackgroundProcessor.run(ContainerBase.java:1349)
	at java.lang.Thread.run(Thread.java:745)
Caused by: java.io.FileNotFoundException: /daejist7/tomcat/webapps/daejiM2/WEB-INF/lib/commons-dbcp-1.4.jar (그런 파일이나 디렉터리가 없습니다)
	at java.util.zip.ZipFile.open(Native Method)
	at java.util.zip.ZipFile.<init>(ZipFile.java:219)
	at java.util.zip.ZipFile.<init>(ZipFile.java:149)
	at java.util.jar.JarFile.<init>(JarFile.java:166)
	at java.util.jar.JarFile.<init>(JarFile.java:130)
	at org.apache.tomcat.util.compat.JreCompat.jarFileNewInstance(JreCompat.java:170)
	at org.apache.tomcat.util.compat.JreCompat.jarFileNewInstance(JreCompat.java:155)
	at org.apache.catalina.webresources.AbstractArchiveResourceSet.openJarFile(AbstractArchiveResourceSet.java:316)
	at org.apache.catalina.webresources.AbstractSingleArchiveResourceSet.getArchiveEntry(AbstractSingleArchiveResourceSet.java:96)
	... 26 more

13-Feb-2024 15:52:55.692 경고 [ContainerBackgroundProcessor[StandardEngine[daejist7]]] org.apache.catalina.loader.WebappClassLoaderBase.clearReferencesJdbc The web application [daejiM2] registered the JDBC driver [com.microsoft.sqlserver.jdbc.SQLServerDriver] but failed to unregister it when the web application was stopped. To prevent a memory leak, the JDBC Driver has been forcibly unregistered.
13-Feb-2024 15:55:45.721 정보 [daejist7.cafe24.com-startStop-7] org.apache.catalina.startup.HostConfig.deployWAR Deploying web application archive /daejist7/tomcat/webapps/daejiM2.war
13-Feb-2024 15:55:46.293 심각 [daejist7.cafe24.com-startStop-7] org.apache.catalina.startup.ContextConfig.beforeStart Exception fixing docBase for context [/daejiM2]
 java.io.EOFException: Unexpected end of ZLIB input stream
	at java.util.zip.ZipFile$ZipFileInflaterInputStream.fill(ZipFile.java:417)
	at java.util.zip.InflaterInputStream.read(InflaterInputStream.java:158)
	at java.io.FilterInputStream.read(FilterInputStream.java:107)
	at org.apache.catalina.startup.ExpandWar.expand(ExpandWar.java:383)
	at org.apache.catalina.startup.ExpandWar.expand(ExpandWar.java:166)
	at org.apache.catalina.startup.ContextConfig.fixDocBase(ContextConfig.java:619)
	at org.apache.catalina.startup.ContextConfig.beforeStart(ContextConfig.java:755)
	at org.apache.catalina.startup.ContextConfig.lifecycleEvent(ContextConfig.java:309)
	at org.apache.catalina.util.LifecycleSupport.fireLifecycleEvent(LifecycleSupport.java:95)
	at org.apache.catalina.util.LifecycleBase.fireLifecycleEvent(LifecycleBase.java:90)
	at org.apache.catalina.util.LifecycleBase.setStateInternal(LifecycleBase.java:388)
	at org.apache.catalina.util.LifecycleBase.start(LifecycleBase.java:144)
	at org.apache.catalina.core.ContainerBase.addChildInternal(ContainerBase.java:753)
	at org.apache.catalina.core.ContainerBase.addChild(ContainerBase.java:729)
	at org.apache.catalina.core.StandardHost.addChild(StandardHost.java:717)
	at org.apache.catalina.startup.HostConfig.deployWAR(HostConfig.java:974)
	at org.apache.catalina.startup.HostConfig$DeployWar.run(HostConfig.java:1850)
	at java.util.concurrent.Executors$RunnableAdapter.call(Executors.java:511)
	at java.util.concurrent.FutureTask.run(FutureTask.java:266)
	at java.util.concurrent.ThreadPoolExecutor.runWorker(ThreadPoolExecutor.java:1142)
	at java.util.concurrent.ThreadPoolExecutor$Worker.run(ThreadPoolExecutor.java:617)
	at java.lang.Thread.run(Thread.java:745)

13-Feb-2024 15:55:46.299 심각 [daejist7.cafe24.com-startStop-7] org.apache.catalina.core.ContainerBase.addChildInternal ContainerBase.addChild: start: 
 org.apache.catalina.LifecycleException: Failed to start component [StandardEngine[daejist7].StandardHost[daejist7.cafe24.com].StandardContext[/daejiM2]]
	at org.apache.catalina.util.LifecycleBase.start(LifecycleBase.java:162)
	at org.apache.catalina.core.ContainerBase.addChildInternal(ContainerBase.java:753)
	at org.apache.catalina.core.ContainerBase.addChild(ContainerBase.java:729)
	at org.apache.catalina.core.StandardHost.addChild(StandardHost.java:717)
	at org.apache.catalina.startup.HostConfig.deployWAR(HostConfig.java:974)
	at org.apache.catalina.startup.HostConfig$DeployWar.run(HostConfig.java:1850)
	at java.util.concurrent.Executors$RunnableAdapter.call(Executors.java:511)
	at java.util.concurrent.FutureTask.run(FutureTask.java:266)
	at java.util.concurrent.ThreadPoolExecutor.runWorker(ThreadPoolExecutor.java:1142)
	at java.util.concurrent.ThreadPoolExecutor$Worker.run(ThreadPoolExecutor.java:617)
	at java.lang.Thread.run(Thread.java:745)
Caused by: org.apache.catalina.LifecycleException: Failed to start component [org.apache.catalina.webresources.StandardRoot@293ead0d]
	at org.apache.catalina.util.LifecycleBase.start(LifecycleBase.java:162)
	at org.apache.catalina.core.StandardContext.resourcesStart(StandardContext.java:4977)
	at org.apache.catalina.core.StandardContext.startInternal(StandardContext.java:5110)
	at org.apache.catalina.util.LifecycleBase.start(LifecycleBase.java:145)
	... 10 more
Caused by: org.apache.catalina.LifecycleException: Failed to initialize component [org.apache.catalina.webresources.JarWarResourceSet@2d824d93]
	at org.apache.catalina.util.LifecycleBase.init(LifecycleBase.java:107)
	at org.apache.catalina.util.LifecycleBase.start(LifecycleBase.java:135)
	at org.apache.catalina.webresources.StandardRoot.startInternal(StandardRoot.java:722)
	at org.apache.catalina.util.LifecycleBase.start(LifecycleBase.java:145)
	... 13 more
Caused by: java.lang.IllegalArgumentException: java.util.zip.ZipException: invalid LOC header (bad signature)
	at org.apache.catalina.webresources.JarWarResourceSet.initInternal(JarWarResourceSet.java:249)
	at org.apache.catalina.util.LifecycleBase.init(LifecycleBase.java:102)
	... 16 more
Caused by: java.util.zip.ZipException: invalid LOC header (bad signature)
	at java.util.zip.ZipFile.read(Native Method)
	at java.util.zip.ZipFile.access$1400(ZipFile.java:60)
	at java.util.zip.ZipFile$ZipFileInputStream.read(ZipFile.java:717)
	at java.util.zip.ZipFile$ZipFileInflaterInputStream.fill(ZipFile.java:419)
	at java.util.zip.InflaterInputStream.read(InflaterInputStream.java:158)
	at java.io.FilterInputStream.read(FilterInputStream.java:133)
	at java.io.PushbackInputStream.read(PushbackInputStream.java:186)
	at java.util.zip.ZipInputStream.readFully(ZipInputStream.java:403)
	at java.util.zip.ZipInputStream.readLOC(ZipInputStream.java:278)
	at java.util.zip.ZipInputStream.getNextEntry(ZipInputStream.java:122)
	at java.util.jar.JarInputStream.<init>(JarInputStream.java:83)
	at java.util.jar.JarInputStream.<init>(JarInputStream.java:62)
	at org.apache.catalina.webresources.JarWarResourceSet.initInternal(JarWarResourceSet.java:245)
	... 17 more

13-Feb-2024 15:55:46.299 심각 [daejist7.cafe24.com-startStop-7] org.apache.catalina.startup.HostConfig.deployWAR Error deploying web application archive /daejist7/tomcat/webapps/daejiM2.war
 java.lang.IllegalStateException: ContainerBase.addChild: start: org.apache.catalina.LifecycleException: Failed to start component [StandardEngine[daejist7].StandardHost[daejist7.cafe24.com].StandardContext[/daejiM2]]
	at org.apache.catalina.core.ContainerBase.addChildInternal(ContainerBase.java:757)
	at org.apache.catalina.core.ContainerBase.addChild(ContainerBase.java:729)
	at org.apache.catalina.core.StandardHost.addChild(StandardHost.java:717)
	at org.apache.catalina.startup.HostConfig.deployWAR(HostConfig.java:974)
	at org.apache.catalina.startup.HostConfig$DeployWar.run(HostConfig.java:1850)
	at java.util.concurrent.Executors$RunnableAdapter.call(Executors.java:511)
	at java.util.concurrent.FutureTask.run(FutureTask.java:266)
	at java.util.concurrent.ThreadPoolExecutor.runWorker(ThreadPoolExecutor.java:1142)
	at java.util.concurrent.ThreadPoolExecutor$Worker.run(ThreadPoolExecutor.java:617)
	at java.lang.Thread.run(Thread.java:745)

13-Feb-2024 15:55:46.300 정보 [daejist7.cafe24.com-startStop-7] org.apache.catalina.startup.HostConfig.deployWAR Deployment of web application archive /daejist7/tomcat/webapps/daejiM2.war has finished in 579 ms
13-Feb-2024 15:55:56.800 정보 [ContainerBackgroundProcessor[StandardEngine[daejist7]]] org.apache.catalina.startup.HostConfig.undeploy Undeploying context [/daejiM2]
13-Feb-2024 15:56:26.810 정보 [daejist7.cafe24.com-startStop-8] org.apache.catalina.startup.HostConfig.deployWAR Deploying web application archive /daejist7/tomcat/webapps/daeji2.war
13-Feb-2024 15:56:28.089 정보 [daejist7.cafe24.com-startStop-8] org.apache.jasper.servlet.TldScanner.scanJars At least one JAR was scanned for TLDs yet contained no TLDs. Enable debug logging for this logger for a complete list of JARs that were scanned but no TLDs were found in them. Skipping unneeded JARs during scanning can improve startup time and JSP compilation time.
13-Feb-2024 15:56:28.091 정보 [daejist7.cafe24.com-startStop-8] org.apache.catalina.core.ApplicationContext.log No Spring WebApplicationInitializer types detected on classpath
13-Feb-2024 15:56:28.133 정보 [daejist7.cafe24.com-startStop-8] org.apache.catalina.core.ApplicationContext.log Initializing Spring root WebApplicationContext
13-Feb-2024 15:56:28.766 정보 [daejist7.cafe24.com-startStop-8] org.apache.catalina.core.ApplicationContext.log Initializing Spring FrameworkServlet 'appServlet'
13-Feb-2024 15:56:29.223 정보 [daejist7.cafe24.com-startStop-8] org.apache.catalina.startup.HostConfig.deployWAR Deployment of web application archive /daejist7/tomcat/webapps/daeji2.war has finished in 2,413 ms
13-Feb-2024 16:00:49.739 정보 [ContainerBackgroundProcessor[StandardEngine[daejist7]]] org.apache.catalina.startup.HostConfig.undeploy Undeploying context [/daeji2]
13-Feb-2024 16:00:49.740 정보 [ContainerBackgroundProcessor[StandardEngine[daejist7]]] org.apache.catalina.core.ApplicationContext.log Destroying Spring FrameworkServlet 'appServlet'
13-Feb-2024 16:00:49.750 정보 [ContainerBackgroundProcessor[StandardEngine[daejist7]]] org.apache.catalina.core.ApplicationContext.log Closing Spring root WebApplicationContext
13-Feb-2024 16:00:49.776 경고 [ContainerBackgroundProcessor[StandardEngine[daejist7]]] org.apache.catalina.loader.WebappClassLoaderBase.clearReferencesJdbc The web application [daeji2] registered the JDBC driver [com.microsoft.sqlserver.jdbc.SQLServerDriver] but failed to unregister it when the web application was stopped. To prevent a memory leak, the JDBC Driver has been forcibly unregistered.
13-Feb-2024 16:01:00.304 정보 [ContainerBackgroundProcessor[StandardEngine[daejist7]]] org.apache.catalina.startup.HostConfig.undeploy Undeploying context [/mis]
13-Feb-2024 16:01:30.308 정보 [daejist7.cafe24.com-startStop-9] org.apache.catalina.startup.HostConfig.deployWAR Deploying web application archive /daejist7/tomcat/webapps/daeji.war
13-Feb-2024 16:01:31.422 정보 [daejist7.cafe24.com-startStop-9] org.apache.jasper.servlet.TldScanner.scanJars At least one JAR was scanned for TLDs yet contained no TLDs. Enable debug logging for this logger for a complete list of JARs that were scanned but no TLDs were found in them. Skipping unneeded JARs during scanning can improve startup time and JSP compilation time.
13-Feb-2024 16:01:31.424 정보 [daejist7.cafe24.com-startStop-9] org.apache.catalina.core.ApplicationContext.log No Spring WebApplicationInitializer types detected on classpath
13-Feb-2024 16:01:31.448 정보 [daejist7.cafe24.com-startStop-9] org.apache.catalina.core.ApplicationContext.log Initializing Spring root WebApplicationContext
13-Feb-2024 16:01:31.972 정보 [daejist7.cafe24.com-startStop-9] org.apache.catalina.core.ApplicationContext.log Initializing Spring FrameworkServlet 'appServlet'
13-Feb-2024 16:01:32.425 정보 [daejist7.cafe24.com-startStop-9] org.apache.catalina.startup.HostConfig.deployWAR Deployment of web application archive /daejist7/tomcat/webapps/daeji.war has finished in 2,117 ms
13-Feb-2024 16:03:42.439 정보 [daejist7.cafe24.com-startStop-10] org.apache.catalina.startup.HostConfig.deployWAR Deploying web application archive /daejist7/tomcat/webapps/exe.war
13-Feb-2024 16:03:43.610 정보 [daejist7.cafe24.com-startStop-10] org.apache.jasper.servlet.TldScanner.scanJars At least one JAR was scanned for TLDs yet contained no TLDs. Enable debug logging for this logger for a complete list of JARs that were scanned but no TLDs were found in them. Skipping unneeded JARs during scanning can improve startup time and JSP compilation time.
13-Feb-2024 16:03:43.612 정보 [daejist7.cafe24.com-startStop-10] org.apache.catalina.core.ApplicationContext.log No Spring WebApplicationInitializer types detected on classpath
13-Feb-2024 16:03:43.637 정보 [daejist7.cafe24.com-startStop-10] org.apache.catalina.core.ApplicationContext.log Initializing Spring root WebApplicationContext
13-Feb-2024 16:03:44.074 정보 [daejist7.cafe24.com-startStop-10] org.apache.catalina.core.ApplicationContext.log Initializing Spring FrameworkServlet 'appServlet'
13-Feb-2024 16:03:44.497 정보 [daejist7.cafe24.com-startStop-10] org.apache.catalina.startup.HostConfig.deployWAR Deployment of web application archive /daejist7/tomcat/webapps/exe.war has finished in 2,057 ms
13-Feb-2024 16:07:55.026 정보 [ContainerBackgroundProcessor[StandardEngine[daejist7]]] org.apache.catalina.startup.HostConfig.undeploy Undeploying context [/exe]
13-Feb-2024 16:07:55.026 정보 [ContainerBackgroundProcessor[StandardEngine[daejist7]]] org.apache.catalina.core.ApplicationContext.log Destroying Spring FrameworkServlet 'appServlet'
13-Feb-2024 16:07:55.031 정보 [ContainerBackgroundProcessor[StandardEngine[daejist7]]] org.apache.catalina.core.ApplicationContext.log Closing Spring root WebApplicationContext
13-Feb-2024 16:07:55.033 경고 [ContainerBackgroundProcessor[StandardEngine[daejist7]]] org.apache.catalina.loader.WebappClassLoaderBase.clearReferencesJdbc The web application [exe] registered the JDBC driver [com.microsoft.sqlserver.jdbc.SQLServerDriver] but failed to unregister it when the web application was stopped. To prevent a memory leak, the JDBC Driver has been forcibly unregistered.
13-Feb-2024 16:07:55.542 정보 [ContainerBackgroundProcessor[StandardEngine[daejist7]]] org.apache.catalina.startup.HostConfig.undeploy Undeploying context [/daeji]
13-Feb-2024 16:07:55.542 정보 [ContainerBackgroundProcessor[StandardEngine[daejist7]]] org.apache.catalina.core.ApplicationContext.log Destroying Spring FrameworkServlet 'appServlet'
13-Feb-2024 16:07:55.549 정보 [ContainerBackgroundProcessor[StandardEngine[daejist7]]] org.apache.catalina.core.ApplicationContext.log Closing Spring root WebApplicationContext
13-Feb-2024 16:07:55.550 심각 [ContainerBackgroundProcessor[StandardEngine[daejist7]]] org.apache.catalina.core.StandardContext.listenerStop Exception sending context destroyed event to listener instance of class org.springframework.web.context.ContextLoaderListener
 java.lang.IllegalStateException: java.io.FileNotFoundException: /daejist7/tomcat/webapps/daeji/WEB-INF/lib/commons-dbcp-1.4.jar (그런 파일이나 디렉터리가 없습니다)
	at org.apache.catalina.webresources.AbstractSingleArchiveResourceSet.getArchiveEntry(AbstractSingleArchiveResourceSet.java:100)
	at org.apache.catalina.webresources.AbstractArchiveResourceSet.getResource(AbstractArchiveResourceSet.java:265)
	at org.apache.catalina.webresources.StandardRoot.getResourceInternal(StandardRoot.java:281)
	at org.apache.catalina.webresources.Cache.getResource(Cache.java:62)
	at org.apache.catalina.webresources.StandardRoot.getResource(StandardRoot.java:216)
	at org.apache.catalina.webresources.StandardRoot.getClassLoaderResource(StandardRoot.java:225)
	at org.apache.catalina.loader.WebappClassLoaderBase.findResourceInternal(WebappClassLoaderBase.java:2541)
	at org.apache.catalina.loader.WebappClassLoaderBase.findClassInternal(WebappClassLoaderBase.java:2377)
	at org.apache.catalina.loader.WebappClassLoaderBase.findClass(WebappClassLoaderBase.java:855)
	at org.apache.catalina.loader.WebappClassLoaderBase.loadClass(WebappClassLoaderBase.java:1304)
	at org.apache.catalina.loader.WebappClassLoaderBase.loadClass(WebappClassLoaderBase.java:1163)
	at org.springframework.web.context.ContextLoaderListener.contextDestroyed(ContextLoaderListener.java:116)
	at org.apache.catalina.core.StandardContext.listenerStop(StandardContext.java:4908)
	at org.apache.catalina.core.StandardContext.stopInternal(StandardContext.java:5545)
	at org.apache.catalina.util.LifecycleBase.stop(LifecycleBase.java:221)
	at org.apache.catalina.core.ContainerBase.removeChild(ContainerBase.java:849)
	at org.apache.catalina.startup.HostConfig.undeploy(HostConfig.java:1429)
	at org.apache.catalina.startup.HostConfig.checkResources(HostConfig.java:1355)
	at org.apache.catalina.startup.HostConfig.check(HostConfig.java:1615)
	at org.apache.catalina.startup.HostConfig.lifecycleEvent(HostConfig.java:318)
	at org.apache.catalina.util.LifecycleSupport.fireLifecycleEvent(LifecycleSupport.java:95)
	at org.apache.catalina.util.LifecycleBase.fireLifecycleEvent(LifecycleBase.java:90)
	at org.apache.catalina.core.ContainerBase.backgroundProcess(ContainerBase.java:1168)
	at org.apache.catalina.core.ContainerBase$ContainerBackgroundProcessor.processChildren(ContainerBase.java:1377)
	at org.apache.catalina.core.ContainerBase$ContainerBackgroundProcessor.processChildren(ContainerBase.java:1381)
	at org.apache.catalina.core.ContainerBase$ContainerBackgroundProcessor.run(ContainerBase.java:1349)
	at java.lang.Thread.run(Thread.java:745)
Caused by: java.io.FileNotFoundException: /daejist7/tomcat/webapps/daeji/WEB-INF/lib/commons-dbcp-1.4.jar (그런 파일이나 디렉터리가 없습니다)
	at java.util.zip.ZipFile.open(Native Method)
	at java.util.zip.ZipFile.<init>(ZipFile.java:219)
	at java.util.zip.ZipFile.<init>(ZipFile.java:149)
	at java.util.jar.JarFile.<init>(JarFile.java:166)
	at java.util.jar.JarFile.<init>(JarFile.java:130)
	at org.apache.tomcat.util.compat.JreCompat.jarFileNewInstance(JreCompat.java:170)
	at org.apache.tomcat.util.compat.JreCompat.jarFileNewInstance(JreCompat.java:155)
	at org.apache.catalina.webresources.AbstractArchiveResourceSet.openJarFile(AbstractArchiveResourceSet.java:316)
	at org.apache.catalina.webresources.AbstractSingleArchiveResourceSet.getArchiveEntry(AbstractSingleArchiveResourceSet.java:96)
	... 26 more

13-Feb-2024 16:07:55.554 경고 [ContainerBackgroundProcessor[StandardEngine[daejist7]]] org.apache.catalina.loader.WebappClassLoaderBase.clearReferencesJdbc The web application [daeji] registered the JDBC driver [com.microsoft.sqlserver.jdbc.SQLServerDriver] but failed to unregister it when the web application was stopped. To prevent a memory leak, the JDBC Driver has been forcibly unregistered.
13-Feb-2024 16:08:05.559 정보 [daejist7.cafe24.com-startStop-11] org.apache.catalina.startup.HostConfig.deployWAR Deploying web application archive /daejist7/tomcat/webapps/mis.war
13-Feb-2024 16:08:06.664 정보 [daejist7.cafe24.com-startStop-11] org.apache.jasper.servlet.TldScanner.scanJars At least one JAR was scanned for TLDs yet contained no TLDs. Enable debug logging for this logger for a complete list of JARs that were scanned but no TLDs were found in them. Skipping unneeded JARs during scanning can improve startup time and JSP compilation time.
13-Feb-2024 16:08:06.665 정보 [daejist7.cafe24.com-startStop-11] org.apache.catalina.core.ApplicationContext.log No Spring WebApplicationInitializer types detected on classpath
13-Feb-2024 16:08:06.690 정보 [daejist7.cafe24.com-startStop-11] org.apache.catalina.core.ApplicationContext.log Initializing Spring root WebApplicationContext
13-Feb-2024 16:08:07.116 정보 [daejist7.cafe24.com-startStop-11] org.apache.catalina.core.ApplicationContext.log Initializing Spring FrameworkServlet 'appServlet'
13-Feb-2024 16:08:07.530 정보 [daejist7.cafe24.com-startStop-11] org.apache.catalina.startup.HostConfig.deployWAR Deployment of web application archive /daejist7/tomcat/webapps/mis.war has finished in 1,971 ms
13-Feb-2024 16:16:28.066 정보 [ContainerBackgroundProcessor[StandardEngine[daejist7]]] org.apache.catalina.startup.HostConfig.undeploy Undeploying context [/mis]
13-Feb-2024 16:16:28.067 정보 [ContainerBackgroundProcessor[StandardEngine[daejist7]]] org.apache.catalina.core.ApplicationContext.log Destroying Spring FrameworkServlet 'appServlet'
13-Feb-2024 16:16:28.082 정보 [ContainerBackgroundProcessor[StandardEngine[daejist7]]] org.apache.catalina.core.ApplicationContext.log Closing Spring root WebApplicationContext
13-Feb-2024 16:16:28.085 심각 [ContainerBackgroundProcessor[StandardEngine[daejist7]]] org.apache.catalina.core.StandardContext.listenerStop Exception sending context destroyed event to listener instance of class org.springframework.web.context.ContextLoaderListener
 java.lang.IllegalStateException: java.io.FileNotFoundException: /daejist7/tomcat/webapps/mis/WEB-INF/lib/commons-dbcp-1.4.jar (그런 파일이나 디렉터리가 없습니다)
	at org.apache.catalina.webresources.AbstractSingleArchiveResourceSet.getArchiveEntry(AbstractSingleArchiveResourceSet.java:100)
	at org.apache.catalina.webresources.AbstractArchiveResourceSet.getResource(AbstractArchiveResourceSet.java:265)
	at org.apache.catalina.webresources.StandardRoot.getResourceInternal(StandardRoot.java:281)
	at org.apache.catalina.webresources.Cache.getResource(Cache.java:62)
	at org.apache.catalina.webresources.StandardRoot.getResource(StandardRoot.java:216)
	at org.apache.catalina.webresources.StandardRoot.getClassLoaderResource(StandardRoot.java:225)
	at org.apache.catalina.loader.WebappClassLoaderBase.findResourceInternal(WebappClassLoaderBase.java:2541)
	at org.apache.catalina.loader.WebappClassLoaderBase.findClassInternal(WebappClassLoaderBase.java:2377)
	at org.apache.catalina.loader.WebappClassLoaderBase.findClass(WebappClassLoaderBase.java:855)
	at org.apache.catalina.loader.WebappClassLoaderBase.loadClass(WebappClassLoaderBase.java:1304)
	at org.apache.catalina.loader.WebappClassLoaderBase.loadClass(WebappClassLoaderBase.java:1163)
	at org.springframework.web.context.ContextLoaderListener.contextDestroyed(ContextLoaderListener.java:116)
	at org.apache.catalina.core.StandardContext.listenerStop(StandardContext.java:4908)
	at org.apache.catalina.core.StandardContext.stopInternal(StandardContext.java:5545)
	at org.apache.catalina.util.LifecycleBase.stop(LifecycleBase.java:221)
	at org.apache.catalina.core.ContainerBase.removeChild(ContainerBase.java:849)
	at org.apache.catalina.startup.HostConfig.undeploy(HostConfig.java:1429)
	at org.apache.catalina.startup.HostConfig.checkResources(HostConfig.java:1355)
	at org.apache.catalina.startup.HostConfig.check(HostConfig.java:1615)
	at org.apache.catalina.startup.HostConfig.lifecycleEvent(HostConfig.java:318)
	at org.apache.catalina.util.LifecycleSupport.fireLifecycleEvent(LifecycleSupport.java:95)
	at org.apache.catalina.util.LifecycleBase.fireLifecycleEvent(LifecycleBase.java:90)
	at org.apache.catalina.core.ContainerBase.backgroundProcess(ContainerBase.java:1168)
	at org.apache.catalina.core.ContainerBase$ContainerBackgroundProcessor.processChildren(ContainerBase.java:1377)
	at org.apache.catalina.core.ContainerBase$ContainerBackgroundProcessor.processChildren(ContainerBase.java:1381)
	at org.apache.catalina.core.ContainerBase$ContainerBackgroundProcessor.run(ContainerBase.java:1349)
	at java.lang.Thread.run(Thread.java:745)
Caused by: java.io.FileNotFoundException: /daejist7/tomcat/webapps/mis/WEB-INF/lib/commons-dbcp-1.4.jar (그런 파일이나 디렉터리가 없습니다)
	at java.util.zip.ZipFile.open(Native Method)
	at java.util.zip.ZipFile.<init>(ZipFile.java:219)
	at java.util.zip.ZipFile.<init>(ZipFile.java:149)
	at java.util.jar.JarFile.<init>(JarFile.java:166)
	at java.util.jar.JarFile.<init>(JarFile.java:130)
	at org.apache.tomcat.util.compat.JreCompat.jarFileNewInstance(JreCompat.java:170)
	at org.apache.tomcat.util.compat.JreCompat.jarFileNewInstance(JreCompat.java:155)
	at org.apache.catalina.webresources.AbstractArchiveResourceSet.openJarFile(AbstractArchiveResourceSet.java:316)
	at org.apache.catalina.webresources.AbstractSingleArchiveResourceSet.getArchiveEntry(AbstractSingleArchiveResourceSet.java:96)
	... 26 more

13-Feb-2024 16:16:28.088 경고 [ContainerBackgroundProcessor[StandardEngine[daejist7]]] org.apache.catalina.loader.WebappClassLoaderBase.clearReferencesJdbc The web application [mis] registered the JDBC driver [com.microsoft.sqlserver.jdbc.SQLServerDriver] but failed to unregister it when the web application was stopped. To prevent a memory leak, the JDBC Driver has been forcibly unregistered.
13-Feb-2024 16:16:48.097 정보 [daejist7.cafe24.com-startStop-12] org.apache.catalina.startup.HostConfig.deployWAR Deploying web application archive /daejist7/tomcat/webapps/exe.war
13-Feb-2024 16:16:49.215 정보 [daejist7.cafe24.com-startStop-12] org.apache.jasper.servlet.TldScanner.scanJars At least one JAR was scanned for TLDs yet contained no TLDs. Enable debug logging for this logger for a complete list of JARs that were scanned but no TLDs were found in them. Skipping unneeded JARs during scanning can improve startup time and JSP compilation time.
13-Feb-2024 16:16:49.217 정보 [daejist7.cafe24.com-startStop-12] org.apache.catalina.core.ApplicationContext.log No Spring WebApplicationInitializer types detected on classpath
13-Feb-2024 16:16:49.243 정보 [daejist7.cafe24.com-startStop-12] org.apache.catalina.core.ApplicationContext.log Initializing Spring root WebApplicationContext
13-Feb-2024 16:16:49.674 정보 [daejist7.cafe24.com-startStop-12] org.apache.catalina.core.ApplicationContext.log Initializing Spring FrameworkServlet 'appServlet'
13-Feb-2024 16:16:50.100 정보 [daejist7.cafe24.com-startStop-12] org.apache.catalina.startup.HostConfig.deployWAR Deployment of web application archive /daejist7/tomcat/webapps/exe.war has finished in 2,003 ms
13-Feb-2024 18:03:08.242 정보 [http-nio-8855-exec-68] org.apache.coyote.http11.AbstractHttp11Processor.process Error parsing HTTP request header
 Note: further occurrences of HTTP header parsing errors will be logged at DEBUG level.
 java.lang.IllegalArgumentException: Invalid character found in method name. HTTP method names must be tokens
	at org.apache.coyote.http11.AbstractNioInputBuffer.parseRequestLine(AbstractNioInputBuffer.java:235)
	at org.apache.coyote.http11.AbstractHttp11Processor.process(AbstractHttp11Processor.java:1045)
	at org.apache.coyote.AbstractProtocol$AbstractConnectionHandler.process(AbstractProtocol.java:684)
	at org.apache.tomcat.util.net.NioEndpoint$SocketProcessor.doRun(NioEndpoint.java:1539)
	at org.apache.tomcat.util.net.NioEndpoint$SocketProcessor.run(NioEndpoint.java:1495)
	at java.util.concurrent.ThreadPoolExecutor.runWorker(ThreadPoolExecutor.java:1142)
	at java.util.concurrent.ThreadPoolExecutor$Worker.run(ThreadPoolExecutor.java:617)
	at org.apache.tomcat.util.threads.TaskThread$WrappingRunnable.run(TaskThread.java:61)
	at java.lang.Thread.run(Thread.java:745)

