12-Feb-2026 15:10:36.560 심각 [http-nio-8855-exec-17] org.apache.catalina.core.StandardWrapperValve.invoke Servlet.service() for servlet [appServlet] in context with path [] threw exception [Request processing failed; nested exception is org.mybatis.spring.MyBatisSystemException: nested exception is org.apache.ibatis.exceptions.PersistenceException: 
### Error querying database.  Cause: org.springframework.jdbc.CannotGetJdbcConnectionException: Failed to obtain JDBC Connection; nested exception is com.microsoft.sqlserver.jdbc.SQLServerException: 호스트 61.32.101.234, 포트 1433에 대한 TCP/IP 연결에 실패했습니다. 오류: "connect timed out. 연결 속성을 확인하십시오. SQL Server의 인스턴스가 호스트에서 실행되고 있고 포트에서 TCP/IP 연결을 허용하고 있는지 확인하십시오. 또한 방화벽에서 포트로의 TCP 연결을 차단하지 않는지 확인하십시오.".
### The error may exist in com/daejist/login/mapper/LoginMapper.xml
### The error may involve com.daejist.login.mapper.LoginMapper.checkUserWithSessionKey
### The error occurred while executing a query
### Cause: org.springframework.jdbc.CannotGetJdbcConnectionException: Failed to obtain JDBC Connection; nested exception is com.microsoft.sqlserver.jdbc.SQLServerException: 호스트 61.32.101.234, 포트 1433에 대한 TCP/IP 연결에 실패했습니다. 오류: "connect timed out. 연결 속성을 확인하십시오. SQL Server의 인스턴스가 호스트에서 실행되고 있고 포트에서 TCP/IP 연결을 허용하고 있는지 확인하십시오. 또한 방화벽에서 포트로의 TCP 연결을 차단하지 않는지 확인하십시오.".] with root cause
 com.microsoft.sqlserver.jdbc.SQLServerException: 호스트 61.32.101.234, 포트 1433에 대한 TCP/IP 연결에 실패했습니다. 오류: "connect timed out. 연결 속성을 확인하십시오. SQL Server의 인스턴스가 호스트에서 실행되고 있고 포트에서 TCP/IP 연결을 허용하고 있는지 확인하십시오. 또한 방화벽에서 포트로의 TCP 연결을 차단하지 않는지 확인하십시오.".
	at com.microsoft.sqlserver.jdbc.SQLServerException.makeFromDriverError(SQLServerException.java:234)
	at com.microsoft.sqlserver.jdbc.SQLServerException.ConvertConnectExceptionToSQLServerException(SQLServerException.java:285)
	at com.microsoft.sqlserver.jdbc.SocketFinder.findSocket(IOBuffer.java:2462)
	at com.microsoft.sqlserver.jdbc.TDSChannel.open(IOBuffer.java:668)
	at com.microsoft.sqlserver.jdbc.SQLServerConnection.connectHelper(SQLServerConnection.java:2695)
	at com.microsoft.sqlserver.jdbc.SQLServerConnection.login(SQLServerConnection.java:2362)
	at com.microsoft.sqlserver.jdbc.SQLServerConnection.connectInternal(SQLServerConnection.java:2213)
	at com.microsoft.sqlserver.jdbc.SQLServerConnection.connect(SQLServerConnection.java:1276)
	at com.microsoft.sqlserver.jdbc.SQLServerDriver.connect(SQLServerDriver.java:861)
	at org.apache.commons.dbcp.DriverConnectionFactory.createConnection(DriverConnectionFactory.java:38)
	at org.apache.commons.dbcp.PoolableConnectionFactory.makeObject(PoolableConnectionFactory.java:582)
	at org.apache.commons.pool.impl.GenericObjectPool.borrowObject(GenericObjectPool.java:1148)
	at org.apache.commons.dbcp.PoolingDataSource.getConnection(PoolingDataSource.java:106)
	at org.apache.commons.dbcp.BasicDataSource.getConnection(BasicDataSource.java:1044)
	at org.springframework.jdbc.datasource.DataSourceUtils.fetchConnection(DataSourceUtils.java:157)
	at org.springframework.jdbc.datasource.DataSourceUtils.doGetConnection(DataSourceUtils.java:115)
	at org.springframework.jdbc.datasource.DataSourceUtils.getConnection(DataSourceUtils.java:78)
	at org.mybatis.spring.transaction.SpringManagedTransaction.openConnection(SpringManagedTransaction.java:80)
	at org.mybatis.spring.transaction.SpringManagedTransaction.getConnection(SpringManagedTransaction.java:67)
	at org.apache.ibatis.executor.BaseExecutor.getConnection(BaseExecutor.java:336)
	at org.apache.ibatis.executor.SimpleExecutor.prepareStatement(SimpleExecutor.java:85)
	at org.apache.ibatis.executor.SimpleExecutor.doQuery(SimpleExecutor.java:62)
	at org.apache.ibatis.executor.BaseExecutor.queryFromDatabase(BaseExecutor.java:324)
	at org.apache.ibatis.executor.BaseExecutor.query(BaseExecutor.java:156)
	at org.apache.ibatis.executor.CachingExecutor.query(CachingExecutor.java:109)
	at org.apache.ibatis.executor.CachingExecutor.query(CachingExecutor.java:83)
	at org.apache.ibatis.session.defaults.DefaultSqlSession.selectList(DefaultSqlSession.java:147)
	at org.apache.ibatis.session.defaults.DefaultSqlSession.selectList(DefaultSqlSession.java:140)
	at org.apache.ibatis.session.defaults.DefaultSqlSession.selectOne(DefaultSqlSession.java:76)
	at sun.reflect.GeneratedMethodAccessor90.invoke(Unknown Source)
	at sun.reflect.DelegatingMethodAccessorImpl.invoke(DelegatingMethodAccessorImpl.java:43)
	at java.lang.reflect.Method.invoke(Method.java:498)
	at org.mybatis.spring.SqlSessionTemplate$SqlSessionInterceptor.invoke(SqlSessionTemplate.java:426)
	at com.sun.proxy.$Proxy59.selectOne(Unknown Source)
	at org.mybatis.spring.SqlSessionTemplate.selectOne(SqlSessionTemplate.java:159)
	at org.apache.ibatis.binding.MapperMethod.execute(MapperMethod.java:87)
	at org.apache.ibatis.binding.MapperProxy.invoke(MapperProxy.java:57)
	at com.sun.proxy.$Proxy61.checkUserWithSessionKey(Unknown Source)
	at com.daejist.login.service.LoginServiceImp.checkUserWithSessionKey(LoginServiceImp.java:84)
	at com.daejist.login.controller.LoginController.login(LoginController.java:75)
	at sun.reflect.GeneratedMethodAccessor118.invoke(Unknown Source)
	at sun.reflect.DelegatingMethodAccessorImpl.invoke(DelegatingMethodAccessorImpl.java:43)
	at java.lang.reflect.Method.invoke(Method.java:498)
	at org.springframework.web.method.support.InvocableHandlerMethod.doInvoke(InvocableHandlerMethod.java:190)
	at org.springframework.web.method.support.InvocableHandlerMethod.invokeForRequest(InvocableHandlerMethod.java:138)
	at org.springframework.web.servlet.mvc.method.annotation.ServletInvocableHandlerMethod.invokeAndHandle(ServletInvocableHandlerMethod.java:104)
	at org.springframework.web.servlet.mvc.method.annotation.RequestMappingHandlerAdapter.invokeHandlerMethod(RequestMappingHandlerAdapter.java:892)
	at org.springframework.web.servlet.mvc.method.annotation.RequestMappingHandlerAdapter.handleInternal(RequestMappingHandlerAdapter.java:797)
	at org.springframework.web.servlet.mvc.method.AbstractHandlerMethodAdapter.handle(AbstractHandlerMethodAdapter.java:87)
	at org.springframework.web.servlet.DispatcherServlet.doDispatch(DispatcherServlet.java:1039)
	at org.springframework.web.servlet.DispatcherServlet.doService(DispatcherServlet.java:942)
	at org.springframework.web.servlet.FrameworkServlet.processRequest(FrameworkServlet.java:1005)
	at org.springframework.web.servlet.FrameworkServlet.doGet(FrameworkServlet.java:897)
	at javax.servlet.http.HttpServlet.service(HttpServlet.java:622)
	at org.springframework.web.servlet.FrameworkServlet.service(FrameworkServlet.java:882)
	at javax.servlet.http.HttpServlet.service(HttpServlet.java:729)
	at org.apache.catalina.core.ApplicationFilterChain.internalDoFilter(ApplicationFilterChain.java:292)
	at org.apache.catalina.core.ApplicationFilterChain.doFilter(ApplicationFilterChain.java:207)
	at org.apache.tomcat.websocket.server.WsFilter.doFilter(WsFilter.java:52)
	at org.apache.catalina.core.ApplicationFilterChain.internalDoFilter(ApplicationFilterChain.java:240)
	at org.apache.catalina.core.ApplicationFilterChain.doFilter(ApplicationFilterChain.java:207)
	at org.springframework.web.filter.CharacterEncodingFilter.doFilterInternal(CharacterEncodingFilter.java:200)
	at org.springframework.web.filter.OncePerRequestFilter.doFilter(OncePerRequestFilter.java:118)
	at org.apache.catalina.core.ApplicationFilterChain.internalDoFilter(ApplicationFilterChain.java:240)
	at org.apache.catalina.core.ApplicationFilterChain.doFilter(ApplicationFilterChain.java:207)
	at org.apache.catalina.core.StandardWrapperValve.invoke(StandardWrapperValve.java:212)
	at org.apache.catalina.core.StandardContextValve.invoke(StandardContextValve.java:94)
	at org.apache.catalina.core.StandardHostValve.invoke(StandardHostValve.java:141)
	at org.apache.catalina.valves.ErrorReportValve.invoke(ErrorReportValve.java:79)
	at org.apache.catalina.core.StandardEngineValve.invoke(StandardEngineValve.java:88)
	at org.apache.catalina.connector.CoyoteAdapter.service(CoyoteAdapter.java:502)
	at org.apache.coyote.http11.AbstractHttp11Processor.process(AbstractHttp11Processor.java:1132)
	at org.apache.coyote.AbstractProtocol$AbstractConnectionHandler.process(AbstractProtocol.java:684)
	at org.apache.tomcat.util.net.NioEndpoint$SocketProcessor.doRun(NioEndpoint.java:1539)
	at org.apache.tomcat.util.net.NioEndpoint$SocketProcessor.run(NioEndpoint.java:1495)
	at java.util.concurrent.ThreadPoolExecutor.runWorker(ThreadPoolExecutor.java:1142)
	at java.util.concurrent.ThreadPoolExecutor$Worker.run(ThreadPoolExecutor.java:617)
	at org.apache.tomcat.util.threads.TaskThread$WrappingRunnable.run(TaskThread.java:61)
	at java.lang.Thread.run(Thread.java:745)

12-Feb-2026 15:10:41.712 심각 [http-nio-8855-exec-13] org.apache.catalina.core.StandardWrapperValve.invoke Servlet.service() for servlet [appServlet] in context with path [] threw exception [Request processing failed; nested exception is org.mybatis.spring.MyBatisSystemException: nested exception is org.apache.ibatis.exceptions.PersistenceException: 
### Error querying database.  Cause: org.springframework.jdbc.CannotGetJdbcConnectionException: Failed to obtain JDBC Connection; nested exception is com.microsoft.sqlserver.jdbc.SQLServerException: 호스트 61.32.101.234, 포트 1433에 대한 TCP/IP 연결에 실패했습니다. 오류: "connect timed out. 연결 속성을 확인하십시오. SQL Server의 인스턴스가 호스트에서 실행되고 있고 포트에서 TCP/IP 연결을 허용하고 있는지 확인하십시오. 또한 방화벽에서 포트로의 TCP 연결을 차단하지 않는지 확인하십시오.".
### The error may exist in com/daejist/login/mapper/LoginMapper.xml
### The error may involve com.daejist.login.mapper.LoginMapper.checkUserWithSessionKey
### The error occurred while executing a query
### Cause: org.springframework.jdbc.CannotGetJdbcConnectionException: Failed to obtain JDBC Connection; nested exception is com.microsoft.sqlserver.jdbc.SQLServerException: 호스트 61.32.101.234, 포트 1433에 대한 TCP/IP 연결에 실패했습니다. 오류: "connect timed out. 연결 속성을 확인하십시오. SQL Server의 인스턴스가 호스트에서 실행되고 있고 포트에서 TCP/IP 연결을 허용하고 있는지 확인하십시오. 또한 방화벽에서 포트로의 TCP 연결을 차단하지 않는지 확인하십시오.".] with root cause
 com.microsoft.sqlserver.jdbc.SQLServerException: 호스트 61.32.101.234, 포트 1433에 대한 TCP/IP 연결에 실패했습니다. 오류: "connect timed out. 연결 속성을 확인하십시오. SQL Server의 인스턴스가 호스트에서 실행되고 있고 포트에서 TCP/IP 연결을 허용하고 있는지 확인하십시오. 또한 방화벽에서 포트로의 TCP 연결을 차단하지 않는지 확인하십시오.".
	at com.microsoft.sqlserver.jdbc.SQLServerException.makeFromDriverError(SQLServerException.java:234)
	at com.microsoft.sqlserver.jdbc.SQLServerException.ConvertConnectExceptionToSQLServerException(SQLServerException.java:285)
	at com.microsoft.sqlserver.jdbc.SocketFinder.findSocket(IOBuffer.java:2462)
	at com.microsoft.sqlserver.jdbc.TDSChannel.open(IOBuffer.java:668)
	at com.microsoft.sqlserver.jdbc.SQLServerConnection.connectHelper(SQLServerConnection.java:2695)
	at com.microsoft.sqlserver.jdbc.SQLServerConnection.login(SQLServerConnection.java:2362)
	at com.microsoft.sqlserver.jdbc.SQLServerConnection.connectInternal(SQLServerConnection.java:2213)
	at com.microsoft.sqlserver.jdbc.SQLServerConnection.connect(SQLServerConnection.java:1276)
	at com.microsoft.sqlserver.jdbc.SQLServerDriver.connect(SQLServerDriver.java:861)
	at org.apache.commons.dbcp.DriverConnectionFactory.createConnection(DriverConnectionFactory.java:38)
	at org.apache.commons.dbcp.PoolableConnectionFactory.makeObject(PoolableConnectionFactory.java:582)
	at org.apache.commons.pool.impl.GenericObjectPool.borrowObject(GenericObjectPool.java:1148)
	at org.apache.commons.dbcp.PoolingDataSource.getConnection(PoolingDataSource.java:106)
	at org.apache.commons.dbcp.BasicDataSource.getConnection(BasicDataSource.java:1044)
	at org.springframework.jdbc.datasource.DataSourceUtils.fetchConnection(DataSourceUtils.java:157)
	at org.springframework.jdbc.datasource.DataSourceUtils.doGetConnection(DataSourceUtils.java:115)
	at org.springframework.jdbc.datasource.DataSourceUtils.getConnection(DataSourceUtils.java:78)
	at org.mybatis.spring.transaction.SpringManagedTransaction.openConnection(SpringManagedTransaction.java:80)
	at org.mybatis.spring.transaction.SpringManagedTransaction.getConnection(SpringManagedTransaction.java:67)
	at org.apache.ibatis.executor.BaseExecutor.getConnection(BaseExecutor.java:336)
	at org.apache.ibatis.executor.SimpleExecutor.prepareStatement(SimpleExecutor.java:85)
	at org.apache.ibatis.executor.SimpleExecutor.doQuery(SimpleExecutor.java:62)
	at org.apache.ibatis.executor.BaseExecutor.queryFromDatabase(BaseExecutor.java:324)
	at org.apache.ibatis.executor.BaseExecutor.query(BaseExecutor.java:156)
	at org.apache.ibatis.executor.CachingExecutor.query(CachingExecutor.java:109)
	at org.apache.ibatis.executor.CachingExecutor.query(CachingExecutor.java:83)
	at org.apache.ibatis.session.defaults.DefaultSqlSession.selectList(DefaultSqlSession.java:147)
	at org.apache.ibatis.session.defaults.DefaultSqlSession.selectList(DefaultSqlSession.java:140)
	at org.apache.ibatis.session.defaults.DefaultSqlSession.selectOne(DefaultSqlSession.java:76)
	at sun.reflect.GeneratedMethodAccessor90.invoke(Unknown Source)
	at sun.reflect.DelegatingMethodAccessorImpl.invoke(DelegatingMethodAccessorImpl.java:43)
	at java.lang.reflect.Method.invoke(Method.java:498)
	at org.mybatis.spring.SqlSessionTemplate$SqlSessionInterceptor.invoke(SqlSessionTemplate.java:426)
	at com.sun.proxy.$Proxy59.selectOne(Unknown Source)
	at org.mybatis.spring.SqlSessionTemplate.selectOne(SqlSessionTemplate.java:159)
	at org.apache.ibatis.binding.MapperMethod.execute(MapperMethod.java:87)
	at org.apache.ibatis.binding.MapperProxy.invoke(MapperProxy.java:57)
	at com.sun.proxy.$Proxy61.checkUserWithSessionKey(Unknown Source)
	at com.daejist.login.service.LoginServiceImp.checkUserWithSessionKey(LoginServiceImp.java:84)
	at com.daejist.login.controller.LoginController.login(LoginController.java:75)
	at sun.reflect.GeneratedMethodAccessor118.invoke(Unknown Source)
	at sun.reflect.DelegatingMethodAccessorImpl.invoke(DelegatingMethodAccessorImpl.java:43)
	at java.lang.reflect.Method.invoke(Method.java:498)
	at org.springframework.web.method.support.InvocableHandlerMethod.doInvoke(InvocableHandlerMethod.java:190)
	at org.springframework.web.method.support.InvocableHandlerMethod.invokeForRequest(InvocableHandlerMethod.java:138)
	at org.springframework.web.servlet.mvc.method.annotation.ServletInvocableHandlerMethod.invokeAndHandle(ServletInvocableHandlerMethod.java:104)
	at org.springframework.web.servlet.mvc.method.annotation.RequestMappingHandlerAdapter.invokeHandlerMethod(RequestMappingHandlerAdapter.java:892)
	at org.springframework.web.servlet.mvc.method.annotation.RequestMappingHandlerAdapter.handleInternal(RequestMappingHandlerAdapter.java:797)
	at org.springframework.web.servlet.mvc.method.AbstractHandlerMethodAdapter.handle(AbstractHandlerMethodAdapter.java:87)
	at org.springframework.web.servlet.DispatcherServlet.doDispatch(DispatcherServlet.java:1039)
	at org.springframework.web.servlet.DispatcherServlet.doService(DispatcherServlet.java:942)
	at org.springframework.web.servlet.FrameworkServlet.processRequest(FrameworkServlet.java:1005)
	at org.springframework.web.servlet.FrameworkServlet.doGet(FrameworkServlet.java:897)
	at javax.servlet.http.HttpServlet.service(HttpServlet.java:622)
	at org.springframework.web.servlet.FrameworkServlet.service(FrameworkServlet.java:882)
	at javax.servlet.http.HttpServlet.service(HttpServlet.java:729)
	at org.apache.catalina.core.ApplicationFilterChain.internalDoFilter(ApplicationFilterChain.java:292)
	at org.apache.catalina.core.ApplicationFilterChain.doFilter(ApplicationFilterChain.java:207)
	at org.apache.tomcat.websocket.server.WsFilter.doFilter(WsFilter.java:52)
	at org.apache.catalina.core.ApplicationFilterChain.internalDoFilter(ApplicationFilterChain.java:240)
	at org.apache.catalina.core.ApplicationFilterChain.doFilter(ApplicationFilterChain.java:207)
	at org.springframework.web.filter.CharacterEncodingFilter.doFilterInternal(CharacterEncodingFilter.java:200)
	at org.springframework.web.filter.OncePerRequestFilter.doFilter(OncePerRequestFilter.java:118)
	at org.apache.catalina.core.ApplicationFilterChain.internalDoFilter(ApplicationFilterChain.java:240)
	at org.apache.catalina.core.ApplicationFilterChain.doFilter(ApplicationFilterChain.java:207)
	at org.apache.catalina.core.StandardWrapperValve.invoke(StandardWrapperValve.java:212)
	at org.apache.catalina.core.StandardContextValve.invoke(StandardContextValve.java:94)
	at org.apache.catalina.core.StandardHostValve.invoke(StandardHostValve.java:141)
	at org.apache.catalina.valves.ErrorReportValve.invoke(ErrorReportValve.java:79)
	at org.apache.catalina.core.StandardEngineValve.invoke(StandardEngineValve.java:88)
	at org.apache.catalina.connector.CoyoteAdapter.service(CoyoteAdapter.java:502)
	at org.apache.coyote.http11.AbstractHttp11Processor.process(AbstractHttp11Processor.java:1132)
	at org.apache.coyote.AbstractProtocol$AbstractConnectionHandler.process(AbstractProtocol.java:684)
	at org.apache.tomcat.util.net.NioEndpoint$SocketProcessor.doRun(NioEndpoint.java:1539)
	at org.apache.tomcat.util.net.NioEndpoint$SocketProcessor.run(NioEndpoint.java:1495)
	at java.util.concurrent.ThreadPoolExecutor.runWorker(ThreadPoolExecutor.java:1142)
	at java.util.concurrent.ThreadPoolExecutor$Worker.run(ThreadPoolExecutor.java:617)
	at org.apache.tomcat.util.threads.TaskThread$WrappingRunnable.run(TaskThread.java:61)
	at java.lang.Thread.run(Thread.java:745)

12-Feb-2026 15:10:44.108 심각 [http-nio-8855-exec-18] org.apache.catalina.core.StandardWrapperValve.invoke Servlet.service() for servlet [appServlet] in context with path [] threw exception [Request processing failed; nested exception is org.mybatis.spring.MyBatisSystemException: nested exception is org.apache.ibatis.exceptions.PersistenceException: 
### Error querying database.  Cause: org.springframework.jdbc.CannotGetJdbcConnectionException: Failed to obtain JDBC Connection; nested exception is com.microsoft.sqlserver.jdbc.SQLServerException: 호스트 61.32.101.234, 포트 1433에 대한 TCP/IP 연결에 실패했습니다. 오류: "connect timed out. 연결 속성을 확인하십시오. SQL Server의 인스턴스가 호스트에서 실행되고 있고 포트에서 TCP/IP 연결을 허용하고 있는지 확인하십시오. 또한 방화벽에서 포트로의 TCP 연결을 차단하지 않는지 확인하십시오.".
### The error may exist in com/daejist/login/mapper/LoginMapper.xml
### The error may involve com.daejist.login.mapper.LoginMapper.checkUserWithSessionKey
### The error occurred while executing a query
### Cause: org.springframework.jdbc.CannotGetJdbcConnectionException: Failed to obtain JDBC Connection; nested exception is com.microsoft.sqlserver.jdbc.SQLServerException: 호스트 61.32.101.234, 포트 1433에 대한 TCP/IP 연결에 실패했습니다. 오류: "connect timed out. 연결 속성을 확인하십시오. SQL Server의 인스턴스가 호스트에서 실행되고 있고 포트에서 TCP/IP 연결을 허용하고 있는지 확인하십시오. 또한 방화벽에서 포트로의 TCP 연결을 차단하지 않는지 확인하십시오.".] with root cause
 com.microsoft.sqlserver.jdbc.SQLServerException: 호스트 61.32.101.234, 포트 1433에 대한 TCP/IP 연결에 실패했습니다. 오류: "connect timed out. 연결 속성을 확인하십시오. SQL Server의 인스턴스가 호스트에서 실행되고 있고 포트에서 TCP/IP 연결을 허용하고 있는지 확인하십시오. 또한 방화벽에서 포트로의 TCP 연결을 차단하지 않는지 확인하십시오.".
	at com.microsoft.sqlserver.jdbc.SQLServerException.makeFromDriverError(SQLServerException.java:234)
	at com.microsoft.sqlserver.jdbc.SQLServerException.ConvertConnectExceptionToSQLServerException(SQLServerException.java:285)
	at com.microsoft.sqlserver.jdbc.SocketFinder.findSocket(IOBuffer.java:2462)
	at com.microsoft.sqlserver.jdbc.TDSChannel.open(IOBuffer.java:668)
	at com.microsoft.sqlserver.jdbc.SQLServerConnection.connectHelper(SQLServerConnection.java:2695)
	at com.microsoft.sqlserver.jdbc.SQLServerConnection.login(SQLServerConnection.java:2362)
	at com.microsoft.sqlserver.jdbc.SQLServerConnection.connectInternal(SQLServerConnection.java:2213)
	at com.microsoft.sqlserver.jdbc.SQLServerConnection.connect(SQLServerConnection.java:1276)
	at com.microsoft.sqlserver.jdbc.SQLServerDriver.connect(SQLServerDriver.java:861)
	at org.apache.commons.dbcp.DriverConnectionFactory.createConnection(DriverConnectionFactory.java:38)
	at org.apache.commons.dbcp.PoolableConnectionFactory.makeObject(PoolableConnectionFactory.java:582)
	at org.apache.commons.pool.impl.GenericObjectPool.borrowObject(GenericObjectPool.java:1148)
	at org.apache.commons.dbcp.PoolingDataSource.getConnection(PoolingDataSource.java:106)
	at org.apache.commons.dbcp.BasicDataSource.getConnection(BasicDataSource.java:1044)
	at org.springframework.jdbc.datasource.DataSourceUtils.fetchConnection(DataSourceUtils.java:157)
	at org.springframework.jdbc.datasource.DataSourceUtils.doGetConnection(DataSourceUtils.java:115)
	at org.springframework.jdbc.datasource.DataSourceUtils.getConnection(DataSourceUtils.java:78)
	at org.mybatis.spring.transaction.SpringManagedTransaction.openConnection(SpringManagedTransaction.java:80)
	at org.mybatis.spring.transaction.SpringManagedTransaction.getConnection(SpringManagedTransaction.java:67)
	at org.apache.ibatis.executor.BaseExecutor.getConnection(BaseExecutor.java:336)
	at org.apache.ibatis.executor.SimpleExecutor.prepareStatement(SimpleExecutor.java:85)
	at org.apache.ibatis.executor.SimpleExecutor.doQuery(SimpleExecutor.java:62)
	at org.apache.ibatis.executor.BaseExecutor.queryFromDatabase(BaseExecutor.java:324)
	at org.apache.ibatis.executor.BaseExecutor.query(BaseExecutor.java:156)
	at org.apache.ibatis.executor.CachingExecutor.query(CachingExecutor.java:109)
	at org.apache.ibatis.executor.CachingExecutor.query(CachingExecutor.java:83)
	at org.apache.ibatis.session.defaults.DefaultSqlSession.selectList(DefaultSqlSession.java:147)
	at org.apache.ibatis.session.defaults.DefaultSqlSession.selectList(DefaultSqlSession.java:140)
	at org.apache.ibatis.session.defaults.DefaultSqlSession.selectOne(DefaultSqlSession.java:76)
	at sun.reflect.GeneratedMethodAccessor90.invoke(Unknown Source)
	at sun.reflect.DelegatingMethodAccessorImpl.invoke(DelegatingMethodAccessorImpl.java:43)
	at java.lang.reflect.Method.invoke(Method.java:498)
	at org.mybatis.spring.SqlSessionTemplate$SqlSessionInterceptor.invoke(SqlSessionTemplate.java:426)
	at com.sun.proxy.$Proxy59.selectOne(Unknown Source)
	at org.mybatis.spring.SqlSessionTemplate.selectOne(SqlSessionTemplate.java:159)
	at org.apache.ibatis.binding.MapperMethod.execute(MapperMethod.java:87)
	at org.apache.ibatis.binding.MapperProxy.invoke(MapperProxy.java:57)
	at com.sun.proxy.$Proxy61.checkUserWithSessionKey(Unknown Source)
	at com.daejist.login.service.LoginServiceImp.checkUserWithSessionKey(LoginServiceImp.java:84)
	at com.daejist.login.controller.LoginController.login(LoginController.java:75)
	at sun.reflect.GeneratedMethodAccessor118.invoke(Unknown Source)
	at sun.reflect.DelegatingMethodAccessorImpl.invoke(DelegatingMethodAccessorImpl.java:43)
	at java.lang.reflect.Method.invoke(Method.java:498)
	at org.springframework.web.method.support.InvocableHandlerMethod.doInvoke(InvocableHandlerMethod.java:190)
	at org.springframework.web.method.support.InvocableHandlerMethod.invokeForRequest(InvocableHandlerMethod.java:138)
	at org.springframework.web.servlet.mvc.method.annotation.ServletInvocableHandlerMethod.invokeAndHandle(ServletInvocableHandlerMethod.java:104)
	at org.springframework.web.servlet.mvc.method.annotation.RequestMappingHandlerAdapter.invokeHandlerMethod(RequestMappingHandlerAdapter.java:892)
	at org.springframework.web.servlet.mvc.method.annotation.RequestMappingHandlerAdapter.handleInternal(RequestMappingHandlerAdapter.java:797)
	at org.springframework.web.servlet.mvc.method.AbstractHandlerMethodAdapter.handle(AbstractHandlerMethodAdapter.java:87)
	at org.springframework.web.servlet.DispatcherServlet.doDispatch(DispatcherServlet.java:1039)
	at org.springframework.web.servlet.DispatcherServlet.doService(DispatcherServlet.java:942)
	at org.springframework.web.servlet.FrameworkServlet.processRequest(FrameworkServlet.java:1005)
	at org.springframework.web.servlet.FrameworkServlet.doGet(FrameworkServlet.java:897)
	at javax.servlet.http.HttpServlet.service(HttpServlet.java:622)
	at org.springframework.web.servlet.FrameworkServlet.service(FrameworkServlet.java:882)
	at javax.servlet.http.HttpServlet.service(HttpServlet.java:729)
	at org.apache.catalina.core.ApplicationFilterChain.internalDoFilter(ApplicationFilterChain.java:292)
	at org.apache.catalina.core.ApplicationFilterChain.doFilter(ApplicationFilterChain.java:207)
	at org.apache.tomcat.websocket.server.WsFilter.doFilter(WsFilter.java:52)
	at org.apache.catalina.core.ApplicationFilterChain.internalDoFilter(ApplicationFilterChain.java:240)
	at org.apache.catalina.core.ApplicationFilterChain.doFilter(ApplicationFilterChain.java:207)
	at org.springframework.web.filter.CharacterEncodingFilter.doFilterInternal(CharacterEncodingFilter.java:200)
	at org.springframework.web.filter.OncePerRequestFilter.doFilter(OncePerRequestFilter.java:118)
	at org.apache.catalina.core.ApplicationFilterChain.internalDoFilter(ApplicationFilterChain.java:240)
	at org.apache.catalina.core.ApplicationFilterChain.doFilter(ApplicationFilterChain.java:207)
	at org.apache.catalina.core.StandardWrapperValve.invoke(StandardWrapperValve.java:212)
	at org.apache.catalina.core.StandardContextValve.invoke(StandardContextValve.java:94)
	at org.apache.catalina.core.StandardHostValve.invoke(StandardHostValve.java:141)
	at org.apache.catalina.valves.ErrorReportValve.invoke(ErrorReportValve.java:79)
	at org.apache.catalina.core.StandardEngineValve.invoke(StandardEngineValve.java:88)
	at org.apache.catalina.connector.CoyoteAdapter.service(CoyoteAdapter.java:502)
	at org.apache.coyote.http11.AbstractHttp11Processor.process(AbstractHttp11Processor.java:1132)
	at org.apache.coyote.AbstractProtocol$AbstractConnectionHandler.process(AbstractProtocol.java:684)
	at org.apache.tomcat.util.net.NioEndpoint$SocketProcessor.doRun(NioEndpoint.java:1539)
	at org.apache.tomcat.util.net.NioEndpoint$SocketProcessor.run(NioEndpoint.java:1495)
	at java.util.concurrent.ThreadPoolExecutor.runWorker(ThreadPoolExecutor.java:1142)
	at java.util.concurrent.ThreadPoolExecutor$Worker.run(ThreadPoolExecutor.java:617)
	at org.apache.tomcat.util.threads.TaskThread$WrappingRunnable.run(TaskThread.java:61)
	at java.lang.Thread.run(Thread.java:745)

12-Feb-2026 15:11:53.512 심각 [http-nio-8855-exec-8] org.apache.catalina.core.StandardWrapperValve.invoke Servlet.service() for servlet [appServlet] in context with path [] threw exception [Request processing failed; nested exception is org.mybatis.spring.MyBatisSystemException: nested exception is org.apache.ibatis.exceptions.PersistenceException: 
### Error querying database.  Cause: org.springframework.jdbc.CannotGetJdbcConnectionException: Failed to obtain JDBC Connection; nested exception is com.microsoft.sqlserver.jdbc.SQLServerException: 호스트 61.32.101.234, 포트 1433에 대한 TCP/IP 연결에 실패했습니다. 오류: "connect timed out. 연결 속성을 확인하십시오. SQL Server의 인스턴스가 호스트에서 실행되고 있고 포트에서 TCP/IP 연결을 허용하고 있는지 확인하십시오. 또한 방화벽에서 포트로의 TCP 연결을 차단하지 않는지 확인하십시오.".
### The error may exist in com/daejist/login/mapper/LoginMapper.xml
### The error may involve com.daejist.login.mapper.LoginMapper.checkUserWithSessionKey
### The error occurred while executing a query
### Cause: org.springframework.jdbc.CannotGetJdbcConnectionException: Failed to obtain JDBC Connection; nested exception is com.microsoft.sqlserver.jdbc.SQLServerException: 호스트 61.32.101.234, 포트 1433에 대한 TCP/IP 연결에 실패했습니다. 오류: "connect timed out. 연결 속성을 확인하십시오. SQL Server의 인스턴스가 호스트에서 실행되고 있고 포트에서 TCP/IP 연결을 허용하고 있는지 확인하십시오. 또한 방화벽에서 포트로의 TCP 연결을 차단하지 않는지 확인하십시오.".] with root cause
 com.microsoft.sqlserver.jdbc.SQLServerException: 호스트 61.32.101.234, 포트 1433에 대한 TCP/IP 연결에 실패했습니다. 오류: "connect timed out. 연결 속성을 확인하십시오. SQL Server의 인스턴스가 호스트에서 실행되고 있고 포트에서 TCP/IP 연결을 허용하고 있는지 확인하십시오. 또한 방화벽에서 포트로의 TCP 연결을 차단하지 않는지 확인하십시오.".
	at com.microsoft.sqlserver.jdbc.SQLServerException.makeFromDriverError(SQLServerException.java:234)
	at com.microsoft.sqlserver.jdbc.SQLServerException.ConvertConnectExceptionToSQLServerException(SQLServerException.java:285)
	at com.microsoft.sqlserver.jdbc.SocketFinder.findSocket(IOBuffer.java:2462)
	at com.microsoft.sqlserver.jdbc.TDSChannel.open(IOBuffer.java:668)
	at com.microsoft.sqlserver.jdbc.SQLServerConnection.connectHelper(SQLServerConnection.java:2695)
	at com.microsoft.sqlserver.jdbc.SQLServerConnection.login(SQLServerConnection.java:2362)
	at com.microsoft.sqlserver.jdbc.SQLServerConnection.connectInternal(SQLServerConnection.java:2213)
	at com.microsoft.sqlserver.jdbc.SQLServerConnection.connect(SQLServerConnection.java:1276)
	at com.microsoft.sqlserver.jdbc.SQLServerDriver.connect(SQLServerDriver.java:861)
	at org.apache.commons.dbcp.DriverConnectionFactory.createConnection(DriverConnectionFactory.java:38)
	at org.apache.commons.dbcp.PoolableConnectionFactory.makeObject(PoolableConnectionFactory.java:582)
	at org.apache.commons.pool.impl.GenericObjectPool.borrowObject(GenericObjectPool.java:1148)
	at org.apache.commons.dbcp.PoolingDataSource.getConnection(PoolingDataSource.java:106)
	at org.apache.commons.dbcp.BasicDataSource.getConnection(BasicDataSource.java:1044)
	at org.springframework.jdbc.datasource.DataSourceUtils.fetchConnection(DataSourceUtils.java:157)
	at org.springframework.jdbc.datasource.DataSourceUtils.doGetConnection(DataSourceUtils.java:115)
	at org.springframework.jdbc.datasource.DataSourceUtils.getConnection(DataSourceUtils.java:78)
	at org.mybatis.spring.transaction.SpringManagedTransaction.openConnection(SpringManagedTransaction.java:80)
	at org.mybatis.spring.transaction.SpringManagedTransaction.getConnection(SpringManagedTransaction.java:67)
	at org.apache.ibatis.executor.BaseExecutor.getConnection(BaseExecutor.java:336)
	at org.apache.ibatis.executor.SimpleExecutor.prepareStatement(SimpleExecutor.java:85)
	at org.apache.ibatis.executor.SimpleExecutor.doQuery(SimpleExecutor.java:62)
	at org.apache.ibatis.executor.BaseExecutor.queryFromDatabase(BaseExecutor.java:324)
	at org.apache.ibatis.executor.BaseExecutor.query(BaseExecutor.java:156)
	at org.apache.ibatis.executor.CachingExecutor.query(CachingExecutor.java:109)
	at org.apache.ibatis.executor.CachingExecutor.query(CachingExecutor.java:83)
	at org.apache.ibatis.session.defaults.DefaultSqlSession.selectList(DefaultSqlSession.java:147)
	at org.apache.ibatis.session.defaults.DefaultSqlSession.selectList(DefaultSqlSession.java:140)
	at org.apache.ibatis.session.defaults.DefaultSqlSession.selectOne(DefaultSqlSession.java:76)
	at sun.reflect.GeneratedMethodAccessor90.invoke(Unknown Source)
	at sun.reflect.DelegatingMethodAccessorImpl.invoke(DelegatingMethodAccessorImpl.java:43)
	at java.lang.reflect.Method.invoke(Method.java:498)
	at org.mybatis.spring.SqlSessionTemplate$SqlSessionInterceptor.invoke(SqlSessionTemplate.java:426)
	at com.sun.proxy.$Proxy59.selectOne(Unknown Source)
	at org.mybatis.spring.SqlSessionTemplate.selectOne(SqlSessionTemplate.java:159)
	at org.apache.ibatis.binding.MapperMethod.execute(MapperMethod.java:87)
	at org.apache.ibatis.binding.MapperProxy.invoke(MapperProxy.java:57)
	at com.sun.proxy.$Proxy61.checkUserWithSessionKey(Unknown Source)
	at com.daejist.login.service.LoginServiceImp.checkUserWithSessionKey(LoginServiceImp.java:84)
	at com.daejist.login.controller.LoginController.login(LoginController.java:75)
	at sun.reflect.GeneratedMethodAccessor118.invoke(Unknown Source)
	at sun.reflect.DelegatingMethodAccessorImpl.invoke(DelegatingMethodAccessorImpl.java:43)
	at java.lang.reflect.Method.invoke(Method.java:498)
	at org.springframework.web.method.support.InvocableHandlerMethod.doInvoke(InvocableHandlerMethod.java:190)
	at org.springframework.web.method.support.InvocableHandlerMethod.invokeForRequest(InvocableHandlerMethod.java:138)
	at org.springframework.web.servlet.mvc.method.annotation.ServletInvocableHandlerMethod.invokeAndHandle(ServletInvocableHandlerMethod.java:104)
	at org.springframework.web.servlet.mvc.method.annotation.RequestMappingHandlerAdapter.invokeHandlerMethod(RequestMappingHandlerAdapter.java:892)
	at org.springframework.web.servlet.mvc.method.annotation.RequestMappingHandlerAdapter.handleInternal(RequestMappingHandlerAdapter.java:797)
	at org.springframework.web.servlet.mvc.method.AbstractHandlerMethodAdapter.handle(AbstractHandlerMethodAdapter.java:87)
	at org.springframework.web.servlet.DispatcherServlet.doDispatch(DispatcherServlet.java:1039)
	at org.springframework.web.servlet.DispatcherServlet.doService(DispatcherServlet.java:942)
	at org.springframework.web.servlet.FrameworkServlet.processRequest(FrameworkServlet.java:1005)
	at org.springframework.web.servlet.FrameworkServlet.doGet(FrameworkServlet.java:897)
	at javax.servlet.http.HttpServlet.service(HttpServlet.java:622)
	at org.springframework.web.servlet.FrameworkServlet.service(FrameworkServlet.java:882)
	at javax.servlet.http.HttpServlet.service(HttpServlet.java:729)
	at org.apache.catalina.core.ApplicationFilterChain.internalDoFilter(ApplicationFilterChain.java:292)
	at org.apache.catalina.core.ApplicationFilterChain.doFilter(ApplicationFilterChain.java:207)
	at org.apache.tomcat.websocket.server.WsFilter.doFilter(WsFilter.java:52)
	at org.apache.catalina.core.ApplicationFilterChain.internalDoFilter(ApplicationFilterChain.java:240)
	at org.apache.catalina.core.ApplicationFilterChain.doFilter(ApplicationFilterChain.java:207)
	at org.springframework.web.filter.CharacterEncodingFilter.doFilterInternal(CharacterEncodingFilter.java:200)
	at org.springframework.web.filter.OncePerRequestFilter.doFilter(OncePerRequestFilter.java:118)
	at org.apache.catalina.core.ApplicationFilterChain.internalDoFilter(ApplicationFilterChain.java:240)
	at org.apache.catalina.core.ApplicationFilterChain.doFilter(ApplicationFilterChain.java:207)
	at org.apache.catalina.core.StandardWrapperValve.invoke(StandardWrapperValve.java:212)
	at org.apache.catalina.core.StandardContextValve.invoke(StandardContextValve.java:94)
	at org.apache.catalina.core.StandardHostValve.invoke(StandardHostValve.java:141)
	at org.apache.catalina.valves.ErrorReportValve.invoke(ErrorReportValve.java:79)
	at org.apache.catalina.core.StandardEngineValve.invoke(StandardEngineValve.java:88)
	at org.apache.catalina.connector.CoyoteAdapter.service(CoyoteAdapter.java:502)
	at org.apache.coyote.http11.AbstractHttp11Processor.process(AbstractHttp11Processor.java:1132)
	at org.apache.coyote.AbstractProtocol$AbstractConnectionHandler.process(AbstractProtocol.java:684)
	at org.apache.tomcat.util.net.NioEndpoint$SocketProcessor.doRun(NioEndpoint.java:1539)
	at org.apache.tomcat.util.net.NioEndpoint$SocketProcessor.run(NioEndpoint.java:1495)
	at java.util.concurrent.ThreadPoolExecutor.runWorker(ThreadPoolExecutor.java:1142)
	at java.util.concurrent.ThreadPoolExecutor$Worker.run(ThreadPoolExecutor.java:617)
	at org.apache.tomcat.util.threads.TaskThread$WrappingRunnable.run(TaskThread.java:61)
	at java.lang.Thread.run(Thread.java:745)

12-Feb-2026 15:11:58.562 심각 [http-nio-8855-exec-1] org.apache.catalina.core.StandardWrapperValve.invoke Servlet.service() for servlet [appServlet] in context with path [] threw exception [Request processing failed; nested exception is org.mybatis.spring.MyBatisSystemException: nested exception is org.apache.ibatis.exceptions.PersistenceException: 
### Error querying database.  Cause: org.springframework.jdbc.CannotGetJdbcConnectionException: Failed to obtain JDBC Connection; nested exception is com.microsoft.sqlserver.jdbc.SQLServerException: 호스트 61.32.101.234, 포트 1433에 대한 TCP/IP 연결에 실패했습니다. 오류: "connect timed out. 연결 속성을 확인하십시오. SQL Server의 인스턴스가 호스트에서 실행되고 있고 포트에서 TCP/IP 연결을 허용하고 있는지 확인하십시오. 또한 방화벽에서 포트로의 TCP 연결을 차단하지 않는지 확인하십시오.".
### The error may exist in com/daejist/login/mapper/LoginMapper.xml
### The error may involve com.daejist.login.mapper.LoginMapper.checkUserWithSessionKey
### The error occurred while executing a query
### Cause: org.springframework.jdbc.CannotGetJdbcConnectionException: Failed to obtain JDBC Connection; nested exception is com.microsoft.sqlserver.jdbc.SQLServerException: 호스트 61.32.101.234, 포트 1433에 대한 TCP/IP 연결에 실패했습니다. 오류: "connect timed out. 연결 속성을 확인하십시오. SQL Server의 인스턴스가 호스트에서 실행되고 있고 포트에서 TCP/IP 연결을 허용하고 있는지 확인하십시오. 또한 방화벽에서 포트로의 TCP 연결을 차단하지 않는지 확인하십시오.".] with root cause
 com.microsoft.sqlserver.jdbc.SQLServerException: 호스트 61.32.101.234, 포트 1433에 대한 TCP/IP 연결에 실패했습니다. 오류: "connect timed out. 연결 속성을 확인하십시오. SQL Server의 인스턴스가 호스트에서 실행되고 있고 포트에서 TCP/IP 연결을 허용하고 있는지 확인하십시오. 또한 방화벽에서 포트로의 TCP 연결을 차단하지 않는지 확인하십시오.".
	at com.microsoft.sqlserver.jdbc.SQLServerException.makeFromDriverError(SQLServerException.java:234)
	at com.microsoft.sqlserver.jdbc.SQLServerException.ConvertConnectExceptionToSQLServerException(SQLServerException.java:285)
	at com.microsoft.sqlserver.jdbc.SocketFinder.findSocket(IOBuffer.java:2462)
	at com.microsoft.sqlserver.jdbc.TDSChannel.open(IOBuffer.java:668)
	at com.microsoft.sqlserver.jdbc.SQLServerConnection.connectHelper(SQLServerConnection.java:2695)
	at com.microsoft.sqlserver.jdbc.SQLServerConnection.login(SQLServerConnection.java:2362)
	at com.microsoft.sqlserver.jdbc.SQLServerConnection.connectInternal(SQLServerConnection.java:2213)
	at com.microsoft.sqlserver.jdbc.SQLServerConnection.connect(SQLServerConnection.java:1276)
	at com.microsoft.sqlserver.jdbc.SQLServerDriver.connect(SQLServerDriver.java:861)
	at org.apache.commons.dbcp.DriverConnectionFactory.createConnection(DriverConnectionFactory.java:38)
	at org.apache.commons.dbcp.PoolableConnectionFactory.makeObject(PoolableConnectionFactory.java:582)
	at org.apache.commons.pool.impl.GenericObjectPool.borrowObject(GenericObjectPool.java:1148)
	at org.apache.commons.dbcp.PoolingDataSource.getConnection(PoolingDataSource.java:106)
	at org.apache.commons.dbcp.BasicDataSource.getConnection(BasicDataSource.java:1044)
	at org.springframework.jdbc.datasource.DataSourceUtils.fetchConnection(DataSourceUtils.java:157)
	at org.springframework.jdbc.datasource.DataSourceUtils.doGetConnection(DataSourceUtils.java:115)
	at org.springframework.jdbc.datasource.DataSourceUtils.getConnection(DataSourceUtils.java:78)
	at org.mybatis.spring.transaction.SpringManagedTransaction.openConnection(SpringManagedTransaction.java:80)
	at org.mybatis.spring.transaction.SpringManagedTransaction.getConnection(SpringManagedTransaction.java:67)
	at org.apache.ibatis.executor.BaseExecutor.getConnection(BaseExecutor.java:336)
	at org.apache.ibatis.executor.SimpleExecutor.prepareStatement(SimpleExecutor.java:85)
	at org.apache.ibatis.executor.SimpleExecutor.doQuery(SimpleExecutor.java:62)
	at org.apache.ibatis.executor.BaseExecutor.queryFromDatabase(BaseExecutor.java:324)
	at org.apache.ibatis.executor.BaseExecutor.query(BaseExecutor.java:156)
	at org.apache.ibatis.executor.CachingExecutor.query(CachingExecutor.java:109)
	at org.apache.ibatis.executor.CachingExecutor.query(CachingExecutor.java:83)
	at org.apache.ibatis.session.defaults.DefaultSqlSession.selectList(DefaultSqlSession.java:147)
	at org.apache.ibatis.session.defaults.DefaultSqlSession.selectList(DefaultSqlSession.java:140)
	at org.apache.ibatis.session.defaults.DefaultSqlSession.selectOne(DefaultSqlSession.java:76)
	at sun.reflect.GeneratedMethodAccessor90.invoke(Unknown Source)
	at sun.reflect.DelegatingMethodAccessorImpl.invoke(DelegatingMethodAccessorImpl.java:43)
	at java.lang.reflect.Method.invoke(Method.java:498)
	at org.mybatis.spring.SqlSessionTemplate$SqlSessionInterceptor.invoke(SqlSessionTemplate.java:426)
	at com.sun.proxy.$Proxy59.selectOne(Unknown Source)
	at org.mybatis.spring.SqlSessionTemplate.selectOne(SqlSessionTemplate.java:159)
	at org.apache.ibatis.binding.MapperMethod.execute(MapperMethod.java:87)
	at org.apache.ibatis.binding.MapperProxy.invoke(MapperProxy.java:57)
	at com.sun.proxy.$Proxy61.checkUserWithSessionKey(Unknown Source)
	at com.daejist.login.service.LoginServiceImp.checkUserWithSessionKey(LoginServiceImp.java:84)
	at com.daejist.login.controller.LoginController.login(LoginController.java:75)
	at sun.reflect.GeneratedMethodAccessor118.invoke(Unknown Source)
	at sun.reflect.DelegatingMethodAccessorImpl.invoke(DelegatingMethodAccessorImpl.java:43)
	at java.lang.reflect.Method.invoke(Method.java:498)
	at org.springframework.web.method.support.InvocableHandlerMethod.doInvoke(InvocableHandlerMethod.java:190)
	at org.springframework.web.method.support.InvocableHandlerMethod.invokeForRequest(InvocableHandlerMethod.java:138)
	at org.springframework.web.servlet.mvc.method.annotation.ServletInvocableHandlerMethod.invokeAndHandle(ServletInvocableHandlerMethod.java:104)
	at org.springframework.web.servlet.mvc.method.annotation.RequestMappingHandlerAdapter.invokeHandlerMethod(RequestMappingHandlerAdapter.java:892)
	at org.springframework.web.servlet.mvc.method.annotation.RequestMappingHandlerAdapter.handleInternal(RequestMappingHandlerAdapter.java:797)
	at org.springframework.web.servlet.mvc.method.AbstractHandlerMethodAdapter.handle(AbstractHandlerMethodAdapter.java:87)
	at org.springframework.web.servlet.DispatcherServlet.doDispatch(DispatcherServlet.java:1039)
	at org.springframework.web.servlet.DispatcherServlet.doService(DispatcherServlet.java:942)
	at org.springframework.web.servlet.FrameworkServlet.processRequest(FrameworkServlet.java:1005)
	at org.springframework.web.servlet.FrameworkServlet.doGet(FrameworkServlet.java:897)
	at javax.servlet.http.HttpServlet.service(HttpServlet.java:622)
	at org.springframework.web.servlet.FrameworkServlet.service(FrameworkServlet.java:882)
	at javax.servlet.http.HttpServlet.service(HttpServlet.java:729)
	at org.apache.catalina.core.ApplicationFilterChain.internalDoFilter(ApplicationFilterChain.java:292)
	at org.apache.catalina.core.ApplicationFilterChain.doFilter(ApplicationFilterChain.java:207)
	at org.apache.tomcat.websocket.server.WsFilter.doFilter(WsFilter.java:52)
	at org.apache.catalina.core.ApplicationFilterChain.internalDoFilter(ApplicationFilterChain.java:240)
	at org.apache.catalina.core.ApplicationFilterChain.doFilter(ApplicationFilterChain.java:207)
	at org.springframework.web.filter.CharacterEncodingFilter.doFilterInternal(CharacterEncodingFilter.java:200)
	at org.springframework.web.filter.OncePerRequestFilter.doFilter(OncePerRequestFilter.java:118)
	at org.apache.catalina.core.ApplicationFilterChain.internalDoFilter(ApplicationFilterChain.java:240)
	at org.apache.catalina.core.ApplicationFilterChain.doFilter(ApplicationFilterChain.java:207)
	at org.apache.catalina.core.StandardWrapperValve.invoke(StandardWrapperValve.java:212)
	at org.apache.catalina.core.StandardContextValve.invoke(StandardContextValve.java:94)
	at org.apache.catalina.core.StandardHostValve.invoke(StandardHostValve.java:141)
	at org.apache.catalina.valves.ErrorReportValve.invoke(ErrorReportValve.java:79)
	at org.apache.catalina.core.StandardEngineValve.invoke(StandardEngineValve.java:88)
	at org.apache.catalina.connector.CoyoteAdapter.service(CoyoteAdapter.java:502)
	at org.apache.coyote.http11.AbstractHttp11Processor.process(AbstractHttp11Processor.java:1132)
	at org.apache.coyote.AbstractProtocol$AbstractConnectionHandler.process(AbstractProtocol.java:684)
	at org.apache.tomcat.util.net.NioEndpoint$SocketProcessor.doRun(NioEndpoint.java:1539)
	at org.apache.tomcat.util.net.NioEndpoint$SocketProcessor.run(NioEndpoint.java:1495)
	at java.util.concurrent.ThreadPoolExecutor.runWorker(ThreadPoolExecutor.java:1142)
	at java.util.concurrent.ThreadPoolExecutor$Worker.run(ThreadPoolExecutor.java:617)
	at org.apache.tomcat.util.threads.TaskThread$WrappingRunnable.run(TaskThread.java:61)
	at java.lang.Thread.run(Thread.java:745)

12-Feb-2026 15:12:37.255 심각 [http-nio-8855-exec-14] org.apache.catalina.core.StandardWrapperValve.invoke Servlet.service() for servlet [appServlet] in context with path [] threw exception [Request processing failed; nested exception is org.mybatis.spring.MyBatisSystemException: nested exception is org.apache.ibatis.exceptions.PersistenceException: 
### Error querying database.  Cause: org.springframework.jdbc.CannotGetJdbcConnectionException: Failed to obtain JDBC Connection; nested exception is com.microsoft.sqlserver.jdbc.SQLServerException: 호스트 61.32.101.234, 포트 1433에 대한 TCP/IP 연결에 실패했습니다. 오류: "connect timed out. 연결 속성을 확인하십시오. SQL Server의 인스턴스가 호스트에서 실행되고 있고 포트에서 TCP/IP 연결을 허용하고 있는지 확인하십시오. 또한 방화벽에서 포트로의 TCP 연결을 차단하지 않는지 확인하십시오.".
### The error may exist in com/daejist/login/mapper/LoginMapper.xml
### The error may involve com.daejist.login.mapper.LoginMapper.checkUserWithSessionKey
### The error occurred while executing a query
### Cause: org.springframework.jdbc.CannotGetJdbcConnectionException: Failed to obtain JDBC Connection; nested exception is com.microsoft.sqlserver.jdbc.SQLServerException: 호스트 61.32.101.234, 포트 1433에 대한 TCP/IP 연결에 실패했습니다. 오류: "connect timed out. 연결 속성을 확인하십시오. SQL Server의 인스턴스가 호스트에서 실행되고 있고 포트에서 TCP/IP 연결을 허용하고 있는지 확인하십시오. 또한 방화벽에서 포트로의 TCP 연결을 차단하지 않는지 확인하십시오.".] with root cause
 com.microsoft.sqlserver.jdbc.SQLServerException: 호스트 61.32.101.234, 포트 1433에 대한 TCP/IP 연결에 실패했습니다. 오류: "connect timed out. 연결 속성을 확인하십시오. SQL Server의 인스턴스가 호스트에서 실행되고 있고 포트에서 TCP/IP 연결을 허용하고 있는지 확인하십시오. 또한 방화벽에서 포트로의 TCP 연결을 차단하지 않는지 확인하십시오.".
	at com.microsoft.sqlserver.jdbc.SQLServerException.makeFromDriverError(SQLServerException.java:234)
	at com.microsoft.sqlserver.jdbc.SQLServerException.ConvertConnectExceptionToSQLServerException(SQLServerException.java:285)
	at com.microsoft.sqlserver.jdbc.SocketFinder.findSocket(IOBuffer.java:2462)
	at com.microsoft.sqlserver.jdbc.TDSChannel.open(IOBuffer.java:668)
	at com.microsoft.sqlserver.jdbc.SQLServerConnection.connectHelper(SQLServerConnection.java:2695)
	at com.microsoft.sqlserver.jdbc.SQLServerConnection.login(SQLServerConnection.java:2362)
	at com.microsoft.sqlserver.jdbc.SQLServerConnection.connectInternal(SQLServerConnection.java:2213)
	at com.microsoft.sqlserver.jdbc.SQLServerConnection.connect(SQLServerConnection.java:1276)
	at com.microsoft.sqlserver.jdbc.SQLServerDriver.connect(SQLServerDriver.java:861)
	at org.apache.commons.dbcp.DriverConnectionFactory.createConnection(DriverConnectionFactory.java:38)
	at org.apache.commons.dbcp.PoolableConnectionFactory.makeObject(PoolableConnectionFactory.java:582)
	at org.apache.commons.pool.impl.GenericObjectPool.borrowObject(GenericObjectPool.java:1148)
	at org.apache.commons.dbcp.PoolingDataSource.getConnection(PoolingDataSource.java:106)
	at org.apache.commons.dbcp.BasicDataSource.getConnection(BasicDataSource.java:1044)
	at org.springframework.jdbc.datasource.DataSourceUtils.fetchConnection(DataSourceUtils.java:157)
	at org.springframework.jdbc.datasource.DataSourceUtils.doGetConnection(DataSourceUtils.java:115)
	at org.springframework.jdbc.datasource.DataSourceUtils.getConnection(DataSourceUtils.java:78)
	at org.mybatis.spring.transaction.SpringManagedTransaction.openConnection(SpringManagedTransaction.java:80)
	at org.mybatis.spring.transaction.SpringManagedTransaction.getConnection(SpringManagedTransaction.java:67)
	at org.apache.ibatis.executor.BaseExecutor.getConnection(BaseExecutor.java:336)
	at org.apache.ibatis.executor.SimpleExecutor.prepareStatement(SimpleExecutor.java:85)
	at org.apache.ibatis.executor.SimpleExecutor.doQuery(SimpleExecutor.java:62)
	at org.apache.ibatis.executor.BaseExecutor.queryFromDatabase(BaseExecutor.java:324)
	at org.apache.ibatis.executor.BaseExecutor.query(BaseExecutor.java:156)
	at org.apache.ibatis.executor.CachingExecutor.query(CachingExecutor.java:109)
	at org.apache.ibatis.executor.CachingExecutor.query(CachingExecutor.java:83)
	at org.apache.ibatis.session.defaults.DefaultSqlSession.selectList(DefaultSqlSession.java:147)
	at org.apache.ibatis.session.defaults.DefaultSqlSession.selectList(DefaultSqlSession.java:140)
	at org.apache.ibatis.session.defaults.DefaultSqlSession.selectOne(DefaultSqlSession.java:76)
	at sun.reflect.GeneratedMethodAccessor90.invoke(Unknown Source)
	at sun.reflect.DelegatingMethodAccessorImpl.invoke(DelegatingMethodAccessorImpl.java:43)
	at java.lang.reflect.Method.invoke(Method.java:498)
	at org.mybatis.spring.SqlSessionTemplate$SqlSessionInterceptor.invoke(SqlSessionTemplate.java:426)
	at com.sun.proxy.$Proxy59.selectOne(Unknown Source)
	at org.mybatis.spring.SqlSessionTemplate.selectOne(SqlSessionTemplate.java:159)
	at org.apache.ibatis.binding.MapperMethod.execute(MapperMethod.java:87)
	at org.apache.ibatis.binding.MapperProxy.invoke(MapperProxy.java:57)
	at com.sun.proxy.$Proxy61.checkUserWithSessionKey(Unknown Source)
	at com.daejist.login.service.LoginServiceImp.checkUserWithSessionKey(LoginServiceImp.java:84)
	at com.daejist.login.controller.LoginController.login(LoginController.java:75)
	at sun.reflect.GeneratedMethodAccessor118.invoke(Unknown Source)
	at sun.reflect.DelegatingMethodAccessorImpl.invoke(DelegatingMethodAccessorImpl.java:43)
	at java.lang.reflect.Method.invoke(Method.java:498)
	at org.springframework.web.method.support.InvocableHandlerMethod.doInvoke(InvocableHandlerMethod.java:190)
	at org.springframework.web.method.support.InvocableHandlerMethod.invokeForRequest(InvocableHandlerMethod.java:138)
	at org.springframework.web.servlet.mvc.method.annotation.ServletInvocableHandlerMethod.invokeAndHandle(ServletInvocableHandlerMethod.java:104)
	at org.springframework.web.servlet.mvc.method.annotation.RequestMappingHandlerAdapter.invokeHandlerMethod(RequestMappingHandlerAdapter.java:892)
	at org.springframework.web.servlet.mvc.method.annotation.RequestMappingHandlerAdapter.handleInternal(RequestMappingHandlerAdapter.java:797)
	at org.springframework.web.servlet.mvc.method.AbstractHandlerMethodAdapter.handle(AbstractHandlerMethodAdapter.java:87)
	at org.springframework.web.servlet.DispatcherServlet.doDispatch(DispatcherServlet.java:1039)
	at org.springframework.web.servlet.DispatcherServlet.doService(DispatcherServlet.java:942)
	at org.springframework.web.servlet.FrameworkServlet.processRequest(FrameworkServlet.java:1005)
	at org.springframework.web.servlet.FrameworkServlet.doGet(FrameworkServlet.java:897)
	at javax.servlet.http.HttpServlet.service(HttpServlet.java:622)
	at org.springframework.web.servlet.FrameworkServlet.service(FrameworkServlet.java:882)
	at javax.servlet.http.HttpServlet.service(HttpServlet.java:729)
	at org.apache.catalina.core.ApplicationFilterChain.internalDoFilter(ApplicationFilterChain.java:292)
	at org.apache.catalina.core.ApplicationFilterChain.doFilter(ApplicationFilterChain.java:207)
	at org.apache.tomcat.websocket.server.WsFilter.doFilter(WsFilter.java:52)
	at org.apache.catalina.core.ApplicationFilterChain.internalDoFilter(ApplicationFilterChain.java:240)
	at org.apache.catalina.core.ApplicationFilterChain.doFilter(ApplicationFilterChain.java:207)
	at org.springframework.web.filter.CharacterEncodingFilter.doFilterInternal(CharacterEncodingFilter.java:200)
	at org.springframework.web.filter.OncePerRequestFilter.doFilter(OncePerRequestFilter.java:118)
	at org.apache.catalina.core.ApplicationFilterChain.internalDoFilter(ApplicationFilterChain.java:240)
	at org.apache.catalina.core.ApplicationFilterChain.doFilter(ApplicationFilterChain.java:207)
	at org.apache.catalina.core.StandardWrapperValve.invoke(StandardWrapperValve.java:212)
	at org.apache.catalina.core.StandardContextValve.invoke(StandardContextValve.java:94)
	at org.apache.catalina.core.StandardHostValve.invoke(StandardHostValve.java:141)
	at org.apache.catalina.valves.ErrorReportValve.invoke(ErrorReportValve.java:79)
	at org.apache.catalina.core.StandardEngineValve.invoke(StandardEngineValve.java:88)
	at org.apache.catalina.connector.CoyoteAdapter.service(CoyoteAdapter.java:502)
	at org.apache.coyote.http11.AbstractHttp11Processor.process(AbstractHttp11Processor.java:1132)
	at org.apache.coyote.AbstractProtocol$AbstractConnectionHandler.process(AbstractProtocol.java:684)
	at org.apache.tomcat.util.net.NioEndpoint$SocketProcessor.doRun(NioEndpoint.java:1539)
	at org.apache.tomcat.util.net.NioEndpoint$SocketProcessor.run(NioEndpoint.java:1495)
	at java.util.concurrent.ThreadPoolExecutor.runWorker(ThreadPoolExecutor.java:1142)
	at java.util.concurrent.ThreadPoolExecutor$Worker.run(ThreadPoolExecutor.java:617)
	at org.apache.tomcat.util.threads.TaskThread$WrappingRunnable.run(TaskThread.java:61)
	at java.lang.Thread.run(Thread.java:745)

12-Feb-2026 15:13:21.923 심각 [http-nio-8855-exec-17] org.apache.catalina.core.StandardWrapperValve.invoke Servlet.service() for servlet [appServlet] in context with path [] threw exception [Request processing failed; nested exception is org.mybatis.spring.MyBatisSystemException: nested exception is org.apache.ibatis.exceptions.PersistenceException: 
### Error querying database.  Cause: org.springframework.jdbc.CannotGetJdbcConnectionException: Failed to obtain JDBC Connection; nested exception is com.microsoft.sqlserver.jdbc.SQLServerException: 호스트 61.32.101.234, 포트 1433에 대한 TCP/IP 연결에 실패했습니다. 오류: "connect timed out. 연결 속성을 확인하십시오. SQL Server의 인스턴스가 호스트에서 실행되고 있고 포트에서 TCP/IP 연결을 허용하고 있는지 확인하십시오. 또한 방화벽에서 포트로의 TCP 연결을 차단하지 않는지 확인하십시오.".
### The error may exist in com/daejist/login/mapper/LoginMapper.xml
### The error may involve com.daejist.login.mapper.LoginMapper.LoginMember
### The error occurred while executing a query
### Cause: org.springframework.jdbc.CannotGetJdbcConnectionException: Failed to obtain JDBC Connection; nested exception is com.microsoft.sqlserver.jdbc.SQLServerException: 호스트 61.32.101.234, 포트 1433에 대한 TCP/IP 연결에 실패했습니다. 오류: "connect timed out. 연결 속성을 확인하십시오. SQL Server의 인스턴스가 호스트에서 실행되고 있고 포트에서 TCP/IP 연결을 허용하고 있는지 확인하십시오. 또한 방화벽에서 포트로의 TCP 연결을 차단하지 않는지 확인하십시오.".] with root cause
 com.microsoft.sqlserver.jdbc.SQLServerException: 호스트 61.32.101.234, 포트 1433에 대한 TCP/IP 연결에 실패했습니다. 오류: "connect timed out. 연결 속성을 확인하십시오. SQL Server의 인스턴스가 호스트에서 실행되고 있고 포트에서 TCP/IP 연결을 허용하고 있는지 확인하십시오. 또한 방화벽에서 포트로의 TCP 연결을 차단하지 않는지 확인하십시오.".
	at com.microsoft.sqlserver.jdbc.SQLServerException.makeFromDriverError(SQLServerException.java:234)
	at com.microsoft.sqlserver.jdbc.SQLServerException.ConvertConnectExceptionToSQLServerException(SQLServerException.java:285)
	at com.microsoft.sqlserver.jdbc.SocketFinder.findSocket(IOBuffer.java:2462)
	at com.microsoft.sqlserver.jdbc.TDSChannel.open(IOBuffer.java:668)
	at com.microsoft.sqlserver.jdbc.SQLServerConnection.connectHelper(SQLServerConnection.java:2695)
	at com.microsoft.sqlserver.jdbc.SQLServerConnection.login(SQLServerConnection.java:2362)
	at com.microsoft.sqlserver.jdbc.SQLServerConnection.connectInternal(SQLServerConnection.java:2213)
	at com.microsoft.sqlserver.jdbc.SQLServerConnection.connect(SQLServerConnection.java:1276)
	at com.microsoft.sqlserver.jdbc.SQLServerDriver.connect(SQLServerDriver.java:861)
	at org.apache.commons.dbcp.DriverConnectionFactory.createConnection(DriverConnectionFactory.java:38)
	at org.apache.commons.dbcp.PoolableConnectionFactory.makeObject(PoolableConnectionFactory.java:582)
	at org.apache.commons.pool.impl.GenericObjectPool.borrowObject(GenericObjectPool.java:1148)
	at org.apache.commons.dbcp.PoolingDataSource.getConnection(PoolingDataSource.java:106)
	at org.apache.commons.dbcp.BasicDataSource.getConnection(BasicDataSource.java:1044)
	at org.springframework.jdbc.datasource.DataSourceUtils.fetchConnection(DataSourceUtils.java:157)
	at org.springframework.jdbc.datasource.DataSourceUtils.doGetConnection(DataSourceUtils.java:115)
	at org.springframework.jdbc.datasource.DataSourceUtils.getConnection(DataSourceUtils.java:78)
	at org.mybatis.spring.transaction.SpringManagedTransaction.openConnection(SpringManagedTransaction.java:80)
	at org.mybatis.spring.transaction.SpringManagedTransaction.getConnection(SpringManagedTransaction.java:67)
	at org.apache.ibatis.executor.BaseExecutor.getConnection(BaseExecutor.java:336)
	at org.apache.ibatis.executor.SimpleExecutor.prepareStatement(SimpleExecutor.java:85)
	at org.apache.ibatis.executor.SimpleExecutor.doQuery(SimpleExecutor.java:62)
	at org.apache.ibatis.executor.BaseExecutor.queryFromDatabase(BaseExecutor.java:324)
	at org.apache.ibatis.executor.BaseExecutor.query(BaseExecutor.java:156)
	at org.apache.ibatis.executor.CachingExecutor.query(CachingExecutor.java:109)
	at org.apache.ibatis.executor.CachingExecutor.query(CachingExecutor.java:83)
	at org.apache.ibatis.session.defaults.DefaultSqlSession.selectList(DefaultSqlSession.java:147)
	at org.apache.ibatis.session.defaults.DefaultSqlSession.selectList(DefaultSqlSession.java:140)
	at org.apache.ibatis.session.defaults.DefaultSqlSession.selectOne(DefaultSqlSession.java:76)
	at sun.reflect.GeneratedMethodAccessor90.invoke(Unknown Source)
	at sun.reflect.DelegatingMethodAccessorImpl.invoke(DelegatingMethodAccessorImpl.java:43)
	at java.lang.reflect.Method.invoke(Method.java:498)
	at org.mybatis.spring.SqlSessionTemplate$SqlSessionInterceptor.invoke(SqlSessionTemplate.java:426)
	at com.sun.proxy.$Proxy59.selectOne(Unknown Source)
	at org.mybatis.spring.SqlSessionTemplate.selectOne(SqlSessionTemplate.java:159)
	at org.apache.ibatis.binding.MapperMethod.execute(MapperMethod.java:87)
	at org.apache.ibatis.binding.MapperProxy.invoke(MapperProxy.java:57)
	at com.sun.proxy.$Proxy61.LoginMember(Unknown Source)
	at com.daejist.login.service.LoginServiceImp.LoginCheck(LoginServiceImp.java:29)
	at com.daejist.login.controller.LoginController.getLogin(LoginController.java:98)
	at sun.reflect.GeneratedMethodAccessor220.invoke(Unknown Source)
	at sun.reflect.DelegatingMethodAccessorImpl.invoke(DelegatingMethodAccessorImpl.java:43)
	at java.lang.reflect.Method.invoke(Method.java:498)
	at org.springframework.web.method.support.InvocableHandlerMethod.doInvoke(InvocableHandlerMethod.java:190)
	at org.springframework.web.method.support.InvocableHandlerMethod.invokeForRequest(InvocableHandlerMethod.java:138)
	at org.springframework.web.servlet.mvc.method.annotation.ServletInvocableHandlerMethod.invokeAndHandle(ServletInvocableHandlerMethod.java:104)
	at org.springframework.web.servlet.mvc.method.annotation.RequestMappingHandlerAdapter.invokeHandlerMethod(RequestMappingHandlerAdapter.java:892)
	at org.springframework.web.servlet.mvc.method.annotation.RequestMappingHandlerAdapter.handleInternal(RequestMappingHandlerAdapter.java:797)
	at org.springframework.web.servlet.mvc.method.AbstractHandlerMethodAdapter.handle(AbstractHandlerMethodAdapter.java:87)
	at org.springframework.web.servlet.DispatcherServlet.doDispatch(DispatcherServlet.java:1039)
	at org.springframework.web.servlet.DispatcherServlet.doService(DispatcherServlet.java:942)
	at org.springframework.web.servlet.FrameworkServlet.processRequest(FrameworkServlet.java:1005)
	at org.springframework.web.servlet.FrameworkServlet.doPost(FrameworkServlet.java:908)
	at javax.servlet.http.HttpServlet.service(HttpServlet.java:648)
	at org.springframework.web.servlet.FrameworkServlet.service(FrameworkServlet.java:882)
	at javax.servlet.http.HttpServlet.service(HttpServlet.java:729)
	at org.apache.catalina.core.ApplicationFilterChain.internalDoFilter(ApplicationFilterChain.java:292)
	at org.apache.catalina.core.ApplicationFilterChain.doFilter(ApplicationFilterChain.java:207)
	at org.apache.tomcat.websocket.server.WsFilter.doFilter(WsFilter.java:52)
	at org.apache.catalina.core.ApplicationFilterChain.internalDoFilter(ApplicationFilterChain.java:240)
	at org.apache.catalina.core.ApplicationFilterChain.doFilter(ApplicationFilterChain.java:207)
	at org.springframework.web.filter.CharacterEncodingFilter.doFilterInternal(CharacterEncodingFilter.java:200)
	at org.springframework.web.filter.OncePerRequestFilter.doFilter(OncePerRequestFilter.java:118)
	at org.apache.catalina.core.ApplicationFilterChain.internalDoFilter(ApplicationFilterChain.java:240)
	at org.apache.catalina.core.ApplicationFilterChain.doFilter(ApplicationFilterChain.java:207)
	at org.apache.catalina.core.StandardWrapperValve.invoke(StandardWrapperValve.java:212)
	at org.apache.catalina.core.StandardContextValve.invoke(StandardContextValve.java:94)
	at org.apache.catalina.core.StandardHostValve.invoke(StandardHostValve.java:141)
	at org.apache.catalina.valves.ErrorReportValve.invoke(ErrorReportValve.java:79)
	at org.apache.catalina.core.StandardEngineValve.invoke(StandardEngineValve.java:88)
	at org.apache.catalina.connector.CoyoteAdapter.service(CoyoteAdapter.java:502)
	at org.apache.coyote.http11.AbstractHttp11Processor.process(AbstractHttp11Processor.java:1132)
	at org.apache.coyote.AbstractProtocol$AbstractConnectionHandler.process(AbstractProtocol.java:684)
	at org.apache.tomcat.util.net.NioEndpoint$SocketProcessor.doRun(NioEndpoint.java:1539)
	at org.apache.tomcat.util.net.NioEndpoint$SocketProcessor.run(NioEndpoint.java:1495)
	at java.util.concurrent.ThreadPoolExecutor.runWorker(ThreadPoolExecutor.java:1142)
	at java.util.concurrent.ThreadPoolExecutor$Worker.run(ThreadPoolExecutor.java:617)
	at org.apache.tomcat.util.threads.TaskThread$WrappingRunnable.run(TaskThread.java:61)
	at java.lang.Thread.run(Thread.java:745)

12-Feb-2026 15:13:28.285 심각 [http-nio-8855-exec-13] org.apache.catalina.core.StandardWrapperValve.invoke Servlet.service() for servlet [appServlet] in context with path [] threw exception [Request processing failed; nested exception is org.mybatis.spring.MyBatisSystemException: nested exception is org.apache.ibatis.exceptions.PersistenceException: 
### Error querying database.  Cause: org.springframework.jdbc.CannotGetJdbcConnectionException: Failed to obtain JDBC Connection; nested exception is com.microsoft.sqlserver.jdbc.SQLServerException: 호스트 61.32.101.234, 포트 1433에 대한 TCP/IP 연결에 실패했습니다. 오류: "connect timed out. 연결 속성을 확인하십시오. SQL Server의 인스턴스가 호스트에서 실행되고 있고 포트에서 TCP/IP 연결을 허용하고 있는지 확인하십시오. 또한 방화벽에서 포트로의 TCP 연결을 차단하지 않는지 확인하십시오.".
### The error may exist in com/daejist/login/mapper/LoginMapper.xml
### The error may involve com.daejist.login.mapper.LoginMapper.LoginMember
### The error occurred while executing a query
### Cause: org.springframework.jdbc.CannotGetJdbcConnectionException: Failed to obtain JDBC Connection; nested exception is com.microsoft.sqlserver.jdbc.SQLServerException: 호스트 61.32.101.234, 포트 1433에 대한 TCP/IP 연결에 실패했습니다. 오류: "connect timed out. 연결 속성을 확인하십시오. SQL Server의 인스턴스가 호스트에서 실행되고 있고 포트에서 TCP/IP 연결을 허용하고 있는지 확인하십시오. 또한 방화벽에서 포트로의 TCP 연결을 차단하지 않는지 확인하십시오.".] with root cause
 com.microsoft.sqlserver.jdbc.SQLServerException: 호스트 61.32.101.234, 포트 1433에 대한 TCP/IP 연결에 실패했습니다. 오류: "connect timed out. 연결 속성을 확인하십시오. SQL Server의 인스턴스가 호스트에서 실행되고 있고 포트에서 TCP/IP 연결을 허용하고 있는지 확인하십시오. 또한 방화벽에서 포트로의 TCP 연결을 차단하지 않는지 확인하십시오.".
	at com.microsoft.sqlserver.jdbc.SQLServerException.makeFromDriverError(SQLServerException.java:234)
	at com.microsoft.sqlserver.jdbc.SQLServerException.ConvertConnectExceptionToSQLServerException(SQLServerException.java:285)
	at com.microsoft.sqlserver.jdbc.SocketFinder.findSocket(IOBuffer.java:2462)
	at com.microsoft.sqlserver.jdbc.TDSChannel.open(IOBuffer.java:668)
	at com.microsoft.sqlserver.jdbc.SQLServerConnection.connectHelper(SQLServerConnection.java:2695)
	at com.microsoft.sqlserver.jdbc.SQLServerConnection.login(SQLServerConnection.java:2362)
	at com.microsoft.sqlserver.jdbc.SQLServerConnection.connectInternal(SQLServerConnection.java:2213)
	at com.microsoft.sqlserver.jdbc.SQLServerConnection.connect(SQLServerConnection.java:1276)
	at com.microsoft.sqlserver.jdbc.SQLServerDriver.connect(SQLServerDriver.java:861)
	at org.apache.commons.dbcp.DriverConnectionFactory.createConnection(DriverConnectionFactory.java:38)
	at org.apache.commons.dbcp.PoolableConnectionFactory.makeObject(PoolableConnectionFactory.java:582)
	at org.apache.commons.pool.impl.GenericObjectPool.borrowObject(GenericObjectPool.java:1148)
	at org.apache.commons.dbcp.PoolingDataSource.getConnection(PoolingDataSource.java:106)
	at org.apache.commons.dbcp.BasicDataSource.getConnection(BasicDataSource.java:1044)
	at org.springframework.jdbc.datasource.DataSourceUtils.fetchConnection(DataSourceUtils.java:157)
	at org.springframework.jdbc.datasource.DataSourceUtils.doGetConnection(DataSourceUtils.java:115)
	at org.springframework.jdbc.datasource.DataSourceUtils.getConnection(DataSourceUtils.java:78)
	at org.mybatis.spring.transaction.SpringManagedTransaction.openConnection(SpringManagedTransaction.java:80)
	at org.mybatis.spring.transaction.SpringManagedTransaction.getConnection(SpringManagedTransaction.java:67)
	at org.apache.ibatis.executor.BaseExecutor.getConnection(BaseExecutor.java:336)
	at org.apache.ibatis.executor.SimpleExecutor.prepareStatement(SimpleExecutor.java:85)
	at org.apache.ibatis.executor.SimpleExecutor.doQuery(SimpleExecutor.java:62)
	at org.apache.ibatis.executor.BaseExecutor.queryFromDatabase(BaseExecutor.java:324)
	at org.apache.ibatis.executor.BaseExecutor.query(BaseExecutor.java:156)
	at org.apache.ibatis.executor.CachingExecutor.query(CachingExecutor.java:109)
	at org.apache.ibatis.executor.CachingExecutor.query(CachingExecutor.java:83)
	at org.apache.ibatis.session.defaults.DefaultSqlSession.selectList(DefaultSqlSession.java:147)
	at org.apache.ibatis.session.defaults.DefaultSqlSession.selectList(DefaultSqlSession.java:140)
	at org.apache.ibatis.session.defaults.DefaultSqlSession.selectOne(DefaultSqlSession.java:76)
	at sun.reflect.GeneratedMethodAccessor90.invoke(Unknown Source)
	at sun.reflect.DelegatingMethodAccessorImpl.invoke(DelegatingMethodAccessorImpl.java:43)
	at java.lang.reflect.Method.invoke(Method.java:498)
	at org.mybatis.spring.SqlSessionTemplate$SqlSessionInterceptor.invoke(SqlSessionTemplate.java:426)
	at com.sun.proxy.$Proxy59.selectOne(Unknown Source)
	at org.mybatis.spring.SqlSessionTemplate.selectOne(SqlSessionTemplate.java:159)
	at org.apache.ibatis.binding.MapperMethod.execute(MapperMethod.java:87)
	at org.apache.ibatis.binding.MapperProxy.invoke(MapperProxy.java:57)
	at com.sun.proxy.$Proxy61.LoginMember(Unknown Source)
	at com.daejist.login.service.LoginServiceImp.LoginCheck(LoginServiceImp.java:29)
	at com.daejist.login.controller.LoginController.getLogin(LoginController.java:98)
	at sun.reflect.GeneratedMethodAccessor220.invoke(Unknown Source)
	at sun.reflect.DelegatingMethodAccessorImpl.invoke(DelegatingMethodAccessorImpl.java:43)
	at java.lang.reflect.Method.invoke(Method.java:498)
	at org.springframework.web.method.support.InvocableHandlerMethod.doInvoke(InvocableHandlerMethod.java:190)
	at org.springframework.web.method.support.InvocableHandlerMethod.invokeForRequest(InvocableHandlerMethod.java:138)
	at org.springframework.web.servlet.mvc.method.annotation.ServletInvocableHandlerMethod.invokeAndHandle(ServletInvocableHandlerMethod.java:104)
	at org.springframework.web.servlet.mvc.method.annotation.RequestMappingHandlerAdapter.invokeHandlerMethod(RequestMappingHandlerAdapter.java:892)
	at org.springframework.web.servlet.mvc.method.annotation.RequestMappingHandlerAdapter.handleInternal(RequestMappingHandlerAdapter.java:797)
	at org.springframework.web.servlet.mvc.method.AbstractHandlerMethodAdapter.handle(AbstractHandlerMethodAdapter.java:87)
	at org.springframework.web.servlet.DispatcherServlet.doDispatch(DispatcherServlet.java:1039)
	at org.springframework.web.servlet.DispatcherServlet.doService(DispatcherServlet.java:942)
	at org.springframework.web.servlet.FrameworkServlet.processRequest(FrameworkServlet.java:1005)
	at org.springframework.web.servlet.FrameworkServlet.doPost(FrameworkServlet.java:908)
	at javax.servlet.http.HttpServlet.service(HttpServlet.java:648)
	at org.springframework.web.servlet.FrameworkServlet.service(FrameworkServlet.java:882)
	at javax.servlet.http.HttpServlet.service(HttpServlet.java:729)
	at org.apache.catalina.core.ApplicationFilterChain.internalDoFilter(ApplicationFilterChain.java:292)
	at org.apache.catalina.core.ApplicationFilterChain.doFilter(ApplicationFilterChain.java:207)
	at org.apache.tomcat.websocket.server.WsFilter.doFilter(WsFilter.java:52)
	at org.apache.catalina.core.ApplicationFilterChain.internalDoFilter(ApplicationFilterChain.java:240)
	at org.apache.catalina.core.ApplicationFilterChain.doFilter(ApplicationFilterChain.java:207)
	at org.springframework.web.filter.CharacterEncodingFilter.doFilterInternal(CharacterEncodingFilter.java:200)
	at org.springframework.web.filter.OncePerRequestFilter.doFilter(OncePerRequestFilter.java:118)
	at org.apache.catalina.core.ApplicationFilterChain.internalDoFilter(ApplicationFilterChain.java:240)
	at org.apache.catalina.core.ApplicationFilterChain.doFilter(ApplicationFilterChain.java:207)
	at org.apache.catalina.core.StandardWrapperValve.invoke(StandardWrapperValve.java:212)
	at org.apache.catalina.core.StandardContextValve.invoke(StandardContextValve.java:94)
	at org.apache.catalina.core.StandardHostValve.invoke(StandardHostValve.java:141)
	at org.apache.catalina.valves.ErrorReportValve.invoke(ErrorReportValve.java:79)
	at org.apache.catalina.core.StandardEngineValve.invoke(StandardEngineValve.java:88)
	at org.apache.catalina.connector.CoyoteAdapter.service(CoyoteAdapter.java:502)
	at org.apache.coyote.http11.AbstractHttp11Processor.process(AbstractHttp11Processor.java:1132)
	at org.apache.coyote.AbstractProtocol$AbstractConnectionHandler.process(AbstractProtocol.java:684)
	at org.apache.tomcat.util.net.NioEndpoint$SocketProcessor.doRun(NioEndpoint.java:1539)
	at org.apache.tomcat.util.net.NioEndpoint$SocketProcessor.run(NioEndpoint.java:1495)
	at java.util.concurrent.ThreadPoolExecutor.runWorker(ThreadPoolExecutor.java:1142)
	at java.util.concurrent.ThreadPoolExecutor$Worker.run(ThreadPoolExecutor.java:617)
	at org.apache.tomcat.util.threads.TaskThread$WrappingRunnable.run(TaskThread.java:61)
	at java.lang.Thread.run(Thread.java:745)

12-Feb-2026 15:13:29.511 심각 [http-nio-8855-exec-18] org.apache.catalina.core.StandardWrapperValve.invoke Servlet.service() for servlet [appServlet] in context with path [] threw exception [Request processing failed; nested exception is org.mybatis.spring.MyBatisSystemException: nested exception is org.apache.ibatis.exceptions.PersistenceException: 
### Error querying database.  Cause: org.springframework.jdbc.CannotGetJdbcConnectionException: Failed to obtain JDBC Connection; nested exception is com.microsoft.sqlserver.jdbc.SQLServerException: 호스트 61.32.101.234, 포트 1433에 대한 TCP/IP 연결에 실패했습니다. 오류: "connect timed out. 연결 속성을 확인하십시오. SQL Server의 인스턴스가 호스트에서 실행되고 있고 포트에서 TCP/IP 연결을 허용하고 있는지 확인하십시오. 또한 방화벽에서 포트로의 TCP 연결을 차단하지 않는지 확인하십시오.".
### The error may exist in com/daejist/login/mapper/LoginMapper.xml
### The error may involve com.daejist.login.mapper.LoginMapper.LoginMember
### The error occurred while executing a query
### Cause: org.springframework.jdbc.CannotGetJdbcConnectionException: Failed to obtain JDBC Connection; nested exception is com.microsoft.sqlserver.jdbc.SQLServerException: 호스트 61.32.101.234, 포트 1433에 대한 TCP/IP 연결에 실패했습니다. 오류: "connect timed out. 연결 속성을 확인하십시오. SQL Server의 인스턴스가 호스트에서 실행되고 있고 포트에서 TCP/IP 연결을 허용하고 있는지 확인하십시오. 또한 방화벽에서 포트로의 TCP 연결을 차단하지 않는지 확인하십시오.".] with root cause
 com.microsoft.sqlserver.jdbc.SQLServerException: 호스트 61.32.101.234, 포트 1433에 대한 TCP/IP 연결에 실패했습니다. 오류: "connect timed out. 연결 속성을 확인하십시오. SQL Server의 인스턴스가 호스트에서 실행되고 있고 포트에서 TCP/IP 연결을 허용하고 있는지 확인하십시오. 또한 방화벽에서 포트로의 TCP 연결을 차단하지 않는지 확인하십시오.".
	at com.microsoft.sqlserver.jdbc.SQLServerException.makeFromDriverError(SQLServerException.java:234)
	at com.microsoft.sqlserver.jdbc.SQLServerException.ConvertConnectExceptionToSQLServerException(SQLServerException.java:285)
	at com.microsoft.sqlserver.jdbc.SocketFinder.findSocket(IOBuffer.java:2462)
	at com.microsoft.sqlserver.jdbc.TDSChannel.open(IOBuffer.java:668)
	at com.microsoft.sqlserver.jdbc.SQLServerConnection.connectHelper(SQLServerConnection.java:2695)
	at com.microsoft.sqlserver.jdbc.SQLServerConnection.login(SQLServerConnection.java:2362)
	at com.microsoft.sqlserver.jdbc.SQLServerConnection.connectInternal(SQLServerConnection.java:2213)
	at com.microsoft.sqlserver.jdbc.SQLServerConnection.connect(SQLServerConnection.java:1276)
	at com.microsoft.sqlserver.jdbc.SQLServerDriver.connect(SQLServerDriver.java:861)
	at org.apache.commons.dbcp.DriverConnectionFactory.createConnection(DriverConnectionFactory.java:38)
	at org.apache.commons.dbcp.PoolableConnectionFactory.makeObject(PoolableConnectionFactory.java:582)
	at org.apache.commons.pool.impl.GenericObjectPool.borrowObject(GenericObjectPool.java:1148)
	at org.apache.commons.dbcp.PoolingDataSource.getConnection(PoolingDataSource.java:106)
	at org.apache.commons.dbcp.BasicDataSource.getConnection(BasicDataSource.java:1044)
	at org.springframework.jdbc.datasource.DataSourceUtils.fetchConnection(DataSourceUtils.java:157)
	at org.springframework.jdbc.datasource.DataSourceUtils.doGetConnection(DataSourceUtils.java:115)
	at org.springframework.jdbc.datasource.DataSourceUtils.getConnection(DataSourceUtils.java:78)
	at org.mybatis.spring.transaction.SpringManagedTransaction.openConnection(SpringManagedTransaction.java:80)
	at org.mybatis.spring.transaction.SpringManagedTransaction.getConnection(SpringManagedTransaction.java:67)
	at org.apache.ibatis.executor.BaseExecutor.getConnection(BaseExecutor.java:336)
	at org.apache.ibatis.executor.SimpleExecutor.prepareStatement(SimpleExecutor.java:85)
	at org.apache.ibatis.executor.SimpleExecutor.doQuery(SimpleExecutor.java:62)
	at org.apache.ibatis.executor.BaseExecutor.queryFromDatabase(BaseExecutor.java:324)
	at org.apache.ibatis.executor.BaseExecutor.query(BaseExecutor.java:156)
	at org.apache.ibatis.executor.CachingExecutor.query(CachingExecutor.java:109)
	at org.apache.ibatis.executor.CachingExecutor.query(CachingExecutor.java:83)
	at org.apache.ibatis.session.defaults.DefaultSqlSession.selectList(DefaultSqlSession.java:147)
	at org.apache.ibatis.session.defaults.DefaultSqlSession.selectList(DefaultSqlSession.java:140)
	at org.apache.ibatis.session.defaults.DefaultSqlSession.selectOne(DefaultSqlSession.java:76)
	at sun.reflect.GeneratedMethodAccessor90.invoke(Unknown Source)
	at sun.reflect.DelegatingMethodAccessorImpl.invoke(DelegatingMethodAccessorImpl.java:43)
	at java.lang.reflect.Method.invoke(Method.java:498)
	at org.mybatis.spring.SqlSessionTemplate$SqlSessionInterceptor.invoke(SqlSessionTemplate.java:426)
	at com.sun.proxy.$Proxy59.selectOne(Unknown Source)
	at org.mybatis.spring.SqlSessionTemplate.selectOne(SqlSessionTemplate.java:159)
	at org.apache.ibatis.binding.MapperMethod.execute(MapperMethod.java:87)
	at org.apache.ibatis.binding.MapperProxy.invoke(MapperProxy.java:57)
	at com.sun.proxy.$Proxy61.LoginMember(Unknown Source)
	at com.daejist.login.service.LoginServiceImp.LoginCheck(LoginServiceImp.java:29)
	at com.daejist.login.controller.LoginController.getLogin(LoginController.java:98)
	at sun.reflect.GeneratedMethodAccessor220.invoke(Unknown Source)
	at sun.reflect.DelegatingMethodAccessorImpl.invoke(DelegatingMethodAccessorImpl.java:43)
	at java.lang.reflect.Method.invoke(Method.java:498)
	at org.springframework.web.method.support.InvocableHandlerMethod.doInvoke(InvocableHandlerMethod.java:190)
	at org.springframework.web.method.support.InvocableHandlerMethod.invokeForRequest(InvocableHandlerMethod.java:138)
	at org.springframework.web.servlet.mvc.method.annotation.ServletInvocableHandlerMethod.invokeAndHandle(ServletInvocableHandlerMethod.java:104)
	at org.springframework.web.servlet.mvc.method.annotation.RequestMappingHandlerAdapter.invokeHandlerMethod(RequestMappingHandlerAdapter.java:892)
	at org.springframework.web.servlet.mvc.method.annotation.RequestMappingHandlerAdapter.handleInternal(RequestMappingHandlerAdapter.java:797)
	at org.springframework.web.servlet.mvc.method.AbstractHandlerMethodAdapter.handle(AbstractHandlerMethodAdapter.java:87)
	at org.springframework.web.servlet.DispatcherServlet.doDispatch(DispatcherServlet.java:1039)
	at org.springframework.web.servlet.DispatcherServlet.doService(DispatcherServlet.java:942)
	at org.springframework.web.servlet.FrameworkServlet.processRequest(FrameworkServlet.java:1005)
	at org.springframework.web.servlet.FrameworkServlet.doPost(FrameworkServlet.java:908)
	at javax.servlet.http.HttpServlet.service(HttpServlet.java:648)
	at org.springframework.web.servlet.FrameworkServlet.service(FrameworkServlet.java:882)
	at javax.servlet.http.HttpServlet.service(HttpServlet.java:729)
	at org.apache.catalina.core.ApplicationFilterChain.internalDoFilter(ApplicationFilterChain.java:292)
	at org.apache.catalina.core.ApplicationFilterChain.doFilter(ApplicationFilterChain.java:207)
	at org.apache.tomcat.websocket.server.WsFilter.doFilter(WsFilter.java:52)
	at org.apache.catalina.core.ApplicationFilterChain.internalDoFilter(ApplicationFilterChain.java:240)
	at org.apache.catalina.core.ApplicationFilterChain.doFilter(ApplicationFilterChain.java:207)
	at org.springframework.web.filter.CharacterEncodingFilter.doFilterInternal(CharacterEncodingFilter.java:200)
	at org.springframework.web.filter.OncePerRequestFilter.doFilter(OncePerRequestFilter.java:118)
	at org.apache.catalina.core.ApplicationFilterChain.internalDoFilter(ApplicationFilterChain.java:240)
	at org.apache.catalina.core.ApplicationFilterChain.doFilter(ApplicationFilterChain.java:207)
	at org.apache.catalina.core.StandardWrapperValve.invoke(StandardWrapperValve.java:212)
	at org.apache.catalina.core.StandardContextValve.invoke(StandardContextValve.java:94)
	at org.apache.catalina.core.StandardHostValve.invoke(StandardHostValve.java:141)
	at org.apache.catalina.valves.ErrorReportValve.invoke(ErrorReportValve.java:79)
	at org.apache.catalina.core.StandardEngineValve.invoke(StandardEngineValve.java:88)
	at org.apache.catalina.connector.CoyoteAdapter.service(CoyoteAdapter.java:502)
	at org.apache.coyote.http11.AbstractHttp11Processor.process(AbstractHttp11Processor.java:1132)
	at org.apache.coyote.AbstractProtocol$AbstractConnectionHandler.process(AbstractProtocol.java:684)
	at org.apache.tomcat.util.net.NioEndpoint$SocketProcessor.doRun(NioEndpoint.java:1539)
	at org.apache.tomcat.util.net.NioEndpoint$SocketProcessor.run(NioEndpoint.java:1495)
	at java.util.concurrent.ThreadPoolExecutor.runWorker(ThreadPoolExecutor.java:1142)
	at java.util.concurrent.ThreadPoolExecutor$Worker.run(ThreadPoolExecutor.java:617)
	at org.apache.tomcat.util.threads.TaskThread$WrappingRunnable.run(TaskThread.java:61)
	at java.lang.Thread.run(Thread.java:745)

12-Feb-2026 15:13:30.158 심각 [http-nio-8855-exec-5] org.apache.catalina.core.StandardWrapperValve.invoke Servlet.service() for servlet [appServlet] in context with path [] threw exception [Request processing failed; nested exception is org.mybatis.spring.MyBatisSystemException: nested exception is org.apache.ibatis.exceptions.PersistenceException: 
### Error querying database.  Cause: org.springframework.jdbc.CannotGetJdbcConnectionException: Failed to obtain JDBC Connection; nested exception is com.microsoft.sqlserver.jdbc.SQLServerException: 호스트 61.32.101.234, 포트 1433에 대한 TCP/IP 연결에 실패했습니다. 오류: "connect timed out. 연결 속성을 확인하십시오. SQL Server의 인스턴스가 호스트에서 실행되고 있고 포트에서 TCP/IP 연결을 허용하고 있는지 확인하십시오. 또한 방화벽에서 포트로의 TCP 연결을 차단하지 않는지 확인하십시오.".
### The error may exist in com/daejist/login/mapper/LoginMapper.xml
### The error may involve com.daejist.login.mapper.LoginMapper.LoginMember
### The error occurred while executing a query
### Cause: org.springframework.jdbc.CannotGetJdbcConnectionException: Failed to obtain JDBC Connection; nested exception is com.microsoft.sqlserver.jdbc.SQLServerException: 호스트 61.32.101.234, 포트 1433에 대한 TCP/IP 연결에 실패했습니다. 오류: "connect timed out. 연결 속성을 확인하십시오. SQL Server의 인스턴스가 호스트에서 실행되고 있고 포트에서 TCP/IP 연결을 허용하고 있는지 확인하십시오. 또한 방화벽에서 포트로의 TCP 연결을 차단하지 않는지 확인하십시오.".] with root cause
 com.microsoft.sqlserver.jdbc.SQLServerException: 호스트 61.32.101.234, 포트 1433에 대한 TCP/IP 연결에 실패했습니다. 오류: "connect timed out. 연결 속성을 확인하십시오. SQL Server의 인스턴스가 호스트에서 실행되고 있고 포트에서 TCP/IP 연결을 허용하고 있는지 확인하십시오. 또한 방화벽에서 포트로의 TCP 연결을 차단하지 않는지 확인하십시오.".
	at com.microsoft.sqlserver.jdbc.SQLServerException.makeFromDriverError(SQLServerException.java:234)
	at com.microsoft.sqlserver.jdbc.SQLServerException.ConvertConnectExceptionToSQLServerException(SQLServerException.java:285)
	at com.microsoft.sqlserver.jdbc.SocketFinder.findSocket(IOBuffer.java:2462)
	at com.microsoft.sqlserver.jdbc.TDSChannel.open(IOBuffer.java:668)
	at com.microsoft.sqlserver.jdbc.SQLServerConnection.connectHelper(SQLServerConnection.java:2695)
	at com.microsoft.sqlserver.jdbc.SQLServerConnection.login(SQLServerConnection.java:2362)
	at com.microsoft.sqlserver.jdbc.SQLServerConnection.connectInternal(SQLServerConnection.java:2213)
	at com.microsoft.sqlserver.jdbc.SQLServerConnection.connect(SQLServerConnection.java:1276)
	at com.microsoft.sqlserver.jdbc.SQLServerDriver.connect(SQLServerDriver.java:861)
	at org.apache.commons.dbcp.DriverConnectionFactory.createConnection(DriverConnectionFactory.java:38)
	at org.apache.commons.dbcp.PoolableConnectionFactory.makeObject(PoolableConnectionFactory.java:582)
	at org.apache.commons.pool.impl.GenericObjectPool.borrowObject(GenericObjectPool.java:1148)
	at org.apache.commons.dbcp.PoolingDataSource.getConnection(PoolingDataSource.java:106)
	at org.apache.commons.dbcp.BasicDataSource.getConnection(BasicDataSource.java:1044)
	at org.springframework.jdbc.datasource.DataSourceUtils.fetchConnection(DataSourceUtils.java:157)
	at org.springframework.jdbc.datasource.DataSourceUtils.doGetConnection(DataSourceUtils.java:115)
	at org.springframework.jdbc.datasource.DataSourceUtils.getConnection(DataSourceUtils.java:78)
	at org.mybatis.spring.transaction.SpringManagedTransaction.openConnection(SpringManagedTransaction.java:80)
	at org.mybatis.spring.transaction.SpringManagedTransaction.getConnection(SpringManagedTransaction.java:67)
	at org.apache.ibatis.executor.BaseExecutor.getConnection(BaseExecutor.java:336)
	at org.apache.ibatis.executor.SimpleExecutor.prepareStatement(SimpleExecutor.java:85)
	at org.apache.ibatis.executor.SimpleExecutor.doQuery(SimpleExecutor.java:62)
	at org.apache.ibatis.executor.BaseExecutor.queryFromDatabase(BaseExecutor.java:324)
	at org.apache.ibatis.executor.BaseExecutor.query(BaseExecutor.java:156)
	at org.apache.ibatis.executor.CachingExecutor.query(CachingExecutor.java:109)
	at org.apache.ibatis.executor.CachingExecutor.query(CachingExecutor.java:83)
	at org.apache.ibatis.session.defaults.DefaultSqlSession.selectList(DefaultSqlSession.java:147)
	at org.apache.ibatis.session.defaults.DefaultSqlSession.selectList(DefaultSqlSession.java:140)
	at org.apache.ibatis.session.defaults.DefaultSqlSession.selectOne(DefaultSqlSession.java:76)
	at sun.reflect.GeneratedMethodAccessor90.invoke(Unknown Source)
	at sun.reflect.DelegatingMethodAccessorImpl.invoke(DelegatingMethodAccessorImpl.java:43)
	at java.lang.reflect.Method.invoke(Method.java:498)
	at org.mybatis.spring.SqlSessionTemplate$SqlSessionInterceptor.invoke(SqlSessionTemplate.java:426)
	at com.sun.proxy.$Proxy59.selectOne(Unknown Source)
	at org.mybatis.spring.SqlSessionTemplate.selectOne(SqlSessionTemplate.java:159)
	at org.apache.ibatis.binding.MapperMethod.execute(MapperMethod.java:87)
	at org.apache.ibatis.binding.MapperProxy.invoke(MapperProxy.java:57)
	at com.sun.proxy.$Proxy61.LoginMember(Unknown Source)
	at com.daejist.login.service.LoginServiceImp.LoginCheck(LoginServiceImp.java:29)
	at com.daejist.login.controller.LoginController.getLogin(LoginController.java:98)
	at sun.reflect.GeneratedMethodAccessor220.invoke(Unknown Source)
	at sun.reflect.DelegatingMethodAccessorImpl.invoke(DelegatingMethodAccessorImpl.java:43)
	at java.lang.reflect.Method.invoke(Method.java:498)
	at org.springframework.web.method.support.InvocableHandlerMethod.doInvoke(InvocableHandlerMethod.java:190)
	at org.springframework.web.method.support.InvocableHandlerMethod.invokeForRequest(InvocableHandlerMethod.java:138)
	at org.springframework.web.servlet.mvc.method.annotation.ServletInvocableHandlerMethod.invokeAndHandle(ServletInvocableHandlerMethod.java:104)
	at org.springframework.web.servlet.mvc.method.annotation.RequestMappingHandlerAdapter.invokeHandlerMethod(RequestMappingHandlerAdapter.java:892)
	at org.springframework.web.servlet.mvc.method.annotation.RequestMappingHandlerAdapter.handleInternal(RequestMappingHandlerAdapter.java:797)
	at org.springframework.web.servlet.mvc.method.AbstractHandlerMethodAdapter.handle(AbstractHandlerMethodAdapter.java:87)
	at org.springframework.web.servlet.DispatcherServlet.doDispatch(DispatcherServlet.java:1039)
	at org.springframework.web.servlet.DispatcherServlet.doService(DispatcherServlet.java:942)
	at org.springframework.web.servlet.FrameworkServlet.processRequest(FrameworkServlet.java:1005)
	at org.springframework.web.servlet.FrameworkServlet.doPost(FrameworkServlet.java:908)
	at javax.servlet.http.HttpServlet.service(HttpServlet.java:648)
	at org.springframework.web.servlet.FrameworkServlet.service(FrameworkServlet.java:882)
	at javax.servlet.http.HttpServlet.service(HttpServlet.java:729)
	at org.apache.catalina.core.ApplicationFilterChain.internalDoFilter(ApplicationFilterChain.java:292)
	at org.apache.catalina.core.ApplicationFilterChain.doFilter(ApplicationFilterChain.java:207)
	at org.apache.tomcat.websocket.server.WsFilter.doFilter(WsFilter.java:52)
	at org.apache.catalina.core.ApplicationFilterChain.internalDoFilter(ApplicationFilterChain.java:240)
	at org.apache.catalina.core.ApplicationFilterChain.doFilter(ApplicationFilterChain.java:207)
	at org.springframework.web.filter.CharacterEncodingFilter.doFilterInternal(CharacterEncodingFilter.java:200)
	at org.springframework.web.filter.OncePerRequestFilter.doFilter(OncePerRequestFilter.java:118)
	at org.apache.catalina.core.ApplicationFilterChain.internalDoFilter(ApplicationFilterChain.java:240)
	at org.apache.catalina.core.ApplicationFilterChain.doFilter(ApplicationFilterChain.java:207)
	at org.apache.catalina.core.StandardWrapperValve.invoke(StandardWrapperValve.java:212)
	at org.apache.catalina.core.StandardContextValve.invoke(StandardContextValve.java:94)
	at org.apache.catalina.core.StandardHostValve.invoke(StandardHostValve.java:141)
	at org.apache.catalina.valves.ErrorReportValve.invoke(ErrorReportValve.java:79)
	at org.apache.catalina.core.StandardEngineValve.invoke(StandardEngineValve.java:88)
	at org.apache.catalina.connector.CoyoteAdapter.service(CoyoteAdapter.java:502)
	at org.apache.coyote.http11.AbstractHttp11Processor.process(AbstractHttp11Processor.java:1132)
	at org.apache.coyote.AbstractProtocol$AbstractConnectionHandler.process(AbstractProtocol.java:684)
	at org.apache.tomcat.util.net.NioEndpoint$SocketProcessor.doRun(NioEndpoint.java:1539)
	at org.apache.tomcat.util.net.NioEndpoint$SocketProcessor.run(NioEndpoint.java:1495)
	at java.util.concurrent.ThreadPoolExecutor.runWorker(ThreadPoolExecutor.java:1142)
	at java.util.concurrent.ThreadPoolExecutor$Worker.run(ThreadPoolExecutor.java:617)
	at org.apache.tomcat.util.threads.TaskThread$WrappingRunnable.run(TaskThread.java:61)
	at java.lang.Thread.run(Thread.java:745)

12-Feb-2026 15:13:43.991 심각 [http-nio-8855-exec-1] org.apache.catalina.core.StandardWrapperValve.invoke Servlet.service() for servlet [appServlet] in context with path [] threw exception [Request processing failed; nested exception is org.mybatis.spring.MyBatisSystemException: nested exception is org.apache.ibatis.exceptions.PersistenceException: 
### Error querying database.  Cause: org.springframework.jdbc.CannotGetJdbcConnectionException: Failed to obtain JDBC Connection; nested exception is com.microsoft.sqlserver.jdbc.SQLServerException: 호스트 61.32.101.234, 포트 1433에 대한 TCP/IP 연결에 실패했습니다. 오류: "connect timed out. 연결 속성을 확인하십시오. SQL Server의 인스턴스가 호스트에서 실행되고 있고 포트에서 TCP/IP 연결을 허용하고 있는지 확인하십시오. 또한 방화벽에서 포트로의 TCP 연결을 차단하지 않는지 확인하십시오.".
### The error may exist in com/daejist/login/mapper/LoginMapper.xml
### The error may involve com.daejist.login.mapper.LoginMapper.LoginMember
### The error occurred while executing a query
### Cause: org.springframework.jdbc.CannotGetJdbcConnectionException: Failed to obtain JDBC Connection; nested exception is com.microsoft.sqlserver.jdbc.SQLServerException: 호스트 61.32.101.234, 포트 1433에 대한 TCP/IP 연결에 실패했습니다. 오류: "connect timed out. 연결 속성을 확인하십시오. SQL Server의 인스턴스가 호스트에서 실행되고 있고 포트에서 TCP/IP 연결을 허용하고 있는지 확인하십시오. 또한 방화벽에서 포트로의 TCP 연결을 차단하지 않는지 확인하십시오.".] with root cause
 com.microsoft.sqlserver.jdbc.SQLServerException: 호스트 61.32.101.234, 포트 1433에 대한 TCP/IP 연결에 실패했습니다. 오류: "connect timed out. 연결 속성을 확인하십시오. SQL Server의 인스턴스가 호스트에서 실행되고 있고 포트에서 TCP/IP 연결을 허용하고 있는지 확인하십시오. 또한 방화벽에서 포트로의 TCP 연결을 차단하지 않는지 확인하십시오.".
	at com.microsoft.sqlserver.jdbc.SQLServerException.makeFromDriverError(SQLServerException.java:234)
	at com.microsoft.sqlserver.jdbc.SQLServerException.ConvertConnectExceptionToSQLServerException(SQLServerException.java:285)
	at com.microsoft.sqlserver.jdbc.SocketFinder.findSocket(IOBuffer.java:2462)
	at com.microsoft.sqlserver.jdbc.TDSChannel.open(IOBuffer.java:668)
	at com.microsoft.sqlserver.jdbc.SQLServerConnection.connectHelper(SQLServerConnection.java:2695)
	at com.microsoft.sqlserver.jdbc.SQLServerConnection.login(SQLServerConnection.java:2362)
	at com.microsoft.sqlserver.jdbc.SQLServerConnection.connectInternal(SQLServerConnection.java:2213)
	at com.microsoft.sqlserver.jdbc.SQLServerConnection.connect(SQLServerConnection.java:1276)
	at com.microsoft.sqlserver.jdbc.SQLServerDriver.connect(SQLServerDriver.java:861)
	at org.apache.commons.dbcp.DriverConnectionFactory.createConnection(DriverConnectionFactory.java:38)
	at org.apache.commons.dbcp.PoolableConnectionFactory.makeObject(PoolableConnectionFactory.java:582)
	at org.apache.commons.pool.impl.GenericObjectPool.borrowObject(GenericObjectPool.java:1148)
	at org.apache.commons.dbcp.PoolingDataSource.getConnection(PoolingDataSource.java:106)
	at org.apache.commons.dbcp.BasicDataSource.getConnection(BasicDataSource.java:1044)
	at org.springframework.jdbc.datasource.DataSourceUtils.fetchConnection(DataSourceUtils.java:157)
	at org.springframework.jdbc.datasource.DataSourceUtils.doGetConnection(DataSourceUtils.java:115)
	at org.springframework.jdbc.datasource.DataSourceUtils.getConnection(DataSourceUtils.java:78)
	at org.mybatis.spring.transaction.SpringManagedTransaction.openConnection(SpringManagedTransaction.java:80)
	at org.mybatis.spring.transaction.SpringManagedTransaction.getConnection(SpringManagedTransaction.java:67)
	at org.apache.ibatis.executor.BaseExecutor.getConnection(BaseExecutor.java:336)
	at org.apache.ibatis.executor.SimpleExecutor.prepareStatement(SimpleExecutor.java:85)
	at org.apache.ibatis.executor.SimpleExecutor.doQuery(SimpleExecutor.java:62)
	at org.apache.ibatis.executor.BaseExecutor.queryFromDatabase(BaseExecutor.java:324)
	at org.apache.ibatis.executor.BaseExecutor.query(BaseExecutor.java:156)
	at org.apache.ibatis.executor.CachingExecutor.query(CachingExecutor.java:109)
	at org.apache.ibatis.executor.CachingExecutor.query(CachingExecutor.java:83)
	at org.apache.ibatis.session.defaults.DefaultSqlSession.selectList(DefaultSqlSession.java:147)
	at org.apache.ibatis.session.defaults.DefaultSqlSession.selectList(DefaultSqlSession.java:140)
	at org.apache.ibatis.session.defaults.DefaultSqlSession.selectOne(DefaultSqlSession.java:76)
	at sun.reflect.GeneratedMethodAccessor90.invoke(Unknown Source)
	at sun.reflect.DelegatingMethodAccessorImpl.invoke(DelegatingMethodAccessorImpl.java:43)
	at java.lang.reflect.Method.invoke(Method.java:498)
	at org.mybatis.spring.SqlSessionTemplate$SqlSessionInterceptor.invoke(SqlSessionTemplate.java:426)
	at com.sun.proxy.$Proxy59.selectOne(Unknown Source)
	at org.mybatis.spring.SqlSessionTemplate.selectOne(SqlSessionTemplate.java:159)
	at org.apache.ibatis.binding.MapperMethod.execute(MapperMethod.java:87)
	at org.apache.ibatis.binding.MapperProxy.invoke(MapperProxy.java:57)
	at com.sun.proxy.$Proxy61.LoginMember(Unknown Source)
	at com.daejist.login.service.LoginServiceImp.LoginCheck(LoginServiceImp.java:29)
	at com.daejist.login.controller.LoginController.getLogin(LoginController.java:98)
	at sun.reflect.GeneratedMethodAccessor220.invoke(Unknown Source)
	at sun.reflect.DelegatingMethodAccessorImpl.invoke(DelegatingMethodAccessorImpl.java:43)
	at java.lang.reflect.Method.invoke(Method.java:498)
	at org.springframework.web.method.support.InvocableHandlerMethod.doInvoke(InvocableHandlerMethod.java:190)
	at org.springframework.web.method.support.InvocableHandlerMethod.invokeForRequest(InvocableHandlerMethod.java:138)
	at org.springframework.web.servlet.mvc.method.annotation.ServletInvocableHandlerMethod.invokeAndHandle(ServletInvocableHandlerMethod.java:104)
	at org.springframework.web.servlet.mvc.method.annotation.RequestMappingHandlerAdapter.invokeHandlerMethod(RequestMappingHandlerAdapter.java:892)
	at org.springframework.web.servlet.mvc.method.annotation.RequestMappingHandlerAdapter.handleInternal(RequestMappingHandlerAdapter.java:797)
	at org.springframework.web.servlet.mvc.method.AbstractHandlerMethodAdapter.handle(AbstractHandlerMethodAdapter.java:87)
	at org.springframework.web.servlet.DispatcherServlet.doDispatch(DispatcherServlet.java:1039)
	at org.springframework.web.servlet.DispatcherServlet.doService(DispatcherServlet.java:942)
	at org.springframework.web.servlet.FrameworkServlet.processRequest(FrameworkServlet.java:1005)
	at org.springframework.web.servlet.FrameworkServlet.doPost(FrameworkServlet.java:908)
	at javax.servlet.http.HttpServlet.service(HttpServlet.java:648)
	at org.springframework.web.servlet.FrameworkServlet.service(FrameworkServlet.java:882)
	at javax.servlet.http.HttpServlet.service(HttpServlet.java:729)
	at org.apache.catalina.core.ApplicationFilterChain.internalDoFilter(ApplicationFilterChain.java:292)
	at org.apache.catalina.core.ApplicationFilterChain.doFilter(ApplicationFilterChain.java:207)
	at org.apache.tomcat.websocket.server.WsFilter.doFilter(WsFilter.java:52)
	at org.apache.catalina.core.ApplicationFilterChain.internalDoFilter(ApplicationFilterChain.java:240)
	at org.apache.catalina.core.ApplicationFilterChain.doFilter(ApplicationFilterChain.java:207)
	at org.springframework.web.filter.CharacterEncodingFilter.doFilterInternal(CharacterEncodingFilter.java:200)
	at org.springframework.web.filter.OncePerRequestFilter.doFilter(OncePerRequestFilter.java:118)
	at org.apache.catalina.core.ApplicationFilterChain.internalDoFilter(ApplicationFilterChain.java:240)
	at org.apache.catalina.core.ApplicationFilterChain.doFilter(ApplicationFilterChain.java:207)
	at org.apache.catalina.core.StandardWrapperValve.invoke(StandardWrapperValve.java:212)
	at org.apache.catalina.core.StandardContextValve.invoke(StandardContextValve.java:94)
	at org.apache.catalina.core.StandardHostValve.invoke(StandardHostValve.java:141)
	at org.apache.catalina.valves.ErrorReportValve.invoke(ErrorReportValve.java:79)
	at org.apache.catalina.core.StandardEngineValve.invoke(StandardEngineValve.java:88)
	at org.apache.catalina.connector.CoyoteAdapter.service(CoyoteAdapter.java:502)
	at org.apache.coyote.http11.AbstractHttp11Processor.process(AbstractHttp11Processor.java:1132)
	at org.apache.coyote.AbstractProtocol$AbstractConnectionHandler.process(AbstractProtocol.java:684)
	at org.apache.tomcat.util.net.NioEndpoint$SocketProcessor.doRun(NioEndpoint.java:1539)
	at org.apache.tomcat.util.net.NioEndpoint$SocketProcessor.run(NioEndpoint.java:1495)
	at java.util.concurrent.ThreadPoolExecutor.runWorker(ThreadPoolExecutor.java:1142)
	at java.util.concurrent.ThreadPoolExecutor$Worker.run(ThreadPoolExecutor.java:617)
	at org.apache.tomcat.util.threads.TaskThread$WrappingRunnable.run(TaskThread.java:61)
	at java.lang.Thread.run(Thread.java:745)

12-Feb-2026 15:13:45.552 심각 [http-nio-8855-exec-14] org.apache.catalina.core.StandardWrapperValve.invoke Servlet.service() for servlet [appServlet] in context with path [] threw exception [Request processing failed; nested exception is org.mybatis.spring.MyBatisSystemException: nested exception is org.apache.ibatis.exceptions.PersistenceException: 
### Error querying database.  Cause: org.springframework.jdbc.CannotGetJdbcConnectionException: Failed to obtain JDBC Connection; nested exception is com.microsoft.sqlserver.jdbc.SQLServerException: 호스트 61.32.101.234, 포트 1433에 대한 TCP/IP 연결에 실패했습니다. 오류: "connect timed out. 연결 속성을 확인하십시오. SQL Server의 인스턴스가 호스트에서 실행되고 있고 포트에서 TCP/IP 연결을 허용하고 있는지 확인하십시오. 또한 방화벽에서 포트로의 TCP 연결을 차단하지 않는지 확인하십시오.".
### The error may exist in com/daejist/login/mapper/LoginMapper.xml
### The error may involve com.daejist.login.mapper.LoginMapper.LoginMember
### The error occurred while executing a query
### Cause: org.springframework.jdbc.CannotGetJdbcConnectionException: Failed to obtain JDBC Connection; nested exception is com.microsoft.sqlserver.jdbc.SQLServerException: 호스트 61.32.101.234, 포트 1433에 대한 TCP/IP 연결에 실패했습니다. 오류: "connect timed out. 연결 속성을 확인하십시오. SQL Server의 인스턴스가 호스트에서 실행되고 있고 포트에서 TCP/IP 연결을 허용하고 있는지 확인하십시오. 또한 방화벽에서 포트로의 TCP 연결을 차단하지 않는지 확인하십시오.".] with root cause
 com.microsoft.sqlserver.jdbc.SQLServerException: 호스트 61.32.101.234, 포트 1433에 대한 TCP/IP 연결에 실패했습니다. 오류: "connect timed out. 연결 속성을 확인하십시오. SQL Server의 인스턴스가 호스트에서 실행되고 있고 포트에서 TCP/IP 연결을 허용하고 있는지 확인하십시오. 또한 방화벽에서 포트로의 TCP 연결을 차단하지 않는지 확인하십시오.".
	at com.microsoft.sqlserver.jdbc.SQLServerException.makeFromDriverError(SQLServerException.java:234)
	at com.microsoft.sqlserver.jdbc.SQLServerException.ConvertConnectExceptionToSQLServerException(SQLServerException.java:285)
	at com.microsoft.sqlserver.jdbc.SocketFinder.findSocket(IOBuffer.java:2462)
	at com.microsoft.sqlserver.jdbc.TDSChannel.open(IOBuffer.java:668)
	at com.microsoft.sqlserver.jdbc.SQLServerConnection.connectHelper(SQLServerConnection.java:2695)
	at com.microsoft.sqlserver.jdbc.SQLServerConnection.login(SQLServerConnection.java:2362)
	at com.microsoft.sqlserver.jdbc.SQLServerConnection.connectInternal(SQLServerConnection.java:2213)
	at com.microsoft.sqlserver.jdbc.SQLServerConnection.connect(SQLServerConnection.java:1276)
	at com.microsoft.sqlserver.jdbc.SQLServerDriver.connect(SQLServerDriver.java:861)
	at org.apache.commons.dbcp.DriverConnectionFactory.createConnection(DriverConnectionFactory.java:38)
	at org.apache.commons.dbcp.PoolableConnectionFactory.makeObject(PoolableConnectionFactory.java:582)
	at org.apache.commons.pool.impl.GenericObjectPool.borrowObject(GenericObjectPool.java:1148)
	at org.apache.commons.dbcp.PoolingDataSource.getConnection(PoolingDataSource.java:106)
	at org.apache.commons.dbcp.BasicDataSource.getConnection(BasicDataSource.java:1044)
	at org.springframework.jdbc.datasource.DataSourceUtils.fetchConnection(DataSourceUtils.java:157)
	at org.springframework.jdbc.datasource.DataSourceUtils.doGetConnection(DataSourceUtils.java:115)
	at org.springframework.jdbc.datasource.DataSourceUtils.getConnection(DataSourceUtils.java:78)
	at org.mybatis.spring.transaction.SpringManagedTransaction.openConnection(SpringManagedTransaction.java:80)
	at org.mybatis.spring.transaction.SpringManagedTransaction.getConnection(SpringManagedTransaction.java:67)
	at org.apache.ibatis.executor.BaseExecutor.getConnection(BaseExecutor.java:336)
	at org.apache.ibatis.executor.SimpleExecutor.prepareStatement(SimpleExecutor.java:85)
	at org.apache.ibatis.executor.SimpleExecutor.doQuery(SimpleExecutor.java:62)
	at org.apache.ibatis.executor.BaseExecutor.queryFromDatabase(BaseExecutor.java:324)
	at org.apache.ibatis.executor.BaseExecutor.query(BaseExecutor.java:156)
	at org.apache.ibatis.executor.CachingExecutor.query(CachingExecutor.java:109)
	at org.apache.ibatis.executor.CachingExecutor.query(CachingExecutor.java:83)
	at org.apache.ibatis.session.defaults.DefaultSqlSession.selectList(DefaultSqlSession.java:147)
	at org.apache.ibatis.session.defaults.DefaultSqlSession.selectList(DefaultSqlSession.java:140)
	at org.apache.ibatis.session.defaults.DefaultSqlSession.selectOne(DefaultSqlSession.java:76)
	at sun.reflect.GeneratedMethodAccessor90.invoke(Unknown Source)
	at sun.reflect.DelegatingMethodAccessorImpl.invoke(DelegatingMethodAccessorImpl.java:43)
	at java.lang.reflect.Method.invoke(Method.java:498)
	at org.mybatis.spring.SqlSessionTemplate$SqlSessionInterceptor.invoke(SqlSessionTemplate.java:426)
	at com.sun.proxy.$Proxy59.selectOne(Unknown Source)
	at org.mybatis.spring.SqlSessionTemplate.selectOne(SqlSessionTemplate.java:159)
	at org.apache.ibatis.binding.MapperMethod.execute(MapperMethod.java:87)
	at org.apache.ibatis.binding.MapperProxy.invoke(MapperProxy.java:57)
	at com.sun.proxy.$Proxy61.LoginMember(Unknown Source)
	at com.daejist.login.service.LoginServiceImp.LoginCheck(LoginServiceImp.java:29)
	at com.daejist.login.controller.LoginController.getLogin(LoginController.java:98)
	at sun.reflect.GeneratedMethodAccessor220.invoke(Unknown Source)
	at sun.reflect.DelegatingMethodAccessorImpl.invoke(DelegatingMethodAccessorImpl.java:43)
	at java.lang.reflect.Method.invoke(Method.java:498)
	at org.springframework.web.method.support.InvocableHandlerMethod.doInvoke(InvocableHandlerMethod.java:190)
	at org.springframework.web.method.support.InvocableHandlerMethod.invokeForRequest(InvocableHandlerMethod.java:138)
	at org.springframework.web.servlet.mvc.method.annotation.ServletInvocableHandlerMethod.invokeAndHandle(ServletInvocableHandlerMethod.java:104)
	at org.springframework.web.servlet.mvc.method.annotation.RequestMappingHandlerAdapter.invokeHandlerMethod(RequestMappingHandlerAdapter.java:892)
	at org.springframework.web.servlet.mvc.method.annotation.RequestMappingHandlerAdapter.handleInternal(RequestMappingHandlerAdapter.java:797)
	at org.springframework.web.servlet.mvc.method.AbstractHandlerMethodAdapter.handle(AbstractHandlerMethodAdapter.java:87)
	at org.springframework.web.servlet.DispatcherServlet.doDispatch(DispatcherServlet.java:1039)
	at org.springframework.web.servlet.DispatcherServlet.doService(DispatcherServlet.java:942)
	at org.springframework.web.servlet.FrameworkServlet.processRequest(FrameworkServlet.java:1005)
	at org.springframework.web.servlet.FrameworkServlet.doPost(FrameworkServlet.java:908)
	at javax.servlet.http.HttpServlet.service(HttpServlet.java:648)
	at org.springframework.web.servlet.FrameworkServlet.service(FrameworkServlet.java:882)
	at javax.servlet.http.HttpServlet.service(HttpServlet.java:729)
	at org.apache.catalina.core.ApplicationFilterChain.internalDoFilter(ApplicationFilterChain.java:292)
	at org.apache.catalina.core.ApplicationFilterChain.doFilter(ApplicationFilterChain.java:207)
	at org.apache.tomcat.websocket.server.WsFilter.doFilter(WsFilter.java:52)
	at org.apache.catalina.core.ApplicationFilterChain.internalDoFilter(ApplicationFilterChain.java:240)
	at org.apache.catalina.core.ApplicationFilterChain.doFilter(ApplicationFilterChain.java:207)
	at org.springframework.web.filter.CharacterEncodingFilter.doFilterInternal(CharacterEncodingFilter.java:200)
	at org.springframework.web.filter.OncePerRequestFilter.doFilter(OncePerRequestFilter.java:118)
	at org.apache.catalina.core.ApplicationFilterChain.internalDoFilter(ApplicationFilterChain.java:240)
	at org.apache.catalina.core.ApplicationFilterChain.doFilter(ApplicationFilterChain.java:207)
	at org.apache.catalina.core.StandardWrapperValve.invoke(StandardWrapperValve.java:212)
	at org.apache.catalina.core.StandardContextValve.invoke(StandardContextValve.java:94)
	at org.apache.catalina.core.StandardHostValve.invoke(StandardHostValve.java:141)
	at org.apache.catalina.valves.ErrorReportValve.invoke(ErrorReportValve.java:79)
	at org.apache.catalina.core.StandardEngineValve.invoke(StandardEngineValve.java:88)
	at org.apache.catalina.connector.CoyoteAdapter.service(CoyoteAdapter.java:502)
	at org.apache.coyote.http11.AbstractHttp11Processor.process(AbstractHttp11Processor.java:1132)
	at org.apache.coyote.AbstractProtocol$AbstractConnectionHandler.process(AbstractProtocol.java:684)
	at org.apache.tomcat.util.net.NioEndpoint$SocketProcessor.doRun(NioEndpoint.java:1539)
	at org.apache.tomcat.util.net.NioEndpoint$SocketProcessor.run(NioEndpoint.java:1495)
	at java.util.concurrent.ThreadPoolExecutor.runWorker(ThreadPoolExecutor.java:1142)
	at java.util.concurrent.ThreadPoolExecutor$Worker.run(ThreadPoolExecutor.java:617)
	at org.apache.tomcat.util.threads.TaskThread$WrappingRunnable.run(TaskThread.java:61)
	at java.lang.Thread.run(Thread.java:745)

12-Feb-2026 15:13:48.772 심각 [http-nio-8855-exec-16] org.apache.catalina.core.StandardWrapperValve.invoke Servlet.service() for servlet [appServlet] in context with path [] threw exception [Request processing failed; nested exception is org.mybatis.spring.MyBatisSystemException: nested exception is org.apache.ibatis.exceptions.PersistenceException: 
### Error querying database.  Cause: org.springframework.jdbc.CannotGetJdbcConnectionException: Failed to obtain JDBC Connection; nested exception is com.microsoft.sqlserver.jdbc.SQLServerException: 호스트 61.32.101.234, 포트 1433에 대한 TCP/IP 연결에 실패했습니다. 오류: "connect timed out. 연결 속성을 확인하십시오. SQL Server의 인스턴스가 호스트에서 실행되고 있고 포트에서 TCP/IP 연결을 허용하고 있는지 확인하십시오. 또한 방화벽에서 포트로의 TCP 연결을 차단하지 않는지 확인하십시오.".
### The error may exist in com/daejist/login/mapper/LoginMapper.xml
### The error may involve com.daejist.login.mapper.LoginMapper.LoginMember
### The error occurred while executing a query
### Cause: org.springframework.jdbc.CannotGetJdbcConnectionException: Failed to obtain JDBC Connection; nested exception is com.microsoft.sqlserver.jdbc.SQLServerException: 호스트 61.32.101.234, 포트 1433에 대한 TCP/IP 연결에 실패했습니다. 오류: "connect timed out. 연결 속성을 확인하십시오. SQL Server의 인스턴스가 호스트에서 실행되고 있고 포트에서 TCP/IP 연결을 허용하고 있는지 확인하십시오. 또한 방화벽에서 포트로의 TCP 연결을 차단하지 않는지 확인하십시오.".] with root cause
 com.microsoft.sqlserver.jdbc.SQLServerException: 호스트 61.32.101.234, 포트 1433에 대한 TCP/IP 연결에 실패했습니다. 오류: "connect timed out. 연결 속성을 확인하십시오. SQL Server의 인스턴스가 호스트에서 실행되고 있고 포트에서 TCP/IP 연결을 허용하고 있는지 확인하십시오. 또한 방화벽에서 포트로의 TCP 연결을 차단하지 않는지 확인하십시오.".
	at com.microsoft.sqlserver.jdbc.SQLServerException.makeFromDriverError(SQLServerException.java:234)
	at com.microsoft.sqlserver.jdbc.SQLServerException.ConvertConnectExceptionToSQLServerException(SQLServerException.java:285)
	at com.microsoft.sqlserver.jdbc.SocketFinder.findSocket(IOBuffer.java:2462)
	at com.microsoft.sqlserver.jdbc.TDSChannel.open(IOBuffer.java:668)
	at com.microsoft.sqlserver.jdbc.SQLServerConnection.connectHelper(SQLServerConnection.java:2695)
	at com.microsoft.sqlserver.jdbc.SQLServerConnection.login(SQLServerConnection.java:2362)
	at com.microsoft.sqlserver.jdbc.SQLServerConnection.connectInternal(SQLServerConnection.java:2213)
	at com.microsoft.sqlserver.jdbc.SQLServerConnection.connect(SQLServerConnection.java:1276)
	at com.microsoft.sqlserver.jdbc.SQLServerDriver.connect(SQLServerDriver.java:861)
	at org.apache.commons.dbcp.DriverConnectionFactory.createConnection(DriverConnectionFactory.java:38)
	at org.apache.commons.dbcp.PoolableConnectionFactory.makeObject(PoolableConnectionFactory.java:582)
	at org.apache.commons.pool.impl.GenericObjectPool.borrowObject(GenericObjectPool.java:1148)
	at org.apache.commons.dbcp.PoolingDataSource.getConnection(PoolingDataSource.java:106)
	at org.apache.commons.dbcp.BasicDataSource.getConnection(BasicDataSource.java:1044)
	at org.springframework.jdbc.datasource.DataSourceUtils.fetchConnection(DataSourceUtils.java:157)
	at org.springframework.jdbc.datasource.DataSourceUtils.doGetConnection(DataSourceUtils.java:115)
	at org.springframework.jdbc.datasource.DataSourceUtils.getConnection(DataSourceUtils.java:78)
	at org.mybatis.spring.transaction.SpringManagedTransaction.openConnection(SpringManagedTransaction.java:80)
	at org.mybatis.spring.transaction.SpringManagedTransaction.getConnection(SpringManagedTransaction.java:67)
	at org.apache.ibatis.executor.BaseExecutor.getConnection(BaseExecutor.java:336)
	at org.apache.ibatis.executor.SimpleExecutor.prepareStatement(SimpleExecutor.java:85)
	at org.apache.ibatis.executor.SimpleExecutor.doQuery(SimpleExecutor.java:62)
	at org.apache.ibatis.executor.BaseExecutor.queryFromDatabase(BaseExecutor.java:324)
	at org.apache.ibatis.executor.BaseExecutor.query(BaseExecutor.java:156)
	at org.apache.ibatis.executor.CachingExecutor.query(CachingExecutor.java:109)
	at org.apache.ibatis.executor.CachingExecutor.query(CachingExecutor.java:83)
	at org.apache.ibatis.session.defaults.DefaultSqlSession.selectList(DefaultSqlSession.java:147)
	at org.apache.ibatis.session.defaults.DefaultSqlSession.selectList(DefaultSqlSession.java:140)
	at org.apache.ibatis.session.defaults.DefaultSqlSession.selectOne(DefaultSqlSession.java:76)
	at sun.reflect.GeneratedMethodAccessor90.invoke(Unknown Source)
	at sun.reflect.DelegatingMethodAccessorImpl.invoke(DelegatingMethodAccessorImpl.java:43)
	at java.lang.reflect.Method.invoke(Method.java:498)
	at org.mybatis.spring.SqlSessionTemplate$SqlSessionInterceptor.invoke(SqlSessionTemplate.java:426)
	at com.sun.proxy.$Proxy59.selectOne(Unknown Source)
	at org.mybatis.spring.SqlSessionTemplate.selectOne(SqlSessionTemplate.java:159)
	at org.apache.ibatis.binding.MapperMethod.execute(MapperMethod.java:87)
	at org.apache.ibatis.binding.MapperProxy.invoke(MapperProxy.java:57)
	at com.sun.proxy.$Proxy61.LoginMember(Unknown Source)
	at com.daejist.login.service.LoginServiceImp.LoginCheck(LoginServiceImp.java:29)
	at com.daejist.login.controller.LoginController.getLogin(LoginController.java:98)
	at sun.reflect.GeneratedMethodAccessor220.invoke(Unknown Source)
	at sun.reflect.DelegatingMethodAccessorImpl.invoke(DelegatingMethodAccessorImpl.java:43)
	at java.lang.reflect.Method.invoke(Method.java:498)
	at org.springframework.web.method.support.InvocableHandlerMethod.doInvoke(InvocableHandlerMethod.java:190)
	at org.springframework.web.method.support.InvocableHandlerMethod.invokeForRequest(InvocableHandlerMethod.java:138)
	at org.springframework.web.servlet.mvc.method.annotation.ServletInvocableHandlerMethod.invokeAndHandle(ServletInvocableHandlerMethod.java:104)
	at org.springframework.web.servlet.mvc.method.annotation.RequestMappingHandlerAdapter.invokeHandlerMethod(RequestMappingHandlerAdapter.java:892)
	at org.springframework.web.servlet.mvc.method.annotation.RequestMappingHandlerAdapter.handleInternal(RequestMappingHandlerAdapter.java:797)
	at org.springframework.web.servlet.mvc.method.AbstractHandlerMethodAdapter.handle(AbstractHandlerMethodAdapter.java:87)
	at org.springframework.web.servlet.DispatcherServlet.doDispatch(DispatcherServlet.java:1039)
	at org.springframework.web.servlet.DispatcherServlet.doService(DispatcherServlet.java:942)
	at org.springframework.web.servlet.FrameworkServlet.processRequest(FrameworkServlet.java:1005)
	at org.springframework.web.servlet.FrameworkServlet.doPost(FrameworkServlet.java:908)
	at javax.servlet.http.HttpServlet.service(HttpServlet.java:648)
	at org.springframework.web.servlet.FrameworkServlet.service(FrameworkServlet.java:882)
	at javax.servlet.http.HttpServlet.service(HttpServlet.java:729)
	at org.apache.catalina.core.ApplicationFilterChain.internalDoFilter(ApplicationFilterChain.java:292)
	at org.apache.catalina.core.ApplicationFilterChain.doFilter(ApplicationFilterChain.java:207)
	at org.apache.tomcat.websocket.server.WsFilter.doFilter(WsFilter.java:52)
	at org.apache.catalina.core.ApplicationFilterChain.internalDoFilter(ApplicationFilterChain.java:240)
	at org.apache.catalina.core.ApplicationFilterChain.doFilter(ApplicationFilterChain.java:207)
	at org.springframework.web.filter.CharacterEncodingFilter.doFilterInternal(CharacterEncodingFilter.java:200)
	at org.springframework.web.filter.OncePerRequestFilter.doFilter(OncePerRequestFilter.java:118)
	at org.apache.catalina.core.ApplicationFilterChain.internalDoFilter(ApplicationFilterChain.java:240)
	at org.apache.catalina.core.ApplicationFilterChain.doFilter(ApplicationFilterChain.java:207)
	at org.apache.catalina.core.StandardWrapperValve.invoke(StandardWrapperValve.java:212)
	at org.apache.catalina.core.StandardContextValve.invoke(StandardContextValve.java:94)
	at org.apache.catalina.core.StandardHostValve.invoke(StandardHostValve.java:141)
	at org.apache.catalina.valves.ErrorReportValve.invoke(ErrorReportValve.java:79)
	at org.apache.catalina.core.StandardEngineValve.invoke(StandardEngineValve.java:88)
	at org.apache.catalina.connector.CoyoteAdapter.service(CoyoteAdapter.java:502)
	at org.apache.coyote.http11.AbstractHttp11Processor.process(AbstractHttp11Processor.java:1132)
	at org.apache.coyote.AbstractProtocol$AbstractConnectionHandler.process(AbstractProtocol.java:684)
	at org.apache.tomcat.util.net.NioEndpoint$SocketProcessor.doRun(NioEndpoint.java:1539)
	at org.apache.tomcat.util.net.NioEndpoint$SocketProcessor.run(NioEndpoint.java:1495)
	at java.util.concurrent.ThreadPoolExecutor.runWorker(ThreadPoolExecutor.java:1142)
	at java.util.concurrent.ThreadPoolExecutor$Worker.run(ThreadPoolExecutor.java:617)
	at org.apache.tomcat.util.threads.TaskThread$WrappingRunnable.run(TaskThread.java:61)
	at java.lang.Thread.run(Thread.java:745)

12-Feb-2026 15:14:00.508 심각 [http-nio-8855-exec-17] org.apache.catalina.core.StandardWrapperValve.invoke Servlet.service() for servlet [appServlet] in context with path [] threw exception [Request processing failed; nested exception is org.mybatis.spring.MyBatisSystemException: nested exception is org.apache.ibatis.exceptions.PersistenceException: 
### Error querying database.  Cause: org.springframework.jdbc.CannotGetJdbcConnectionException: Failed to obtain JDBC Connection; nested exception is com.microsoft.sqlserver.jdbc.SQLServerException: 호스트 61.32.101.234, 포트 1433에 대한 TCP/IP 연결에 실패했습니다. 오류: "connect timed out. 연결 속성을 확인하십시오. SQL Server의 인스턴스가 호스트에서 실행되고 있고 포트에서 TCP/IP 연결을 허용하고 있는지 확인하십시오. 또한 방화벽에서 포트로의 TCP 연결을 차단하지 않는지 확인하십시오.".
### The error may exist in com/daejist/login/mapper/LoginMapper.xml
### The error may involve com.daejist.login.mapper.LoginMapper.LoginMember
### The error occurred while executing a query
### Cause: org.springframework.jdbc.CannotGetJdbcConnectionException: Failed to obtain JDBC Connection; nested exception is com.microsoft.sqlserver.jdbc.SQLServerException: 호스트 61.32.101.234, 포트 1433에 대한 TCP/IP 연결에 실패했습니다. 오류: "connect timed out. 연결 속성을 확인하십시오. SQL Server의 인스턴스가 호스트에서 실행되고 있고 포트에서 TCP/IP 연결을 허용하고 있는지 확인하십시오. 또한 방화벽에서 포트로의 TCP 연결을 차단하지 않는지 확인하십시오.".] with root cause
 com.microsoft.sqlserver.jdbc.SQLServerException: 호스트 61.32.101.234, 포트 1433에 대한 TCP/IP 연결에 실패했습니다. 오류: "connect timed out. 연결 속성을 확인하십시오. SQL Server의 인스턴스가 호스트에서 실행되고 있고 포트에서 TCP/IP 연결을 허용하고 있는지 확인하십시오. 또한 방화벽에서 포트로의 TCP 연결을 차단하지 않는지 확인하십시오.".
	at com.microsoft.sqlserver.jdbc.SQLServerException.makeFromDriverError(SQLServerException.java:234)
	at com.microsoft.sqlserver.jdbc.SQLServerException.ConvertConnectExceptionToSQLServerException(SQLServerException.java:285)
	at com.microsoft.sqlserver.jdbc.SocketFinder.findSocket(IOBuffer.java:2462)
	at com.microsoft.sqlserver.jdbc.TDSChannel.open(IOBuffer.java:668)
	at com.microsoft.sqlserver.jdbc.SQLServerConnection.connectHelper(SQLServerConnection.java:2695)
	at com.microsoft.sqlserver.jdbc.SQLServerConnection.login(SQLServerConnection.java:2362)
	at com.microsoft.sqlserver.jdbc.SQLServerConnection.connectInternal(SQLServerConnection.java:2213)
	at com.microsoft.sqlserver.jdbc.SQLServerConnection.connect(SQLServerConnection.java:1276)
	at com.microsoft.sqlserver.jdbc.SQLServerDriver.connect(SQLServerDriver.java:861)
	at org.apache.commons.dbcp.DriverConnectionFactory.createConnection(DriverConnectionFactory.java:38)
	at org.apache.commons.dbcp.PoolableConnectionFactory.makeObject(PoolableConnectionFactory.java:582)
	at org.apache.commons.pool.impl.GenericObjectPool.borrowObject(GenericObjectPool.java:1148)
	at org.apache.commons.dbcp.PoolingDataSource.getConnection(PoolingDataSource.java:106)
	at org.apache.commons.dbcp.BasicDataSource.getConnection(BasicDataSource.java:1044)
	at org.springframework.jdbc.datasource.DataSourceUtils.fetchConnection(DataSourceUtils.java:157)
	at org.springframework.jdbc.datasource.DataSourceUtils.doGetConnection(DataSourceUtils.java:115)
	at org.springframework.jdbc.datasource.DataSourceUtils.getConnection(DataSourceUtils.java:78)
	at org.mybatis.spring.transaction.SpringManagedTransaction.openConnection(SpringManagedTransaction.java:80)
	at org.mybatis.spring.transaction.SpringManagedTransaction.getConnection(SpringManagedTransaction.java:67)
	at org.apache.ibatis.executor.BaseExecutor.getConnection(BaseExecutor.java:336)
	at org.apache.ibatis.executor.SimpleExecutor.prepareStatement(SimpleExecutor.java:85)
	at org.apache.ibatis.executor.SimpleExecutor.doQuery(SimpleExecutor.java:62)
	at org.apache.ibatis.executor.BaseExecutor.queryFromDatabase(BaseExecutor.java:324)
	at org.apache.ibatis.executor.BaseExecutor.query(BaseExecutor.java:156)
	at org.apache.ibatis.executor.CachingExecutor.query(CachingExecutor.java:109)
	at org.apache.ibatis.executor.CachingExecutor.query(CachingExecutor.java:83)
	at org.apache.ibatis.session.defaults.DefaultSqlSession.selectList(DefaultSqlSession.java:147)
	at org.apache.ibatis.session.defaults.DefaultSqlSession.selectList(DefaultSqlSession.java:140)
	at org.apache.ibatis.session.defaults.DefaultSqlSession.selectOne(DefaultSqlSession.java:76)
	at sun.reflect.GeneratedMethodAccessor90.invoke(Unknown Source)
	at sun.reflect.DelegatingMethodAccessorImpl.invoke(DelegatingMethodAccessorImpl.java:43)
	at java.lang.reflect.Method.invoke(Method.java:498)
	at org.mybatis.spring.SqlSessionTemplate$SqlSessionInterceptor.invoke(SqlSessionTemplate.java:426)
	at com.sun.proxy.$Proxy59.selectOne(Unknown Source)
	at org.mybatis.spring.SqlSessionTemplate.selectOne(SqlSessionTemplate.java:159)
	at org.apache.ibatis.binding.MapperMethod.execute(MapperMethod.java:87)
	at org.apache.ibatis.binding.MapperProxy.invoke(MapperProxy.java:57)
	at com.sun.proxy.$Proxy61.LoginMember(Unknown Source)
	at com.daejist.login.service.LoginServiceImp.LoginCheck(LoginServiceImp.java:29)
	at com.daejist.login.controller.LoginController.getLogin(LoginController.java:98)
	at sun.reflect.GeneratedMethodAccessor220.invoke(Unknown Source)
	at sun.reflect.DelegatingMethodAccessorImpl.invoke(DelegatingMethodAccessorImpl.java:43)
	at java.lang.reflect.Method.invoke(Method.java:498)
	at org.springframework.web.method.support.InvocableHandlerMethod.doInvoke(InvocableHandlerMethod.java:190)
	at org.springframework.web.method.support.InvocableHandlerMethod.invokeForRequest(InvocableHandlerMethod.java:138)
	at org.springframework.web.servlet.mvc.method.annotation.ServletInvocableHandlerMethod.invokeAndHandle(ServletInvocableHandlerMethod.java:104)
	at org.springframework.web.servlet.mvc.method.annotation.RequestMappingHandlerAdapter.invokeHandlerMethod(RequestMappingHandlerAdapter.java:892)
	at org.springframework.web.servlet.mvc.method.annotation.RequestMappingHandlerAdapter.handleInternal(RequestMappingHandlerAdapter.java:797)
	at org.springframework.web.servlet.mvc.method.AbstractHandlerMethodAdapter.handle(AbstractHandlerMethodAdapter.java:87)
	at org.springframework.web.servlet.DispatcherServlet.doDispatch(DispatcherServlet.java:1039)
	at org.springframework.web.servlet.DispatcherServlet.doService(DispatcherServlet.java:942)
	at org.springframework.web.servlet.FrameworkServlet.processRequest(FrameworkServlet.java:1005)
	at org.springframework.web.servlet.FrameworkServlet.doPost(FrameworkServlet.java:908)
	at javax.servlet.http.HttpServlet.service(HttpServlet.java:648)
	at org.springframework.web.servlet.FrameworkServlet.service(FrameworkServlet.java:882)
	at javax.servlet.http.HttpServlet.service(HttpServlet.java:729)
	at org.apache.catalina.core.ApplicationFilterChain.internalDoFilter(ApplicationFilterChain.java:292)
	at org.apache.catalina.core.ApplicationFilterChain.doFilter(ApplicationFilterChain.java:207)
	at org.apache.tomcat.websocket.server.WsFilter.doFilter(WsFilter.java:52)
	at org.apache.catalina.core.ApplicationFilterChain.internalDoFilter(ApplicationFilterChain.java:240)
	at org.apache.catalina.core.ApplicationFilterChain.doFilter(ApplicationFilterChain.java:207)
	at org.springframework.web.filter.CharacterEncodingFilter.doFilterInternal(CharacterEncodingFilter.java:200)
	at org.springframework.web.filter.OncePerRequestFilter.doFilter(OncePerRequestFilter.java:118)
	at org.apache.catalina.core.ApplicationFilterChain.internalDoFilter(ApplicationFilterChain.java:240)
	at org.apache.catalina.core.ApplicationFilterChain.doFilter(ApplicationFilterChain.java:207)
	at org.apache.catalina.core.StandardWrapperValve.invoke(StandardWrapperValve.java:212)
	at org.apache.catalina.core.StandardContextValve.invoke(StandardContextValve.java:94)
	at org.apache.catalina.core.StandardHostValve.invoke(StandardHostValve.java:141)
	at org.apache.catalina.valves.ErrorReportValve.invoke(ErrorReportValve.java:79)
	at org.apache.catalina.core.StandardEngineValve.invoke(StandardEngineValve.java:88)
	at org.apache.catalina.connector.CoyoteAdapter.service(CoyoteAdapter.java:502)
	at org.apache.coyote.http11.AbstractHttp11Processor.process(AbstractHttp11Processor.java:1132)
	at org.apache.coyote.AbstractProtocol$AbstractConnectionHandler.process(AbstractProtocol.java:684)
	at org.apache.tomcat.util.net.NioEndpoint$SocketProcessor.doRun(NioEndpoint.java:1539)
	at org.apache.tomcat.util.net.NioEndpoint$SocketProcessor.run(NioEndpoint.java:1495)
	at java.util.concurrent.ThreadPoolExecutor.runWorker(ThreadPoolExecutor.java:1142)
	at java.util.concurrent.ThreadPoolExecutor$Worker.run(ThreadPoolExecutor.java:617)
	at org.apache.tomcat.util.threads.TaskThread$WrappingRunnable.run(TaskThread.java:61)
	at java.lang.Thread.run(Thread.java:745)

12-Feb-2026 15:14:05.168 심각 [http-nio-8855-exec-13] org.apache.catalina.core.StandardWrapperValve.invoke Servlet.service() for servlet [appServlet] in context with path [] threw exception [Request processing failed; nested exception is org.mybatis.spring.MyBatisSystemException: nested exception is org.apache.ibatis.exceptions.PersistenceException: 
### Error querying database.  Cause: org.springframework.jdbc.CannotGetJdbcConnectionException: Failed to obtain JDBC Connection; nested exception is com.microsoft.sqlserver.jdbc.SQLServerException: 호스트 61.32.101.234, 포트 1433에 대한 TCP/IP 연결에 실패했습니다. 오류: "connect timed out. 연결 속성을 확인하십시오. SQL Server의 인스턴스가 호스트에서 실행되고 있고 포트에서 TCP/IP 연결을 허용하고 있는지 확인하십시오. 또한 방화벽에서 포트로의 TCP 연결을 차단하지 않는지 확인하십시오.".
### The error may exist in com/daejist/login/mapper/LoginMapper.xml
### The error may involve com.daejist.login.mapper.LoginMapper.LoginMember
### The error occurred while executing a query
### Cause: org.springframework.jdbc.CannotGetJdbcConnectionException: Failed to obtain JDBC Connection; nested exception is com.microsoft.sqlserver.jdbc.SQLServerException: 호스트 61.32.101.234, 포트 1433에 대한 TCP/IP 연결에 실패했습니다. 오류: "connect timed out. 연결 속성을 확인하십시오. SQL Server의 인스턴스가 호스트에서 실행되고 있고 포트에서 TCP/IP 연결을 허용하고 있는지 확인하십시오. 또한 방화벽에서 포트로의 TCP 연결을 차단하지 않는지 확인하십시오.".] with root cause
 com.microsoft.sqlserver.jdbc.SQLServerException: 호스트 61.32.101.234, 포트 1433에 대한 TCP/IP 연결에 실패했습니다. 오류: "connect timed out. 연결 속성을 확인하십시오. SQL Server의 인스턴스가 호스트에서 실행되고 있고 포트에서 TCP/IP 연결을 허용하고 있는지 확인하십시오. 또한 방화벽에서 포트로의 TCP 연결을 차단하지 않는지 확인하십시오.".
	at com.microsoft.sqlserver.jdbc.SQLServerException.makeFromDriverError(SQLServerException.java:234)
	at com.microsoft.sqlserver.jdbc.SQLServerException.ConvertConnectExceptionToSQLServerException(SQLServerException.java:285)
	at com.microsoft.sqlserver.jdbc.SocketFinder.findSocket(IOBuffer.java:2462)
	at com.microsoft.sqlserver.jdbc.TDSChannel.open(IOBuffer.java:668)
	at com.microsoft.sqlserver.jdbc.SQLServerConnection.connectHelper(SQLServerConnection.java:2695)
	at com.microsoft.sqlserver.jdbc.SQLServerConnection.login(SQLServerConnection.java:2362)
	at com.microsoft.sqlserver.jdbc.SQLServerConnection.connectInternal(SQLServerConnection.java:2213)
	at com.microsoft.sqlserver.jdbc.SQLServerConnection.connect(SQLServerConnection.java:1276)
	at com.microsoft.sqlserver.jdbc.SQLServerDriver.connect(SQLServerDriver.java:861)
	at org.apache.commons.dbcp.DriverConnectionFactory.createConnection(DriverConnectionFactory.java:38)
	at org.apache.commons.dbcp.PoolableConnectionFactory.makeObject(PoolableConnectionFactory.java:582)
	at org.apache.commons.pool.impl.GenericObjectPool.borrowObject(GenericObjectPool.java:1148)
	at org.apache.commons.dbcp.PoolingDataSource.getConnection(PoolingDataSource.java:106)
	at org.apache.commons.dbcp.BasicDataSource.getConnection(BasicDataSource.java:1044)
	at org.springframework.jdbc.datasource.DataSourceUtils.fetchConnection(DataSourceUtils.java:157)
	at org.springframework.jdbc.datasource.DataSourceUtils.doGetConnection(DataSourceUtils.java:115)
	at org.springframework.jdbc.datasource.DataSourceUtils.getConnection(DataSourceUtils.java:78)
	at org.mybatis.spring.transaction.SpringManagedTransaction.openConnection(SpringManagedTransaction.java:80)
	at org.mybatis.spring.transaction.SpringManagedTransaction.getConnection(SpringManagedTransaction.java:67)
	at org.apache.ibatis.executor.BaseExecutor.getConnection(BaseExecutor.java:336)
	at org.apache.ibatis.executor.SimpleExecutor.prepareStatement(SimpleExecutor.java:85)
	at org.apache.ibatis.executor.SimpleExecutor.doQuery(SimpleExecutor.java:62)
	at org.apache.ibatis.executor.BaseExecutor.queryFromDatabase(BaseExecutor.java:324)
	at org.apache.ibatis.executor.BaseExecutor.query(BaseExecutor.java:156)
	at org.apache.ibatis.executor.CachingExecutor.query(CachingExecutor.java:109)
	at org.apache.ibatis.executor.CachingExecutor.query(CachingExecutor.java:83)
	at org.apache.ibatis.session.defaults.DefaultSqlSession.selectList(DefaultSqlSession.java:147)
	at org.apache.ibatis.session.defaults.DefaultSqlSession.selectList(DefaultSqlSession.java:140)
	at org.apache.ibatis.session.defaults.DefaultSqlSession.selectOne(DefaultSqlSession.java:76)
	at sun.reflect.GeneratedMethodAccessor90.invoke(Unknown Source)
	at sun.reflect.DelegatingMethodAccessorImpl.invoke(DelegatingMethodAccessorImpl.java:43)
	at java.lang.reflect.Method.invoke(Method.java:498)
	at org.mybatis.spring.SqlSessionTemplate$SqlSessionInterceptor.invoke(SqlSessionTemplate.java:426)
	at com.sun.proxy.$Proxy59.selectOne(Unknown Source)
	at org.mybatis.spring.SqlSessionTemplate.selectOne(SqlSessionTemplate.java:159)
	at org.apache.ibatis.binding.MapperMethod.execute(MapperMethod.java:87)
	at org.apache.ibatis.binding.MapperProxy.invoke(MapperProxy.java:57)
	at com.sun.proxy.$Proxy61.LoginMember(Unknown Source)
	at com.daejist.login.service.LoginServiceImp.LoginCheck(LoginServiceImp.java:29)
	at com.daejist.login.controller.LoginController.getLogin(LoginController.java:98)
	at sun.reflect.GeneratedMethodAccessor220.invoke(Unknown Source)
	at sun.reflect.DelegatingMethodAccessorImpl.invoke(DelegatingMethodAccessorImpl.java:43)
	at java.lang.reflect.Method.invoke(Method.java:498)
	at org.springframework.web.method.support.InvocableHandlerMethod.doInvoke(InvocableHandlerMethod.java:190)
	at org.springframework.web.method.support.InvocableHandlerMethod.invokeForRequest(InvocableHandlerMethod.java:138)
	at org.springframework.web.servlet.mvc.method.annotation.ServletInvocableHandlerMethod.invokeAndHandle(ServletInvocableHandlerMethod.java:104)
	at org.springframework.web.servlet.mvc.method.annotation.RequestMappingHandlerAdapter.invokeHandlerMethod(RequestMappingHandlerAdapter.java:892)
	at org.springframework.web.servlet.mvc.method.annotation.RequestMappingHandlerAdapter.handleInternal(RequestMappingHandlerAdapter.java:797)
	at org.springframework.web.servlet.mvc.method.AbstractHandlerMethodAdapter.handle(AbstractHandlerMethodAdapter.java:87)
	at org.springframework.web.servlet.DispatcherServlet.doDispatch(DispatcherServlet.java:1039)
	at org.springframework.web.servlet.DispatcherServlet.doService(DispatcherServlet.java:942)
	at org.springframework.web.servlet.FrameworkServlet.processRequest(FrameworkServlet.java:1005)
	at org.springframework.web.servlet.FrameworkServlet.doPost(FrameworkServlet.java:908)
	at javax.servlet.http.HttpServlet.service(HttpServlet.java:648)
	at org.springframework.web.servlet.FrameworkServlet.service(FrameworkServlet.java:882)
	at javax.servlet.http.HttpServlet.service(HttpServlet.java:729)
	at org.apache.catalina.core.ApplicationFilterChain.internalDoFilter(ApplicationFilterChain.java:292)
	at org.apache.catalina.core.ApplicationFilterChain.doFilter(ApplicationFilterChain.java:207)
	at org.apache.tomcat.websocket.server.WsFilter.doFilter(WsFilter.java:52)
	at org.apache.catalina.core.ApplicationFilterChain.internalDoFilter(ApplicationFilterChain.java:240)
	at org.apache.catalina.core.ApplicationFilterChain.doFilter(ApplicationFilterChain.java:207)
	at org.springframework.web.filter.CharacterEncodingFilter.doFilterInternal(CharacterEncodingFilter.java:200)
	at org.springframework.web.filter.OncePerRequestFilter.doFilter(OncePerRequestFilter.java:118)
	at org.apache.catalina.core.ApplicationFilterChain.internalDoFilter(ApplicationFilterChain.java:240)
	at org.apache.catalina.core.ApplicationFilterChain.doFilter(ApplicationFilterChain.java:207)
	at org.apache.catalina.core.StandardWrapperValve.invoke(StandardWrapperValve.java:212)
	at org.apache.catalina.core.StandardContextValve.invoke(StandardContextValve.java:94)
	at org.apache.catalina.core.StandardHostValve.invoke(StandardHostValve.java:141)
	at org.apache.catalina.valves.ErrorReportValve.invoke(ErrorReportValve.java:79)
	at org.apache.catalina.core.StandardEngineValve.invoke(StandardEngineValve.java:88)
	at org.apache.catalina.connector.CoyoteAdapter.service(CoyoteAdapter.java:502)
	at org.apache.coyote.http11.AbstractHttp11Processor.process(AbstractHttp11Processor.java:1132)
	at org.apache.coyote.AbstractProtocol$AbstractConnectionHandler.process(AbstractProtocol.java:684)
	at org.apache.tomcat.util.net.NioEndpoint$SocketProcessor.doRun(NioEndpoint.java:1539)
	at org.apache.tomcat.util.net.NioEndpoint$SocketProcessor.run(NioEndpoint.java:1495)
	at java.util.concurrent.ThreadPoolExecutor.runWorker(ThreadPoolExecutor.java:1142)
	at java.util.concurrent.ThreadPoolExecutor$Worker.run(ThreadPoolExecutor.java:617)
	at org.apache.tomcat.util.threads.TaskThread$WrappingRunnable.run(TaskThread.java:61)
	at java.lang.Thread.run(Thread.java:745)

12-Feb-2026 15:14:17.498 심각 [http-nio-8855-exec-5] org.apache.catalina.core.StandardWrapperValve.invoke Servlet.service() for servlet [appServlet] in context with path [] threw exception [Request processing failed; nested exception is org.mybatis.spring.MyBatisSystemException: nested exception is org.apache.ibatis.exceptions.PersistenceException: 
### Error querying database.  Cause: org.springframework.jdbc.CannotGetJdbcConnectionException: Failed to obtain JDBC Connection; nested exception is com.microsoft.sqlserver.jdbc.SQLServerException: 호스트 61.32.101.234, 포트 1433에 대한 TCP/IP 연결에 실패했습니다. 오류: "connect timed out. 연결 속성을 확인하십시오. SQL Server의 인스턴스가 호스트에서 실행되고 있고 포트에서 TCP/IP 연결을 허용하고 있는지 확인하십시오. 또한 방화벽에서 포트로의 TCP 연결을 차단하지 않는지 확인하십시오.".
### The error may exist in com/daejist/login/mapper/LoginMapper.xml
### The error may involve com.daejist.login.mapper.LoginMapper.LoginMember
### The error occurred while executing a query
### Cause: org.springframework.jdbc.CannotGetJdbcConnectionException: Failed to obtain JDBC Connection; nested exception is com.microsoft.sqlserver.jdbc.SQLServerException: 호스트 61.32.101.234, 포트 1433에 대한 TCP/IP 연결에 실패했습니다. 오류: "connect timed out. 연결 속성을 확인하십시오. SQL Server의 인스턴스가 호스트에서 실행되고 있고 포트에서 TCP/IP 연결을 허용하고 있는지 확인하십시오. 또한 방화벽에서 포트로의 TCP 연결을 차단하지 않는지 확인하십시오.".] with root cause
 com.microsoft.sqlserver.jdbc.SQLServerException: 호스트 61.32.101.234, 포트 1433에 대한 TCP/IP 연결에 실패했습니다. 오류: "connect timed out. 연결 속성을 확인하십시오. SQL Server의 인스턴스가 호스트에서 실행되고 있고 포트에서 TCP/IP 연결을 허용하고 있는지 확인하십시오. 또한 방화벽에서 포트로의 TCP 연결을 차단하지 않는지 확인하십시오.".
	at com.microsoft.sqlserver.jdbc.SQLServerException.makeFromDriverError(SQLServerException.java:234)
	at com.microsoft.sqlserver.jdbc.SQLServerException.ConvertConnectExceptionToSQLServerException(SQLServerException.java:285)
	at com.microsoft.sqlserver.jdbc.SocketFinder.findSocket(IOBuffer.java:2462)
	at com.microsoft.sqlserver.jdbc.TDSChannel.open(IOBuffer.java:668)
	at com.microsoft.sqlserver.jdbc.SQLServerConnection.connectHelper(SQLServerConnection.java:2695)
	at com.microsoft.sqlserver.jdbc.SQLServerConnection.login(SQLServerConnection.java:2362)
	at com.microsoft.sqlserver.jdbc.SQLServerConnection.connectInternal(SQLServerConnection.java:2213)
	at com.microsoft.sqlserver.jdbc.SQLServerConnection.connect(SQLServerConnection.java:1276)
	at com.microsoft.sqlserver.jdbc.SQLServerDriver.connect(SQLServerDriver.java:861)
	at org.apache.commons.dbcp.DriverConnectionFactory.createConnection(DriverConnectionFactory.java:38)
	at org.apache.commons.dbcp.PoolableConnectionFactory.makeObject(PoolableConnectionFactory.java:582)
	at org.apache.commons.pool.impl.GenericObjectPool.borrowObject(GenericObjectPool.java:1148)
	at org.apache.commons.dbcp.PoolingDataSource.getConnection(PoolingDataSource.java:106)
	at org.apache.commons.dbcp.BasicDataSource.getConnection(BasicDataSource.java:1044)
	at org.springframework.jdbc.datasource.DataSourceUtils.fetchConnection(DataSourceUtils.java:157)
	at org.springframework.jdbc.datasource.DataSourceUtils.doGetConnection(DataSourceUtils.java:115)
	at org.springframework.jdbc.datasource.DataSourceUtils.getConnection(DataSourceUtils.java:78)
	at org.mybatis.spring.transaction.SpringManagedTransaction.openConnection(SpringManagedTransaction.java:80)
	at org.mybatis.spring.transaction.SpringManagedTransaction.getConnection(SpringManagedTransaction.java:67)
	at org.apache.ibatis.executor.BaseExecutor.getConnection(BaseExecutor.java:336)
	at org.apache.ibatis.executor.SimpleExecutor.prepareStatement(SimpleExecutor.java:85)
	at org.apache.ibatis.executor.SimpleExecutor.doQuery(SimpleExecutor.java:62)
	at org.apache.ibatis.executor.BaseExecutor.queryFromDatabase(BaseExecutor.java:324)
	at org.apache.ibatis.executor.BaseExecutor.query(BaseExecutor.java:156)
	at org.apache.ibatis.executor.CachingExecutor.query(CachingExecutor.java:109)
	at org.apache.ibatis.executor.CachingExecutor.query(CachingExecutor.java:83)
	at org.apache.ibatis.session.defaults.DefaultSqlSession.selectList(DefaultSqlSession.java:147)
	at org.apache.ibatis.session.defaults.DefaultSqlSession.selectList(DefaultSqlSession.java:140)
	at org.apache.ibatis.session.defaults.DefaultSqlSession.selectOne(DefaultSqlSession.java:76)
	at sun.reflect.GeneratedMethodAccessor90.invoke(Unknown Source)
	at sun.reflect.DelegatingMethodAccessorImpl.invoke(DelegatingMethodAccessorImpl.java:43)
	at java.lang.reflect.Method.invoke(Method.java:498)
	at org.mybatis.spring.SqlSessionTemplate$SqlSessionInterceptor.invoke(SqlSessionTemplate.java:426)
	at com.sun.proxy.$Proxy59.selectOne(Unknown Source)
	at org.mybatis.spring.SqlSessionTemplate.selectOne(SqlSessionTemplate.java:159)
	at org.apache.ibatis.binding.MapperMethod.execute(MapperMethod.java:87)
	at org.apache.ibatis.binding.MapperProxy.invoke(MapperProxy.java:57)
	at com.sun.proxy.$Proxy61.LoginMember(Unknown Source)
	at com.daejist.login.service.LoginServiceImp.LoginCheck(LoginServiceImp.java:29)
	at com.daejist.login.controller.LoginController.getLogin(LoginController.java:98)
	at sun.reflect.GeneratedMethodAccessor220.invoke(Unknown Source)
	at sun.reflect.DelegatingMethodAccessorImpl.invoke(DelegatingMethodAccessorImpl.java:43)
	at java.lang.reflect.Method.invoke(Method.java:498)
	at org.springframework.web.method.support.InvocableHandlerMethod.doInvoke(InvocableHandlerMethod.java:190)
	at org.springframework.web.method.support.InvocableHandlerMethod.invokeForRequest(InvocableHandlerMethod.java:138)
	at org.springframework.web.servlet.mvc.method.annotation.ServletInvocableHandlerMethod.invokeAndHandle(ServletInvocableHandlerMethod.java:104)
	at org.springframework.web.servlet.mvc.method.annotation.RequestMappingHandlerAdapter.invokeHandlerMethod(RequestMappingHandlerAdapter.java:892)
	at org.springframework.web.servlet.mvc.method.annotation.RequestMappingHandlerAdapter.handleInternal(RequestMappingHandlerAdapter.java:797)
	at org.springframework.web.servlet.mvc.method.AbstractHandlerMethodAdapter.handle(AbstractHandlerMethodAdapter.java:87)
	at org.springframework.web.servlet.DispatcherServlet.doDispatch(DispatcherServlet.java:1039)
	at org.springframework.web.servlet.DispatcherServlet.doService(DispatcherServlet.java:942)
	at org.springframework.web.servlet.FrameworkServlet.processRequest(FrameworkServlet.java:1005)
	at org.springframework.web.servlet.FrameworkServlet.doPost(FrameworkServlet.java:908)
	at javax.servlet.http.HttpServlet.service(HttpServlet.java:648)
	at org.springframework.web.servlet.FrameworkServlet.service(FrameworkServlet.java:882)
	at javax.servlet.http.HttpServlet.service(HttpServlet.java:729)
	at org.apache.catalina.core.ApplicationFilterChain.internalDoFilter(ApplicationFilterChain.java:292)
	at org.apache.catalina.core.ApplicationFilterChain.doFilter(ApplicationFilterChain.java:207)
	at org.apache.tomcat.websocket.server.WsFilter.doFilter(WsFilter.java:52)
	at org.apache.catalina.core.ApplicationFilterChain.internalDoFilter(ApplicationFilterChain.java:240)
	at org.apache.catalina.core.ApplicationFilterChain.doFilter(ApplicationFilterChain.java:207)
	at org.springframework.web.filter.CharacterEncodingFilter.doFilterInternal(CharacterEncodingFilter.java:200)
	at org.springframework.web.filter.OncePerRequestFilter.doFilter(OncePerRequestFilter.java:118)
	at org.apache.catalina.core.ApplicationFilterChain.internalDoFilter(ApplicationFilterChain.java:240)
	at org.apache.catalina.core.ApplicationFilterChain.doFilter(ApplicationFilterChain.java:207)
	at org.apache.catalina.core.StandardWrapperValve.invoke(StandardWrapperValve.java:212)
	at org.apache.catalina.core.StandardContextValve.invoke(StandardContextValve.java:94)
	at org.apache.catalina.core.StandardHostValve.invoke(StandardHostValve.java:141)
	at org.apache.catalina.valves.ErrorReportValve.invoke(ErrorReportValve.java:79)
	at org.apache.catalina.core.StandardEngineValve.invoke(StandardEngineValve.java:88)
	at org.apache.catalina.connector.CoyoteAdapter.service(CoyoteAdapter.java:502)
	at org.apache.coyote.http11.AbstractHttp11Processor.process(AbstractHttp11Processor.java:1132)
	at org.apache.coyote.AbstractProtocol$AbstractConnectionHandler.process(AbstractProtocol.java:684)
	at org.apache.tomcat.util.net.NioEndpoint$SocketProcessor.doRun(NioEndpoint.java:1539)
	at org.apache.tomcat.util.net.NioEndpoint$SocketProcessor.run(NioEndpoint.java:1495)
	at java.util.concurrent.ThreadPoolExecutor.runWorker(ThreadPoolExecutor.java:1142)
	at java.util.concurrent.ThreadPoolExecutor$Worker.run(ThreadPoolExecutor.java:617)
	at org.apache.tomcat.util.threads.TaskThread$WrappingRunnable.run(TaskThread.java:61)
	at java.lang.Thread.run(Thread.java:745)

12-Feb-2026 15:14:22.050 심각 [http-nio-8855-exec-8] org.apache.catalina.core.StandardWrapperValve.invoke Servlet.service() for servlet [appServlet] in context with path [] threw exception [Request processing failed; nested exception is org.mybatis.spring.MyBatisSystemException: nested exception is org.apache.ibatis.exceptions.PersistenceException: 
### Error querying database.  Cause: org.springframework.jdbc.CannotGetJdbcConnectionException: Failed to obtain JDBC Connection; nested exception is com.microsoft.sqlserver.jdbc.SQLServerException: 호스트 61.32.101.234, 포트 1433에 대한 TCP/IP 연결에 실패했습니다. 오류: "connect timed out. 연결 속성을 확인하십시오. SQL Server의 인스턴스가 호스트에서 실행되고 있고 포트에서 TCP/IP 연결을 허용하고 있는지 확인하십시오. 또한 방화벽에서 포트로의 TCP 연결을 차단하지 않는지 확인하십시오.".
### The error may exist in com/daejist/login/mapper/LoginMapper.xml
### The error may involve com.daejist.login.mapper.LoginMapper.LoginMember
### The error occurred while executing a query
### Cause: org.springframework.jdbc.CannotGetJdbcConnectionException: Failed to obtain JDBC Connection; nested exception is com.microsoft.sqlserver.jdbc.SQLServerException: 호스트 61.32.101.234, 포트 1433에 대한 TCP/IP 연결에 실패했습니다. 오류: "connect timed out. 연결 속성을 확인하십시오. SQL Server의 인스턴스가 호스트에서 실행되고 있고 포트에서 TCP/IP 연결을 허용하고 있는지 확인하십시오. 또한 방화벽에서 포트로의 TCP 연결을 차단하지 않는지 확인하십시오.".] with root cause
 com.microsoft.sqlserver.jdbc.SQLServerException: 호스트 61.32.101.234, 포트 1433에 대한 TCP/IP 연결에 실패했습니다. 오류: "connect timed out. 연결 속성을 확인하십시오. SQL Server의 인스턴스가 호스트에서 실행되고 있고 포트에서 TCP/IP 연결을 허용하고 있는지 확인하십시오. 또한 방화벽에서 포트로의 TCP 연결을 차단하지 않는지 확인하십시오.".
	at com.microsoft.sqlserver.jdbc.SQLServerException.makeFromDriverError(SQLServerException.java:234)
	at com.microsoft.sqlserver.jdbc.SQLServerException.ConvertConnectExceptionToSQLServerException(SQLServerException.java:285)
	at com.microsoft.sqlserver.jdbc.SocketFinder.findSocket(IOBuffer.java:2462)
	at com.microsoft.sqlserver.jdbc.TDSChannel.open(IOBuffer.java:668)
	at com.microsoft.sqlserver.jdbc.SQLServerConnection.connectHelper(SQLServerConnection.java:2695)
	at com.microsoft.sqlserver.jdbc.SQLServerConnection.login(SQLServerConnection.java:2362)
	at com.microsoft.sqlserver.jdbc.SQLServerConnection.connectInternal(SQLServerConnection.java:2213)
	at com.microsoft.sqlserver.jdbc.SQLServerConnection.connect(SQLServerConnection.java:1276)
	at com.microsoft.sqlserver.jdbc.SQLServerDriver.connect(SQLServerDriver.java:861)
	at org.apache.commons.dbcp.DriverConnectionFactory.createConnection(DriverConnectionFactory.java:38)
	at org.apache.commons.dbcp.PoolableConnectionFactory.makeObject(PoolableConnectionFactory.java:582)
	at org.apache.commons.pool.impl.GenericObjectPool.borrowObject(GenericObjectPool.java:1148)
	at org.apache.commons.dbcp.PoolingDataSource.getConnection(PoolingDataSource.java:106)
	at org.apache.commons.dbcp.BasicDataSource.getConnection(BasicDataSource.java:1044)
	at org.springframework.jdbc.datasource.DataSourceUtils.fetchConnection(DataSourceUtils.java:157)
	at org.springframework.jdbc.datasource.DataSourceUtils.doGetConnection(DataSourceUtils.java:115)
	at org.springframework.jdbc.datasource.DataSourceUtils.getConnection(DataSourceUtils.java:78)
	at org.mybatis.spring.transaction.SpringManagedTransaction.openConnection(SpringManagedTransaction.java:80)
	at org.mybatis.spring.transaction.SpringManagedTransaction.getConnection(SpringManagedTransaction.java:67)
	at org.apache.ibatis.executor.BaseExecutor.getConnection(BaseExecutor.java:336)
	at org.apache.ibatis.executor.SimpleExecutor.prepareStatement(SimpleExecutor.java:85)
	at org.apache.ibatis.executor.SimpleExecutor.doQuery(SimpleExecutor.java:62)
	at org.apache.ibatis.executor.BaseExecutor.queryFromDatabase(BaseExecutor.java:324)
	at org.apache.ibatis.executor.BaseExecutor.query(BaseExecutor.java:156)
	at org.apache.ibatis.executor.CachingExecutor.query(CachingExecutor.java:109)
	at org.apache.ibatis.executor.CachingExecutor.query(CachingExecutor.java:83)
	at org.apache.ibatis.session.defaults.DefaultSqlSession.selectList(DefaultSqlSession.java:147)
	at org.apache.ibatis.session.defaults.DefaultSqlSession.selectList(DefaultSqlSession.java:140)
	at org.apache.ibatis.session.defaults.DefaultSqlSession.selectOne(DefaultSqlSession.java:76)
	at sun.reflect.GeneratedMethodAccessor90.invoke(Unknown Source)
	at sun.reflect.DelegatingMethodAccessorImpl.invoke(DelegatingMethodAccessorImpl.java:43)
	at java.lang.reflect.Method.invoke(Method.java:498)
	at org.mybatis.spring.SqlSessionTemplate$SqlSessionInterceptor.invoke(SqlSessionTemplate.java:426)
	at com.sun.proxy.$Proxy59.selectOne(Unknown Source)
	at org.mybatis.spring.SqlSessionTemplate.selectOne(SqlSessionTemplate.java:159)
	at org.apache.ibatis.binding.MapperMethod.execute(MapperMethod.java:87)
	at org.apache.ibatis.binding.MapperProxy.invoke(MapperProxy.java:57)
	at com.sun.proxy.$Proxy61.LoginMember(Unknown Source)
	at com.daejist.login.service.LoginServiceImp.LoginCheck(LoginServiceImp.java:29)
	at com.daejist.login.controller.LoginController.getLogin(LoginController.java:98)
	at sun.reflect.GeneratedMethodAccessor220.invoke(Unknown Source)
	at sun.reflect.DelegatingMethodAccessorImpl.invoke(DelegatingMethodAccessorImpl.java:43)
	at java.lang.reflect.Method.invoke(Method.java:498)
	at org.springframework.web.method.support.InvocableHandlerMethod.doInvoke(InvocableHandlerMethod.java:190)
	at org.springframework.web.method.support.InvocableHandlerMethod.invokeForRequest(InvocableHandlerMethod.java:138)
	at org.springframework.web.servlet.mvc.method.annotation.ServletInvocableHandlerMethod.invokeAndHandle(ServletInvocableHandlerMethod.java:104)
	at org.springframework.web.servlet.mvc.method.annotation.RequestMappingHandlerAdapter.invokeHandlerMethod(RequestMappingHandlerAdapter.java:892)
	at org.springframework.web.servlet.mvc.method.annotation.RequestMappingHandlerAdapter.handleInternal(RequestMappingHandlerAdapter.java:797)
	at org.springframework.web.servlet.mvc.method.AbstractHandlerMethodAdapter.handle(AbstractHandlerMethodAdapter.java:87)
	at org.springframework.web.servlet.DispatcherServlet.doDispatch(DispatcherServlet.java:1039)
	at org.springframework.web.servlet.DispatcherServlet.doService(DispatcherServlet.java:942)
	at org.springframework.web.servlet.FrameworkServlet.processRequest(FrameworkServlet.java:1005)
	at org.springframework.web.servlet.FrameworkServlet.doPost(FrameworkServlet.java:908)
	at javax.servlet.http.HttpServlet.service(HttpServlet.java:648)
	at org.springframework.web.servlet.FrameworkServlet.service(FrameworkServlet.java:882)
	at javax.servlet.http.HttpServlet.service(HttpServlet.java:729)
	at org.apache.catalina.core.ApplicationFilterChain.internalDoFilter(ApplicationFilterChain.java:292)
	at org.apache.catalina.core.ApplicationFilterChain.doFilter(ApplicationFilterChain.java:207)
	at org.apache.tomcat.websocket.server.WsFilter.doFilter(WsFilter.java:52)
	at org.apache.catalina.core.ApplicationFilterChain.internalDoFilter(ApplicationFilterChain.java:240)
	at org.apache.catalina.core.ApplicationFilterChain.doFilter(ApplicationFilterChain.java:207)
	at org.springframework.web.filter.CharacterEncodingFilter.doFilterInternal(CharacterEncodingFilter.java:200)
	at org.springframework.web.filter.OncePerRequestFilter.doFilter(OncePerRequestFilter.java:118)
	at org.apache.catalina.core.ApplicationFilterChain.internalDoFilter(ApplicationFilterChain.java:240)
	at org.apache.catalina.core.ApplicationFilterChain.doFilter(ApplicationFilterChain.java:207)
	at org.apache.catalina.core.StandardWrapperValve.invoke(StandardWrapperValve.java:212)
	at org.apache.catalina.core.StandardContextValve.invoke(StandardContextValve.java:94)
	at org.apache.catalina.core.StandardHostValve.invoke(StandardHostValve.java:141)
	at org.apache.catalina.valves.ErrorReportValve.invoke(ErrorReportValve.java:79)
	at org.apache.catalina.core.StandardEngineValve.invoke(StandardEngineValve.java:88)
	at org.apache.catalina.connector.CoyoteAdapter.service(CoyoteAdapter.java:502)
	at org.apache.coyote.http11.AbstractHttp11Processor.process(AbstractHttp11Processor.java:1132)
	at org.apache.coyote.AbstractProtocol$AbstractConnectionHandler.process(AbstractProtocol.java:684)
	at org.apache.tomcat.util.net.NioEndpoint$SocketProcessor.doRun(NioEndpoint.java:1539)
	at org.apache.tomcat.util.net.NioEndpoint$SocketProcessor.run(NioEndpoint.java:1495)
	at java.util.concurrent.ThreadPoolExecutor.runWorker(ThreadPoolExecutor.java:1142)
	at java.util.concurrent.ThreadPoolExecutor$Worker.run(ThreadPoolExecutor.java:617)
	at org.apache.tomcat.util.threads.TaskThread$WrappingRunnable.run(TaskThread.java:61)
	at java.lang.Thread.run(Thread.java:745)

12-Feb-2026 15:15:18.136 심각 [http-nio-8855-exec-14] org.apache.catalina.core.StandardWrapperValve.invoke Servlet.service() for servlet [appServlet] in context with path [] threw exception [Request processing failed; nested exception is org.mybatis.spring.MyBatisSystemException: nested exception is org.apache.ibatis.exceptions.PersistenceException: 
### Error querying database.  Cause: org.springframework.jdbc.CannotGetJdbcConnectionException: Failed to obtain JDBC Connection; nested exception is com.microsoft.sqlserver.jdbc.SQLServerException: 호스트 61.32.101.234, 포트 1433에 대한 TCP/IP 연결에 실패했습니다. 오류: "connect timed out. 연결 속성을 확인하십시오. SQL Server의 인스턴스가 호스트에서 실행되고 있고 포트에서 TCP/IP 연결을 허용하고 있는지 확인하십시오. 또한 방화벽에서 포트로의 TCP 연결을 차단하지 않는지 확인하십시오.".
### The error may exist in com/daejist/login/mapper/LoginMapper.xml
### The error may involve com.daejist.login.mapper.LoginMapper.LoginMember
### The error occurred while executing a query
### Cause: org.springframework.jdbc.CannotGetJdbcConnectionException: Failed to obtain JDBC Connection; nested exception is com.microsoft.sqlserver.jdbc.SQLServerException: 호스트 61.32.101.234, 포트 1433에 대한 TCP/IP 연결에 실패했습니다. 오류: "connect timed out. 연결 속성을 확인하십시오. SQL Server의 인스턴스가 호스트에서 실행되고 있고 포트에서 TCP/IP 연결을 허용하고 있는지 확인하십시오. 또한 방화벽에서 포트로의 TCP 연결을 차단하지 않는지 확인하십시오.".] with root cause
 com.microsoft.sqlserver.jdbc.SQLServerException: 호스트 61.32.101.234, 포트 1433에 대한 TCP/IP 연결에 실패했습니다. 오류: "connect timed out. 연결 속성을 확인하십시오. SQL Server의 인스턴스가 호스트에서 실행되고 있고 포트에서 TCP/IP 연결을 허용하고 있는지 확인하십시오. 또한 방화벽에서 포트로의 TCP 연결을 차단하지 않는지 확인하십시오.".
	at com.microsoft.sqlserver.jdbc.SQLServerException.makeFromDriverError(SQLServerException.java:234)
	at com.microsoft.sqlserver.jdbc.SQLServerException.ConvertConnectExceptionToSQLServerException(SQLServerException.java:285)
	at com.microsoft.sqlserver.jdbc.SocketFinder.findSocket(IOBuffer.java:2462)
	at com.microsoft.sqlserver.jdbc.TDSChannel.open(IOBuffer.java:668)
	at com.microsoft.sqlserver.jdbc.SQLServerConnection.connectHelper(SQLServerConnection.java:2695)
	at com.microsoft.sqlserver.jdbc.SQLServerConnection.login(SQLServerConnection.java:2362)
	at com.microsoft.sqlserver.jdbc.SQLServerConnection.connectInternal(SQLServerConnection.java:2213)
	at com.microsoft.sqlserver.jdbc.SQLServerConnection.connect(SQLServerConnection.java:1276)
	at com.microsoft.sqlserver.jdbc.SQLServerDriver.connect(SQLServerDriver.java:861)
	at org.apache.commons.dbcp.DriverConnectionFactory.createConnection(DriverConnectionFactory.java:38)
	at org.apache.commons.dbcp.PoolableConnectionFactory.makeObject(PoolableConnectionFactory.java:582)
	at org.apache.commons.pool.impl.GenericObjectPool.borrowObject(GenericObjectPool.java:1148)
	at org.apache.commons.dbcp.PoolingDataSource.getConnection(PoolingDataSource.java:106)
	at org.apache.commons.dbcp.BasicDataSource.getConnection(BasicDataSource.java:1044)
	at org.springframework.jdbc.datasource.DataSourceUtils.fetchConnection(DataSourceUtils.java:157)
	at org.springframework.jdbc.datasource.DataSourceUtils.doGetConnection(DataSourceUtils.java:115)
	at org.springframework.jdbc.datasource.DataSourceUtils.getConnection(DataSourceUtils.java:78)
	at org.mybatis.spring.transaction.SpringManagedTransaction.openConnection(SpringManagedTransaction.java:80)
	at org.mybatis.spring.transaction.SpringManagedTransaction.getConnection(SpringManagedTransaction.java:67)
	at org.apache.ibatis.executor.BaseExecutor.getConnection(BaseExecutor.java:336)
	at org.apache.ibatis.executor.SimpleExecutor.prepareStatement(SimpleExecutor.java:85)
	at org.apache.ibatis.executor.SimpleExecutor.doQuery(SimpleExecutor.java:62)
	at org.apache.ibatis.executor.BaseExecutor.queryFromDatabase(BaseExecutor.java:324)
	at org.apache.ibatis.executor.BaseExecutor.query(BaseExecutor.java:156)
	at org.apache.ibatis.executor.CachingExecutor.query(CachingExecutor.java:109)
	at org.apache.ibatis.executor.CachingExecutor.query(CachingExecutor.java:83)
	at org.apache.ibatis.session.defaults.DefaultSqlSession.selectList(DefaultSqlSession.java:147)
	at org.apache.ibatis.session.defaults.DefaultSqlSession.selectList(DefaultSqlSession.java:140)
	at org.apache.ibatis.session.defaults.DefaultSqlSession.selectOne(DefaultSqlSession.java:76)
	at sun.reflect.GeneratedMethodAccessor90.invoke(Unknown Source)
	at sun.reflect.DelegatingMethodAccessorImpl.invoke(DelegatingMethodAccessorImpl.java:43)
	at java.lang.reflect.Method.invoke(Method.java:498)
	at org.mybatis.spring.SqlSessionTemplate$SqlSessionInterceptor.invoke(SqlSessionTemplate.java:426)
	at com.sun.proxy.$Proxy59.selectOne(Unknown Source)
	at org.mybatis.spring.SqlSessionTemplate.selectOne(SqlSessionTemplate.java:159)
	at org.apache.ibatis.binding.MapperMethod.execute(MapperMethod.java:87)
	at org.apache.ibatis.binding.MapperProxy.invoke(MapperProxy.java:57)
	at com.sun.proxy.$Proxy61.LoginMember(Unknown Source)
	at com.daejist.login.service.LoginServiceImp.LoginCheck(LoginServiceImp.java:29)
	at com.daejist.login.controller.LoginController.getLogin(LoginController.java:98)
	at sun.reflect.GeneratedMethodAccessor220.invoke(Unknown Source)
	at sun.reflect.DelegatingMethodAccessorImpl.invoke(DelegatingMethodAccessorImpl.java:43)
	at java.lang.reflect.Method.invoke(Method.java:498)
	at org.springframework.web.method.support.InvocableHandlerMethod.doInvoke(InvocableHandlerMethod.java:190)
	at org.springframework.web.method.support.InvocableHandlerMethod.invokeForRequest(InvocableHandlerMethod.java:138)
	at org.springframework.web.servlet.mvc.method.annotation.ServletInvocableHandlerMethod.invokeAndHandle(ServletInvocableHandlerMethod.java:104)
	at org.springframework.web.servlet.mvc.method.annotation.RequestMappingHandlerAdapter.invokeHandlerMethod(RequestMappingHandlerAdapter.java:892)
	at org.springframework.web.servlet.mvc.method.annotation.RequestMappingHandlerAdapter.handleInternal(RequestMappingHandlerAdapter.java:797)
	at org.springframework.web.servlet.mvc.method.AbstractHandlerMethodAdapter.handle(AbstractHandlerMethodAdapter.java:87)
	at org.springframework.web.servlet.DispatcherServlet.doDispatch(DispatcherServlet.java:1039)
	at org.springframework.web.servlet.DispatcherServlet.doService(DispatcherServlet.java:942)
	at org.springframework.web.servlet.FrameworkServlet.processRequest(FrameworkServlet.java:1005)
	at org.springframework.web.servlet.FrameworkServlet.doPost(FrameworkServlet.java:908)
	at javax.servlet.http.HttpServlet.service(HttpServlet.java:648)
	at org.springframework.web.servlet.FrameworkServlet.service(FrameworkServlet.java:882)
	at javax.servlet.http.HttpServlet.service(HttpServlet.java:729)
	at org.apache.catalina.core.ApplicationFilterChain.internalDoFilter(ApplicationFilterChain.java:292)
	at org.apache.catalina.core.ApplicationFilterChain.doFilter(ApplicationFilterChain.java:207)
	at org.apache.tomcat.websocket.server.WsFilter.doFilter(WsFilter.java:52)
	at org.apache.catalina.core.ApplicationFilterChain.internalDoFilter(ApplicationFilterChain.java:240)
	at org.apache.catalina.core.ApplicationFilterChain.doFilter(ApplicationFilterChain.java:207)
	at org.springframework.web.filter.CharacterEncodingFilter.doFilterInternal(CharacterEncodingFilter.java:200)
	at org.springframework.web.filter.OncePerRequestFilter.doFilter(OncePerRequestFilter.java:118)
	at org.apache.catalina.core.ApplicationFilterChain.internalDoFilter(ApplicationFilterChain.java:240)
	at org.apache.catalina.core.ApplicationFilterChain.doFilter(ApplicationFilterChain.java:207)
	at org.apache.catalina.core.StandardWrapperValve.invoke(StandardWrapperValve.java:212)
	at org.apache.catalina.core.StandardContextValve.invoke(StandardContextValve.java:94)
	at org.apache.catalina.core.StandardHostValve.invoke(StandardHostValve.java:141)
	at org.apache.catalina.valves.ErrorReportValve.invoke(ErrorReportValve.java:79)
	at org.apache.catalina.core.StandardEngineValve.invoke(StandardEngineValve.java:88)
	at org.apache.catalina.connector.CoyoteAdapter.service(CoyoteAdapter.java:502)
	at org.apache.coyote.http11.AbstractHttp11Processor.process(AbstractHttp11Processor.java:1132)
	at org.apache.coyote.AbstractProtocol$AbstractConnectionHandler.process(AbstractProtocol.java:684)
	at org.apache.tomcat.util.net.NioEndpoint$SocketProcessor.doRun(NioEndpoint.java:1539)
	at org.apache.tomcat.util.net.NioEndpoint$SocketProcessor.run(NioEndpoint.java:1495)
	at java.util.concurrent.ThreadPoolExecutor.runWorker(ThreadPoolExecutor.java:1142)
	at java.util.concurrent.ThreadPoolExecutor$Worker.run(ThreadPoolExecutor.java:617)
	at org.apache.tomcat.util.threads.TaskThread$WrappingRunnable.run(TaskThread.java:61)
	at java.lang.Thread.run(Thread.java:745)

12-Feb-2026 15:15:29.067 심각 [http-nio-8855-exec-17] org.apache.catalina.core.StandardWrapperValve.invoke Servlet.service() for servlet [appServlet] in context with path [] threw exception [Request processing failed; nested exception is org.mybatis.spring.MyBatisSystemException: nested exception is org.apache.ibatis.exceptions.PersistenceException: 
### Error querying database.  Cause: org.springframework.jdbc.CannotGetJdbcConnectionException: Failed to obtain JDBC Connection; nested exception is com.microsoft.sqlserver.jdbc.SQLServerException: 호스트 61.32.101.234, 포트 1433에 대한 TCP/IP 연결에 실패했습니다. 오류: "connect timed out. 연결 속성을 확인하십시오. SQL Server의 인스턴스가 호스트에서 실행되고 있고 포트에서 TCP/IP 연결을 허용하고 있는지 확인하십시오. 또한 방화벽에서 포트로의 TCP 연결을 차단하지 않는지 확인하십시오.".
### The error may exist in com/daejist/login/mapper/LoginMapper.xml
### The error may involve com.daejist.login.mapper.LoginMapper.LoginMember
### The error occurred while executing a query
### Cause: org.springframework.jdbc.CannotGetJdbcConnectionException: Failed to obtain JDBC Connection; nested exception is com.microsoft.sqlserver.jdbc.SQLServerException: 호스트 61.32.101.234, 포트 1433에 대한 TCP/IP 연결에 실패했습니다. 오류: "connect timed out. 연결 속성을 확인하십시오. SQL Server의 인스턴스가 호스트에서 실행되고 있고 포트에서 TCP/IP 연결을 허용하고 있는지 확인하십시오. 또한 방화벽에서 포트로의 TCP 연결을 차단하지 않는지 확인하십시오.".] with root cause
 com.microsoft.sqlserver.jdbc.SQLServerException: 호스트 61.32.101.234, 포트 1433에 대한 TCP/IP 연결에 실패했습니다. 오류: "connect timed out. 연결 속성을 확인하십시오. SQL Server의 인스턴스가 호스트에서 실행되고 있고 포트에서 TCP/IP 연결을 허용하고 있는지 확인하십시오. 또한 방화벽에서 포트로의 TCP 연결을 차단하지 않는지 확인하십시오.".
	at com.microsoft.sqlserver.jdbc.SQLServerException.makeFromDriverError(SQLServerException.java:234)
	at com.microsoft.sqlserver.jdbc.SQLServerException.ConvertConnectExceptionToSQLServerException(SQLServerException.java:285)
	at com.microsoft.sqlserver.jdbc.SocketFinder.findSocket(IOBuffer.java:2462)
	at com.microsoft.sqlserver.jdbc.TDSChannel.open(IOBuffer.java:668)
	at com.microsoft.sqlserver.jdbc.SQLServerConnection.connectHelper(SQLServerConnection.java:2695)
	at com.microsoft.sqlserver.jdbc.SQLServerConnection.login(SQLServerConnection.java:2362)
	at com.microsoft.sqlserver.jdbc.SQLServerConnection.connectInternal(SQLServerConnection.java:2213)
	at com.microsoft.sqlserver.jdbc.SQLServerConnection.connect(SQLServerConnection.java:1276)
	at com.microsoft.sqlserver.jdbc.SQLServerDriver.connect(SQLServerDriver.java:861)
	at org.apache.commons.dbcp.DriverConnectionFactory.createConnection(DriverConnectionFactory.java:38)
	at org.apache.commons.dbcp.PoolableConnectionFactory.makeObject(PoolableConnectionFactory.java:582)
	at org.apache.commons.pool.impl.GenericObjectPool.borrowObject(GenericObjectPool.java:1148)
	at org.apache.commons.dbcp.PoolingDataSource.getConnection(PoolingDataSource.java:106)
	at org.apache.commons.dbcp.BasicDataSource.getConnection(BasicDataSource.java:1044)
	at org.springframework.jdbc.datasource.DataSourceUtils.fetchConnection(DataSourceUtils.java:157)
	at org.springframework.jdbc.datasource.DataSourceUtils.doGetConnection(DataSourceUtils.java:115)
	at org.springframework.jdbc.datasource.DataSourceUtils.getConnection(DataSourceUtils.java:78)
	at org.mybatis.spring.transaction.SpringManagedTransaction.openConnection(SpringManagedTransaction.java:80)
	at org.mybatis.spring.transaction.SpringManagedTransaction.getConnection(SpringManagedTransaction.java:67)
	at org.apache.ibatis.executor.BaseExecutor.getConnection(BaseExecutor.java:336)
	at org.apache.ibatis.executor.SimpleExecutor.prepareStatement(SimpleExecutor.java:85)
	at org.apache.ibatis.executor.SimpleExecutor.doQuery(SimpleExecutor.java:62)
	at org.apache.ibatis.executor.BaseExecutor.queryFromDatabase(BaseExecutor.java:324)
	at org.apache.ibatis.executor.BaseExecutor.query(BaseExecutor.java:156)
	at org.apache.ibatis.executor.CachingExecutor.query(CachingExecutor.java:109)
	at org.apache.ibatis.executor.CachingExecutor.query(CachingExecutor.java:83)
	at org.apache.ibatis.session.defaults.DefaultSqlSession.selectList(DefaultSqlSession.java:147)
	at org.apache.ibatis.session.defaults.DefaultSqlSession.selectList(DefaultSqlSession.java:140)
	at org.apache.ibatis.session.defaults.DefaultSqlSession.selectOne(DefaultSqlSession.java:76)
	at sun.reflect.GeneratedMethodAccessor90.invoke(Unknown Source)
	at sun.reflect.DelegatingMethodAccessorImpl.invoke(DelegatingMethodAccessorImpl.java:43)
	at java.lang.reflect.Method.invoke(Method.java:498)
	at org.mybatis.spring.SqlSessionTemplate$SqlSessionInterceptor.invoke(SqlSessionTemplate.java:426)
	at com.sun.proxy.$Proxy59.selectOne(Unknown Source)
	at org.mybatis.spring.SqlSessionTemplate.selectOne(SqlSessionTemplate.java:159)
	at org.apache.ibatis.binding.MapperMethod.execute(MapperMethod.java:87)
	at org.apache.ibatis.binding.MapperProxy.invoke(MapperProxy.java:57)
	at com.sun.proxy.$Proxy61.LoginMember(Unknown Source)
	at com.daejist.login.service.LoginServiceImp.LoginCheck(LoginServiceImp.java:29)
	at com.daejist.login.controller.LoginController.getLogin(LoginController.java:98)
	at sun.reflect.GeneratedMethodAccessor220.invoke(Unknown Source)
	at sun.reflect.DelegatingMethodAccessorImpl.invoke(DelegatingMethodAccessorImpl.java:43)
	at java.lang.reflect.Method.invoke(Method.java:498)
	at org.springframework.web.method.support.InvocableHandlerMethod.doInvoke(InvocableHandlerMethod.java:190)
	at org.springframework.web.method.support.InvocableHandlerMethod.invokeForRequest(InvocableHandlerMethod.java:138)
	at org.springframework.web.servlet.mvc.method.annotation.ServletInvocableHandlerMethod.invokeAndHandle(ServletInvocableHandlerMethod.java:104)
	at org.springframework.web.servlet.mvc.method.annotation.RequestMappingHandlerAdapter.invokeHandlerMethod(RequestMappingHandlerAdapter.java:892)
	at org.springframework.web.servlet.mvc.method.annotation.RequestMappingHandlerAdapter.handleInternal(RequestMappingHandlerAdapter.java:797)
	at org.springframework.web.servlet.mvc.method.AbstractHandlerMethodAdapter.handle(AbstractHandlerMethodAdapter.java:87)
	at org.springframework.web.servlet.DispatcherServlet.doDispatch(DispatcherServlet.java:1039)
	at org.springframework.web.servlet.DispatcherServlet.doService(DispatcherServlet.java:942)
	at org.springframework.web.servlet.FrameworkServlet.processRequest(FrameworkServlet.java:1005)
	at org.springframework.web.servlet.FrameworkServlet.doPost(FrameworkServlet.java:908)
	at javax.servlet.http.HttpServlet.service(HttpServlet.java:648)
	at org.springframework.web.servlet.FrameworkServlet.service(FrameworkServlet.java:882)
	at javax.servlet.http.HttpServlet.service(HttpServlet.java:729)
	at org.apache.catalina.core.ApplicationFilterChain.internalDoFilter(ApplicationFilterChain.java:292)
	at org.apache.catalina.core.ApplicationFilterChain.doFilter(ApplicationFilterChain.java:207)
	at org.apache.tomcat.websocket.server.WsFilter.doFilter(WsFilter.java:52)
	at org.apache.catalina.core.ApplicationFilterChain.internalDoFilter(ApplicationFilterChain.java:240)
	at org.apache.catalina.core.ApplicationFilterChain.doFilter(ApplicationFilterChain.java:207)
	at org.springframework.web.filter.CharacterEncodingFilter.doFilterInternal(CharacterEncodingFilter.java:200)
	at org.springframework.web.filter.OncePerRequestFilter.doFilter(OncePerRequestFilter.java:118)
	at org.apache.catalina.core.ApplicationFilterChain.internalDoFilter(ApplicationFilterChain.java:240)
	at org.apache.catalina.core.ApplicationFilterChain.doFilter(ApplicationFilterChain.java:207)
	at org.apache.catalina.core.StandardWrapperValve.invoke(StandardWrapperValve.java:212)
	at org.apache.catalina.core.StandardContextValve.invoke(StandardContextValve.java:94)
	at org.apache.catalina.core.StandardHostValve.invoke(StandardHostValve.java:141)
	at org.apache.catalina.valves.ErrorReportValve.invoke(ErrorReportValve.java:79)
	at org.apache.catalina.core.StandardEngineValve.invoke(StandardEngineValve.java:88)
	at org.apache.catalina.connector.CoyoteAdapter.service(CoyoteAdapter.java:502)
	at org.apache.coyote.http11.AbstractHttp11Processor.process(AbstractHttp11Processor.java:1132)
	at org.apache.coyote.AbstractProtocol$AbstractConnectionHandler.process(AbstractProtocol.java:684)
	at org.apache.tomcat.util.net.NioEndpoint$SocketProcessor.doRun(NioEndpoint.java:1539)
	at org.apache.tomcat.util.net.NioEndpoint$SocketProcessor.run(NioEndpoint.java:1495)
	at java.util.concurrent.ThreadPoolExecutor.runWorker(ThreadPoolExecutor.java:1142)
	at java.util.concurrent.ThreadPoolExecutor$Worker.run(ThreadPoolExecutor.java:617)
	at org.apache.tomcat.util.threads.TaskThread$WrappingRunnable.run(TaskThread.java:61)
	at java.lang.Thread.run(Thread.java:745)

12-Feb-2026 15:15:30.870 심각 [http-nio-8855-exec-13] org.apache.catalina.core.StandardWrapperValve.invoke Servlet.service() for servlet [appServlet] in context with path [] threw exception [Request processing failed; nested exception is org.mybatis.spring.MyBatisSystemException: nested exception is org.apache.ibatis.exceptions.PersistenceException: 
### Error querying database.  Cause: org.springframework.jdbc.CannotGetJdbcConnectionException: Failed to obtain JDBC Connection; nested exception is com.microsoft.sqlserver.jdbc.SQLServerException: 호스트 61.32.101.234, 포트 1433에 대한 TCP/IP 연결에 실패했습니다. 오류: "connect timed out. 연결 속성을 확인하십시오. SQL Server의 인스턴스가 호스트에서 실행되고 있고 포트에서 TCP/IP 연결을 허용하고 있는지 확인하십시오. 또한 방화벽에서 포트로의 TCP 연결을 차단하지 않는지 확인하십시오.".
### The error may exist in com/daejist/login/mapper/LoginMapper.xml
### The error may involve com.daejist.login.mapper.LoginMapper.LoginMember
### The error occurred while executing a query
### Cause: org.springframework.jdbc.CannotGetJdbcConnectionException: Failed to obtain JDBC Connection; nested exception is com.microsoft.sqlserver.jdbc.SQLServerException: 호스트 61.32.101.234, 포트 1433에 대한 TCP/IP 연결에 실패했습니다. 오류: "connect timed out. 연결 속성을 확인하십시오. SQL Server의 인스턴스가 호스트에서 실행되고 있고 포트에서 TCP/IP 연결을 허용하고 있는지 확인하십시오. 또한 방화벽에서 포트로의 TCP 연결을 차단하지 않는지 확인하십시오.".] with root cause
 com.microsoft.sqlserver.jdbc.SQLServerException: 호스트 61.32.101.234, 포트 1433에 대한 TCP/IP 연결에 실패했습니다. 오류: "connect timed out. 연결 속성을 확인하십시오. SQL Server의 인스턴스가 호스트에서 실행되고 있고 포트에서 TCP/IP 연결을 허용하고 있는지 확인하십시오. 또한 방화벽에서 포트로의 TCP 연결을 차단하지 않는지 확인하십시오.".
	at com.microsoft.sqlserver.jdbc.SQLServerException.makeFromDriverError(SQLServerException.java:234)
	at com.microsoft.sqlserver.jdbc.SQLServerException.ConvertConnectExceptionToSQLServerException(SQLServerException.java:285)
	at com.microsoft.sqlserver.jdbc.SocketFinder.findSocket(IOBuffer.java:2462)
	at com.microsoft.sqlserver.jdbc.TDSChannel.open(IOBuffer.java:668)
	at com.microsoft.sqlserver.jdbc.SQLServerConnection.connectHelper(SQLServerConnection.java:2695)
	at com.microsoft.sqlserver.jdbc.SQLServerConnection.login(SQLServerConnection.java:2362)
	at com.microsoft.sqlserver.jdbc.SQLServerConnection.connectInternal(SQLServerConnection.java:2213)
	at com.microsoft.sqlserver.jdbc.SQLServerConnection.connect(SQLServerConnection.java:1276)
	at com.microsoft.sqlserver.jdbc.SQLServerDriver.connect(SQLServerDriver.java:861)
	at org.apache.commons.dbcp.DriverConnectionFactory.createConnection(DriverConnectionFactory.java:38)
	at org.apache.commons.dbcp.PoolableConnectionFactory.makeObject(PoolableConnectionFactory.java:582)
	at org.apache.commons.pool.impl.GenericObjectPool.borrowObject(GenericObjectPool.java:1148)
	at org.apache.commons.dbcp.PoolingDataSource.getConnection(PoolingDataSource.java:106)
	at org.apache.commons.dbcp.BasicDataSource.getConnection(BasicDataSource.java:1044)
	at org.springframework.jdbc.datasource.DataSourceUtils.fetchConnection(DataSourceUtils.java:157)
	at org.springframework.jdbc.datasource.DataSourceUtils.doGetConnection(DataSourceUtils.java:115)
	at org.springframework.jdbc.datasource.DataSourceUtils.getConnection(DataSourceUtils.java:78)
	at org.mybatis.spring.transaction.SpringManagedTransaction.openConnection(SpringManagedTransaction.java:80)
	at org.mybatis.spring.transaction.SpringManagedTransaction.getConnection(SpringManagedTransaction.java:67)
	at org.apache.ibatis.executor.BaseExecutor.getConnection(BaseExecutor.java:336)
	at org.apache.ibatis.executor.SimpleExecutor.prepareStatement(SimpleExecutor.java:85)
	at org.apache.ibatis.executor.SimpleExecutor.doQuery(SimpleExecutor.java:62)
	at org.apache.ibatis.executor.BaseExecutor.queryFromDatabase(BaseExecutor.java:324)
	at org.apache.ibatis.executor.BaseExecutor.query(BaseExecutor.java:156)
	at org.apache.ibatis.executor.CachingExecutor.query(CachingExecutor.java:109)
	at org.apache.ibatis.executor.CachingExecutor.query(CachingExecutor.java:83)
	at org.apache.ibatis.session.defaults.DefaultSqlSession.selectList(DefaultSqlSession.java:147)
	at org.apache.ibatis.session.defaults.DefaultSqlSession.selectList(DefaultSqlSession.java:140)
	at org.apache.ibatis.session.defaults.DefaultSqlSession.selectOne(DefaultSqlSession.java:76)
	at sun.reflect.GeneratedMethodAccessor90.invoke(Unknown Source)
	at sun.reflect.DelegatingMethodAccessorImpl.invoke(DelegatingMethodAccessorImpl.java:43)
	at java.lang.reflect.Method.invoke(Method.java:498)
	at org.mybatis.spring.SqlSessionTemplate$SqlSessionInterceptor.invoke(SqlSessionTemplate.java:426)
	at com.sun.proxy.$Proxy59.selectOne(Unknown Source)
	at org.mybatis.spring.SqlSessionTemplate.selectOne(SqlSessionTemplate.java:159)
	at org.apache.ibatis.binding.MapperMethod.execute(MapperMethod.java:87)
	at org.apache.ibatis.binding.MapperProxy.invoke(MapperProxy.java:57)
	at com.sun.proxy.$Proxy61.LoginMember(Unknown Source)
	at com.daejist.login.service.LoginServiceImp.LoginCheck(LoginServiceImp.java:29)
	at com.daejist.login.controller.LoginController.getLogin(LoginController.java:98)
	at sun.reflect.GeneratedMethodAccessor220.invoke(Unknown Source)
	at sun.reflect.DelegatingMethodAccessorImpl.invoke(DelegatingMethodAccessorImpl.java:43)
	at java.lang.reflect.Method.invoke(Method.java:498)
	at org.springframework.web.method.support.InvocableHandlerMethod.doInvoke(InvocableHandlerMethod.java:190)
	at org.springframework.web.method.support.InvocableHandlerMethod.invokeForRequest(InvocableHandlerMethod.java:138)
	at org.springframework.web.servlet.mvc.method.annotation.ServletInvocableHandlerMethod.invokeAndHandle(ServletInvocableHandlerMethod.java:104)
	at org.springframework.web.servlet.mvc.method.annotation.RequestMappingHandlerAdapter.invokeHandlerMethod(RequestMappingHandlerAdapter.java:892)
	at org.springframework.web.servlet.mvc.method.annotation.RequestMappingHandlerAdapter.handleInternal(RequestMappingHandlerAdapter.java:797)
	at org.springframework.web.servlet.mvc.method.AbstractHandlerMethodAdapter.handle(AbstractHandlerMethodAdapter.java:87)
	at org.springframework.web.servlet.DispatcherServlet.doDispatch(DispatcherServlet.java:1039)
	at org.springframework.web.servlet.DispatcherServlet.doService(DispatcherServlet.java:942)
	at org.springframework.web.servlet.FrameworkServlet.processRequest(FrameworkServlet.java:1005)
	at org.springframework.web.servlet.FrameworkServlet.doPost(FrameworkServlet.java:908)
	at javax.servlet.http.HttpServlet.service(HttpServlet.java:648)
	at org.springframework.web.servlet.FrameworkServlet.service(FrameworkServlet.java:882)
	at javax.servlet.http.HttpServlet.service(HttpServlet.java:729)
	at org.apache.catalina.core.ApplicationFilterChain.internalDoFilter(ApplicationFilterChain.java:292)
	at org.apache.catalina.core.ApplicationFilterChain.doFilter(ApplicationFilterChain.java:207)
	at org.apache.tomcat.websocket.server.WsFilter.doFilter(WsFilter.java:52)
	at org.apache.catalina.core.ApplicationFilterChain.internalDoFilter(ApplicationFilterChain.java:240)
	at org.apache.catalina.core.ApplicationFilterChain.doFilter(ApplicationFilterChain.java:207)
	at org.springframework.web.filter.CharacterEncodingFilter.doFilterInternal(CharacterEncodingFilter.java:200)
	at org.springframework.web.filter.OncePerRequestFilter.doFilter(OncePerRequestFilter.java:118)
	at org.apache.catalina.core.ApplicationFilterChain.internalDoFilter(ApplicationFilterChain.java:240)
	at org.apache.catalina.core.ApplicationFilterChain.doFilter(ApplicationFilterChain.java:207)
	at org.apache.catalina.core.StandardWrapperValve.invoke(StandardWrapperValve.java:212)
	at org.apache.catalina.core.StandardContextValve.invoke(StandardContextValve.java:94)
	at org.apache.catalina.core.StandardHostValve.invoke(StandardHostValve.java:141)
	at org.apache.catalina.valves.ErrorReportValve.invoke(ErrorReportValve.java:79)
	at org.apache.catalina.core.StandardEngineValve.invoke(StandardEngineValve.java:88)
	at org.apache.catalina.connector.CoyoteAdapter.service(CoyoteAdapter.java:502)
	at org.apache.coyote.http11.AbstractHttp11Processor.process(AbstractHttp11Processor.java:1132)
	at org.apache.coyote.AbstractProtocol$AbstractConnectionHandler.process(AbstractProtocol.java:684)
	at org.apache.tomcat.util.net.NioEndpoint$SocketProcessor.doRun(NioEndpoint.java:1539)
	at org.apache.tomcat.util.net.NioEndpoint$SocketProcessor.run(NioEndpoint.java:1495)
	at java.util.concurrent.ThreadPoolExecutor.runWorker(ThreadPoolExecutor.java:1142)
	at java.util.concurrent.ThreadPoolExecutor$Worker.run(ThreadPoolExecutor.java:617)
	at org.apache.tomcat.util.threads.TaskThread$WrappingRunnable.run(TaskThread.java:61)
	at java.lang.Thread.run(Thread.java:745)

12-Feb-2026 15:16:42.978 심각 [http-nio-8855-exec-5] org.apache.catalina.core.StandardWrapperValve.invoke Servlet.service() for servlet [appServlet] in context with path [] threw exception [Request processing failed; nested exception is org.mybatis.spring.MyBatisSystemException: nested exception is org.apache.ibatis.exceptions.PersistenceException: 
### Error querying database.  Cause: org.springframework.jdbc.CannotGetJdbcConnectionException: Failed to obtain JDBC Connection; nested exception is com.microsoft.sqlserver.jdbc.SQLServerException: 호스트 61.32.101.234, 포트 1433에 대한 TCP/IP 연결에 실패했습니다. 오류: "connect timed out. 연결 속성을 확인하십시오. SQL Server의 인스턴스가 호스트에서 실행되고 있고 포트에서 TCP/IP 연결을 허용하고 있는지 확인하십시오. 또한 방화벽에서 포트로의 TCP 연결을 차단하지 않는지 확인하십시오.".
### The error may exist in com/daejist/login/mapper/MesuringMapper.xml
### The error may involve com.daejist.login.mapper.MesuringMapper.getList
### The error occurred while executing a query
### Cause: org.springframework.jdbc.CannotGetJdbcConnectionException: Failed to obtain JDBC Connection; nested exception is com.microsoft.sqlserver.jdbc.SQLServerException: 호스트 61.32.101.234, 포트 1433에 대한 TCP/IP 연결에 실패했습니다. 오류: "connect timed out. 연결 속성을 확인하십시오. SQL Server의 인스턴스가 호스트에서 실행되고 있고 포트에서 TCP/IP 연결을 허용하고 있는지 확인하십시오. 또한 방화벽에서 포트로의 TCP 연결을 차단하지 않는지 확인하십시오.".] with root cause
 com.microsoft.sqlserver.jdbc.SQLServerException: 호스트 61.32.101.234, 포트 1433에 대한 TCP/IP 연결에 실패했습니다. 오류: "connect timed out. 연결 속성을 확인하십시오. SQL Server의 인스턴스가 호스트에서 실행되고 있고 포트에서 TCP/IP 연결을 허용하고 있는지 확인하십시오. 또한 방화벽에서 포트로의 TCP 연결을 차단하지 않는지 확인하십시오.".
	at com.microsoft.sqlserver.jdbc.SQLServerException.makeFromDriverError(SQLServerException.java:234)
	at com.microsoft.sqlserver.jdbc.SQLServerException.ConvertConnectExceptionToSQLServerException(SQLServerException.java:285)
	at com.microsoft.sqlserver.jdbc.SocketFinder.findSocket(IOBuffer.java:2462)
	at com.microsoft.sqlserver.jdbc.TDSChannel.open(IOBuffer.java:668)
	at com.microsoft.sqlserver.jdbc.SQLServerConnection.connectHelper(SQLServerConnection.java:2695)
	at com.microsoft.sqlserver.jdbc.SQLServerConnection.login(SQLServerConnection.java:2362)
	at com.microsoft.sqlserver.jdbc.SQLServerConnection.connectInternal(SQLServerConnection.java:2213)
	at com.microsoft.sqlserver.jdbc.SQLServerConnection.connect(SQLServerConnection.java:1276)
	at com.microsoft.sqlserver.jdbc.SQLServerDriver.connect(SQLServerDriver.java:861)
	at org.apache.commons.dbcp.DriverConnectionFactory.createConnection(DriverConnectionFactory.java:38)
	at org.apache.commons.dbcp.PoolableConnectionFactory.makeObject(PoolableConnectionFactory.java:582)
	at org.apache.commons.pool.impl.GenericObjectPool.borrowObject(GenericObjectPool.java:1148)
	at org.apache.commons.dbcp.PoolingDataSource.getConnection(PoolingDataSource.java:106)
	at org.apache.commons.dbcp.BasicDataSource.getConnection(BasicDataSource.java:1044)
	at org.springframework.jdbc.datasource.DataSourceUtils.fetchConnection(DataSourceUtils.java:157)
	at org.springframework.jdbc.datasource.DataSourceUtils.doGetConnection(DataSourceUtils.java:115)
	at org.springframework.jdbc.datasource.DataSourceUtils.getConnection(DataSourceUtils.java:78)
	at org.mybatis.spring.transaction.SpringManagedTransaction.openConnection(SpringManagedTransaction.java:80)
	at org.mybatis.spring.transaction.SpringManagedTransaction.getConnection(SpringManagedTransaction.java:67)
	at org.apache.ibatis.executor.BaseExecutor.getConnection(BaseExecutor.java:336)
	at org.apache.ibatis.executor.SimpleExecutor.prepareStatement(SimpleExecutor.java:85)
	at org.apache.ibatis.executor.SimpleExecutor.doQuery(SimpleExecutor.java:62)
	at org.apache.ibatis.executor.BaseExecutor.queryFromDatabase(BaseExecutor.java:324)
	at org.apache.ibatis.executor.BaseExecutor.query(BaseExecutor.java:156)
	at org.apache.ibatis.executor.CachingExecutor.query(CachingExecutor.java:109)
	at org.apache.ibatis.executor.CachingExecutor.query(CachingExecutor.java:83)
	at org.apache.ibatis.session.defaults.DefaultSqlSession.selectList(DefaultSqlSession.java:147)
	at org.apache.ibatis.session.defaults.DefaultSqlSession.selectList(DefaultSqlSession.java:140)
	at sun.reflect.GeneratedMethodAccessor88.invoke(Unknown Source)
	at sun.reflect.DelegatingMethodAccessorImpl.invoke(DelegatingMethodAccessorImpl.java:43)
	at java.lang.reflect.Method.invoke(Method.java:498)
	at org.mybatis.spring.SqlSessionTemplate$SqlSessionInterceptor.invoke(SqlSessionTemplate.java:426)
	at com.sun.proxy.$Proxy59.selectList(Unknown Source)
	at org.mybatis.spring.SqlSessionTemplate.selectList(SqlSessionTemplate.java:223)
	at org.apache.ibatis.binding.MapperMethod.executeForMany(MapperMethod.java:147)
	at org.apache.ibatis.binding.MapperMethod.execute(MapperMethod.java:80)
	at org.apache.ibatis.binding.MapperProxy.invoke(MapperProxy.java:57)
	at com.sun.proxy.$Proxy64.getList(Unknown Source)
	at com.daejist.login.service.MesuringServiceImp.getList(MesuringServiceImp.java:29)
	at com.daejist.login.controller.LoginController.InspectionGrid(LoginController.java:180)
	at sun.reflect.GeneratedMethodAccessor111.invoke(Unknown Source)
	at sun.reflect.DelegatingMethodAccessorImpl.invoke(DelegatingMethodAccessorImpl.java:43)
	at java.lang.reflect.Method.invoke(Method.java:498)
	at org.springframework.web.method.support.InvocableHandlerMethod.doInvoke(InvocableHandlerMethod.java:190)
	at org.springframework.web.method.support.InvocableHandlerMethod.invokeForRequest(InvocableHandlerMethod.java:138)
	at org.springframework.web.servlet.mvc.method.annotation.ServletInvocableHandlerMethod.invokeAndHandle(ServletInvocableHandlerMethod.java:104)
	at org.springframework.web.servlet.mvc.method.annotation.RequestMappingHandlerAdapter.invokeHandlerMethod(RequestMappingHandlerAdapter.java:892)
	at org.springframework.web.servlet.mvc.method.annotation.RequestMappingHandlerAdapter.handleInternal(RequestMappingHandlerAdapter.java:797)
	at org.springframework.web.servlet.mvc.method.AbstractHandlerMethodAdapter.handle(AbstractHandlerMethodAdapter.java:87)
	at org.springframework.web.servlet.DispatcherServlet.doDispatch(DispatcherServlet.java:1039)
	at org.springframework.web.servlet.DispatcherServlet.doService(DispatcherServlet.java:942)
	at org.springframework.web.servlet.FrameworkServlet.processRequest(FrameworkServlet.java:1005)
	at org.springframework.web.servlet.FrameworkServlet.doGet(FrameworkServlet.java:897)
	at javax.servlet.http.HttpServlet.service(HttpServlet.java:622)
	at org.springframework.web.servlet.FrameworkServlet.service(FrameworkServlet.java:882)
	at javax.servlet.http.HttpServlet.service(HttpServlet.java:729)
	at org.apache.catalina.core.ApplicationFilterChain.internalDoFilter(ApplicationFilterChain.java:292)
	at org.apache.catalina.core.ApplicationFilterChain.doFilter(ApplicationFilterChain.java:207)
	at org.apache.tomcat.websocket.server.WsFilter.doFilter(WsFilter.java:52)
	at org.apache.catalina.core.ApplicationFilterChain.internalDoFilter(ApplicationFilterChain.java:240)
	at org.apache.catalina.core.ApplicationFilterChain.doFilter(ApplicationFilterChain.java:207)
	at org.springframework.web.filter.CharacterEncodingFilter.doFilterInternal(CharacterEncodingFilter.java:200)
	at org.springframework.web.filter.OncePerRequestFilter.doFilter(OncePerRequestFilter.java:118)
	at org.apache.catalina.core.ApplicationFilterChain.internalDoFilter(ApplicationFilterChain.java:240)
	at org.apache.catalina.core.ApplicationFilterChain.doFilter(ApplicationFilterChain.java:207)
	at org.apache.catalina.core.StandardWrapperValve.invoke(StandardWrapperValve.java:212)
	at org.apache.catalina.core.StandardContextValve.invoke(StandardContextValve.java:94)
	at org.apache.catalina.core.StandardHostValve.invoke(StandardHostValve.java:141)
	at org.apache.catalina.valves.ErrorReportValve.invoke(ErrorReportValve.java:79)
	at org.apache.catalina.core.StandardEngineValve.invoke(StandardEngineValve.java:88)
	at org.apache.catalina.connector.CoyoteAdapter.service(CoyoteAdapter.java:502)
	at org.apache.coyote.http11.AbstractHttp11Processor.process(AbstractHttp11Processor.java:1132)
	at org.apache.coyote.AbstractProtocol$AbstractConnectionHandler.process(AbstractProtocol.java:684)
	at org.apache.tomcat.util.net.NioEndpoint$SocketProcessor.doRun(NioEndpoint.java:1539)
	at org.apache.tomcat.util.net.NioEndpoint$SocketProcessor.run(NioEndpoint.java:1495)
	at java.util.concurrent.ThreadPoolExecutor.runWorker(ThreadPoolExecutor.java:1142)
	at java.util.concurrent.ThreadPoolExecutor$Worker.run(ThreadPoolExecutor.java:617)
	at org.apache.tomcat.util.threads.TaskThread$WrappingRunnable.run(TaskThread.java:61)
	at java.lang.Thread.run(Thread.java:745)

12-Feb-2026 15:17:01.870 심각 [http-nio-8855-exec-8] org.apache.catalina.core.StandardWrapperValve.invoke Servlet.service() for servlet [appServlet] in context with path [] threw exception [Request processing failed; nested exception is org.mybatis.spring.MyBatisSystemException: nested exception is org.apache.ibatis.exceptions.PersistenceException: 
### Error querying database.  Cause: org.springframework.jdbc.CannotGetJdbcConnectionException: Failed to obtain JDBC Connection; nested exception is com.microsoft.sqlserver.jdbc.SQLServerException: 호스트 61.32.101.234, 포트 1433에 대한 TCP/IP 연결에 실패했습니다. 오류: "connect timed out. 연결 속성을 확인하십시오. SQL Server의 인스턴스가 호스트에서 실행되고 있고 포트에서 TCP/IP 연결을 허용하고 있는지 확인하십시오. 또한 방화벽에서 포트로의 TCP 연결을 차단하지 않는지 확인하십시오.".
### The error may exist in com/daejist/login/mapper/MesuringMapper.xml
### The error may involve com.daejist.login.mapper.MesuringMapper.getList
### The error occurred while executing a query
### Cause: org.springframework.jdbc.CannotGetJdbcConnectionException: Failed to obtain JDBC Connection; nested exception is com.microsoft.sqlserver.jdbc.SQLServerException: 호스트 61.32.101.234, 포트 1433에 대한 TCP/IP 연결에 실패했습니다. 오류: "connect timed out. 연결 속성을 확인하십시오. SQL Server의 인스턴스가 호스트에서 실행되고 있고 포트에서 TCP/IP 연결을 허용하고 있는지 확인하십시오. 또한 방화벽에서 포트로의 TCP 연결을 차단하지 않는지 확인하십시오.".] with root cause
 com.microsoft.sqlserver.jdbc.SQLServerException: 호스트 61.32.101.234, 포트 1433에 대한 TCP/IP 연결에 실패했습니다. 오류: "connect timed out. 연결 속성을 확인하십시오. SQL Server의 인스턴스가 호스트에서 실행되고 있고 포트에서 TCP/IP 연결을 허용하고 있는지 확인하십시오. 또한 방화벽에서 포트로의 TCP 연결을 차단하지 않는지 확인하십시오.".
	at com.microsoft.sqlserver.jdbc.SQLServerException.makeFromDriverError(SQLServerException.java:234)
	at com.microsoft.sqlserver.jdbc.SQLServerException.ConvertConnectExceptionToSQLServerException(SQLServerException.java:285)
	at com.microsoft.sqlserver.jdbc.SocketFinder.findSocket(IOBuffer.java:2462)
	at com.microsoft.sqlserver.jdbc.TDSChannel.open(IOBuffer.java:668)
	at com.microsoft.sqlserver.jdbc.SQLServerConnection.connectHelper(SQLServerConnection.java:2695)
	at com.microsoft.sqlserver.jdbc.SQLServerConnection.login(SQLServerConnection.java:2362)
	at com.microsoft.sqlserver.jdbc.SQLServerConnection.connectInternal(SQLServerConnection.java:2213)
	at com.microsoft.sqlserver.jdbc.SQLServerConnection.connect(SQLServerConnection.java:1276)
	at com.microsoft.sqlserver.jdbc.SQLServerDriver.connect(SQLServerDriver.java:861)
	at org.apache.commons.dbcp.DriverConnectionFactory.createConnection(DriverConnectionFactory.java:38)
	at org.apache.commons.dbcp.PoolableConnectionFactory.makeObject(PoolableConnectionFactory.java:582)
	at org.apache.commons.pool.impl.GenericObjectPool.borrowObject(GenericObjectPool.java:1148)
	at org.apache.commons.dbcp.PoolingDataSource.getConnection(PoolingDataSource.java:106)
	at org.apache.commons.dbcp.BasicDataSource.getConnection(BasicDataSource.java:1044)
	at org.springframework.jdbc.datasource.DataSourceUtils.fetchConnection(DataSourceUtils.java:157)
	at org.springframework.jdbc.datasource.DataSourceUtils.doGetConnection(DataSourceUtils.java:115)
	at org.springframework.jdbc.datasource.DataSourceUtils.getConnection(DataSourceUtils.java:78)
	at org.mybatis.spring.transaction.SpringManagedTransaction.openConnection(SpringManagedTransaction.java:80)
	at org.mybatis.spring.transaction.SpringManagedTransaction.getConnection(SpringManagedTransaction.java:67)
	at org.apache.ibatis.executor.BaseExecutor.getConnection(BaseExecutor.java:336)
	at org.apache.ibatis.executor.SimpleExecutor.prepareStatement(SimpleExecutor.java:85)
	at org.apache.ibatis.executor.SimpleExecutor.doQuery(SimpleExecutor.java:62)
	at org.apache.ibatis.executor.BaseExecutor.queryFromDatabase(BaseExecutor.java:324)
	at org.apache.ibatis.executor.BaseExecutor.query(BaseExecutor.java:156)
	at org.apache.ibatis.executor.CachingExecutor.query(CachingExecutor.java:109)
	at org.apache.ibatis.executor.CachingExecutor.query(CachingExecutor.java:83)
	at org.apache.ibatis.session.defaults.DefaultSqlSession.selectList(DefaultSqlSession.java:147)
	at org.apache.ibatis.session.defaults.DefaultSqlSession.selectList(DefaultSqlSession.java:140)
	at sun.reflect.GeneratedMethodAccessor88.invoke(Unknown Source)
	at sun.reflect.DelegatingMethodAccessorImpl.invoke(DelegatingMethodAccessorImpl.java:43)
	at java.lang.reflect.Method.invoke(Method.java:498)
	at org.mybatis.spring.SqlSessionTemplate$SqlSessionInterceptor.invoke(SqlSessionTemplate.java:426)
	at com.sun.proxy.$Proxy59.selectList(Unknown Source)
	at org.mybatis.spring.SqlSessionTemplate.selectList(SqlSessionTemplate.java:223)
	at org.apache.ibatis.binding.MapperMethod.executeForMany(MapperMethod.java:147)
	at org.apache.ibatis.binding.MapperMethod.execute(MapperMethod.java:80)
	at org.apache.ibatis.binding.MapperProxy.invoke(MapperProxy.java:57)
	at com.sun.proxy.$Proxy64.getList(Unknown Source)
	at com.daejist.login.service.MesuringServiceImp.getList(MesuringServiceImp.java:29)
	at com.daejist.login.controller.LoginController.InspectionGrid(LoginController.java:180)
	at sun.reflect.GeneratedMethodAccessor111.invoke(Unknown Source)
	at sun.reflect.DelegatingMethodAccessorImpl.invoke(DelegatingMethodAccessorImpl.java:43)
	at java.lang.reflect.Method.invoke(Method.java:498)
	at org.springframework.web.method.support.InvocableHandlerMethod.doInvoke(InvocableHandlerMethod.java:190)
	at org.springframework.web.method.support.InvocableHandlerMethod.invokeForRequest(InvocableHandlerMethod.java:138)
	at org.springframework.web.servlet.mvc.method.annotation.ServletInvocableHandlerMethod.invokeAndHandle(ServletInvocableHandlerMethod.java:104)
	at org.springframework.web.servlet.mvc.method.annotation.RequestMappingHandlerAdapter.invokeHandlerMethod(RequestMappingHandlerAdapter.java:892)
	at org.springframework.web.servlet.mvc.method.annotation.RequestMappingHandlerAdapter.handleInternal(RequestMappingHandlerAdapter.java:797)
	at org.springframework.web.servlet.mvc.method.AbstractHandlerMethodAdapter.handle(AbstractHandlerMethodAdapter.java:87)
	at org.springframework.web.servlet.DispatcherServlet.doDispatch(DispatcherServlet.java:1039)
	at org.springframework.web.servlet.DispatcherServlet.doService(DispatcherServlet.java:942)
	at org.springframework.web.servlet.FrameworkServlet.processRequest(FrameworkServlet.java:1005)
	at org.springframework.web.servlet.FrameworkServlet.doGet(FrameworkServlet.java:897)
	at javax.servlet.http.HttpServlet.service(HttpServlet.java:622)
	at org.springframework.web.servlet.FrameworkServlet.service(FrameworkServlet.java:882)
	at javax.servlet.http.HttpServlet.service(HttpServlet.java:729)
	at org.apache.catalina.core.ApplicationFilterChain.internalDoFilter(ApplicationFilterChain.java:292)
	at org.apache.catalina.core.ApplicationFilterChain.doFilter(ApplicationFilterChain.java:207)
	at org.apache.tomcat.websocket.server.WsFilter.doFilter(WsFilter.java:52)
	at org.apache.catalina.core.ApplicationFilterChain.internalDoFilter(ApplicationFilterChain.java:240)
	at org.apache.catalina.core.ApplicationFilterChain.doFilter(ApplicationFilterChain.java:207)
	at org.springframework.web.filter.CharacterEncodingFilter.doFilterInternal(CharacterEncodingFilter.java:200)
	at org.springframework.web.filter.OncePerRequestFilter.doFilter(OncePerRequestFilter.java:118)
	at org.apache.catalina.core.ApplicationFilterChain.internalDoFilter(ApplicationFilterChain.java:240)
	at org.apache.catalina.core.ApplicationFilterChain.doFilter(ApplicationFilterChain.java:207)
	at org.apache.catalina.core.StandardWrapperValve.invoke(StandardWrapperValve.java:212)
	at org.apache.catalina.core.StandardContextValve.invoke(StandardContextValve.java:94)
	at org.apache.catalina.core.StandardHostValve.invoke(StandardHostValve.java:141)
	at org.apache.catalina.valves.ErrorReportValve.invoke(ErrorReportValve.java:79)
	at org.apache.catalina.core.StandardEngineValve.invoke(StandardEngineValve.java:88)
	at org.apache.catalina.connector.CoyoteAdapter.service(CoyoteAdapter.java:502)
	at org.apache.coyote.http11.AbstractHttp11Processor.process(AbstractHttp11Processor.java:1132)
	at org.apache.coyote.AbstractProtocol$AbstractConnectionHandler.process(AbstractProtocol.java:684)
	at org.apache.tomcat.util.net.NioEndpoint$SocketProcessor.doRun(NioEndpoint.java:1539)
	at org.apache.tomcat.util.net.NioEndpoint$SocketProcessor.run(NioEndpoint.java:1495)
	at java.util.concurrent.ThreadPoolExecutor.runWorker(ThreadPoolExecutor.java:1142)
	at java.util.concurrent.ThreadPoolExecutor$Worker.run(ThreadPoolExecutor.java:617)
	at org.apache.tomcat.util.threads.TaskThread$WrappingRunnable.run(TaskThread.java:61)
	at java.lang.Thread.run(Thread.java:745)

12-Feb-2026 15:17:09.445 심각 [http-nio-8855-exec-1] org.apache.catalina.core.StandardWrapperValve.invoke Servlet.service() for servlet [appServlet] in context with path [] threw exception [Request processing failed; nested exception is org.mybatis.spring.MyBatisSystemException: nested exception is org.apache.ibatis.exceptions.PersistenceException: 
### Error querying database.  Cause: org.springframework.jdbc.CannotGetJdbcConnectionException: Failed to obtain JDBC Connection; nested exception is com.microsoft.sqlserver.jdbc.SQLServerException: 호스트 61.32.101.234, 포트 1433에 대한 TCP/IP 연결에 실패했습니다. 오류: "connect timed out. 연결 속성을 확인하십시오. SQL Server의 인스턴스가 호스트에서 실행되고 있고 포트에서 TCP/IP 연결을 허용하고 있는지 확인하십시오. 또한 방화벽에서 포트로의 TCP 연결을 차단하지 않는지 확인하십시오.".
### The error may exist in com/daejist/login/mapper/LoginMapper.xml
### The error may involve com.daejist.login.mapper.LoginMapper.checkUserWithSessionKey
### The error occurred while executing a query
### Cause: org.springframework.jdbc.CannotGetJdbcConnectionException: Failed to obtain JDBC Connection; nested exception is com.microsoft.sqlserver.jdbc.SQLServerException: 호스트 61.32.101.234, 포트 1433에 대한 TCP/IP 연결에 실패했습니다. 오류: "connect timed out. 연결 속성을 확인하십시오. SQL Server의 인스턴스가 호스트에서 실행되고 있고 포트에서 TCP/IP 연결을 허용하고 있는지 확인하십시오. 또한 방화벽에서 포트로의 TCP 연결을 차단하지 않는지 확인하십시오.".] with root cause
 com.microsoft.sqlserver.jdbc.SQLServerException: 호스트 61.32.101.234, 포트 1433에 대한 TCP/IP 연결에 실패했습니다. 오류: "connect timed out. 연결 속성을 확인하십시오. SQL Server의 인스턴스가 호스트에서 실행되고 있고 포트에서 TCP/IP 연결을 허용하고 있는지 확인하십시오. 또한 방화벽에서 포트로의 TCP 연결을 차단하지 않는지 확인하십시오.".
	at com.microsoft.sqlserver.jdbc.SQLServerException.makeFromDriverError(SQLServerException.java:234)
	at com.microsoft.sqlserver.jdbc.SQLServerException.ConvertConnectExceptionToSQLServerException(SQLServerException.java:285)
	at com.microsoft.sqlserver.jdbc.SocketFinder.findSocket(IOBuffer.java:2462)
	at com.microsoft.sqlserver.jdbc.TDSChannel.open(IOBuffer.java:668)
	at com.microsoft.sqlserver.jdbc.SQLServerConnection.connectHelper(SQLServerConnection.java:2695)
	at com.microsoft.sqlserver.jdbc.SQLServerConnection.login(SQLServerConnection.java:2362)
	at com.microsoft.sqlserver.jdbc.SQLServerConnection.connectInternal(SQLServerConnection.java:2213)
	at com.microsoft.sqlserver.jdbc.SQLServerConnection.connect(SQLServerConnection.java:1276)
	at com.microsoft.sqlserver.jdbc.SQLServerDriver.connect(SQLServerDriver.java:861)
	at org.apache.commons.dbcp.DriverConnectionFactory.createConnection(DriverConnectionFactory.java:38)
	at org.apache.commons.dbcp.PoolableConnectionFactory.makeObject(PoolableConnectionFactory.java:582)
	at org.apache.commons.pool.impl.GenericObjectPool.borrowObject(GenericObjectPool.java:1148)
	at org.apache.commons.dbcp.PoolingDataSource.getConnection(PoolingDataSource.java:106)
	at org.apache.commons.dbcp.BasicDataSource.getConnection(BasicDataSource.java:1044)
	at org.springframework.jdbc.datasource.DataSourceUtils.fetchConnection(DataSourceUtils.java:157)
	at org.springframework.jdbc.datasource.DataSourceUtils.doGetConnection(DataSourceUtils.java:115)
	at org.springframework.jdbc.datasource.DataSourceUtils.getConnection(DataSourceUtils.java:78)
	at org.mybatis.spring.transaction.SpringManagedTransaction.openConnection(SpringManagedTransaction.java:80)
	at org.mybatis.spring.transaction.SpringManagedTransaction.getConnection(SpringManagedTransaction.java:67)
	at org.apache.ibatis.executor.BaseExecutor.getConnection(BaseExecutor.java:336)
	at org.apache.ibatis.executor.SimpleExecutor.prepareStatement(SimpleExecutor.java:85)
	at org.apache.ibatis.executor.SimpleExecutor.doQuery(SimpleExecutor.java:62)
	at org.apache.ibatis.executor.BaseExecutor.queryFromDatabase(BaseExecutor.java:324)
	at org.apache.ibatis.executor.BaseExecutor.query(BaseExecutor.java:156)
	at org.apache.ibatis.executor.CachingExecutor.query(CachingExecutor.java:109)
	at org.apache.ibatis.executor.CachingExecutor.query(CachingExecutor.java:83)
	at org.apache.ibatis.session.defaults.DefaultSqlSession.selectList(DefaultSqlSession.java:147)
	at org.apache.ibatis.session.defaults.DefaultSqlSession.selectList(DefaultSqlSession.java:140)
	at org.apache.ibatis.session.defaults.DefaultSqlSession.selectOne(DefaultSqlSession.java:76)
	at sun.reflect.GeneratedMethodAccessor90.invoke(Unknown Source)
	at sun.reflect.DelegatingMethodAccessorImpl.invoke(DelegatingMethodAccessorImpl.java:43)
	at java.lang.reflect.Method.invoke(Method.java:498)
	at org.mybatis.spring.SqlSessionTemplate$SqlSessionInterceptor.invoke(SqlSessionTemplate.java:426)
	at com.sun.proxy.$Proxy59.selectOne(Unknown Source)
	at org.mybatis.spring.SqlSessionTemplate.selectOne(SqlSessionTemplate.java:159)
	at org.apache.ibatis.binding.MapperMethod.execute(MapperMethod.java:87)
	at org.apache.ibatis.binding.MapperProxy.invoke(MapperProxy.java:57)
	at com.sun.proxy.$Proxy61.checkUserWithSessionKey(Unknown Source)
	at com.daejist.login.service.LoginServiceImp.checkUserWithSessionKey(LoginServiceImp.java:84)
	at com.daejist.login.controller.LoginController.getSessionInfo(LoginController.java:321)
	at sun.reflect.GeneratedMethodAccessor107.invoke(Unknown Source)
	at sun.reflect.DelegatingMethodAccessorImpl.invoke(DelegatingMethodAccessorImpl.java:43)
	at java.lang.reflect.Method.invoke(Method.java:498)
	at org.springframework.web.method.support.InvocableHandlerMethod.doInvoke(InvocableHandlerMethod.java:190)
	at org.springframework.web.method.support.InvocableHandlerMethod.invokeForRequest(InvocableHandlerMethod.java:138)
	at org.springframework.web.servlet.mvc.method.annotation.ServletInvocableHandlerMethod.invokeAndHandle(ServletInvocableHandlerMethod.java:104)
	at org.springframework.web.servlet.mvc.method.annotation.RequestMappingHandlerAdapter.invokeHandlerMethod(RequestMappingHandlerAdapter.java:892)
	at org.springframework.web.servlet.mvc.method.annotation.RequestMappingHandlerAdapter.handleInternal(RequestMappingHandlerAdapter.java:797)
	at org.springframework.web.servlet.mvc.method.AbstractHandlerMethodAdapter.handle(AbstractHandlerMethodAdapter.java:87)
	at org.springframework.web.servlet.DispatcherServlet.doDispatch(DispatcherServlet.java:1039)
	at org.springframework.web.servlet.DispatcherServlet.doService(DispatcherServlet.java:942)
	at org.springframework.web.servlet.FrameworkServlet.processRequest(FrameworkServlet.java:1005)
	at org.springframework.web.servlet.FrameworkServlet.doPost(FrameworkServlet.java:908)
	at javax.servlet.http.HttpServlet.service(HttpServlet.java:648)
	at org.springframework.web.servlet.FrameworkServlet.service(FrameworkServlet.java:882)
	at javax.servlet.http.HttpServlet.service(HttpServlet.java:729)
	at org.apache.catalina.core.ApplicationFilterChain.internalDoFilter(ApplicationFilterChain.java:292)
	at org.apache.catalina.core.ApplicationFilterChain.doFilter(ApplicationFilterChain.java:207)
	at org.apache.tomcat.websocket.server.WsFilter.doFilter(WsFilter.java:52)
	at org.apache.catalina.core.ApplicationFilterChain.internalDoFilter(ApplicationFilterChain.java:240)
	at org.apache.catalina.core.ApplicationFilterChain.doFilter(ApplicationFilterChain.java:207)
	at org.springframework.web.filter.CharacterEncodingFilter.doFilterInternal(CharacterEncodingFilter.java:200)
	at org.springframework.web.filter.OncePerRequestFilter.doFilter(OncePerRequestFilter.java:118)
	at org.apache.catalina.core.ApplicationFilterChain.internalDoFilter(ApplicationFilterChain.java:240)
	at org.apache.catalina.core.ApplicationFilterChain.doFilter(ApplicationFilterChain.java:207)
	at org.apache.catalina.core.StandardWrapperValve.invoke(StandardWrapperValve.java:212)
	at org.apache.catalina.core.StandardContextValve.invoke(StandardContextValve.java:94)
	at org.apache.catalina.core.StandardHostValve.invoke(StandardHostValve.java:141)
	at org.apache.catalina.valves.ErrorReportValve.invoke(ErrorReportValve.java:79)
	at org.apache.catalina.core.StandardEngineValve.invoke(StandardEngineValve.java:88)
	at org.apache.catalina.connector.CoyoteAdapter.service(CoyoteAdapter.java:502)
	at org.apache.coyote.http11.AbstractHttp11Processor.process(AbstractHttp11Processor.java:1132)
	at org.apache.coyote.AbstractProtocol$AbstractConnectionHandler.process(AbstractProtocol.java:684)
	at org.apache.tomcat.util.net.NioEndpoint$SocketProcessor.doRun(NioEndpoint.java:1539)
	at org.apache.tomcat.util.net.NioEndpoint$SocketProcessor.run(NioEndpoint.java:1495)
	at java.util.concurrent.ThreadPoolExecutor.runWorker(ThreadPoolExecutor.java:1142)
	at java.util.concurrent.ThreadPoolExecutor$Worker.run(ThreadPoolExecutor.java:617)
	at org.apache.tomcat.util.threads.TaskThread$WrappingRunnable.run(TaskThread.java:61)
	at java.lang.Thread.run(Thread.java:745)

12-Feb-2026 15:17:10.322 심각 [http-nio-8855-exec-16] org.apache.catalina.core.StandardWrapperValve.invoke Servlet.service() for servlet [appServlet] in context with path [] threw exception [Request processing failed; nested exception is org.mybatis.spring.MyBatisSystemException: nested exception is org.apache.ibatis.exceptions.PersistenceException: 
### Error querying database.  Cause: org.springframework.jdbc.CannotGetJdbcConnectionException: Failed to obtain JDBC Connection; nested exception is com.microsoft.sqlserver.jdbc.SQLServerException: 호스트 61.32.101.234, 포트 1433에 대한 TCP/IP 연결에 실패했습니다. 오류: "connect timed out. 연결 속성을 확인하십시오. SQL Server의 인스턴스가 호스트에서 실행되고 있고 포트에서 TCP/IP 연결을 허용하고 있는지 확인하십시오. 또한 방화벽에서 포트로의 TCP 연결을 차단하지 않는지 확인하십시오.".
### The error may exist in com/daejist/login/mapper/MesuringMapper.xml
### The error may involve com.daejist.login.mapper.MesuringMapper.getList
### The error occurred while executing a query
### Cause: org.springframework.jdbc.CannotGetJdbcConnectionException: Failed to obtain JDBC Connection; nested exception is com.microsoft.sqlserver.jdbc.SQLServerException: 호스트 61.32.101.234, 포트 1433에 대한 TCP/IP 연결에 실패했습니다. 오류: "connect timed out. 연결 속성을 확인하십시오. SQL Server의 인스턴스가 호스트에서 실행되고 있고 포트에서 TCP/IP 연결을 허용하고 있는지 확인하십시오. 또한 방화벽에서 포트로의 TCP 연결을 차단하지 않는지 확인하십시오.".] with root cause
 com.microsoft.sqlserver.jdbc.SQLServerException: 호스트 61.32.101.234, 포트 1433에 대한 TCP/IP 연결에 실패했습니다. 오류: "connect timed out. 연결 속성을 확인하십시오. SQL Server의 인스턴스가 호스트에서 실행되고 있고 포트에서 TCP/IP 연결을 허용하고 있는지 확인하십시오. 또한 방화벽에서 포트로의 TCP 연결을 차단하지 않는지 확인하십시오.".
	at com.microsoft.sqlserver.jdbc.SQLServerException.makeFromDriverError(SQLServerException.java:234)
	at com.microsoft.sqlserver.jdbc.SQLServerException.ConvertConnectExceptionToSQLServerException(SQLServerException.java:285)
	at com.microsoft.sqlserver.jdbc.SocketFinder.findSocket(IOBuffer.java:2462)
	at com.microsoft.sqlserver.jdbc.TDSChannel.open(IOBuffer.java:668)
	at com.microsoft.sqlserver.jdbc.SQLServerConnection.connectHelper(SQLServerConnection.java:2695)
	at com.microsoft.sqlserver.jdbc.SQLServerConnection.login(SQLServerConnection.java:2362)
	at com.microsoft.sqlserver.jdbc.SQLServerConnection.connectInternal(SQLServerConnection.java:2213)
	at com.microsoft.sqlserver.jdbc.SQLServerConnection.connect(SQLServerConnection.java:1276)
	at com.microsoft.sqlserver.jdbc.SQLServerDriver.connect(SQLServerDriver.java:861)
	at org.apache.commons.dbcp.DriverConnectionFactory.createConnection(DriverConnectionFactory.java:38)
	at org.apache.commons.dbcp.PoolableConnectionFactory.makeObject(PoolableConnectionFactory.java:582)
	at org.apache.commons.pool.impl.GenericObjectPool.borrowObject(GenericObjectPool.java:1148)
	at org.apache.commons.dbcp.PoolingDataSource.getConnection(PoolingDataSource.java:106)
	at org.apache.commons.dbcp.BasicDataSource.getConnection(BasicDataSource.java:1044)
	at org.springframework.jdbc.datasource.DataSourceUtils.fetchConnection(DataSourceUtils.java:157)
	at org.springframework.jdbc.datasource.DataSourceUtils.doGetConnection(DataSourceUtils.java:115)
	at org.springframework.jdbc.datasource.DataSourceUtils.getConnection(DataSourceUtils.java:78)
	at org.mybatis.spring.transaction.SpringManagedTransaction.openConnection(SpringManagedTransaction.java:80)
	at org.mybatis.spring.transaction.SpringManagedTransaction.getConnection(SpringManagedTransaction.java:67)
	at org.apache.ibatis.executor.BaseExecutor.getConnection(BaseExecutor.java:336)
	at org.apache.ibatis.executor.SimpleExecutor.prepareStatement(SimpleExecutor.java:85)
	at org.apache.ibatis.executor.SimpleExecutor.doQuery(SimpleExecutor.java:62)
	at org.apache.ibatis.executor.BaseExecutor.queryFromDatabase(BaseExecutor.java:324)
	at org.apache.ibatis.executor.BaseExecutor.query(BaseExecutor.java:156)
	at org.apache.ibatis.executor.CachingExecutor.query(CachingExecutor.java:109)
	at org.apache.ibatis.executor.CachingExecutor.query(CachingExecutor.java:83)
	at org.apache.ibatis.session.defaults.DefaultSqlSession.selectList(DefaultSqlSession.java:147)
	at org.apache.ibatis.session.defaults.DefaultSqlSession.selectList(DefaultSqlSession.java:140)
	at sun.reflect.GeneratedMethodAccessor88.invoke(Unknown Source)
	at sun.reflect.DelegatingMethodAccessorImpl.invoke(DelegatingMethodAccessorImpl.java:43)
	at java.lang.reflect.Method.invoke(Method.java:498)
	at org.mybatis.spring.SqlSessionTemplate$SqlSessionInterceptor.invoke(SqlSessionTemplate.java:426)
	at com.sun.proxy.$Proxy59.selectList(Unknown Source)
	at org.mybatis.spring.SqlSessionTemplate.selectList(SqlSessionTemplate.java:223)
	at org.apache.ibatis.binding.MapperMethod.executeForMany(MapperMethod.java:147)
	at org.apache.ibatis.binding.MapperMethod.execute(MapperMethod.java:80)
	at org.apache.ibatis.binding.MapperProxy.invoke(MapperProxy.java:57)
	at com.sun.proxy.$Proxy64.getList(Unknown Source)
	at com.daejist.login.service.MesuringServiceImp.getList(MesuringServiceImp.java:29)
	at com.daejist.login.controller.LoginController.InspectionGrid(LoginController.java:180)
	at sun.reflect.GeneratedMethodAccessor111.invoke(Unknown Source)
	at sun.reflect.DelegatingMethodAccessorImpl.invoke(DelegatingMethodAccessorImpl.java:43)
	at java.lang.reflect.Method.invoke(Method.java:498)
	at org.springframework.web.method.support.InvocableHandlerMethod.doInvoke(InvocableHandlerMethod.java:190)
	at org.springframework.web.method.support.InvocableHandlerMethod.invokeForRequest(InvocableHandlerMethod.java:138)
	at org.springframework.web.servlet.mvc.method.annotation.ServletInvocableHandlerMethod.invokeAndHandle(ServletInvocableHandlerMethod.java:104)
	at org.springframework.web.servlet.mvc.method.annotation.RequestMappingHandlerAdapter.invokeHandlerMethod(RequestMappingHandlerAdapter.java:892)
	at org.springframework.web.servlet.mvc.method.annotation.RequestMappingHandlerAdapter.handleInternal(RequestMappingHandlerAdapter.java:797)
	at org.springframework.web.servlet.mvc.method.AbstractHandlerMethodAdapter.handle(AbstractHandlerMethodAdapter.java:87)
	at org.springframework.web.servlet.DispatcherServlet.doDispatch(DispatcherServlet.java:1039)
	at org.springframework.web.servlet.DispatcherServlet.doService(DispatcherServlet.java:942)
	at org.springframework.web.servlet.FrameworkServlet.processRequest(FrameworkServlet.java:1005)
	at org.springframework.web.servlet.FrameworkServlet.doGet(FrameworkServlet.java:897)
	at javax.servlet.http.HttpServlet.service(HttpServlet.java:622)
	at org.springframework.web.servlet.FrameworkServlet.service(FrameworkServlet.java:882)
	at javax.servlet.http.HttpServlet.service(HttpServlet.java:729)
	at org.apache.catalina.core.ApplicationFilterChain.internalDoFilter(ApplicationFilterChain.java:292)
	at org.apache.catalina.core.ApplicationFilterChain.doFilter(ApplicationFilterChain.java:207)
	at org.apache.tomcat.websocket.server.WsFilter.doFilter(WsFilter.java:52)
	at org.apache.catalina.core.ApplicationFilterChain.internalDoFilter(ApplicationFilterChain.java:240)
	at org.apache.catalina.core.ApplicationFilterChain.doFilter(ApplicationFilterChain.java:207)
	at org.springframework.web.filter.CharacterEncodingFilter.doFilterInternal(CharacterEncodingFilter.java:200)
	at org.springframework.web.filter.OncePerRequestFilter.doFilter(OncePerRequestFilter.java:118)
	at org.apache.catalina.core.ApplicationFilterChain.internalDoFilter(ApplicationFilterChain.java:240)
	at org.apache.catalina.core.ApplicationFilterChain.doFilter(ApplicationFilterChain.java:207)
	at org.apache.catalina.core.StandardWrapperValve.invoke(StandardWrapperValve.java:212)
	at org.apache.catalina.core.StandardContextValve.invoke(StandardContextValve.java:94)
	at org.apache.catalina.core.StandardHostValve.invoke(StandardHostValve.java:141)
	at org.apache.catalina.valves.ErrorReportValve.invoke(ErrorReportValve.java:79)
	at org.apache.catalina.core.StandardEngineValve.invoke(StandardEngineValve.java:88)
	at org.apache.catalina.connector.CoyoteAdapter.service(CoyoteAdapter.java:502)
	at org.apache.coyote.http11.AbstractHttp11Processor.process(AbstractHttp11Processor.java:1132)
	at org.apache.coyote.AbstractProtocol$AbstractConnectionHandler.process(AbstractProtocol.java:684)
	at org.apache.tomcat.util.net.NioEndpoint$SocketProcessor.doRun(NioEndpoint.java:1539)
	at org.apache.tomcat.util.net.NioEndpoint$SocketProcessor.run(NioEndpoint.java:1495)
	at java.util.concurrent.ThreadPoolExecutor.runWorker(ThreadPoolExecutor.java:1142)
	at java.util.concurrent.ThreadPoolExecutor$Worker.run(ThreadPoolExecutor.java:617)
	at org.apache.tomcat.util.threads.TaskThread$WrappingRunnable.run(TaskThread.java:61)
	at java.lang.Thread.run(Thread.java:745)

12-Feb-2026 15:17:26.762 심각 [http-nio-8855-exec-18] org.apache.catalina.core.StandardWrapperValve.invoke Servlet.service() for servlet [appServlet] in context with path [] threw exception [Request processing failed; nested exception is org.mybatis.spring.MyBatisSystemException: nested exception is org.apache.ibatis.exceptions.PersistenceException: 
### Error querying database.  Cause: org.springframework.jdbc.CannotGetJdbcConnectionException: Failed to obtain JDBC Connection; nested exception is com.microsoft.sqlserver.jdbc.SQLServerException: 호스트 61.32.101.234, 포트 1433에 대한 TCP/IP 연결에 실패했습니다. 오류: "connect timed out. 연결 속성을 확인하십시오. SQL Server의 인스턴스가 호스트에서 실행되고 있고 포트에서 TCP/IP 연결을 허용하고 있는지 확인하십시오. 또한 방화벽에서 포트로의 TCP 연결을 차단하지 않는지 확인하십시오.".
### The error may exist in com/daejist/login/mapper/LengthsMapper.xml
### The error may involve com.daejist.login.mapper.LengthsMapper.getDeaModel
### The error occurred while executing a query
### Cause: org.springframework.jdbc.CannotGetJdbcConnectionException: Failed to obtain JDBC Connection; nested exception is com.microsoft.sqlserver.jdbc.SQLServerException: 호스트 61.32.101.234, 포트 1433에 대한 TCP/IP 연결에 실패했습니다. 오류: "connect timed out. 연결 속성을 확인하십시오. SQL Server의 인스턴스가 호스트에서 실행되고 있고 포트에서 TCP/IP 연결을 허용하고 있는지 확인하십시오. 또한 방화벽에서 포트로의 TCP 연결을 차단하지 않는지 확인하십시오.".] with root cause
 com.microsoft.sqlserver.jdbc.SQLServerException: 호스트 61.32.101.234, 포트 1433에 대한 TCP/IP 연결에 실패했습니다. 오류: "connect timed out. 연결 속성을 확인하십시오. SQL Server의 인스턴스가 호스트에서 실행되고 있고 포트에서 TCP/IP 연결을 허용하고 있는지 확인하십시오. 또한 방화벽에서 포트로의 TCP 연결을 차단하지 않는지 확인하십시오.".
	at com.microsoft.sqlserver.jdbc.SQLServerException.makeFromDriverError(SQLServerException.java:234)
	at com.microsoft.sqlserver.jdbc.SQLServerException.ConvertConnectExceptionToSQLServerException(SQLServerException.java:285)
	at com.microsoft.sqlserver.jdbc.SocketFinder.findSocket(IOBuffer.java:2462)
	at com.microsoft.sqlserver.jdbc.TDSChannel.open(IOBuffer.java:668)
	at com.microsoft.sqlserver.jdbc.SQLServerConnection.connectHelper(SQLServerConnection.java:2695)
	at com.microsoft.sqlserver.jdbc.SQLServerConnection.login(SQLServerConnection.java:2362)
	at com.microsoft.sqlserver.jdbc.SQLServerConnection.connectInternal(SQLServerConnection.java:2213)
	at com.microsoft.sqlserver.jdbc.SQLServerConnection.connect(SQLServerConnection.java:1276)
	at com.microsoft.sqlserver.jdbc.SQLServerDriver.connect(SQLServerDriver.java:861)
	at org.apache.commons.dbcp.DriverConnectionFactory.createConnection(DriverConnectionFactory.java:38)
	at org.apache.commons.dbcp.PoolableConnectionFactory.makeObject(PoolableConnectionFactory.java:582)
	at org.apache.commons.pool.impl.GenericObjectPool.borrowObject(GenericObjectPool.java:1148)
	at org.apache.commons.dbcp.PoolingDataSource.getConnection(PoolingDataSource.java:106)
	at org.apache.commons.dbcp.BasicDataSource.getConnection(BasicDataSource.java:1044)
	at org.springframework.jdbc.datasource.DataSourceUtils.fetchConnection(DataSourceUtils.java:157)
	at org.springframework.jdbc.datasource.DataSourceUtils.doGetConnection(DataSourceUtils.java:115)
	at org.springframework.jdbc.datasource.DataSourceUtils.getConnection(DataSourceUtils.java:78)
	at org.mybatis.spring.transaction.SpringManagedTransaction.openConnection(SpringManagedTransaction.java:80)
	at org.mybatis.spring.transaction.SpringManagedTransaction.getConnection(SpringManagedTransaction.java:67)
	at org.apache.ibatis.executor.BaseExecutor.getConnection(BaseExecutor.java:336)
	at org.apache.ibatis.executor.SimpleExecutor.prepareStatement(SimpleExecutor.java:85)
	at org.apache.ibatis.executor.SimpleExecutor.doQuery(SimpleExecutor.java:62)
	at org.apache.ibatis.executor.BaseExecutor.queryFromDatabase(BaseExecutor.java:324)
	at org.apache.ibatis.executor.BaseExecutor.query(BaseExecutor.java:156)
	at org.apache.ibatis.executor.CachingExecutor.query(CachingExecutor.java:109)
	at org.apache.ibatis.executor.CachingExecutor.query(CachingExecutor.java:83)
	at org.apache.ibatis.session.defaults.DefaultSqlSession.selectList(DefaultSqlSession.java:147)
	at org.apache.ibatis.session.defaults.DefaultSqlSession.selectList(DefaultSqlSession.java:140)
	at sun.reflect.GeneratedMethodAccessor88.invoke(Unknown Source)
	at sun.reflect.DelegatingMethodAccessorImpl.invoke(DelegatingMethodAccessorImpl.java:43)
	at java.lang.reflect.Method.invoke(Method.java:498)
	at org.mybatis.spring.SqlSessionTemplate$SqlSessionInterceptor.invoke(SqlSessionTemplate.java:426)
	at com.sun.proxy.$Proxy59.selectList(Unknown Source)
	at org.mybatis.spring.SqlSessionTemplate.selectList(SqlSessionTemplate.java:223)
	at org.apache.ibatis.binding.MapperMethod.executeForMany(MapperMethod.java:147)
	at org.apache.ibatis.binding.MapperMethod.execute(MapperMethod.java:80)
	at org.apache.ibatis.binding.MapperProxy.invoke(MapperProxy.java:57)
	at com.sun.proxy.$Proxy65.getDeaModel(Unknown Source)
	at com.daejist.login.service.MesuringServiceImp.getDeaModel(MesuringServiceImp.java:65)
	at com.daejist.login.controller.LoginController.getInboundDataList(LoginController.java:278)
	at sun.reflect.GeneratedMethodAccessor108.invoke(Unknown Source)
	at sun.reflect.DelegatingMethodAccessorImpl.invoke(DelegatingMethodAccessorImpl.java:43)
	at java.lang.reflect.Method.invoke(Method.java:498)
	at org.springframework.web.method.support.InvocableHandlerMethod.doInvoke(InvocableHandlerMethod.java:190)
	at org.springframework.web.method.support.InvocableHandlerMethod.invokeForRequest(InvocableHandlerMethod.java:138)
	at org.springframework.web.servlet.mvc.method.annotation.ServletInvocableHandlerMethod.invokeAndHandle(ServletInvocableHandlerMethod.java:104)
	at org.springframework.web.servlet.mvc.method.annotation.RequestMappingHandlerAdapter.invokeHandlerMethod(RequestMappingHandlerAdapter.java:892)
	at org.springframework.web.servlet.mvc.method.annotation.RequestMappingHandlerAdapter.handleInternal(RequestMappingHandlerAdapter.java:797)
	at org.springframework.web.servlet.mvc.method.AbstractHandlerMethodAdapter.handle(AbstractHandlerMethodAdapter.java:87)
	at org.springframework.web.servlet.DispatcherServlet.doDispatch(DispatcherServlet.java:1039)
	at org.springframework.web.servlet.DispatcherServlet.doService(DispatcherServlet.java:942)
	at org.springframework.web.servlet.FrameworkServlet.processRequest(FrameworkServlet.java:1005)
	at org.springframework.web.servlet.FrameworkServlet.doPost(FrameworkServlet.java:908)
	at javax.servlet.http.HttpServlet.service(HttpServlet.java:648)
	at org.springframework.web.servlet.FrameworkServlet.service(FrameworkServlet.java:882)
	at javax.servlet.http.HttpServlet.service(HttpServlet.java:729)
	at org.apache.catalina.core.ApplicationFilterChain.internalDoFilter(ApplicationFilterChain.java:292)
	at org.apache.catalina.core.ApplicationFilterChain.doFilter(ApplicationFilterChain.java:207)
	at org.apache.tomcat.websocket.server.WsFilter.doFilter(WsFilter.java:52)
	at org.apache.catalina.core.ApplicationFilterChain.internalDoFilter(ApplicationFilterChain.java:240)
	at org.apache.catalina.core.ApplicationFilterChain.doFilter(ApplicationFilterChain.java:207)
	at org.springframework.web.filter.CharacterEncodingFilter.doFilterInternal(CharacterEncodingFilter.java:200)
	at org.springframework.web.filter.OncePerRequestFilter.doFilter(OncePerRequestFilter.java:118)
	at org.apache.catalina.core.ApplicationFilterChain.internalDoFilter(ApplicationFilterChain.java:240)
	at org.apache.catalina.core.ApplicationFilterChain.doFilter(ApplicationFilterChain.java:207)
	at org.apache.catalina.core.StandardWrapperValve.invoke(StandardWrapperValve.java:212)
	at org.apache.catalina.core.StandardContextValve.invoke(StandardContextValve.java:94)
	at org.apache.catalina.core.StandardHostValve.invoke(StandardHostValve.java:141)
	at org.apache.catalina.valves.ErrorReportValve.invoke(ErrorReportValve.java:79)
	at org.apache.catalina.core.StandardEngineValve.invoke(StandardEngineValve.java:88)
	at org.apache.catalina.connector.CoyoteAdapter.service(CoyoteAdapter.java:502)
	at org.apache.coyote.http11.AbstractHttp11Processor.process(AbstractHttp11Processor.java:1132)
	at org.apache.coyote.AbstractProtocol$AbstractConnectionHandler.process(AbstractProtocol.java:684)
	at org.apache.tomcat.util.net.NioEndpoint$SocketProcessor.doRun(NioEndpoint.java:1539)
	at org.apache.tomcat.util.net.NioEndpoint$SocketProcessor.run(NioEndpoint.java:1495)
	at java.util.concurrent.ThreadPoolExecutor.runWorker(ThreadPoolExecutor.java:1142)
	at java.util.concurrent.ThreadPoolExecutor$Worker.run(ThreadPoolExecutor.java:617)
	at org.apache.tomcat.util.threads.TaskThread$WrappingRunnable.run(TaskThread.java:61)
	at java.lang.Thread.run(Thread.java:745)

12-Feb-2026 15:17:26.763 심각 [http-nio-8855-exec-14] org.apache.catalina.core.StandardWrapperValve.invoke Servlet.service() for servlet [appServlet] in context with path [] threw exception [Request processing failed; nested exception is org.mybatis.spring.MyBatisSystemException: nested exception is org.apache.ibatis.exceptions.PersistenceException: 
### Error querying database.  Cause: org.springframework.jdbc.CannotGetJdbcConnectionException: Failed to obtain JDBC Connection; nested exception is com.microsoft.sqlserver.jdbc.SQLServerException: 호스트 61.32.101.234, 포트 1433에 대한 TCP/IP 연결에 실패했습니다. 오류: "connect timed out. 연결 속성을 확인하십시오. SQL Server의 인스턴스가 호스트에서 실행되고 있고 포트에서 TCP/IP 연결을 허용하고 있는지 확인하십시오. 또한 방화벽에서 포트로의 TCP 연결을 차단하지 않는지 확인하십시오.".
### The error may exist in com/daejist/login/mapper/MesuringMapper.xml
### The error may involve com.daejist.login.mapper.MesuringMapper.getChagamReason
### The error occurred while executing a query
### Cause: org.springframework.jdbc.CannotGetJdbcConnectionException: Failed to obtain JDBC Connection; nested exception is com.microsoft.sqlserver.jdbc.SQLServerException: 호스트 61.32.101.234, 포트 1433에 대한 TCP/IP 연결에 실패했습니다. 오류: "connect timed out. 연결 속성을 확인하십시오. SQL Server의 인스턴스가 호스트에서 실행되고 있고 포트에서 TCP/IP 연결을 허용하고 있는지 확인하십시오. 또한 방화벽에서 포트로의 TCP 연결을 차단하지 않는지 확인하십시오.".] with root cause
 com.microsoft.sqlserver.jdbc.SQLServerException: 호스트 61.32.101.234, 포트 1433에 대한 TCP/IP 연결에 실패했습니다. 오류: "connect timed out. 연결 속성을 확인하십시오. SQL Server의 인스턴스가 호스트에서 실행되고 있고 포트에서 TCP/IP 연결을 허용하고 있는지 확인하십시오. 또한 방화벽에서 포트로의 TCP 연결을 차단하지 않는지 확인하십시오.".
	at com.microsoft.sqlserver.jdbc.SQLServerException.makeFromDriverError(SQLServerException.java:234)
	at com.microsoft.sqlserver.jdbc.SQLServerException.ConvertConnectExceptionToSQLServerException(SQLServerException.java:285)
	at com.microsoft.sqlserver.jdbc.SocketFinder.findSocket(IOBuffer.java:2462)
	at com.microsoft.sqlserver.jdbc.TDSChannel.open(IOBuffer.java:668)
	at com.microsoft.sqlserver.jdbc.SQLServerConnection.connectHelper(SQLServerConnection.java:2695)
	at com.microsoft.sqlserver.jdbc.SQLServerConnection.login(SQLServerConnection.java:2362)
	at com.microsoft.sqlserver.jdbc.SQLServerConnection.connectInternal(SQLServerConnection.java:2213)
	at com.microsoft.sqlserver.jdbc.SQLServerConnection.connect(SQLServerConnection.java:1276)
	at com.microsoft.sqlserver.jdbc.SQLServerDriver.connect(SQLServerDriver.java:861)
	at org.apache.commons.dbcp.DriverConnectionFactory.createConnection(DriverConnectionFactory.java:38)
	at org.apache.commons.dbcp.PoolableConnectionFactory.makeObject(PoolableConnectionFactory.java:582)
	at org.apache.commons.pool.impl.GenericObjectPool.borrowObject(GenericObjectPool.java:1148)
	at org.apache.commons.dbcp.PoolingDataSource.getConnection(PoolingDataSource.java:106)
	at org.apache.commons.dbcp.BasicDataSource.getConnection(BasicDataSource.java:1044)
	at org.springframework.jdbc.datasource.DataSourceUtils.fetchConnection(DataSourceUtils.java:157)
	at org.springframework.jdbc.datasource.DataSourceUtils.doGetConnection(DataSourceUtils.java:115)
	at org.springframework.jdbc.datasource.DataSourceUtils.getConnection(DataSourceUtils.java:78)
	at org.mybatis.spring.transaction.SpringManagedTransaction.openConnection(SpringManagedTransaction.java:80)
	at org.mybatis.spring.transaction.SpringManagedTransaction.getConnection(SpringManagedTransaction.java:67)
	at org.apache.ibatis.executor.BaseExecutor.getConnection(BaseExecutor.java:336)
	at org.apache.ibatis.executor.SimpleExecutor.prepareStatement(SimpleExecutor.java:85)
	at org.apache.ibatis.executor.SimpleExecutor.doQuery(SimpleExecutor.java:62)
	at org.apache.ibatis.executor.BaseExecutor.queryFromDatabase(BaseExecutor.java:324)
	at org.apache.ibatis.executor.BaseExecutor.query(BaseExecutor.java:156)
	at org.apache.ibatis.executor.CachingExecutor.query(CachingExecutor.java:109)
	at org.apache.ibatis.executor.CachingExecutor.query(CachingExecutor.java:83)
	at org.apache.ibatis.session.defaults.DefaultSqlSession.selectList(DefaultSqlSession.java:147)
	at org.apache.ibatis.session.defaults.DefaultSqlSession.selectList(DefaultSqlSession.java:140)
	at sun.reflect.GeneratedMethodAccessor88.invoke(Unknown Source)
	at sun.reflect.DelegatingMethodAccessorImpl.invoke(DelegatingMethodAccessorImpl.java:43)
	at java.lang.reflect.Method.invoke(Method.java:498)
	at org.mybatis.spring.SqlSessionTemplate$SqlSessionInterceptor.invoke(SqlSessionTemplate.java:426)
	at com.sun.proxy.$Proxy59.selectList(Unknown Source)
	at org.mybatis.spring.SqlSessionTemplate.selectList(SqlSessionTemplate.java:223)
	at org.apache.ibatis.binding.MapperMethod.executeForMany(MapperMethod.java:147)
	at org.apache.ibatis.binding.MapperMethod.execute(MapperMethod.java:80)
	at org.apache.ibatis.binding.MapperProxy.invoke(MapperProxy.java:57)
	at com.sun.proxy.$Proxy64.getChagamReason(Unknown Source)
	at com.daejist.login.service.MesuringServiceImp.getChagamReason(MesuringServiceImp.java:60)
	at com.daejist.login.controller.LoginController.getChagamReason(LoginController.java:206)
	at sun.reflect.GeneratedMethodAccessor161.invoke(Unknown Source)
	at sun.reflect.DelegatingMethodAccessorImpl.invoke(DelegatingMethodAccessorImpl.java:43)
	at java.lang.reflect.Method.invoke(Method.java:498)
	at org.springframework.web.method.support.InvocableHandlerMethod.doInvoke(InvocableHandlerMethod.java:190)
	at org.springframework.web.method.support.InvocableHandlerMethod.invokeForRequest(InvocableHandlerMethod.java:138)
	at org.springframework.web.servlet.mvc.method.annotation.ServletInvocableHandlerMethod.invokeAndHandle(ServletInvocableHandlerMethod.java:104)
	at org.springframework.web.servlet.mvc.method.annotation.RequestMappingHandlerAdapter.invokeHandlerMethod(RequestMappingHandlerAdapter.java:892)
	at org.springframework.web.servlet.mvc.method.annotation.RequestMappingHandlerAdapter.handleInternal(RequestMappingHandlerAdapter.java:797)
	at org.springframework.web.servlet.mvc.method.AbstractHandlerMethodAdapter.handle(AbstractHandlerMethodAdapter.java:87)
	at org.springframework.web.servlet.DispatcherServlet.doDispatch(DispatcherServlet.java:1039)
	at org.springframework.web.servlet.DispatcherServlet.doService(DispatcherServlet.java:942)
	at org.springframework.web.servlet.FrameworkServlet.processRequest(FrameworkServlet.java:1005)
	at org.springframework.web.servlet.FrameworkServlet.doPost(FrameworkServlet.java:908)
	at javax.servlet.http.HttpServlet.service(HttpServlet.java:648)
	at org.springframework.web.servlet.FrameworkServlet.service(FrameworkServlet.java:882)
	at javax.servlet.http.HttpServlet.service(HttpServlet.java:729)
	at org.apache.catalina.core.ApplicationFilterChain.internalDoFilter(ApplicationFilterChain.java:292)
	at org.apache.catalina.core.ApplicationFilterChain.doFilter(ApplicationFilterChain.java:207)
	at org.apache.tomcat.websocket.server.WsFilter.doFilter(WsFilter.java:52)
	at org.apache.catalina.core.ApplicationFilterChain.internalDoFilter(ApplicationFilterChain.java:240)
	at org.apache.catalina.core.ApplicationFilterChain.doFilter(ApplicationFilterChain.java:207)
	at org.springframework.web.filter.CharacterEncodingFilter.doFilterInternal(CharacterEncodingFilter.java:200)
	at org.springframework.web.filter.OncePerRequestFilter.doFilter(OncePerRequestFilter.java:118)
	at org.apache.catalina.core.ApplicationFilterChain.internalDoFilter(ApplicationFilterChain.java:240)
	at org.apache.catalina.core.ApplicationFilterChain.doFilter(ApplicationFilterChain.java:207)
	at org.apache.catalina.core.StandardWrapperValve.invoke(StandardWrapperValve.java:212)
	at org.apache.catalina.core.StandardContextValve.invoke(StandardContextValve.java:94)
	at org.apache.catalina.core.StandardHostValve.invoke(StandardHostValve.java:141)
	at org.apache.catalina.valves.ErrorReportValve.invoke(ErrorReportValve.java:79)
	at org.apache.catalina.core.StandardEngineValve.invoke(StandardEngineValve.java:88)
	at org.apache.catalina.connector.CoyoteAdapter.service(CoyoteAdapter.java:502)
	at org.apache.coyote.http11.AbstractHttp11Processor.process(AbstractHttp11Processor.java:1132)
	at org.apache.coyote.AbstractProtocol$AbstractConnectionHandler.process(AbstractProtocol.java:684)
	at org.apache.tomcat.util.net.NioEndpoint$SocketProcessor.doRun(NioEndpoint.java:1539)
	at org.apache.tomcat.util.net.NioEndpoint$SocketProcessor.run(NioEndpoint.java:1495)
	at java.util.concurrent.ThreadPoolExecutor.runWorker(ThreadPoolExecutor.java:1142)
	at java.util.concurrent.ThreadPoolExecutor$Worker.run(ThreadPoolExecutor.java:617)
	at org.apache.tomcat.util.threads.TaskThread$WrappingRunnable.run(TaskThread.java:61)
	at java.lang.Thread.run(Thread.java:745)

12-Feb-2026 15:17:26.826 심각 [http-nio-8855-exec-17] org.apache.catalina.core.StandardWrapperValve.invoke Servlet.service() for servlet [appServlet] in context with path [] threw exception [Request processing failed; nested exception is org.mybatis.spring.MyBatisSystemException: nested exception is org.apache.ibatis.exceptions.PersistenceException: 
### Error querying database.  Cause: org.springframework.jdbc.CannotGetJdbcConnectionException: Failed to obtain JDBC Connection; nested exception is com.microsoft.sqlserver.jdbc.SQLServerException: 호스트 61.32.101.234, 포트 1433에 대한 TCP/IP 연결에 실패했습니다. 오류: "connect timed out. 연결 속성을 확인하십시오. SQL Server의 인스턴스가 호스트에서 실행되고 있고 포트에서 TCP/IP 연결을 허용하고 있는지 확인하십시오. 또한 방화벽에서 포트로의 TCP 연결을 차단하지 않는지 확인하십시오.".
### The error may exist in com/daejist/login/mapper/LoginMapper.xml
### The error may involve com.daejist.login.mapper.LoginMapper.checkUserWithSessionKey
### The error occurred while executing a query
### Cause: org.springframework.jdbc.CannotGetJdbcConnectionException: Failed to obtain JDBC Connection; nested exception is com.microsoft.sqlserver.jdbc.SQLServerException: 호스트 61.32.101.234, 포트 1433에 대한 TCP/IP 연결에 실패했습니다. 오류: "connect timed out. 연결 속성을 확인하십시오. SQL Server의 인스턴스가 호스트에서 실행되고 있고 포트에서 TCP/IP 연결을 허용하고 있는지 확인하십시오. 또한 방화벽에서 포트로의 TCP 연결을 차단하지 않는지 확인하십시오.".] with root cause
 com.microsoft.sqlserver.jdbc.SQLServerException: 호스트 61.32.101.234, 포트 1433에 대한 TCP/IP 연결에 실패했습니다. 오류: "connect timed out. 연결 속성을 확인하십시오. SQL Server의 인스턴스가 호스트에서 실행되고 있고 포트에서 TCP/IP 연결을 허용하고 있는지 확인하십시오. 또한 방화벽에서 포트로의 TCP 연결을 차단하지 않는지 확인하십시오.".
	at com.microsoft.sqlserver.jdbc.SQLServerException.makeFromDriverError(SQLServerException.java:234)
	at com.microsoft.sqlserver.jdbc.SQLServerException.ConvertConnectExceptionToSQLServerException(SQLServerException.java:285)
	at com.microsoft.sqlserver.jdbc.SocketFinder.findSocket(IOBuffer.java:2462)
	at com.microsoft.sqlserver.jdbc.TDSChannel.open(IOBuffer.java:668)
	at com.microsoft.sqlserver.jdbc.SQLServerConnection.connectHelper(SQLServerConnection.java:2695)
	at com.microsoft.sqlserver.jdbc.SQLServerConnection.login(SQLServerConnection.java:2362)
	at com.microsoft.sqlserver.jdbc.SQLServerConnection.connectInternal(SQLServerConnection.java:2213)
	at com.microsoft.sqlserver.jdbc.SQLServerConnection.connect(SQLServerConnection.java:1276)
	at com.microsoft.sqlserver.jdbc.SQLServerDriver.connect(SQLServerDriver.java:861)
	at org.apache.commons.dbcp.DriverConnectionFactory.createConnection(DriverConnectionFactory.java:38)
	at org.apache.commons.dbcp.PoolableConnectionFactory.makeObject(PoolableConnectionFactory.java:582)
	at org.apache.commons.pool.impl.GenericObjectPool.borrowObject(GenericObjectPool.java:1148)
	at org.apache.commons.dbcp.PoolingDataSource.getConnection(PoolingDataSource.java:106)
	at org.apache.commons.dbcp.BasicDataSource.getConnection(BasicDataSource.java:1044)
	at org.springframework.jdbc.datasource.DataSourceUtils.fetchConnection(DataSourceUtils.java:157)
	at org.springframework.jdbc.datasource.DataSourceUtils.doGetConnection(DataSourceUtils.java:115)
	at org.springframework.jdbc.datasource.DataSourceUtils.getConnection(DataSourceUtils.java:78)
	at org.mybatis.spring.transaction.SpringManagedTransaction.openConnection(SpringManagedTransaction.java:80)
	at org.mybatis.spring.transaction.SpringManagedTransaction.getConnection(SpringManagedTransaction.java:67)
	at org.apache.ibatis.executor.BaseExecutor.getConnection(BaseExecutor.java:336)
	at org.apache.ibatis.executor.SimpleExecutor.prepareStatement(SimpleExecutor.java:85)
	at org.apache.ibatis.executor.SimpleExecutor.doQuery(SimpleExecutor.java:62)
	at org.apache.ibatis.executor.BaseExecutor.queryFromDatabase(BaseExecutor.java:324)
	at org.apache.ibatis.executor.BaseExecutor.query(BaseExecutor.java:156)
	at org.apache.ibatis.executor.CachingExecutor.query(CachingExecutor.java:109)
	at org.apache.ibatis.executor.CachingExecutor.query(CachingExecutor.java:83)
	at org.apache.ibatis.session.defaults.DefaultSqlSession.selectList(DefaultSqlSession.java:147)
	at org.apache.ibatis.session.defaults.DefaultSqlSession.selectList(DefaultSqlSession.java:140)
	at org.apache.ibatis.session.defaults.DefaultSqlSession.selectOne(DefaultSqlSession.java:76)
	at sun.reflect.GeneratedMethodAccessor90.invoke(Unknown Source)
	at sun.reflect.DelegatingMethodAccessorImpl.invoke(DelegatingMethodAccessorImpl.java:43)
	at java.lang.reflect.Method.invoke(Method.java:498)
	at org.mybatis.spring.SqlSessionTemplate$SqlSessionInterceptor.invoke(SqlSessionTemplate.java:426)
	at com.sun.proxy.$Proxy59.selectOne(Unknown Source)
	at org.mybatis.spring.SqlSessionTemplate.selectOne(SqlSessionTemplate.java:159)
	at org.apache.ibatis.binding.MapperMethod.execute(MapperMethod.java:87)
	at org.apache.ibatis.binding.MapperProxy.invoke(MapperProxy.java:57)
	at com.sun.proxy.$Proxy61.checkUserWithSessionKey(Unknown Source)
	at com.daejist.login.service.LoginServiceImp.checkUserWithSessionKey(LoginServiceImp.java:84)
	at com.daejist.login.controller.LoginController.getSessionInfo(LoginController.java:321)
	at sun.reflect.GeneratedMethodAccessor107.invoke(Unknown Source)
	at sun.reflect.DelegatingMethodAccessorImpl.invoke(DelegatingMethodAccessorImpl.java:43)
	at java.lang.reflect.Method.invoke(Method.java:498)
	at org.springframework.web.method.support.InvocableHandlerMethod.doInvoke(InvocableHandlerMethod.java:190)
	at org.springframework.web.method.support.InvocableHandlerMethod.invokeForRequest(InvocableHandlerMethod.java:138)
	at org.springframework.web.servlet.mvc.method.annotation.ServletInvocableHandlerMethod.invokeAndHandle(ServletInvocableHandlerMethod.java:104)
	at org.springframework.web.servlet.mvc.method.annotation.RequestMappingHandlerAdapter.invokeHandlerMethod(RequestMappingHandlerAdapter.java:892)
	at org.springframework.web.servlet.mvc.method.annotation.RequestMappingHandlerAdapter.handleInternal(RequestMappingHandlerAdapter.java:797)
	at org.springframework.web.servlet.mvc.method.AbstractHandlerMethodAdapter.handle(AbstractHandlerMethodAdapter.java:87)
	at org.springframework.web.servlet.DispatcherServlet.doDispatch(DispatcherServlet.java:1039)
	at org.springframework.web.servlet.DispatcherServlet.doService(DispatcherServlet.java:942)
	at org.springframework.web.servlet.FrameworkServlet.processRequest(FrameworkServlet.java:1005)
	at org.springframework.web.servlet.FrameworkServlet.doPost(FrameworkServlet.java:908)
	at javax.servlet.http.HttpServlet.service(HttpServlet.java:648)
	at org.springframework.web.servlet.FrameworkServlet.service(FrameworkServlet.java:882)
	at javax.servlet.http.HttpServlet.service(HttpServlet.java:729)
	at org.apache.catalina.core.ApplicationFilterChain.internalDoFilter(ApplicationFilterChain.java:292)
	at org.apache.catalina.core.ApplicationFilterChain.doFilter(ApplicationFilterChain.java:207)
	at org.apache.tomcat.websocket.server.WsFilter.doFilter(WsFilter.java:52)
	at org.apache.catalina.core.ApplicationFilterChain.internalDoFilter(ApplicationFilterChain.java:240)
	at org.apache.catalina.core.ApplicationFilterChain.doFilter(ApplicationFilterChain.java:207)
	at org.springframework.web.filter.CharacterEncodingFilter.doFilterInternal(CharacterEncodingFilter.java:200)
	at org.springframework.web.filter.OncePerRequestFilter.doFilter(OncePerRequestFilter.java:118)
	at org.apache.catalina.core.ApplicationFilterChain.internalDoFilter(ApplicationFilterChain.java:240)
	at org.apache.catalina.core.ApplicationFilterChain.doFilter(ApplicationFilterChain.java:207)
	at org.apache.catalina.core.StandardWrapperValve.invoke(StandardWrapperValve.java:212)
	at org.apache.catalina.core.StandardContextValve.invoke(StandardContextValve.java:94)
	at org.apache.catalina.core.StandardHostValve.invoke(StandardHostValve.java:141)
	at org.apache.catalina.valves.ErrorReportValve.invoke(ErrorReportValve.java:79)
	at org.apache.catalina.core.StandardEngineValve.invoke(StandardEngineValve.java:88)
	at org.apache.catalina.connector.CoyoteAdapter.service(CoyoteAdapter.java:502)
	at org.apache.coyote.http11.AbstractHttp11Processor.process(AbstractHttp11Processor.java:1132)
	at org.apache.coyote.AbstractProtocol$AbstractConnectionHandler.process(AbstractProtocol.java:684)
	at org.apache.tomcat.util.net.NioEndpoint$SocketProcessor.doRun(NioEndpoint.java:1539)
	at org.apache.tomcat.util.net.NioEndpoint$SocketProcessor.run(NioEndpoint.java:1495)
	at java.util.concurrent.ThreadPoolExecutor.runWorker(ThreadPoolExecutor.java:1142)
	at java.util.concurrent.ThreadPoolExecutor$Worker.run(ThreadPoolExecutor.java:617)
	at org.apache.tomcat.util.threads.TaskThread$WrappingRunnable.run(TaskThread.java:61)
	at java.lang.Thread.run(Thread.java:745)

12-Feb-2026 15:17:29.190 심각 [http-nio-8855-exec-13] org.apache.catalina.core.StandardWrapperValve.invoke Servlet.service() for servlet [appServlet] in context with path [] threw exception [Request processing failed; nested exception is org.mybatis.spring.MyBatisSystemException: nested exception is org.apache.ibatis.exceptions.PersistenceException: 
### Error querying database.  Cause: org.springframework.jdbc.CannotGetJdbcConnectionException: Failed to obtain JDBC Connection; nested exception is com.microsoft.sqlserver.jdbc.SQLServerException: 호스트 61.32.101.234, 포트 1433에 대한 TCP/IP 연결에 실패했습니다. 오류: "connect timed out. 연결 속성을 확인하십시오. SQL Server의 인스턴스가 호스트에서 실행되고 있고 포트에서 TCP/IP 연결을 허용하고 있는지 확인하십시오. 또한 방화벽에서 포트로의 TCP 연결을 차단하지 않는지 확인하십시오.".
### The error may exist in com/daejist/login/mapper/LoginMapper.xml
### The error may involve com.daejist.login.mapper.LoginMapper.checkUserWithSessionKey
### The error occurred while executing a query
### Cause: org.springframework.jdbc.CannotGetJdbcConnectionException: Failed to obtain JDBC Connection; nested exception is com.microsoft.sqlserver.jdbc.SQLServerException: 호스트 61.32.101.234, 포트 1433에 대한 TCP/IP 연결에 실패했습니다. 오류: "connect timed out. 연결 속성을 확인하십시오. SQL Server의 인스턴스가 호스트에서 실행되고 있고 포트에서 TCP/IP 연결을 허용하고 있는지 확인하십시오. 또한 방화벽에서 포트로의 TCP 연결을 차단하지 않는지 확인하십시오.".] with root cause
 com.microsoft.sqlserver.jdbc.SQLServerException: 호스트 61.32.101.234, 포트 1433에 대한 TCP/IP 연결에 실패했습니다. 오류: "connect timed out. 연결 속성을 확인하십시오. SQL Server의 인스턴스가 호스트에서 실행되고 있고 포트에서 TCP/IP 연결을 허용하고 있는지 확인하십시오. 또한 방화벽에서 포트로의 TCP 연결을 차단하지 않는지 확인하십시오.".
	at com.microsoft.sqlserver.jdbc.SQLServerException.makeFromDriverError(SQLServerException.java:234)
	at com.microsoft.sqlserver.jdbc.SQLServerException.ConvertConnectExceptionToSQLServerException(SQLServerException.java:285)
	at com.microsoft.sqlserver.jdbc.SocketFinder.findSocket(IOBuffer.java:2462)
	at com.microsoft.sqlserver.jdbc.TDSChannel.open(IOBuffer.java:668)
	at com.microsoft.sqlserver.jdbc.SQLServerConnection.connectHelper(SQLServerConnection.java:2695)
	at com.microsoft.sqlserver.jdbc.SQLServerConnection.login(SQLServerConnection.java:2362)
	at com.microsoft.sqlserver.jdbc.SQLServerConnection.connectInternal(SQLServerConnection.java:2213)
	at com.microsoft.sqlserver.jdbc.SQLServerConnection.connect(SQLServerConnection.java:1276)
	at com.microsoft.sqlserver.jdbc.SQLServerDriver.connect(SQLServerDriver.java:861)
	at org.apache.commons.dbcp.DriverConnectionFactory.createConnection(DriverConnectionFactory.java:38)
	at org.apache.commons.dbcp.PoolableConnectionFactory.makeObject(PoolableConnectionFactory.java:582)
	at org.apache.commons.pool.impl.GenericObjectPool.borrowObject(GenericObjectPool.java:1148)
	at org.apache.commons.dbcp.PoolingDataSource.getConnection(PoolingDataSource.java:106)
	at org.apache.commons.dbcp.BasicDataSource.getConnection(BasicDataSource.java:1044)
	at org.springframework.jdbc.datasource.DataSourceUtils.fetchConnection(DataSourceUtils.java:157)
	at org.springframework.jdbc.datasource.DataSourceUtils.doGetConnection(DataSourceUtils.java:115)
	at org.springframework.jdbc.datasource.DataSourceUtils.getConnection(DataSourceUtils.java:78)
	at org.mybatis.spring.transaction.SpringManagedTransaction.openConnection(SpringManagedTransaction.java:80)
	at org.mybatis.spring.transaction.SpringManagedTransaction.getConnection(SpringManagedTransaction.java:67)
	at org.apache.ibatis.executor.BaseExecutor.getConnection(BaseExecutor.java:336)
	at org.apache.ibatis.executor.SimpleExecutor.prepareStatement(SimpleExecutor.java:85)
	at org.apache.ibatis.executor.SimpleExecutor.doQuery(SimpleExecutor.java:62)
	at org.apache.ibatis.executor.BaseExecutor.queryFromDatabase(BaseExecutor.java:324)
	at org.apache.ibatis.executor.BaseExecutor.query(BaseExecutor.java:156)
	at org.apache.ibatis.executor.CachingExecutor.query(CachingExecutor.java:109)
	at org.apache.ibatis.executor.CachingExecutor.query(CachingExecutor.java:83)
	at org.apache.ibatis.session.defaults.DefaultSqlSession.selectList(DefaultSqlSession.java:147)
	at org.apache.ibatis.session.defaults.DefaultSqlSession.selectList(DefaultSqlSession.java:140)
	at org.apache.ibatis.session.defaults.DefaultSqlSession.selectOne(DefaultSqlSession.java:76)
	at sun.reflect.GeneratedMethodAccessor90.invoke(Unknown Source)
	at sun.reflect.DelegatingMethodAccessorImpl.invoke(DelegatingMethodAccessorImpl.java:43)
	at java.lang.reflect.Method.invoke(Method.java:498)
	at org.mybatis.spring.SqlSessionTemplate$SqlSessionInterceptor.invoke(SqlSessionTemplate.java:426)
	at com.sun.proxy.$Proxy59.selectOne(Unknown Source)
	at org.mybatis.spring.SqlSessionTemplate.selectOne(SqlSessionTemplate.java:159)
	at org.apache.ibatis.binding.MapperMethod.execute(MapperMethod.java:87)
	at org.apache.ibatis.binding.MapperProxy.invoke(MapperProxy.java:57)
	at com.sun.proxy.$Proxy61.checkUserWithSessionKey(Unknown Source)
	at com.daejist.login.service.LoginServiceImp.checkUserWithSessionKey(LoginServiceImp.java:84)
	at com.daejist.login.controller.LoginController.login(LoginController.java:75)
	at sun.reflect.GeneratedMethodAccessor118.invoke(Unknown Source)
	at sun.reflect.DelegatingMethodAccessorImpl.invoke(DelegatingMethodAccessorImpl.java:43)
	at java.lang.reflect.Method.invoke(Method.java:498)
	at org.springframework.web.method.support.InvocableHandlerMethod.doInvoke(InvocableHandlerMethod.java:190)
	at org.springframework.web.method.support.InvocableHandlerMethod.invokeForRequest(InvocableHandlerMethod.java:138)
	at org.springframework.web.servlet.mvc.method.annotation.ServletInvocableHandlerMethod.invokeAndHandle(ServletInvocableHandlerMethod.java:104)
	at org.springframework.web.servlet.mvc.method.annotation.RequestMappingHandlerAdapter.invokeHandlerMethod(RequestMappingHandlerAdapter.java:892)
	at org.springframework.web.servlet.mvc.method.annotation.RequestMappingHandlerAdapter.handleInternal(RequestMappingHandlerAdapter.java:797)
	at org.springframework.web.servlet.mvc.method.AbstractHandlerMethodAdapter.handle(AbstractHandlerMethodAdapter.java:87)
	at org.springframework.web.servlet.DispatcherServlet.doDispatch(DispatcherServlet.java:1039)
	at org.springframework.web.servlet.DispatcherServlet.doService(DispatcherServlet.java:942)
	at org.springframework.web.servlet.FrameworkServlet.processRequest(FrameworkServlet.java:1005)
	at org.springframework.web.servlet.FrameworkServlet.doGet(FrameworkServlet.java:897)
	at javax.servlet.http.HttpServlet.service(HttpServlet.java:622)
	at org.springframework.web.servlet.FrameworkServlet.service(FrameworkServlet.java:882)
	at javax.servlet.http.HttpServlet.service(HttpServlet.java:729)
	at org.apache.catalina.core.ApplicationFilterChain.internalDoFilter(ApplicationFilterChain.java:292)
	at org.apache.catalina.core.ApplicationFilterChain.doFilter(ApplicationFilterChain.java:207)
	at org.apache.tomcat.websocket.server.WsFilter.doFilter(WsFilter.java:52)
	at org.apache.catalina.core.ApplicationFilterChain.internalDoFilter(ApplicationFilterChain.java:240)
	at org.apache.catalina.core.ApplicationFilterChain.doFilter(ApplicationFilterChain.java:207)
	at org.springframework.web.filter.CharacterEncodingFilter.doFilterInternal(CharacterEncodingFilter.java:200)
	at org.springframework.web.filter.OncePerRequestFilter.doFilter(OncePerRequestFilter.java:118)
	at org.apache.catalina.core.ApplicationFilterChain.internalDoFilter(ApplicationFilterChain.java:240)
	at org.apache.catalina.core.ApplicationFilterChain.doFilter(ApplicationFilterChain.java:207)
	at org.apache.catalina.core.StandardWrapperValve.invoke(StandardWrapperValve.java:212)
	at org.apache.catalina.core.StandardContextValve.invoke(StandardContextValve.java:94)
	at org.apache.catalina.core.StandardHostValve.invoke(StandardHostValve.java:141)
	at org.apache.catalina.valves.ErrorReportValve.invoke(ErrorReportValve.java:79)
	at org.apache.catalina.core.StandardEngineValve.invoke(StandardEngineValve.java:88)
	at org.apache.catalina.connector.CoyoteAdapter.service(CoyoteAdapter.java:502)
	at org.apache.coyote.http11.AbstractHttp11Processor.process(AbstractHttp11Processor.java:1132)
	at org.apache.coyote.AbstractProtocol$AbstractConnectionHandler.process(AbstractProtocol.java:684)
	at org.apache.tomcat.util.net.NioEndpoint$SocketProcessor.doRun(NioEndpoint.java:1539)
	at org.apache.tomcat.util.net.NioEndpoint$SocketProcessor.run(NioEndpoint.java:1495)
	at java.util.concurrent.ThreadPoolExecutor.runWorker(ThreadPoolExecutor.java:1142)
	at java.util.concurrent.ThreadPoolExecutor$Worker.run(ThreadPoolExecutor.java:617)
	at org.apache.tomcat.util.threads.TaskThread$WrappingRunnable.run(TaskThread.java:61)
	at java.lang.Thread.run(Thread.java:745)

12-Feb-2026 15:17:54.865 심각 [http-nio-8855-exec-8] org.apache.catalina.core.StandardWrapperValve.invoke Servlet.service() for servlet [appServlet] in context with path [] threw exception [Request processing failed; nested exception is org.mybatis.spring.MyBatisSystemException: nested exception is org.apache.ibatis.exceptions.PersistenceException: 
### Error querying database.  Cause: org.springframework.jdbc.CannotGetJdbcConnectionException: Failed to obtain JDBC Connection; nested exception is com.microsoft.sqlserver.jdbc.SQLServerException: 호스트 61.32.101.234, 포트 1433에 대한 TCP/IP 연결에 실패했습니다. 오류: "connect timed out. 연결 속성을 확인하십시오. SQL Server의 인스턴스가 호스트에서 실행되고 있고 포트에서 TCP/IP 연결을 허용하고 있는지 확인하십시오. 또한 방화벽에서 포트로의 TCP 연결을 차단하지 않는지 확인하십시오.".
### The error may exist in com/daejist/login/mapper/LoginMapper.xml
### The error may involve com.daejist.login.mapper.LoginMapper.checkUserWithSessionKey
### The error occurred while executing a query
### Cause: org.springframework.jdbc.CannotGetJdbcConnectionException: Failed to obtain JDBC Connection; nested exception is com.microsoft.sqlserver.jdbc.SQLServerException: 호스트 61.32.101.234, 포트 1433에 대한 TCP/IP 연결에 실패했습니다. 오류: "connect timed out. 연결 속성을 확인하십시오. SQL Server의 인스턴스가 호스트에서 실행되고 있고 포트에서 TCP/IP 연결을 허용하고 있는지 확인하십시오. 또한 방화벽에서 포트로의 TCP 연결을 차단하지 않는지 확인하십시오.".] with root cause
 com.microsoft.sqlserver.jdbc.SQLServerException: 호스트 61.32.101.234, 포트 1433에 대한 TCP/IP 연결에 실패했습니다. 오류: "connect timed out. 연결 속성을 확인하십시오. SQL Server의 인스턴스가 호스트에서 실행되고 있고 포트에서 TCP/IP 연결을 허용하고 있는지 확인하십시오. 또한 방화벽에서 포트로의 TCP 연결을 차단하지 않는지 확인하십시오.".
	at com.microsoft.sqlserver.jdbc.SQLServerException.makeFromDriverError(SQLServerException.java:234)
	at com.microsoft.sqlserver.jdbc.SQLServerException.ConvertConnectExceptionToSQLServerException(SQLServerException.java:285)
	at com.microsoft.sqlserver.jdbc.SocketFinder.findSocket(IOBuffer.java:2462)
	at com.microsoft.sqlserver.jdbc.TDSChannel.open(IOBuffer.java:668)
	at com.microsoft.sqlserver.jdbc.SQLServerConnection.connectHelper(SQLServerConnection.java:2695)
	at com.microsoft.sqlserver.jdbc.SQLServerConnection.login(SQLServerConnection.java:2362)
	at com.microsoft.sqlserver.jdbc.SQLServerConnection.connectInternal(SQLServerConnection.java:2213)
	at com.microsoft.sqlserver.jdbc.SQLServerConnection.connect(SQLServerConnection.java:1276)
	at com.microsoft.sqlserver.jdbc.SQLServerDriver.connect(SQLServerDriver.java:861)
	at org.apache.commons.dbcp.DriverConnectionFactory.createConnection(DriverConnectionFactory.java:38)
	at org.apache.commons.dbcp.PoolableConnectionFactory.makeObject(PoolableConnectionFactory.java:582)
	at org.apache.commons.pool.impl.GenericObjectPool.borrowObject(GenericObjectPool.java:1148)
	at org.apache.commons.dbcp.PoolingDataSource.getConnection(PoolingDataSource.java:106)
	at org.apache.commons.dbcp.BasicDataSource.getConnection(BasicDataSource.java:1044)
	at org.springframework.jdbc.datasource.DataSourceUtils.fetchConnection(DataSourceUtils.java:157)
	at org.springframework.jdbc.datasource.DataSourceUtils.doGetConnection(DataSourceUtils.java:115)
	at org.springframework.jdbc.datasource.DataSourceUtils.getConnection(DataSourceUtils.java:78)
	at org.mybatis.spring.transaction.SpringManagedTransaction.openConnection(SpringManagedTransaction.java:80)
	at org.mybatis.spring.transaction.SpringManagedTransaction.getConnection(SpringManagedTransaction.java:67)
	at org.apache.ibatis.executor.BaseExecutor.getConnection(BaseExecutor.java:336)
	at org.apache.ibatis.executor.SimpleExecutor.prepareStatement(SimpleExecutor.java:85)
	at org.apache.ibatis.executor.SimpleExecutor.doQuery(SimpleExecutor.java:62)
	at org.apache.ibatis.executor.BaseExecutor.queryFromDatabase(BaseExecutor.java:324)
	at org.apache.ibatis.executor.BaseExecutor.query(BaseExecutor.java:156)
	at org.apache.ibatis.executor.CachingExecutor.query(CachingExecutor.java:109)
	at org.apache.ibatis.executor.CachingExecutor.query(CachingExecutor.java:83)
	at org.apache.ibatis.session.defaults.DefaultSqlSession.selectList(DefaultSqlSession.java:147)
	at org.apache.ibatis.session.defaults.DefaultSqlSession.selectList(DefaultSqlSession.java:140)
	at org.apache.ibatis.session.defaults.DefaultSqlSession.selectOne(DefaultSqlSession.java:76)
	at sun.reflect.GeneratedMethodAccessor90.invoke(Unknown Source)
	at sun.reflect.DelegatingMethodAccessorImpl.invoke(DelegatingMethodAccessorImpl.java:43)
	at java.lang.reflect.Method.invoke(Method.java:498)
	at org.mybatis.spring.SqlSessionTemplate$SqlSessionInterceptor.invoke(SqlSessionTemplate.java:426)
	at com.sun.proxy.$Proxy59.selectOne(Unknown Source)
	at org.mybatis.spring.SqlSessionTemplate.selectOne(SqlSessionTemplate.java:159)
	at org.apache.ibatis.binding.MapperMethod.execute(MapperMethod.java:87)
	at org.apache.ibatis.binding.MapperProxy.invoke(MapperProxy.java:57)
	at com.sun.proxy.$Proxy61.checkUserWithSessionKey(Unknown Source)
	at com.daejist.login.service.LoginServiceImp.checkUserWithSessionKey(LoginServiceImp.java:84)
	at com.daejist.login.controller.LoginController.login(LoginController.java:75)
	at sun.reflect.GeneratedMethodAccessor118.invoke(Unknown Source)
	at sun.reflect.DelegatingMethodAccessorImpl.invoke(DelegatingMethodAccessorImpl.java:43)
	at java.lang.reflect.Method.invoke(Method.java:498)
	at org.springframework.web.method.support.InvocableHandlerMethod.doInvoke(InvocableHandlerMethod.java:190)
	at org.springframework.web.method.support.InvocableHandlerMethod.invokeForRequest(InvocableHandlerMethod.java:138)
	at org.springframework.web.servlet.mvc.method.annotation.ServletInvocableHandlerMethod.invokeAndHandle(ServletInvocableHandlerMethod.java:104)
	at org.springframework.web.servlet.mvc.method.annotation.RequestMappingHandlerAdapter.invokeHandlerMethod(RequestMappingHandlerAdapter.java:892)
	at org.springframework.web.servlet.mvc.method.annotation.RequestMappingHandlerAdapter.handleInternal(RequestMappingHandlerAdapter.java:797)
	at org.springframework.web.servlet.mvc.method.AbstractHandlerMethodAdapter.handle(AbstractHandlerMethodAdapter.java:87)
	at org.springframework.web.servlet.DispatcherServlet.doDispatch(DispatcherServlet.java:1039)
	at org.springframework.web.servlet.DispatcherServlet.doService(DispatcherServlet.java:942)
	at org.springframework.web.servlet.FrameworkServlet.processRequest(FrameworkServlet.java:1005)
	at org.springframework.web.servlet.FrameworkServlet.doGet(FrameworkServlet.java:897)
	at javax.servlet.http.HttpServlet.service(HttpServlet.java:622)
	at org.springframework.web.servlet.FrameworkServlet.service(FrameworkServlet.java:882)
	at javax.servlet.http.HttpServlet.service(HttpServlet.java:729)
	at org.apache.catalina.core.ApplicationFilterChain.internalDoFilter(ApplicationFilterChain.java:292)
	at org.apache.catalina.core.ApplicationFilterChain.doFilter(ApplicationFilterChain.java:207)
	at org.apache.tomcat.websocket.server.WsFilter.doFilter(WsFilter.java:52)
	at org.apache.catalina.core.ApplicationFilterChain.internalDoFilter(ApplicationFilterChain.java:240)
	at org.apache.catalina.core.ApplicationFilterChain.doFilter(ApplicationFilterChain.java:207)
	at org.springframework.web.filter.CharacterEncodingFilter.doFilterInternal(CharacterEncodingFilter.java:200)
	at org.springframework.web.filter.OncePerRequestFilter.doFilter(OncePerRequestFilter.java:118)
	at org.apache.catalina.core.ApplicationFilterChain.internalDoFilter(ApplicationFilterChain.java:240)
	at org.apache.catalina.core.ApplicationFilterChain.doFilter(ApplicationFilterChain.java:207)
	at org.apache.catalina.core.StandardWrapperValve.invoke(StandardWrapperValve.java:212)
	at org.apache.catalina.core.StandardContextValve.invoke(StandardContextValve.java:94)
	at org.apache.catalina.core.StandardHostValve.invoke(StandardHostValve.java:141)
	at org.apache.catalina.valves.ErrorReportValve.invoke(ErrorReportValve.java:79)
	at org.apache.catalina.core.StandardEngineValve.invoke(StandardEngineValve.java:88)
	at org.apache.catalina.connector.CoyoteAdapter.service(CoyoteAdapter.java:502)
	at org.apache.coyote.http11.AbstractHttp11Processor.process(AbstractHttp11Processor.java:1132)
	at org.apache.coyote.AbstractProtocol$AbstractConnectionHandler.process(AbstractProtocol.java:684)
	at org.apache.tomcat.util.net.NioEndpoint$SocketProcessor.doRun(NioEndpoint.java:1539)
	at org.apache.tomcat.util.net.NioEndpoint$SocketProcessor.run(NioEndpoint.java:1495)
	at java.util.concurrent.ThreadPoolExecutor.runWorker(ThreadPoolExecutor.java:1142)
	at java.util.concurrent.ThreadPoolExecutor$Worker.run(ThreadPoolExecutor.java:617)
	at org.apache.tomcat.util.threads.TaskThread$WrappingRunnable.run(TaskThread.java:61)
	at java.lang.Thread.run(Thread.java:745)

12-Feb-2026 15:17:59.270 심각 [http-nio-8855-exec-1] org.apache.catalina.core.StandardWrapperValve.invoke Servlet.service() for servlet [appServlet] in context with path [] threw exception [Request processing failed; nested exception is org.mybatis.spring.MyBatisSystemException: nested exception is org.apache.ibatis.exceptions.PersistenceException: 
### Error querying database.  Cause: org.springframework.jdbc.CannotGetJdbcConnectionException: Failed to obtain JDBC Connection; nested exception is com.microsoft.sqlserver.jdbc.SQLServerException: 호스트 61.32.101.234, 포트 1433에 대한 TCP/IP 연결에 실패했습니다. 오류: "connect timed out. 연결 속성을 확인하십시오. SQL Server의 인스턴스가 호스트에서 실행되고 있고 포트에서 TCP/IP 연결을 허용하고 있는지 확인하십시오. 또한 방화벽에서 포트로의 TCP 연결을 차단하지 않는지 확인하십시오.".
### The error may exist in com/daejist/login/mapper/LoginMapper.xml
### The error may involve com.daejist.login.mapper.LoginMapper.checkUserWithSessionKey
### The error occurred while executing a query
### Cause: org.springframework.jdbc.CannotGetJdbcConnectionException: Failed to obtain JDBC Connection; nested exception is com.microsoft.sqlserver.jdbc.SQLServerException: 호스트 61.32.101.234, 포트 1433에 대한 TCP/IP 연결에 실패했습니다. 오류: "connect timed out. 연결 속성을 확인하십시오. SQL Server의 인스턴스가 호스트에서 실행되고 있고 포트에서 TCP/IP 연결을 허용하고 있는지 확인하십시오. 또한 방화벽에서 포트로의 TCP 연결을 차단하지 않는지 확인하십시오.".] with root cause
 com.microsoft.sqlserver.jdbc.SQLServerException: 호스트 61.32.101.234, 포트 1433에 대한 TCP/IP 연결에 실패했습니다. 오류: "connect timed out. 연결 속성을 확인하십시오. SQL Server의 인스턴스가 호스트에서 실행되고 있고 포트에서 TCP/IP 연결을 허용하고 있는지 확인하십시오. 또한 방화벽에서 포트로의 TCP 연결을 차단하지 않는지 확인하십시오.".
	at com.microsoft.sqlserver.jdbc.SQLServerException.makeFromDriverError(SQLServerException.java:234)
	at com.microsoft.sqlserver.jdbc.SQLServerException.ConvertConnectExceptionToSQLServerException(SQLServerException.java:285)
	at com.microsoft.sqlserver.jdbc.SocketFinder.findSocket(IOBuffer.java:2462)
	at com.microsoft.sqlserver.jdbc.TDSChannel.open(IOBuffer.java:668)
	at com.microsoft.sqlserver.jdbc.SQLServerConnection.connectHelper(SQLServerConnection.java:2695)
	at com.microsoft.sqlserver.jdbc.SQLServerConnection.login(SQLServerConnection.java:2362)
	at com.microsoft.sqlserver.jdbc.SQLServerConnection.connectInternal(SQLServerConnection.java:2213)
	at com.microsoft.sqlserver.jdbc.SQLServerConnection.connect(SQLServerConnection.java:1276)
	at com.microsoft.sqlserver.jdbc.SQLServerDriver.connect(SQLServerDriver.java:861)
	at org.apache.commons.dbcp.DriverConnectionFactory.createConnection(DriverConnectionFactory.java:38)
	at org.apache.commons.dbcp.PoolableConnectionFactory.makeObject(PoolableConnectionFactory.java:582)
	at org.apache.commons.pool.impl.GenericObjectPool.borrowObject(GenericObjectPool.java:1148)
	at org.apache.commons.dbcp.PoolingDataSource.getConnection(PoolingDataSource.java:106)
	at org.apache.commons.dbcp.BasicDataSource.getConnection(BasicDataSource.java:1044)
	at org.springframework.jdbc.datasource.DataSourceUtils.fetchConnection(DataSourceUtils.java:157)
	at org.springframework.jdbc.datasource.DataSourceUtils.doGetConnection(DataSourceUtils.java:115)
	at org.springframework.jdbc.datasource.DataSourceUtils.getConnection(DataSourceUtils.java:78)
	at org.mybatis.spring.transaction.SpringManagedTransaction.openConnection(SpringManagedTransaction.java:80)
	at org.mybatis.spring.transaction.SpringManagedTransaction.getConnection(SpringManagedTransaction.java:67)
	at org.apache.ibatis.executor.BaseExecutor.getConnection(BaseExecutor.java:336)
	at org.apache.ibatis.executor.SimpleExecutor.prepareStatement(SimpleExecutor.java:85)
	at org.apache.ibatis.executor.SimpleExecutor.doQuery(SimpleExecutor.java:62)
	at org.apache.ibatis.executor.BaseExecutor.queryFromDatabase(BaseExecutor.java:324)
	at org.apache.ibatis.executor.BaseExecutor.query(BaseExecutor.java:156)
	at org.apache.ibatis.executor.CachingExecutor.query(CachingExecutor.java:109)
	at org.apache.ibatis.executor.CachingExecutor.query(CachingExecutor.java:83)
	at org.apache.ibatis.session.defaults.DefaultSqlSession.selectList(DefaultSqlSession.java:147)
	at org.apache.ibatis.session.defaults.DefaultSqlSession.selectList(DefaultSqlSession.java:140)
	at org.apache.ibatis.session.defaults.DefaultSqlSession.selectOne(DefaultSqlSession.java:76)
	at sun.reflect.GeneratedMethodAccessor90.invoke(Unknown Source)
	at sun.reflect.DelegatingMethodAccessorImpl.invoke(DelegatingMethodAccessorImpl.java:43)
	at java.lang.reflect.Method.invoke(Method.java:498)
	at org.mybatis.spring.SqlSessionTemplate$SqlSessionInterceptor.invoke(SqlSessionTemplate.java:426)
	at com.sun.proxy.$Proxy59.selectOne(Unknown Source)
	at org.mybatis.spring.SqlSessionTemplate.selectOne(SqlSessionTemplate.java:159)
	at org.apache.ibatis.binding.MapperMethod.execute(MapperMethod.java:87)
	at org.apache.ibatis.binding.MapperProxy.invoke(MapperProxy.java:57)
	at com.sun.proxy.$Proxy61.checkUserWithSessionKey(Unknown Source)
	at com.daejist.login.service.LoginServiceImp.checkUserWithSessionKey(LoginServiceImp.java:84)
	at com.daejist.login.controller.LoginController.login(LoginController.java:75)
	at sun.reflect.GeneratedMethodAccessor118.invoke(Unknown Source)
	at sun.reflect.DelegatingMethodAccessorImpl.invoke(DelegatingMethodAccessorImpl.java:43)
	at java.lang.reflect.Method.invoke(Method.java:498)
	at org.springframework.web.method.support.InvocableHandlerMethod.doInvoke(InvocableHandlerMethod.java:190)
	at org.springframework.web.method.support.InvocableHandlerMethod.invokeForRequest(InvocableHandlerMethod.java:138)
	at org.springframework.web.servlet.mvc.method.annotation.ServletInvocableHandlerMethod.invokeAndHandle(ServletInvocableHandlerMethod.java:104)
	at org.springframework.web.servlet.mvc.method.annotation.RequestMappingHandlerAdapter.invokeHandlerMethod(RequestMappingHandlerAdapter.java:892)
	at org.springframework.web.servlet.mvc.method.annotation.RequestMappingHandlerAdapter.handleInternal(RequestMappingHandlerAdapter.java:797)
	at org.springframework.web.servlet.mvc.method.AbstractHandlerMethodAdapter.handle(AbstractHandlerMethodAdapter.java:87)
	at org.springframework.web.servlet.DispatcherServlet.doDispatch(DispatcherServlet.java:1039)
	at org.springframework.web.servlet.DispatcherServlet.doService(DispatcherServlet.java:942)
	at org.springframework.web.servlet.FrameworkServlet.processRequest(FrameworkServlet.java:1005)
	at org.springframework.web.servlet.FrameworkServlet.doGet(FrameworkServlet.java:897)
	at javax.servlet.http.HttpServlet.service(HttpServlet.java:622)
	at org.springframework.web.servlet.FrameworkServlet.service(FrameworkServlet.java:882)
	at javax.servlet.http.HttpServlet.service(HttpServlet.java:729)
	at org.apache.catalina.core.ApplicationFilterChain.internalDoFilter(ApplicationFilterChain.java:292)
	at org.apache.catalina.core.ApplicationFilterChain.doFilter(ApplicationFilterChain.java:207)
	at org.apache.tomcat.websocket.server.WsFilter.doFilter(WsFilter.java:52)
	at org.apache.catalina.core.ApplicationFilterChain.internalDoFilter(ApplicationFilterChain.java:240)
	at org.apache.catalina.core.ApplicationFilterChain.doFilter(ApplicationFilterChain.java:207)
	at org.springframework.web.filter.CharacterEncodingFilter.doFilterInternal(CharacterEncodingFilter.java:200)
	at org.springframework.web.filter.OncePerRequestFilter.doFilter(OncePerRequestFilter.java:118)
	at org.apache.catalina.core.ApplicationFilterChain.internalDoFilter(ApplicationFilterChain.java:240)
	at org.apache.catalina.core.ApplicationFilterChain.doFilter(ApplicationFilterChain.java:207)
	at org.apache.catalina.core.StandardWrapperValve.invoke(StandardWrapperValve.java:212)
	at org.apache.catalina.core.StandardContextValve.invoke(StandardContextValve.java:94)
	at org.apache.catalina.core.StandardHostValve.invoke(StandardHostValve.java:141)
	at org.apache.catalina.valves.ErrorReportValve.invoke(ErrorReportValve.java:79)
	at org.apache.catalina.core.StandardEngineValve.invoke(StandardEngineValve.java:88)
	at org.apache.catalina.connector.CoyoteAdapter.service(CoyoteAdapter.java:502)
	at org.apache.coyote.http11.AbstractHttp11Processor.process(AbstractHttp11Processor.java:1132)
	at org.apache.coyote.AbstractProtocol$AbstractConnectionHandler.process(AbstractProtocol.java:684)
	at org.apache.tomcat.util.net.NioEndpoint$SocketProcessor.doRun(NioEndpoint.java:1539)
	at org.apache.tomcat.util.net.NioEndpoint$SocketProcessor.run(NioEndpoint.java:1495)
	at java.util.concurrent.ThreadPoolExecutor.runWorker(ThreadPoolExecutor.java:1142)
	at java.util.concurrent.ThreadPoolExecutor$Worker.run(ThreadPoolExecutor.java:617)
	at org.apache.tomcat.util.threads.TaskThread$WrappingRunnable.run(TaskThread.java:61)
	at java.lang.Thread.run(Thread.java:745)

12-Feb-2026 15:18:24.070 심각 [http-nio-8855-exec-1] org.apache.catalina.core.StandardWrapperValve.invoke Servlet.service() for servlet [appServlet] in context with path [] threw exception [Request processing failed; nested exception is org.mybatis.spring.MyBatisSystemException: nested exception is org.apache.ibatis.exceptions.PersistenceException: 
### Error querying database.  Cause: org.springframework.jdbc.CannotGetJdbcConnectionException: Failed to obtain JDBC Connection; nested exception is com.microsoft.sqlserver.jdbc.SQLServerException: 호스트 61.32.101.234, 포트 1433에 대한 TCP/IP 연결에 실패했습니다. 오류: "connect timed out. 연결 속성을 확인하십시오. SQL Server의 인스턴스가 호스트에서 실행되고 있고 포트에서 TCP/IP 연결을 허용하고 있는지 확인하십시오. 또한 방화벽에서 포트로의 TCP 연결을 차단하지 않는지 확인하십시오.".
### The error may exist in com/daejist/login/mapper/LoginMapper.xml
### The error may involve com.daejist.login.mapper.LoginMapper.checkUserWithSessionKey
### The error occurred while executing a query
### Cause: org.springframework.jdbc.CannotGetJdbcConnectionException: Failed to obtain JDBC Connection; nested exception is com.microsoft.sqlserver.jdbc.SQLServerException: 호스트 61.32.101.234, 포트 1433에 대한 TCP/IP 연결에 실패했습니다. 오류: "connect timed out. 연결 속성을 확인하십시오. SQL Server의 인스턴스가 호스트에서 실행되고 있고 포트에서 TCP/IP 연결을 허용하고 있는지 확인하십시오. 또한 방화벽에서 포트로의 TCP 연결을 차단하지 않는지 확인하십시오.".] with root cause
 com.microsoft.sqlserver.jdbc.SQLServerException: 호스트 61.32.101.234, 포트 1433에 대한 TCP/IP 연결에 실패했습니다. 오류: "connect timed out. 연결 속성을 확인하십시오. SQL Server의 인스턴스가 호스트에서 실행되고 있고 포트에서 TCP/IP 연결을 허용하고 있는지 확인하십시오. 또한 방화벽에서 포트로의 TCP 연결을 차단하지 않는지 확인하십시오.".
	at com.microsoft.sqlserver.jdbc.SQLServerException.makeFromDriverError(SQLServerException.java:234)
	at com.microsoft.sqlserver.jdbc.SQLServerException.ConvertConnectExceptionToSQLServerException(SQLServerException.java:285)
	at com.microsoft.sqlserver.jdbc.SocketFinder.findSocket(IOBuffer.java:2462)
	at com.microsoft.sqlserver.jdbc.TDSChannel.open(IOBuffer.java:668)
	at com.microsoft.sqlserver.jdbc.SQLServerConnection.connectHelper(SQLServerConnection.java:2695)
	at com.microsoft.sqlserver.jdbc.SQLServerConnection.login(SQLServerConnection.java:2362)
	at com.microsoft.sqlserver.jdbc.SQLServerConnection.connectInternal(SQLServerConnection.java:2213)
	at com.microsoft.sqlserver.jdbc.SQLServerConnection.connect(SQLServerConnection.java:1276)
	at com.microsoft.sqlserver.jdbc.SQLServerDriver.connect(SQLServerDriver.java:861)
	at org.apache.commons.dbcp.DriverConnectionFactory.createConnection(DriverConnectionFactory.java:38)
	at org.apache.commons.dbcp.PoolableConnectionFactory.makeObject(PoolableConnectionFactory.java:582)
	at org.apache.commons.pool.impl.GenericObjectPool.borrowObject(GenericObjectPool.java:1148)
	at org.apache.commons.dbcp.PoolingDataSource.getConnection(PoolingDataSource.java:106)
	at org.apache.commons.dbcp.BasicDataSource.getConnection(BasicDataSource.java:1044)
	at org.springframework.jdbc.datasource.DataSourceUtils.fetchConnection(DataSourceUtils.java:157)
	at org.springframework.jdbc.datasource.DataSourceUtils.doGetConnection(DataSourceUtils.java:115)
	at org.springframework.jdbc.datasource.DataSourceUtils.getConnection(DataSourceUtils.java:78)
	at org.mybatis.spring.transaction.SpringManagedTransaction.openConnection(SpringManagedTransaction.java:80)
	at org.mybatis.spring.transaction.SpringManagedTransaction.getConnection(SpringManagedTransaction.java:67)
	at org.apache.ibatis.executor.BaseExecutor.getConnection(BaseExecutor.java:336)
	at org.apache.ibatis.executor.SimpleExecutor.prepareStatement(SimpleExecutor.java:85)
	at org.apache.ibatis.executor.SimpleExecutor.doQuery(SimpleExecutor.java:62)
	at org.apache.ibatis.executor.BaseExecutor.queryFromDatabase(BaseExecutor.java:324)
	at org.apache.ibatis.executor.BaseExecutor.query(BaseExecutor.java:156)
	at org.apache.ibatis.executor.CachingExecutor.query(CachingExecutor.java:109)
	at org.apache.ibatis.executor.CachingExecutor.query(CachingExecutor.java:83)
	at org.apache.ibatis.session.defaults.DefaultSqlSession.selectList(DefaultSqlSession.java:147)
	at org.apache.ibatis.session.defaults.DefaultSqlSession.selectList(DefaultSqlSession.java:140)
	at org.apache.ibatis.session.defaults.DefaultSqlSession.selectOne(DefaultSqlSession.java:76)
	at sun.reflect.GeneratedMethodAccessor90.invoke(Unknown Source)
	at sun.reflect.DelegatingMethodAccessorImpl.invoke(DelegatingMethodAccessorImpl.java:43)
	at java.lang.reflect.Method.invoke(Method.java:498)
	at org.mybatis.spring.SqlSessionTemplate$SqlSessionInterceptor.invoke(SqlSessionTemplate.java:426)
	at com.sun.proxy.$Proxy59.selectOne(Unknown Source)
	at org.mybatis.spring.SqlSessionTemplate.selectOne(SqlSessionTemplate.java:159)
	at org.apache.ibatis.binding.MapperMethod.execute(MapperMethod.java:87)
	at org.apache.ibatis.binding.MapperProxy.invoke(MapperProxy.java:57)
	at com.sun.proxy.$Proxy61.checkUserWithSessionKey(Unknown Source)
	at com.daejist.login.service.LoginServiceImp.checkUserWithSessionKey(LoginServiceImp.java:84)
	at com.daejist.login.controller.LoginController.login(LoginController.java:75)
	at sun.reflect.GeneratedMethodAccessor118.invoke(Unknown Source)
	at sun.reflect.DelegatingMethodAccessorImpl.invoke(DelegatingMethodAccessorImpl.java:43)
	at java.lang.reflect.Method.invoke(Method.java:498)
	at org.springframework.web.method.support.InvocableHandlerMethod.doInvoke(InvocableHandlerMethod.java:190)
	at org.springframework.web.method.support.InvocableHandlerMethod.invokeForRequest(InvocableHandlerMethod.java:138)
	at org.springframework.web.servlet.mvc.method.annotation.ServletInvocableHandlerMethod.invokeAndHandle(ServletInvocableHandlerMethod.java:104)
	at org.springframework.web.servlet.mvc.method.annotation.RequestMappingHandlerAdapter.invokeHandlerMethod(RequestMappingHandlerAdapter.java:892)
	at org.springframework.web.servlet.mvc.method.annotation.RequestMappingHandlerAdapter.handleInternal(RequestMappingHandlerAdapter.java:797)
	at org.springframework.web.servlet.mvc.method.AbstractHandlerMethodAdapter.handle(AbstractHandlerMethodAdapter.java:87)
	at org.springframework.web.servlet.DispatcherServlet.doDispatch(DispatcherServlet.java:1039)
	at org.springframework.web.servlet.DispatcherServlet.doService(DispatcherServlet.java:942)
	at org.springframework.web.servlet.FrameworkServlet.processRequest(FrameworkServlet.java:1005)
	at org.springframework.web.servlet.FrameworkServlet.doGet(FrameworkServlet.java:897)
	at javax.servlet.http.HttpServlet.service(HttpServlet.java:622)
	at org.springframework.web.servlet.FrameworkServlet.service(FrameworkServlet.java:882)
	at javax.servlet.http.HttpServlet.service(HttpServlet.java:729)
	at org.apache.catalina.core.ApplicationFilterChain.internalDoFilter(ApplicationFilterChain.java:292)
	at org.apache.catalina.core.ApplicationFilterChain.doFilter(ApplicationFilterChain.java:207)
	at org.apache.tomcat.websocket.server.WsFilter.doFilter(WsFilter.java:52)
	at org.apache.catalina.core.ApplicationFilterChain.internalDoFilter(ApplicationFilterChain.java:240)
	at org.apache.catalina.core.ApplicationFilterChain.doFilter(ApplicationFilterChain.java:207)
	at org.springframework.web.filter.CharacterEncodingFilter.doFilterInternal(CharacterEncodingFilter.java:200)
	at org.springframework.web.filter.OncePerRequestFilter.doFilter(OncePerRequestFilter.java:118)
	at org.apache.catalina.core.ApplicationFilterChain.internalDoFilter(ApplicationFilterChain.java:240)
	at org.apache.catalina.core.ApplicationFilterChain.doFilter(ApplicationFilterChain.java:207)
	at org.apache.catalina.core.StandardWrapperValve.invoke(StandardWrapperValve.java:212)
	at org.apache.catalina.core.StandardContextValve.invoke(StandardContextValve.java:94)
	at org.apache.catalina.core.StandardHostValve.invoke(StandardHostValve.java:141)
	at org.apache.catalina.valves.ErrorReportValve.invoke(ErrorReportValve.java:79)
	at org.apache.catalina.core.StandardEngineValve.invoke(StandardEngineValve.java:88)
	at org.apache.catalina.connector.CoyoteAdapter.service(CoyoteAdapter.java:502)
	at org.apache.coyote.http11.AbstractHttp11Processor.process(AbstractHttp11Processor.java:1132)
	at org.apache.coyote.AbstractProtocol$AbstractConnectionHandler.process(AbstractProtocol.java:684)
	at org.apache.tomcat.util.net.NioEndpoint$SocketProcessor.doRun(NioEndpoint.java:1539)
	at org.apache.tomcat.util.net.NioEndpoint$SocketProcessor.run(NioEndpoint.java:1495)
	at java.util.concurrent.ThreadPoolExecutor.runWorker(ThreadPoolExecutor.java:1142)
	at java.util.concurrent.ThreadPoolExecutor$Worker.run(ThreadPoolExecutor.java:617)
	at org.apache.tomcat.util.threads.TaskThread$WrappingRunnable.run(TaskThread.java:61)
	at java.lang.Thread.run(Thread.java:745)

12-Feb-2026 15:18:35.696 심각 [http-nio-8855-exec-17] org.apache.catalina.core.StandardWrapperValve.invoke Servlet.service() for servlet [appServlet] in context with path [] threw exception [Request processing failed; nested exception is org.mybatis.spring.MyBatisSystemException: nested exception is org.apache.ibatis.exceptions.PersistenceException: 
### Error querying database.  Cause: org.springframework.jdbc.CannotGetJdbcConnectionException: Failed to obtain JDBC Connection; nested exception is com.microsoft.sqlserver.jdbc.SQLServerException: 호스트 61.32.101.234, 포트 1433에 대한 TCP/IP 연결에 실패했습니다. 오류: "connect timed out. 연결 속성을 확인하십시오. SQL Server의 인스턴스가 호스트에서 실행되고 있고 포트에서 TCP/IP 연결을 허용하고 있는지 확인하십시오. 또한 방화벽에서 포트로의 TCP 연결을 차단하지 않는지 확인하십시오.".
### The error may exist in com/daejist/login/mapper/LoginMapper.xml
### The error may involve com.daejist.login.mapper.LoginMapper.checkUserWithSessionKey
### The error occurred while executing a query
### Cause: org.springframework.jdbc.CannotGetJdbcConnectionException: Failed to obtain JDBC Connection; nested exception is com.microsoft.sqlserver.jdbc.SQLServerException: 호스트 61.32.101.234, 포트 1433에 대한 TCP/IP 연결에 실패했습니다. 오류: "connect timed out. 연결 속성을 확인하십시오. SQL Server의 인스턴스가 호스트에서 실행되고 있고 포트에서 TCP/IP 연결을 허용하고 있는지 확인하십시오. 또한 방화벽에서 포트로의 TCP 연결을 차단하지 않는지 확인하십시오.".] with root cause
 com.microsoft.sqlserver.jdbc.SQLServerException: 호스트 61.32.101.234, 포트 1433에 대한 TCP/IP 연결에 실패했습니다. 오류: "connect timed out. 연결 속성을 확인하십시오. SQL Server의 인스턴스가 호스트에서 실행되고 있고 포트에서 TCP/IP 연결을 허용하고 있는지 확인하십시오. 또한 방화벽에서 포트로의 TCP 연결을 차단하지 않는지 확인하십시오.".
	at com.microsoft.sqlserver.jdbc.SQLServerException.makeFromDriverError(SQLServerException.java:234)
	at com.microsoft.sqlserver.jdbc.SQLServerException.ConvertConnectExceptionToSQLServerException(SQLServerException.java:285)
	at com.microsoft.sqlserver.jdbc.SocketFinder.findSocket(IOBuffer.java:2462)
	at com.microsoft.sqlserver.jdbc.TDSChannel.open(IOBuffer.java:668)
	at com.microsoft.sqlserver.jdbc.SQLServerConnection.connectHelper(SQLServerConnection.java:2695)
	at com.microsoft.sqlserver.jdbc.SQLServerConnection.login(SQLServerConnection.java:2362)
	at com.microsoft.sqlserver.jdbc.SQLServerConnection.connectInternal(SQLServerConnection.java:2213)
	at com.microsoft.sqlserver.jdbc.SQLServerConnection.connect(SQLServerConnection.java:1276)
	at com.microsoft.sqlserver.jdbc.SQLServerDriver.connect(SQLServerDriver.java:861)
	at org.apache.commons.dbcp.DriverConnectionFactory.createConnection(DriverConnectionFactory.java:38)
	at org.apache.commons.dbcp.PoolableConnectionFactory.makeObject(PoolableConnectionFactory.java:582)
	at org.apache.commons.pool.impl.GenericObjectPool.borrowObject(GenericObjectPool.java:1148)
	at org.apache.commons.dbcp.PoolingDataSource.getConnection(PoolingDataSource.java:106)
	at org.apache.commons.dbcp.BasicDataSource.getConnection(BasicDataSource.java:1044)
	at org.springframework.jdbc.datasource.DataSourceUtils.fetchConnection(DataSourceUtils.java:157)
	at org.springframework.jdbc.datasource.DataSourceUtils.doGetConnection(DataSourceUtils.java:115)
	at org.springframework.jdbc.datasource.DataSourceUtils.getConnection(DataSourceUtils.java:78)
	at org.mybatis.spring.transaction.SpringManagedTransaction.openConnection(SpringManagedTransaction.java:80)
	at org.mybatis.spring.transaction.SpringManagedTransaction.getConnection(SpringManagedTransaction.java:67)
	at org.apache.ibatis.executor.BaseExecutor.getConnection(BaseExecutor.java:336)
	at org.apache.ibatis.executor.SimpleExecutor.prepareStatement(SimpleExecutor.java:85)
	at org.apache.ibatis.executor.SimpleExecutor.doQuery(SimpleExecutor.java:62)
	at org.apache.ibatis.executor.BaseExecutor.queryFromDatabase(BaseExecutor.java:324)
	at org.apache.ibatis.executor.BaseExecutor.query(BaseExecutor.java:156)
	at org.apache.ibatis.executor.CachingExecutor.query(CachingExecutor.java:109)
	at org.apache.ibatis.executor.CachingExecutor.query(CachingExecutor.java:83)
	at org.apache.ibatis.session.defaults.DefaultSqlSession.selectList(DefaultSqlSession.java:147)
	at org.apache.ibatis.session.defaults.DefaultSqlSession.selectList(DefaultSqlSession.java:140)
	at org.apache.ibatis.session.defaults.DefaultSqlSession.selectOne(DefaultSqlSession.java:76)
	at sun.reflect.GeneratedMethodAccessor90.invoke(Unknown Source)
	at sun.reflect.DelegatingMethodAccessorImpl.invoke(DelegatingMethodAccessorImpl.java:43)
	at java.lang.reflect.Method.invoke(Method.java:498)
	at org.mybatis.spring.SqlSessionTemplate$SqlSessionInterceptor.invoke(SqlSessionTemplate.java:426)
	at com.sun.proxy.$Proxy59.selectOne(Unknown Source)
	at org.mybatis.spring.SqlSessionTemplate.selectOne(SqlSessionTemplate.java:159)
	at org.apache.ibatis.binding.MapperMethod.execute(MapperMethod.java:87)
	at org.apache.ibatis.binding.MapperProxy.invoke(MapperProxy.java:57)
	at com.sun.proxy.$Proxy61.checkUserWithSessionKey(Unknown Source)
	at com.daejist.login.service.LoginServiceImp.checkUserWithSessionKey(LoginServiceImp.java:84)
	at com.daejist.login.controller.LoginController.login(LoginController.java:75)
	at sun.reflect.GeneratedMethodAccessor118.invoke(Unknown Source)
	at sun.reflect.DelegatingMethodAccessorImpl.invoke(DelegatingMethodAccessorImpl.java:43)
	at java.lang.reflect.Method.invoke(Method.java:498)
	at org.springframework.web.method.support.InvocableHandlerMethod.doInvoke(InvocableHandlerMethod.java:190)
	at org.springframework.web.method.support.InvocableHandlerMethod.invokeForRequest(InvocableHandlerMethod.java:138)
	at org.springframework.web.servlet.mvc.method.annotation.ServletInvocableHandlerMethod.invokeAndHandle(ServletInvocableHandlerMethod.java:104)
	at org.springframework.web.servlet.mvc.method.annotation.RequestMappingHandlerAdapter.invokeHandlerMethod(RequestMappingHandlerAdapter.java:892)
	at org.springframework.web.servlet.mvc.method.annotation.RequestMappingHandlerAdapter.handleInternal(RequestMappingHandlerAdapter.java:797)
	at org.springframework.web.servlet.mvc.method.AbstractHandlerMethodAdapter.handle(AbstractHandlerMethodAdapter.java:87)
	at org.springframework.web.servlet.DispatcherServlet.doDispatch(DispatcherServlet.java:1039)
	at org.springframework.web.servlet.DispatcherServlet.doService(DispatcherServlet.java:942)
	at org.springframework.web.servlet.FrameworkServlet.processRequest(FrameworkServlet.java:1005)
	at org.springframework.web.servlet.FrameworkServlet.doGet(FrameworkServlet.java:897)
	at javax.servlet.http.HttpServlet.service(HttpServlet.java:622)
	at org.springframework.web.servlet.FrameworkServlet.service(FrameworkServlet.java:882)
	at javax.servlet.http.HttpServlet.service(HttpServlet.java:729)
	at org.apache.catalina.core.ApplicationFilterChain.internalDoFilter(ApplicationFilterChain.java:292)
	at org.apache.catalina.core.ApplicationFilterChain.doFilter(ApplicationFilterChain.java:207)
	at org.apache.tomcat.websocket.server.WsFilter.doFilter(WsFilter.java:52)
	at org.apache.catalina.core.ApplicationFilterChain.internalDoFilter(ApplicationFilterChain.java:240)
	at org.apache.catalina.core.ApplicationFilterChain.doFilter(ApplicationFilterChain.java:207)
	at org.springframework.web.filter.CharacterEncodingFilter.doFilterInternal(CharacterEncodingFilter.java:200)
	at org.springframework.web.filter.OncePerRequestFilter.doFilter(OncePerRequestFilter.java:118)
	at org.apache.catalina.core.ApplicationFilterChain.internalDoFilter(ApplicationFilterChain.java:240)
	at org.apache.catalina.core.ApplicationFilterChain.doFilter(ApplicationFilterChain.java:207)
	at org.apache.catalina.core.StandardWrapperValve.invoke(StandardWrapperValve.java:212)
	at org.apache.catalina.core.StandardContextValve.invoke(StandardContextValve.java:94)
	at org.apache.catalina.core.StandardHostValve.invoke(StandardHostValve.java:141)
	at org.apache.catalina.valves.ErrorReportValve.invoke(ErrorReportValve.java:79)
	at org.apache.catalina.core.StandardEngineValve.invoke(StandardEngineValve.java:88)
	at org.apache.catalina.connector.CoyoteAdapter.service(CoyoteAdapter.java:502)
	at org.apache.coyote.http11.AbstractHttp11Processor.process(AbstractHttp11Processor.java:1132)
	at org.apache.coyote.AbstractProtocol$AbstractConnectionHandler.process(AbstractProtocol.java:684)
	at org.apache.tomcat.util.net.NioEndpoint$SocketProcessor.doRun(NioEndpoint.java:1539)
	at org.apache.tomcat.util.net.NioEndpoint$SocketProcessor.run(NioEndpoint.java:1495)
	at java.util.concurrent.ThreadPoolExecutor.runWorker(ThreadPoolExecutor.java:1142)
	at java.util.concurrent.ThreadPoolExecutor$Worker.run(ThreadPoolExecutor.java:617)
	at org.apache.tomcat.util.threads.TaskThread$WrappingRunnable.run(TaskThread.java:61)
	at java.lang.Thread.run(Thread.java:745)

12-Feb-2026 15:19:27.486 심각 [http-nio-8855-exec-5] org.apache.catalina.core.StandardWrapperValve.invoke Servlet.service() for servlet [appServlet] in context with path [] threw exception [Request processing failed; nested exception is org.mybatis.spring.MyBatisSystemException: nested exception is org.apache.ibatis.exceptions.PersistenceException: 
### Error querying database.  Cause: org.springframework.jdbc.CannotGetJdbcConnectionException: Failed to obtain JDBC Connection; nested exception is com.microsoft.sqlserver.jdbc.SQLServerException: 호스트 61.32.101.234, 포트 1433에 대한 TCP/IP 연결에 실패했습니다. 오류: "connect timed out. 연결 속성을 확인하십시오. SQL Server의 인스턴스가 호스트에서 실행되고 있고 포트에서 TCP/IP 연결을 허용하고 있는지 확인하십시오. 또한 방화벽에서 포트로의 TCP 연결을 차단하지 않는지 확인하십시오.".
### The error may exist in com/daejist/login/mapper/LoginMapper.xml
### The error may involve com.daejist.login.mapper.LoginMapper.checkUserWithSessionKey
### The error occurred while executing a query
### Cause: org.springframework.jdbc.CannotGetJdbcConnectionException: Failed to obtain JDBC Connection; nested exception is com.microsoft.sqlserver.jdbc.SQLServerException: 호스트 61.32.101.234, 포트 1433에 대한 TCP/IP 연결에 실패했습니다. 오류: "connect timed out. 연결 속성을 확인하십시오. SQL Server의 인스턴스가 호스트에서 실행되고 있고 포트에서 TCP/IP 연결을 허용하고 있는지 확인하십시오. 또한 방화벽에서 포트로의 TCP 연결을 차단하지 않는지 확인하십시오.".] with root cause
 com.microsoft.sqlserver.jdbc.SQLServerException: 호스트 61.32.101.234, 포트 1433에 대한 TCP/IP 연결에 실패했습니다. 오류: "connect timed out. 연결 속성을 확인하십시오. SQL Server의 인스턴스가 호스트에서 실행되고 있고 포트에서 TCP/IP 연결을 허용하고 있는지 확인하십시오. 또한 방화벽에서 포트로의 TCP 연결을 차단하지 않는지 확인하십시오.".
	at com.microsoft.sqlserver.jdbc.SQLServerException.makeFromDriverError(SQLServerException.java:234)
	at com.microsoft.sqlserver.jdbc.SQLServerException.ConvertConnectExceptionToSQLServerException(SQLServerException.java:285)
	at com.microsoft.sqlserver.jdbc.SocketFinder.findSocket(IOBuffer.java:2462)
	at com.microsoft.sqlserver.jdbc.TDSChannel.open(IOBuffer.java:668)
	at com.microsoft.sqlserver.jdbc.SQLServerConnection.connectHelper(SQLServerConnection.java:2695)
	at com.microsoft.sqlserver.jdbc.SQLServerConnection.login(SQLServerConnection.java:2362)
	at com.microsoft.sqlserver.jdbc.SQLServerConnection.connectInternal(SQLServerConnection.java:2213)
	at com.microsoft.sqlserver.jdbc.SQLServerConnection.connect(SQLServerConnection.java:1276)
	at com.microsoft.sqlserver.jdbc.SQLServerDriver.connect(SQLServerDriver.java:861)
	at org.apache.commons.dbcp.DriverConnectionFactory.createConnection(DriverConnectionFactory.java:38)
	at org.apache.commons.dbcp.PoolableConnectionFactory.makeObject(PoolableConnectionFactory.java:582)
	at org.apache.commons.pool.impl.GenericObjectPool.borrowObject(GenericObjectPool.java:1148)
	at org.apache.commons.dbcp.PoolingDataSource.getConnection(PoolingDataSource.java:106)
	at org.apache.commons.dbcp.BasicDataSource.getConnection(BasicDataSource.java:1044)
	at org.springframework.jdbc.datasource.DataSourceUtils.fetchConnection(DataSourceUtils.java:157)
	at org.springframework.jdbc.datasource.DataSourceUtils.doGetConnection(DataSourceUtils.java:115)
	at org.springframework.jdbc.datasource.DataSourceUtils.getConnection(DataSourceUtils.java:78)
	at org.mybatis.spring.transaction.SpringManagedTransaction.openConnection(SpringManagedTransaction.java:80)
	at org.mybatis.spring.transaction.SpringManagedTransaction.getConnection(SpringManagedTransaction.java:67)
	at org.apache.ibatis.executor.BaseExecutor.getConnection(BaseExecutor.java:336)
	at org.apache.ibatis.executor.SimpleExecutor.prepareStatement(SimpleExecutor.java:85)
	at org.apache.ibatis.executor.SimpleExecutor.doQuery(SimpleExecutor.java:62)
	at org.apache.ibatis.executor.BaseExecutor.queryFromDatabase(BaseExecutor.java:324)
	at org.apache.ibatis.executor.BaseExecutor.query(BaseExecutor.java:156)
	at org.apache.ibatis.executor.CachingExecutor.query(CachingExecutor.java:109)
	at org.apache.ibatis.executor.CachingExecutor.query(CachingExecutor.java:83)
	at org.apache.ibatis.session.defaults.DefaultSqlSession.selectList(DefaultSqlSession.java:147)
	at org.apache.ibatis.session.defaults.DefaultSqlSession.selectList(DefaultSqlSession.java:140)
	at org.apache.ibatis.session.defaults.DefaultSqlSession.selectOne(DefaultSqlSession.java:76)
	at sun.reflect.GeneratedMethodAccessor90.invoke(Unknown Source)
	at sun.reflect.DelegatingMethodAccessorImpl.invoke(DelegatingMethodAccessorImpl.java:43)
	at java.lang.reflect.Method.invoke(Method.java:498)
	at org.mybatis.spring.SqlSessionTemplate$SqlSessionInterceptor.invoke(SqlSessionTemplate.java:426)
	at com.sun.proxy.$Proxy59.selectOne(Unknown Source)
	at org.mybatis.spring.SqlSessionTemplate.selectOne(SqlSessionTemplate.java:159)
	at org.apache.ibatis.binding.MapperMethod.execute(MapperMethod.java:87)
	at org.apache.ibatis.binding.MapperProxy.invoke(MapperProxy.java:57)
	at com.sun.proxy.$Proxy61.checkUserWithSessionKey(Unknown Source)
	at com.daejist.login.service.LoginServiceImp.checkUserWithSessionKey(LoginServiceImp.java:84)
	at com.daejist.login.controller.LoginController.login(LoginController.java:75)
	at sun.reflect.GeneratedMethodAccessor118.invoke(Unknown Source)
	at sun.reflect.DelegatingMethodAccessorImpl.invoke(DelegatingMethodAccessorImpl.java:43)
	at java.lang.reflect.Method.invoke(Method.java:498)
	at org.springframework.web.method.support.InvocableHandlerMethod.doInvoke(InvocableHandlerMethod.java:190)
	at org.springframework.web.method.support.InvocableHandlerMethod.invokeForRequest(InvocableHandlerMethod.java:138)
	at org.springframework.web.servlet.mvc.method.annotation.ServletInvocableHandlerMethod.invokeAndHandle(ServletInvocableHandlerMethod.java:104)
	at org.springframework.web.servlet.mvc.method.annotation.RequestMappingHandlerAdapter.invokeHandlerMethod(RequestMappingHandlerAdapter.java:892)
	at org.springframework.web.servlet.mvc.method.annotation.RequestMappingHandlerAdapter.handleInternal(RequestMappingHandlerAdapter.java:797)
	at org.springframework.web.servlet.mvc.method.AbstractHandlerMethodAdapter.handle(AbstractHandlerMethodAdapter.java:87)
	at org.springframework.web.servlet.DispatcherServlet.doDispatch(DispatcherServlet.java:1039)
	at org.springframework.web.servlet.DispatcherServlet.doService(DispatcherServlet.java:942)
	at org.springframework.web.servlet.FrameworkServlet.processRequest(FrameworkServlet.java:1005)
	at org.springframework.web.servlet.FrameworkServlet.doGet(FrameworkServlet.java:897)
	at javax.servlet.http.HttpServlet.service(HttpServlet.java:622)
	at org.springframework.web.servlet.FrameworkServlet.service(FrameworkServlet.java:882)
	at javax.servlet.http.HttpServlet.service(HttpServlet.java:729)
	at org.apache.catalina.core.ApplicationFilterChain.internalDoFilter(ApplicationFilterChain.java:292)
	at org.apache.catalina.core.ApplicationFilterChain.doFilter(ApplicationFilterChain.java:207)
	at org.apache.tomcat.websocket.server.WsFilter.doFilter(WsFilter.java:52)
	at org.apache.catalina.core.ApplicationFilterChain.internalDoFilter(ApplicationFilterChain.java:240)
	at org.apache.catalina.core.ApplicationFilterChain.doFilter(ApplicationFilterChain.java:207)
	at org.springframework.web.filter.CharacterEncodingFilter.doFilterInternal(CharacterEncodingFilter.java:200)
	at org.springframework.web.filter.OncePerRequestFilter.doFilter(OncePerRequestFilter.java:118)
	at org.apache.catalina.core.ApplicationFilterChain.internalDoFilter(ApplicationFilterChain.java:240)
	at org.apache.catalina.core.ApplicationFilterChain.doFilter(ApplicationFilterChain.java:207)
	at org.apache.catalina.core.StandardWrapperValve.invoke(StandardWrapperValve.java:212)
	at org.apache.catalina.core.StandardContextValve.invoke(StandardContextValve.java:94)
	at org.apache.catalina.core.StandardHostValve.invoke(StandardHostValve.java:141)
	at org.apache.catalina.valves.ErrorReportValve.invoke(ErrorReportValve.java:79)
	at org.apache.catalina.core.StandardEngineValve.invoke(StandardEngineValve.java:88)
	at org.apache.catalina.connector.CoyoteAdapter.service(CoyoteAdapter.java:502)
	at org.apache.coyote.http11.AbstractHttp11Processor.process(AbstractHttp11Processor.java:1132)
	at org.apache.coyote.AbstractProtocol$AbstractConnectionHandler.process(AbstractProtocol.java:684)
	at org.apache.tomcat.util.net.NioEndpoint$SocketProcessor.doRun(NioEndpoint.java:1539)
	at org.apache.tomcat.util.net.NioEndpoint$SocketProcessor.run(NioEndpoint.java:1495)
	at java.util.concurrent.ThreadPoolExecutor.runWorker(ThreadPoolExecutor.java:1142)
	at java.util.concurrent.ThreadPoolExecutor$Worker.run(ThreadPoolExecutor.java:617)
	at org.apache.tomcat.util.threads.TaskThread$WrappingRunnable.run(TaskThread.java:61)
	at java.lang.Thread.run(Thread.java:745)

12-Feb-2026 15:19:33.575 심각 [http-nio-8855-exec-18] org.apache.catalina.core.StandardWrapperValve.invoke Servlet.service() for servlet [appServlet] in context with path [] threw exception [Request processing failed; nested exception is org.mybatis.spring.MyBatisSystemException: nested exception is org.apache.ibatis.exceptions.PersistenceException: 
### Error querying database.  Cause: org.springframework.jdbc.CannotGetJdbcConnectionException: Failed to obtain JDBC Connection; nested exception is com.microsoft.sqlserver.jdbc.SQLServerException: 호스트 61.32.101.234, 포트 1433에 대한 TCP/IP 연결에 실패했습니다. 오류: "connect timed out. 연결 속성을 확인하십시오. SQL Server의 인스턴스가 호스트에서 실행되고 있고 포트에서 TCP/IP 연결을 허용하고 있는지 확인하십시오. 또한 방화벽에서 포트로의 TCP 연결을 차단하지 않는지 확인하십시오.".
### The error may exist in com/daejist/login/mapper/LoginMapper.xml
### The error may involve com.daejist.login.mapper.LoginMapper.checkUserWithSessionKey
### The error occurred while executing a query
### Cause: org.springframework.jdbc.CannotGetJdbcConnectionException: Failed to obtain JDBC Connection; nested exception is com.microsoft.sqlserver.jdbc.SQLServerException: 호스트 61.32.101.234, 포트 1433에 대한 TCP/IP 연결에 실패했습니다. 오류: "connect timed out. 연결 속성을 확인하십시오. SQL Server의 인스턴스가 호스트에서 실행되고 있고 포트에서 TCP/IP 연결을 허용하고 있는지 확인하십시오. 또한 방화벽에서 포트로의 TCP 연결을 차단하지 않는지 확인하십시오.".] with root cause
 com.microsoft.sqlserver.jdbc.SQLServerException: 호스트 61.32.101.234, 포트 1433에 대한 TCP/IP 연결에 실패했습니다. 오류: "connect timed out. 연결 속성을 확인하십시오. SQL Server의 인스턴스가 호스트에서 실행되고 있고 포트에서 TCP/IP 연결을 허용하고 있는지 확인하십시오. 또한 방화벽에서 포트로의 TCP 연결을 차단하지 않는지 확인하십시오.".
	at com.microsoft.sqlserver.jdbc.SQLServerException.makeFromDriverError(SQLServerException.java:234)
	at com.microsoft.sqlserver.jdbc.SQLServerException.ConvertConnectExceptionToSQLServerException(SQLServerException.java:285)
	at com.microsoft.sqlserver.jdbc.SocketFinder.findSocket(IOBuffer.java:2462)
	at com.microsoft.sqlserver.jdbc.TDSChannel.open(IOBuffer.java:668)
	at com.microsoft.sqlserver.jdbc.SQLServerConnection.connectHelper(SQLServerConnection.java:2695)
	at com.microsoft.sqlserver.jdbc.SQLServerConnection.login(SQLServerConnection.java:2362)
	at com.microsoft.sqlserver.jdbc.SQLServerConnection.connectInternal(SQLServerConnection.java:2213)
	at com.microsoft.sqlserver.jdbc.SQLServerConnection.connect(SQLServerConnection.java:1276)
	at com.microsoft.sqlserver.jdbc.SQLServerDriver.connect(SQLServerDriver.java:861)
	at org.apache.commons.dbcp.DriverConnectionFactory.createConnection(DriverConnectionFactory.java:38)
	at org.apache.commons.dbcp.PoolableConnectionFactory.makeObject(PoolableConnectionFactory.java:582)
	at org.apache.commons.pool.impl.GenericObjectPool.borrowObject(GenericObjectPool.java:1148)
	at org.apache.commons.dbcp.PoolingDataSource.getConnection(PoolingDataSource.java:106)
	at org.apache.commons.dbcp.BasicDataSource.getConnection(BasicDataSource.java:1044)
	at org.springframework.jdbc.datasource.DataSourceUtils.fetchConnection(DataSourceUtils.java:157)
	at org.springframework.jdbc.datasource.DataSourceUtils.doGetConnection(DataSourceUtils.java:115)
	at org.springframework.jdbc.datasource.DataSourceUtils.getConnection(DataSourceUtils.java:78)
	at org.mybatis.spring.transaction.SpringManagedTransaction.openConnection(SpringManagedTransaction.java:80)
	at org.mybatis.spring.transaction.SpringManagedTransaction.getConnection(SpringManagedTransaction.java:67)
	at org.apache.ibatis.executor.BaseExecutor.getConnection(BaseExecutor.java:336)
	at org.apache.ibatis.executor.SimpleExecutor.prepareStatement(SimpleExecutor.java:85)
	at org.apache.ibatis.executor.SimpleExecutor.doQuery(SimpleExecutor.java:62)
	at org.apache.ibatis.executor.BaseExecutor.queryFromDatabase(BaseExecutor.java:324)
	at org.apache.ibatis.executor.BaseExecutor.query(BaseExecutor.java:156)
	at org.apache.ibatis.executor.CachingExecutor.query(CachingExecutor.java:109)
	at org.apache.ibatis.executor.CachingExecutor.query(CachingExecutor.java:83)
	at org.apache.ibatis.session.defaults.DefaultSqlSession.selectList(DefaultSqlSession.java:147)
	at org.apache.ibatis.session.defaults.DefaultSqlSession.selectList(DefaultSqlSession.java:140)
	at org.apache.ibatis.session.defaults.DefaultSqlSession.selectOne(DefaultSqlSession.java:76)
	at sun.reflect.GeneratedMethodAccessor90.invoke(Unknown Source)
	at sun.reflect.DelegatingMethodAccessorImpl.invoke(DelegatingMethodAccessorImpl.java:43)
	at java.lang.reflect.Method.invoke(Method.java:498)
	at org.mybatis.spring.SqlSessionTemplate$SqlSessionInterceptor.invoke(SqlSessionTemplate.java:426)
	at com.sun.proxy.$Proxy59.selectOne(Unknown Source)
	at org.mybatis.spring.SqlSessionTemplate.selectOne(SqlSessionTemplate.java:159)
	at org.apache.ibatis.binding.MapperMethod.execute(MapperMethod.java:87)
	at org.apache.ibatis.binding.MapperProxy.invoke(MapperProxy.java:57)
	at com.sun.proxy.$Proxy61.checkUserWithSessionKey(Unknown Source)
	at com.daejist.login.service.LoginServiceImp.checkUserWithSessionKey(LoginServiceImp.java:84)
	at com.daejist.login.controller.LoginController.login(LoginController.java:75)
	at sun.reflect.GeneratedMethodAccessor118.invoke(Unknown Source)
	at sun.reflect.DelegatingMethodAccessorImpl.invoke(DelegatingMethodAccessorImpl.java:43)
	at java.lang.reflect.Method.invoke(Method.java:498)
	at org.springframework.web.method.support.InvocableHandlerMethod.doInvoke(InvocableHandlerMethod.java:190)
	at org.springframework.web.method.support.InvocableHandlerMethod.invokeForRequest(InvocableHandlerMethod.java:138)
	at org.springframework.web.servlet.mvc.method.annotation.ServletInvocableHandlerMethod.invokeAndHandle(ServletInvocableHandlerMethod.java:104)
	at org.springframework.web.servlet.mvc.method.annotation.RequestMappingHandlerAdapter.invokeHandlerMethod(RequestMappingHandlerAdapter.java:892)
	at org.springframework.web.servlet.mvc.method.annotation.RequestMappingHandlerAdapter.handleInternal(RequestMappingHandlerAdapter.java:797)
	at org.springframework.web.servlet.mvc.method.AbstractHandlerMethodAdapter.handle(AbstractHandlerMethodAdapter.java:87)
	at org.springframework.web.servlet.DispatcherServlet.doDispatch(DispatcherServlet.java:1039)
	at org.springframework.web.servlet.DispatcherServlet.doService(DispatcherServlet.java:942)
	at org.springframework.web.servlet.FrameworkServlet.processRequest(FrameworkServlet.java:1005)
	at org.springframework.web.servlet.FrameworkServlet.doGet(FrameworkServlet.java:897)
	at javax.servlet.http.HttpServlet.service(HttpServlet.java:622)
	at org.springframework.web.servlet.FrameworkServlet.service(FrameworkServlet.java:882)
	at javax.servlet.http.HttpServlet.service(HttpServlet.java:729)
	at org.apache.catalina.core.ApplicationFilterChain.internalDoFilter(ApplicationFilterChain.java:292)
	at org.apache.catalina.core.ApplicationFilterChain.doFilter(ApplicationFilterChain.java:207)
	at org.apache.tomcat.websocket.server.WsFilter.doFilter(WsFilter.java:52)
	at org.apache.catalina.core.ApplicationFilterChain.internalDoFilter(ApplicationFilterChain.java:240)
	at org.apache.catalina.core.ApplicationFilterChain.doFilter(ApplicationFilterChain.java:207)
	at org.springframework.web.filter.CharacterEncodingFilter.doFilterInternal(CharacterEncodingFilter.java:200)
	at org.springframework.web.filter.OncePerRequestFilter.doFilter(OncePerRequestFilter.java:118)
	at org.apache.catalina.core.ApplicationFilterChain.internalDoFilter(ApplicationFilterChain.java:240)
	at org.apache.catalina.core.ApplicationFilterChain.doFilter(ApplicationFilterChain.java:207)
	at org.apache.catalina.core.StandardWrapperValve.invoke(StandardWrapperValve.java:212)
	at org.apache.catalina.core.StandardContextValve.invoke(StandardContextValve.java:94)
	at org.apache.catalina.core.StandardHostValve.invoke(StandardHostValve.java:141)
	at org.apache.catalina.valves.ErrorReportValve.invoke(ErrorReportValve.java:79)
	at org.apache.catalina.core.StandardEngineValve.invoke(StandardEngineValve.java:88)
	at org.apache.catalina.connector.CoyoteAdapter.service(CoyoteAdapter.java:502)
	at org.apache.coyote.http11.AbstractHttp11Processor.process(AbstractHttp11Processor.java:1132)
	at org.apache.coyote.AbstractProtocol$AbstractConnectionHandler.process(AbstractProtocol.java:684)
	at org.apache.tomcat.util.net.NioEndpoint$SocketProcessor.doRun(NioEndpoint.java:1539)
	at org.apache.tomcat.util.net.NioEndpoint$SocketProcessor.run(NioEndpoint.java:1495)
	at java.util.concurrent.ThreadPoolExecutor.runWorker(ThreadPoolExecutor.java:1142)
	at java.util.concurrent.ThreadPoolExecutor$Worker.run(ThreadPoolExecutor.java:617)
	at org.apache.tomcat.util.threads.TaskThread$WrappingRunnable.run(TaskThread.java:61)
	at java.lang.Thread.run(Thread.java:745)

12-Feb-2026 15:19:55.268 심각 [http-nio-8855-exec-16] org.apache.catalina.core.StandardWrapperValve.invoke Servlet.service() for servlet [appServlet] in context with path [] threw exception [Request processing failed; nested exception is org.mybatis.spring.MyBatisSystemException: nested exception is org.apache.ibatis.exceptions.PersistenceException: 
### Error querying database.  Cause: org.springframework.jdbc.CannotGetJdbcConnectionException: Failed to obtain JDBC Connection; nested exception is com.microsoft.sqlserver.jdbc.SQLServerException: 호스트 61.32.101.234, 포트 1433에 대한 TCP/IP 연결에 실패했습니다. 오류: "connect timed out. 연결 속성을 확인하십시오. SQL Server의 인스턴스가 호스트에서 실행되고 있고 포트에서 TCP/IP 연결을 허용하고 있는지 확인하십시오. 또한 방화벽에서 포트로의 TCP 연결을 차단하지 않는지 확인하십시오.".
### The error may exist in com/daejist/login/mapper/LoginMapper.xml
### The error may involve com.daejist.login.mapper.LoginMapper.checkUserWithSessionKey
### The error occurred while executing a query
### Cause: org.springframework.jdbc.CannotGetJdbcConnectionException: Failed to obtain JDBC Connection; nested exception is com.microsoft.sqlserver.jdbc.SQLServerException: 호스트 61.32.101.234, 포트 1433에 대한 TCP/IP 연결에 실패했습니다. 오류: "connect timed out. 연결 속성을 확인하십시오. SQL Server의 인스턴스가 호스트에서 실행되고 있고 포트에서 TCP/IP 연결을 허용하고 있는지 확인하십시오. 또한 방화벽에서 포트로의 TCP 연결을 차단하지 않는지 확인하십시오.".] with root cause
 com.microsoft.sqlserver.jdbc.SQLServerException: 호스트 61.32.101.234, 포트 1433에 대한 TCP/IP 연결에 실패했습니다. 오류: "connect timed out. 연결 속성을 확인하십시오. SQL Server의 인스턴스가 호스트에서 실행되고 있고 포트에서 TCP/IP 연결을 허용하고 있는지 확인하십시오. 또한 방화벽에서 포트로의 TCP 연결을 차단하지 않는지 확인하십시오.".
	at com.microsoft.sqlserver.jdbc.SQLServerException.makeFromDriverError(SQLServerException.java:234)
	at com.microsoft.sqlserver.jdbc.SQLServerException.ConvertConnectExceptionToSQLServerException(SQLServerException.java:285)
	at com.microsoft.sqlserver.jdbc.SocketFinder.findSocket(IOBuffer.java:2462)
	at com.microsoft.sqlserver.jdbc.TDSChannel.open(IOBuffer.java:668)
	at com.microsoft.sqlserver.jdbc.SQLServerConnection.connectHelper(SQLServerConnection.java:2695)
	at com.microsoft.sqlserver.jdbc.SQLServerConnection.login(SQLServerConnection.java:2362)
	at com.microsoft.sqlserver.jdbc.SQLServerConnection.connectInternal(SQLServerConnection.java:2213)
	at com.microsoft.sqlserver.jdbc.SQLServerConnection.connect(SQLServerConnection.java:1276)
	at com.microsoft.sqlserver.jdbc.SQLServerDriver.connect(SQLServerDriver.java:861)
	at org.apache.commons.dbcp.DriverConnectionFactory.createConnection(DriverConnectionFactory.java:38)
	at org.apache.commons.dbcp.PoolableConnectionFactory.makeObject(PoolableConnectionFactory.java:582)
	at org.apache.commons.pool.impl.GenericObjectPool.borrowObject(GenericObjectPool.java:1148)
	at org.apache.commons.dbcp.PoolingDataSource.getConnection(PoolingDataSource.java:106)
	at org.apache.commons.dbcp.BasicDataSource.getConnection(BasicDataSource.java:1044)
	at org.springframework.jdbc.datasource.DataSourceUtils.fetchConnection(DataSourceUtils.java:157)
	at org.springframework.jdbc.datasource.DataSourceUtils.doGetConnection(DataSourceUtils.java:115)
	at org.springframework.jdbc.datasource.DataSourceUtils.getConnection(DataSourceUtils.java:78)
	at org.mybatis.spring.transaction.SpringManagedTransaction.openConnection(SpringManagedTransaction.java:80)
	at org.mybatis.spring.transaction.SpringManagedTransaction.getConnection(SpringManagedTransaction.java:67)
	at org.apache.ibatis.executor.BaseExecutor.getConnection(BaseExecutor.java:336)
	at org.apache.ibatis.executor.SimpleExecutor.prepareStatement(SimpleExecutor.java:85)
	at org.apache.ibatis.executor.SimpleExecutor.doQuery(SimpleExecutor.java:62)
	at org.apache.ibatis.executor.BaseExecutor.queryFromDatabase(BaseExecutor.java:324)
	at org.apache.ibatis.executor.BaseExecutor.query(BaseExecutor.java:156)
	at org.apache.ibatis.executor.CachingExecutor.query(CachingExecutor.java:109)
	at org.apache.ibatis.executor.CachingExecutor.query(CachingExecutor.java:83)
	at org.apache.ibatis.session.defaults.DefaultSqlSession.selectList(DefaultSqlSession.java:147)
	at org.apache.ibatis.session.defaults.DefaultSqlSession.selectList(DefaultSqlSession.java:140)
	at org.apache.ibatis.session.defaults.DefaultSqlSession.selectOne(DefaultSqlSession.java:76)
	at sun.reflect.GeneratedMethodAccessor90.invoke(Unknown Source)
	at sun.reflect.DelegatingMethodAccessorImpl.invoke(DelegatingMethodAccessorImpl.java:43)
	at java.lang.reflect.Method.invoke(Method.java:498)
	at org.mybatis.spring.SqlSessionTemplate$SqlSessionInterceptor.invoke(SqlSessionTemplate.java:426)
	at com.sun.proxy.$Proxy59.selectOne(Unknown Source)
	at org.mybatis.spring.SqlSessionTemplate.selectOne(SqlSessionTemplate.java:159)
	at org.apache.ibatis.binding.MapperMethod.execute(MapperMethod.java:87)
	at org.apache.ibatis.binding.MapperProxy.invoke(MapperProxy.java:57)
	at com.sun.proxy.$Proxy61.checkUserWithSessionKey(Unknown Source)
	at com.daejist.login.service.LoginServiceImp.checkUserWithSessionKey(LoginServiceImp.java:84)
	at com.daejist.login.controller.LoginController.login(LoginController.java:75)
	at sun.reflect.GeneratedMethodAccessor118.invoke(Unknown Source)
	at sun.reflect.DelegatingMethodAccessorImpl.invoke(DelegatingMethodAccessorImpl.java:43)
	at java.lang.reflect.Method.invoke(Method.java:498)
	at org.springframework.web.method.support.InvocableHandlerMethod.doInvoke(InvocableHandlerMethod.java:190)
	at org.springframework.web.method.support.InvocableHandlerMethod.invokeForRequest(InvocableHandlerMethod.java:138)
	at org.springframework.web.servlet.mvc.method.annotation.ServletInvocableHandlerMethod.invokeAndHandle(ServletInvocableHandlerMethod.java:104)
	at org.springframework.web.servlet.mvc.method.annotation.RequestMappingHandlerAdapter.invokeHandlerMethod(RequestMappingHandlerAdapter.java:892)
	at org.springframework.web.servlet.mvc.method.annotation.RequestMappingHandlerAdapter.handleInternal(RequestMappingHandlerAdapter.java:797)
	at org.springframework.web.servlet.mvc.method.AbstractHandlerMethodAdapter.handle(AbstractHandlerMethodAdapter.java:87)
	at org.springframework.web.servlet.DispatcherServlet.doDispatch(DispatcherServlet.java:1039)
	at org.springframework.web.servlet.DispatcherServlet.doService(DispatcherServlet.java:942)
	at org.springframework.web.servlet.FrameworkServlet.processRequest(FrameworkServlet.java:1005)
	at org.springframework.web.servlet.FrameworkServlet.doGet(FrameworkServlet.java:897)
	at javax.servlet.http.HttpServlet.service(HttpServlet.java:622)
	at org.springframework.web.servlet.FrameworkServlet.service(FrameworkServlet.java:882)
	at javax.servlet.http.HttpServlet.service(HttpServlet.java:729)
	at org.apache.catalina.core.ApplicationFilterChain.internalDoFilter(ApplicationFilterChain.java:292)
	at org.apache.catalina.core.ApplicationFilterChain.doFilter(ApplicationFilterChain.java:207)
	at org.apache.tomcat.websocket.server.WsFilter.doFilter(WsFilter.java:52)
	at org.apache.catalina.core.ApplicationFilterChain.internalDoFilter(ApplicationFilterChain.java:240)
	at org.apache.catalina.core.ApplicationFilterChain.doFilter(ApplicationFilterChain.java:207)
	at org.springframework.web.filter.CharacterEncodingFilter.doFilterInternal(CharacterEncodingFilter.java:200)
	at org.springframework.web.filter.OncePerRequestFilter.doFilter(OncePerRequestFilter.java:118)
	at org.apache.catalina.core.ApplicationFilterChain.internalDoFilter(ApplicationFilterChain.java:240)
	at org.apache.catalina.core.ApplicationFilterChain.doFilter(ApplicationFilterChain.java:207)
	at org.apache.catalina.core.StandardWrapperValve.invoke(StandardWrapperValve.java:212)
	at org.apache.catalina.core.StandardContextValve.invoke(StandardContextValve.java:94)
	at org.apache.catalina.core.StandardHostValve.invoke(StandardHostValve.java:141)
	at org.apache.catalina.valves.ErrorReportValve.invoke(ErrorReportValve.java:79)
	at org.apache.catalina.core.StandardEngineValve.invoke(StandardEngineValve.java:88)
	at org.apache.catalina.connector.CoyoteAdapter.service(CoyoteAdapter.java:502)
	at org.apache.coyote.http11.AbstractHttp11Processor.process(AbstractHttp11Processor.java:1132)
	at org.apache.coyote.AbstractProtocol$AbstractConnectionHandler.process(AbstractProtocol.java:684)
	at org.apache.tomcat.util.net.NioEndpoint$SocketProcessor.doRun(NioEndpoint.java:1539)
	at org.apache.tomcat.util.net.NioEndpoint$SocketProcessor.run(NioEndpoint.java:1495)
	at java.util.concurrent.ThreadPoolExecutor.runWorker(ThreadPoolExecutor.java:1142)
	at java.util.concurrent.ThreadPoolExecutor$Worker.run(ThreadPoolExecutor.java:617)
	at org.apache.tomcat.util.threads.TaskThread$WrappingRunnable.run(TaskThread.java:61)
	at java.lang.Thread.run(Thread.java:745)

12-Feb-2026 15:19:57.347 심각 [http-nio-8855-exec-13] org.apache.catalina.core.StandardWrapperValve.invoke Servlet.service() for servlet [appServlet] in context with path [] threw exception [Request processing failed; nested exception is org.mybatis.spring.MyBatisSystemException: nested exception is org.apache.ibatis.exceptions.PersistenceException: 
### Error querying database.  Cause: org.springframework.jdbc.CannotGetJdbcConnectionException: Failed to obtain JDBC Connection; nested exception is com.microsoft.sqlserver.jdbc.SQLServerException: 호스트 61.32.101.234, 포트 1433에 대한 TCP/IP 연결에 실패했습니다. 오류: "connect timed out. 연결 속성을 확인하십시오. SQL Server의 인스턴스가 호스트에서 실행되고 있고 포트에서 TCP/IP 연결을 허용하고 있는지 확인하십시오. 또한 방화벽에서 포트로의 TCP 연결을 차단하지 않는지 확인하십시오.".
### The error may exist in com/daejist/login/mapper/LoginMapper.xml
### The error may involve com.daejist.login.mapper.LoginMapper.checkUserWithSessionKey
### The error occurred while executing a query
### Cause: org.springframework.jdbc.CannotGetJdbcConnectionException: Failed to obtain JDBC Connection; nested exception is com.microsoft.sqlserver.jdbc.SQLServerException: 호스트 61.32.101.234, 포트 1433에 대한 TCP/IP 연결에 실패했습니다. 오류: "connect timed out. 연결 속성을 확인하십시오. SQL Server의 인스턴스가 호스트에서 실행되고 있고 포트에서 TCP/IP 연결을 허용하고 있는지 확인하십시오. 또한 방화벽에서 포트로의 TCP 연결을 차단하지 않는지 확인하십시오.".] with root cause
 com.microsoft.sqlserver.jdbc.SQLServerException: 호스트 61.32.101.234, 포트 1433에 대한 TCP/IP 연결에 실패했습니다. 오류: "connect timed out. 연결 속성을 확인하십시오. SQL Server의 인스턴스가 호스트에서 실행되고 있고 포트에서 TCP/IP 연결을 허용하고 있는지 확인하십시오. 또한 방화벽에서 포트로의 TCP 연결을 차단하지 않는지 확인하십시오.".
	at com.microsoft.sqlserver.jdbc.SQLServerException.makeFromDriverError(SQLServerException.java:234)
	at com.microsoft.sqlserver.jdbc.SQLServerException.ConvertConnectExceptionToSQLServerException(SQLServerException.java:285)
	at com.microsoft.sqlserver.jdbc.SocketFinder.findSocket(IOBuffer.java:2462)
	at com.microsoft.sqlserver.jdbc.TDSChannel.open(IOBuffer.java:668)
	at com.microsoft.sqlserver.jdbc.SQLServerConnection.connectHelper(SQLServerConnection.java:2695)
	at com.microsoft.sqlserver.jdbc.SQLServerConnection.login(SQLServerConnection.java:2362)
	at com.microsoft.sqlserver.jdbc.SQLServerConnection.connectInternal(SQLServerConnection.java:2213)
	at com.microsoft.sqlserver.jdbc.SQLServerConnection.connect(SQLServerConnection.java:1276)
	at com.microsoft.sqlserver.jdbc.SQLServerDriver.connect(SQLServerDriver.java:861)
	at org.apache.commons.dbcp.DriverConnectionFactory.createConnection(DriverConnectionFactory.java:38)
	at org.apache.commons.dbcp.PoolableConnectionFactory.makeObject(PoolableConnectionFactory.java:582)
	at org.apache.commons.pool.impl.GenericObjectPool.borrowObject(GenericObjectPool.java:1148)
	at org.apache.commons.dbcp.PoolingDataSource.getConnection(PoolingDataSource.java:106)
	at org.apache.commons.dbcp.BasicDataSource.getConnection(BasicDataSource.java:1044)
	at org.springframework.jdbc.datasource.DataSourceUtils.fetchConnection(DataSourceUtils.java:157)
	at org.springframework.jdbc.datasource.DataSourceUtils.doGetConnection(DataSourceUtils.java:115)
	at org.springframework.jdbc.datasource.DataSourceUtils.getConnection(DataSourceUtils.java:78)
	at org.mybatis.spring.transaction.SpringManagedTransaction.openConnection(SpringManagedTransaction.java:80)
	at org.mybatis.spring.transaction.SpringManagedTransaction.getConnection(SpringManagedTransaction.java:67)
	at org.apache.ibatis.executor.BaseExecutor.getConnection(BaseExecutor.java:336)
	at org.apache.ibatis.executor.SimpleExecutor.prepareStatement(SimpleExecutor.java:85)
	at org.apache.ibatis.executor.SimpleExecutor.doQuery(SimpleExecutor.java:62)
	at org.apache.ibatis.executor.BaseExecutor.queryFromDatabase(BaseExecutor.java:324)
	at org.apache.ibatis.executor.BaseExecutor.query(BaseExecutor.java:156)
	at org.apache.ibatis.executor.CachingExecutor.query(CachingExecutor.java:109)
	at org.apache.ibatis.executor.CachingExecutor.query(CachingExecutor.java:83)
	at org.apache.ibatis.session.defaults.DefaultSqlSession.selectList(DefaultSqlSession.java:147)
	at org.apache.ibatis.session.defaults.DefaultSqlSession.selectList(DefaultSqlSession.java:140)
	at org.apache.ibatis.session.defaults.DefaultSqlSession.selectOne(DefaultSqlSession.java:76)
	at sun.reflect.GeneratedMethodAccessor90.invoke(Unknown Source)
	at sun.reflect.DelegatingMethodAccessorImpl.invoke(DelegatingMethodAccessorImpl.java:43)
	at java.lang.reflect.Method.invoke(Method.java:498)
	at org.mybatis.spring.SqlSessionTemplate$SqlSessionInterceptor.invoke(SqlSessionTemplate.java:426)
	at com.sun.proxy.$Proxy59.selectOne(Unknown Source)
	at org.mybatis.spring.SqlSessionTemplate.selectOne(SqlSessionTemplate.java:159)
	at org.apache.ibatis.binding.MapperMethod.execute(MapperMethod.java:87)
	at org.apache.ibatis.binding.MapperProxy.invoke(MapperProxy.java:57)
	at com.sun.proxy.$Proxy61.checkUserWithSessionKey(Unknown Source)
	at com.daejist.login.service.LoginServiceImp.checkUserWithSessionKey(LoginServiceImp.java:84)
	at com.daejist.login.controller.LoginController.login(LoginController.java:75)
	at sun.reflect.GeneratedMethodAccessor118.invoke(Unknown Source)
	at sun.reflect.DelegatingMethodAccessorImpl.invoke(DelegatingMethodAccessorImpl.java:43)
	at java.lang.reflect.Method.invoke(Method.java:498)
	at org.springframework.web.method.support.InvocableHandlerMethod.doInvoke(InvocableHandlerMethod.java:190)
	at org.springframework.web.method.support.InvocableHandlerMethod.invokeForRequest(InvocableHandlerMethod.java:138)
	at org.springframework.web.servlet.mvc.method.annotation.ServletInvocableHandlerMethod.invokeAndHandle(ServletInvocableHandlerMethod.java:104)
	at org.springframework.web.servlet.mvc.method.annotation.RequestMappingHandlerAdapter.invokeHandlerMethod(RequestMappingHandlerAdapter.java:892)
	at org.springframework.web.servlet.mvc.method.annotation.RequestMappingHandlerAdapter.handleInternal(RequestMappingHandlerAdapter.java:797)
	at org.springframework.web.servlet.mvc.method.AbstractHandlerMethodAdapter.handle(AbstractHandlerMethodAdapter.java:87)
	at org.springframework.web.servlet.DispatcherServlet.doDispatch(DispatcherServlet.java:1039)
	at org.springframework.web.servlet.DispatcherServlet.doService(DispatcherServlet.java:942)
	at org.springframework.web.servlet.FrameworkServlet.processRequest(FrameworkServlet.java:1005)
	at org.springframework.web.servlet.FrameworkServlet.doGet(FrameworkServlet.java:897)
	at javax.servlet.http.HttpServlet.service(HttpServlet.java:622)
	at org.springframework.web.servlet.FrameworkServlet.service(FrameworkServlet.java:882)
	at javax.servlet.http.HttpServlet.service(HttpServlet.java:729)
	at org.apache.catalina.core.ApplicationFilterChain.internalDoFilter(ApplicationFilterChain.java:292)
	at org.apache.catalina.core.ApplicationFilterChain.doFilter(ApplicationFilterChain.java:207)
	at org.apache.tomcat.websocket.server.WsFilter.doFilter(WsFilter.java:52)
	at org.apache.catalina.core.ApplicationFilterChain.internalDoFilter(ApplicationFilterChain.java:240)
	at org.apache.catalina.core.ApplicationFilterChain.doFilter(ApplicationFilterChain.java:207)
	at org.springframework.web.filter.CharacterEncodingFilter.doFilterInternal(CharacterEncodingFilter.java:200)
	at org.springframework.web.filter.OncePerRequestFilter.doFilter(OncePerRequestFilter.java:118)
	at org.apache.catalina.core.ApplicationFilterChain.internalDoFilter(ApplicationFilterChain.java:240)
	at org.apache.catalina.core.ApplicationFilterChain.doFilter(ApplicationFilterChain.java:207)
	at org.apache.catalina.core.StandardWrapperValve.invoke(StandardWrapperValve.java:212)
	at org.apache.catalina.core.StandardContextValve.invoke(StandardContextValve.java:94)
	at org.apache.catalina.core.StandardHostValve.invoke(StandardHostValve.java:141)
	at org.apache.catalina.valves.ErrorReportValve.invoke(ErrorReportValve.java:79)
	at org.apache.catalina.core.StandardEngineValve.invoke(StandardEngineValve.java:88)
	at org.apache.catalina.connector.CoyoteAdapter.service(CoyoteAdapter.java:502)
	at org.apache.coyote.http11.AbstractHttp11Processor.process(AbstractHttp11Processor.java:1132)
	at org.apache.coyote.AbstractProtocol$AbstractConnectionHandler.process(AbstractProtocol.java:684)
	at org.apache.tomcat.util.net.NioEndpoint$SocketProcessor.doRun(NioEndpoint.java:1539)
	at org.apache.tomcat.util.net.NioEndpoint$SocketProcessor.run(NioEndpoint.java:1495)
	at java.util.concurrent.ThreadPoolExecutor.runWorker(ThreadPoolExecutor.java:1142)
	at java.util.concurrent.ThreadPoolExecutor$Worker.run(ThreadPoolExecutor.java:617)
	at org.apache.tomcat.util.threads.TaskThread$WrappingRunnable.run(TaskThread.java:61)
	at java.lang.Thread.run(Thread.java:745)

12-Feb-2026 15:20:03.239 심각 [http-nio-8855-exec-8] org.apache.catalina.core.StandardWrapperValve.invoke Servlet.service() for servlet [appServlet] in context with path [] threw exception [Request processing failed; nested exception is org.mybatis.spring.MyBatisSystemException: nested exception is org.apache.ibatis.exceptions.PersistenceException: 
### Error querying database.  Cause: org.springframework.jdbc.CannotGetJdbcConnectionException: Failed to obtain JDBC Connection; nested exception is com.microsoft.sqlserver.jdbc.SQLServerException: 호스트 61.32.101.234, 포트 1433에 대한 TCP/IP 연결에 실패했습니다. 오류: "connect timed out. 연결 속성을 확인하십시오. SQL Server의 인스턴스가 호스트에서 실행되고 있고 포트에서 TCP/IP 연결을 허용하고 있는지 확인하십시오. 또한 방화벽에서 포트로의 TCP 연결을 차단하지 않는지 확인하십시오.".
### The error may exist in com/daejist/login/mapper/LoginMapper.xml
### The error may involve com.daejist.login.mapper.LoginMapper.checkUserWithSessionKey
### The error occurred while executing a query
### Cause: org.springframework.jdbc.CannotGetJdbcConnectionException: Failed to obtain JDBC Connection; nested exception is com.microsoft.sqlserver.jdbc.SQLServerException: 호스트 61.32.101.234, 포트 1433에 대한 TCP/IP 연결에 실패했습니다. 오류: "connect timed out. 연결 속성을 확인하십시오. SQL Server의 인스턴스가 호스트에서 실행되고 있고 포트에서 TCP/IP 연결을 허용하고 있는지 확인하십시오. 또한 방화벽에서 포트로의 TCP 연결을 차단하지 않는지 확인하십시오.".] with root cause
 com.microsoft.sqlserver.jdbc.SQLServerException: 호스트 61.32.101.234, 포트 1433에 대한 TCP/IP 연결에 실패했습니다. 오류: "connect timed out. 연결 속성을 확인하십시오. SQL Server의 인스턴스가 호스트에서 실행되고 있고 포트에서 TCP/IP 연결을 허용하고 있는지 확인하십시오. 또한 방화벽에서 포트로의 TCP 연결을 차단하지 않는지 확인하십시오.".
	at com.microsoft.sqlserver.jdbc.SQLServerException.makeFromDriverError(SQLServerException.java:234)
	at com.microsoft.sqlserver.jdbc.SQLServerException.ConvertConnectExceptionToSQLServerException(SQLServerException.java:285)
	at com.microsoft.sqlserver.jdbc.SocketFinder.findSocket(IOBuffer.java:2462)
	at com.microsoft.sqlserver.jdbc.TDSChannel.open(IOBuffer.java:668)
	at com.microsoft.sqlserver.jdbc.SQLServerConnection.connectHelper(SQLServerConnection.java:2695)
	at com.microsoft.sqlserver.jdbc.SQLServerConnection.login(SQLServerConnection.java:2362)
	at com.microsoft.sqlserver.jdbc.SQLServerConnection.connectInternal(SQLServerConnection.java:2213)
	at com.microsoft.sqlserver.jdbc.SQLServerConnection.connect(SQLServerConnection.java:1276)
	at com.microsoft.sqlserver.jdbc.SQLServerDriver.connect(SQLServerDriver.java:861)
	at org.apache.commons.dbcp.DriverConnectionFactory.createConnection(DriverConnectionFactory.java:38)
	at org.apache.commons.dbcp.PoolableConnectionFactory.makeObject(PoolableConnectionFactory.java:582)
	at org.apache.commons.pool.impl.GenericObjectPool.borrowObject(GenericObjectPool.java:1148)
	at org.apache.commons.dbcp.PoolingDataSource.getConnection(PoolingDataSource.java:106)
	at org.apache.commons.dbcp.BasicDataSource.getConnection(BasicDataSource.java:1044)
	at org.springframework.jdbc.datasource.DataSourceUtils.fetchConnection(DataSourceUtils.java:157)
	at org.springframework.jdbc.datasource.DataSourceUtils.doGetConnection(DataSourceUtils.java:115)
	at org.springframework.jdbc.datasource.DataSourceUtils.getConnection(DataSourceUtils.java:78)
	at org.mybatis.spring.transaction.SpringManagedTransaction.openConnection(SpringManagedTransaction.java:80)
	at org.mybatis.spring.transaction.SpringManagedTransaction.getConnection(SpringManagedTransaction.java:67)
	at org.apache.ibatis.executor.BaseExecutor.getConnection(BaseExecutor.java:336)
	at org.apache.ibatis.executor.SimpleExecutor.prepareStatement(SimpleExecutor.java:85)
	at org.apache.ibatis.executor.SimpleExecutor.doQuery(SimpleExecutor.java:62)
	at org.apache.ibatis.executor.BaseExecutor.queryFromDatabase(BaseExecutor.java:324)
	at org.apache.ibatis.executor.BaseExecutor.query(BaseExecutor.java:156)
	at org.apache.ibatis.executor.CachingExecutor.query(CachingExecutor.java:109)
	at org.apache.ibatis.executor.CachingExecutor.query(CachingExecutor.java:83)
	at org.apache.ibatis.session.defaults.DefaultSqlSession.selectList(DefaultSqlSession.java:147)
	at org.apache.ibatis.session.defaults.DefaultSqlSession.selectList(DefaultSqlSession.java:140)
	at org.apache.ibatis.session.defaults.DefaultSqlSession.selectOne(DefaultSqlSession.java:76)
	at sun.reflect.GeneratedMethodAccessor90.invoke(Unknown Source)
	at sun.reflect.DelegatingMethodAccessorImpl.invoke(DelegatingMethodAccessorImpl.java:43)
	at java.lang.reflect.Method.invoke(Method.java:498)
	at org.mybatis.spring.SqlSessionTemplate$SqlSessionInterceptor.invoke(SqlSessionTemplate.java:426)
	at com.sun.proxy.$Proxy59.selectOne(Unknown Source)
	at org.mybatis.spring.SqlSessionTemplate.selectOne(SqlSessionTemplate.java:159)
	at org.apache.ibatis.binding.MapperMethod.execute(MapperMethod.java:87)
	at org.apache.ibatis.binding.MapperProxy.invoke(MapperProxy.java:57)
	at com.sun.proxy.$Proxy61.checkUserWithSessionKey(Unknown Source)
	at com.daejist.login.service.LoginServiceImp.checkUserWithSessionKey(LoginServiceImp.java:84)
	at com.daejist.login.controller.LoginController.login(LoginController.java:75)
	at sun.reflect.GeneratedMethodAccessor118.invoke(Unknown Source)
	at sun.reflect.DelegatingMethodAccessorImpl.invoke(DelegatingMethodAccessorImpl.java:43)
	at java.lang.reflect.Method.invoke(Method.java:498)
	at org.springframework.web.method.support.InvocableHandlerMethod.doInvoke(InvocableHandlerMethod.java:190)
	at org.springframework.web.method.support.InvocableHandlerMethod.invokeForRequest(InvocableHandlerMethod.java:138)
	at org.springframework.web.servlet.mvc.method.annotation.ServletInvocableHandlerMethod.invokeAndHandle(ServletInvocableHandlerMethod.java:104)
	at org.springframework.web.servlet.mvc.method.annotation.RequestMappingHandlerAdapter.invokeHandlerMethod(RequestMappingHandlerAdapter.java:892)
	at org.springframework.web.servlet.mvc.method.annotation.RequestMappingHandlerAdapter.handleInternal(RequestMappingHandlerAdapter.java:797)
	at org.springframework.web.servlet.mvc.method.AbstractHandlerMethodAdapter.handle(AbstractHandlerMethodAdapter.java:87)
	at org.springframework.web.servlet.DispatcherServlet.doDispatch(DispatcherServlet.java:1039)
	at org.springframework.web.servlet.DispatcherServlet.doService(DispatcherServlet.java:942)
	at org.springframework.web.servlet.FrameworkServlet.processRequest(FrameworkServlet.java:1005)
	at org.springframework.web.servlet.FrameworkServlet.doGet(FrameworkServlet.java:897)
	at javax.servlet.http.HttpServlet.service(HttpServlet.java:622)
	at org.springframework.web.servlet.FrameworkServlet.service(FrameworkServlet.java:882)
	at javax.servlet.http.HttpServlet.service(HttpServlet.java:729)
	at org.apache.catalina.core.ApplicationFilterChain.internalDoFilter(ApplicationFilterChain.java:292)
	at org.apache.catalina.core.ApplicationFilterChain.doFilter(ApplicationFilterChain.java:207)
	at org.apache.tomcat.websocket.server.WsFilter.doFilter(WsFilter.java:52)
	at org.apache.catalina.core.ApplicationFilterChain.internalDoFilter(ApplicationFilterChain.java:240)
	at org.apache.catalina.core.ApplicationFilterChain.doFilter(ApplicationFilterChain.java:207)
	at org.springframework.web.filter.CharacterEncodingFilter.doFilterInternal(CharacterEncodingFilter.java:200)
	at org.springframework.web.filter.OncePerRequestFilter.doFilter(OncePerRequestFilter.java:118)
	at org.apache.catalina.core.ApplicationFilterChain.internalDoFilter(ApplicationFilterChain.java:240)
	at org.apache.catalina.core.ApplicationFilterChain.doFilter(ApplicationFilterChain.java:207)
	at org.apache.catalina.core.StandardWrapperValve.invoke(StandardWrapperValve.java:212)
	at org.apache.catalina.core.StandardContextValve.invoke(StandardContextValve.java:94)
	at org.apache.catalina.core.StandardHostValve.invoke(StandardHostValve.java:141)
	at org.apache.catalina.valves.ErrorReportValve.invoke(ErrorReportValve.java:79)
	at org.apache.catalina.core.StandardEngineValve.invoke(StandardEngineValve.java:88)
	at org.apache.catalina.connector.CoyoteAdapter.service(CoyoteAdapter.java:502)
	at org.apache.coyote.http11.AbstractHttp11Processor.process(AbstractHttp11Processor.java:1132)
	at org.apache.coyote.AbstractProtocol$AbstractConnectionHandler.process(AbstractProtocol.java:684)
	at org.apache.tomcat.util.net.NioEndpoint$SocketProcessor.doRun(NioEndpoint.java:1539)
	at org.apache.tomcat.util.net.NioEndpoint$SocketProcessor.run(NioEndpoint.java:1495)
	at java.util.concurrent.ThreadPoolExecutor.runWorker(ThreadPoolExecutor.java:1142)
	at java.util.concurrent.ThreadPoolExecutor$Worker.run(ThreadPoolExecutor.java:617)
	at org.apache.tomcat.util.threads.TaskThread$WrappingRunnable.run(TaskThread.java:61)
	at java.lang.Thread.run(Thread.java:745)

12-Feb-2026 15:20:36.281 심각 [http-nio-8855-exec-17] org.apache.catalina.core.StandardWrapperValve.invoke Servlet.service() for servlet [appServlet] in context with path [] threw exception [Request processing failed; nested exception is org.mybatis.spring.MyBatisSystemException: nested exception is org.apache.ibatis.exceptions.PersistenceException: 
### Error querying database.  Cause: org.springframework.jdbc.CannotGetJdbcConnectionException: Failed to obtain JDBC Connection; nested exception is com.microsoft.sqlserver.jdbc.SQLServerException: 호스트 61.32.101.234, 포트 1433에 대한 TCP/IP 연결에 실패했습니다. 오류: "connect timed out. 연결 속성을 확인하십시오. SQL Server의 인스턴스가 호스트에서 실행되고 있고 포트에서 TCP/IP 연결을 허용하고 있는지 확인하십시오. 또한 방화벽에서 포트로의 TCP 연결을 차단하지 않는지 확인하십시오.".
### The error may exist in com/daejist/login/mapper/LoginMapper.xml
### The error may involve com.daejist.login.mapper.LoginMapper.checkUserWithSessionKey
### The error occurred while executing a query
### Cause: org.springframework.jdbc.CannotGetJdbcConnectionException: Failed to obtain JDBC Connection; nested exception is com.microsoft.sqlserver.jdbc.SQLServerException: 호스트 61.32.101.234, 포트 1433에 대한 TCP/IP 연결에 실패했습니다. 오류: "connect timed out. 연결 속성을 확인하십시오. SQL Server의 인스턴스가 호스트에서 실행되고 있고 포트에서 TCP/IP 연결을 허용하고 있는지 확인하십시오. 또한 방화벽에서 포트로의 TCP 연결을 차단하지 않는지 확인하십시오.".] with root cause
 com.microsoft.sqlserver.jdbc.SQLServerException: 호스트 61.32.101.234, 포트 1433에 대한 TCP/IP 연결에 실패했습니다. 오류: "connect timed out. 연결 속성을 확인하십시오. SQL Server의 인스턴스가 호스트에서 실행되고 있고 포트에서 TCP/IP 연결을 허용하고 있는지 확인하십시오. 또한 방화벽에서 포트로의 TCP 연결을 차단하지 않는지 확인하십시오.".
	at com.microsoft.sqlserver.jdbc.SQLServerException.makeFromDriverError(SQLServerException.java:234)
	at com.microsoft.sqlserver.jdbc.SQLServerException.ConvertConnectExceptionToSQLServerException(SQLServerException.java:285)
	at com.microsoft.sqlserver.jdbc.SocketFinder.findSocket(IOBuffer.java:2462)
	at com.microsoft.sqlserver.jdbc.TDSChannel.open(IOBuffer.java:668)
	at com.microsoft.sqlserver.jdbc.SQLServerConnection.connectHelper(SQLServerConnection.java:2695)
	at com.microsoft.sqlserver.jdbc.SQLServerConnection.login(SQLServerConnection.java:2362)
	at com.microsoft.sqlserver.jdbc.SQLServerConnection.connectInternal(SQLServerConnection.java:2213)
	at com.microsoft.sqlserver.jdbc.SQLServerConnection.connect(SQLServerConnection.java:1276)
	at com.microsoft.sqlserver.jdbc.SQLServerDriver.connect(SQLServerDriver.java:861)
	at org.apache.commons.dbcp.DriverConnectionFactory.createConnection(DriverConnectionFactory.java:38)
	at org.apache.commons.dbcp.PoolableConnectionFactory.makeObject(PoolableConnectionFactory.java:582)
	at org.apache.commons.pool.impl.GenericObjectPool.borrowObject(GenericObjectPool.java:1148)
	at org.apache.commons.dbcp.PoolingDataSource.getConnection(PoolingDataSource.java:106)
	at org.apache.commons.dbcp.BasicDataSource.getConnection(BasicDataSource.java:1044)
	at org.springframework.jdbc.datasource.DataSourceUtils.fetchConnection(DataSourceUtils.java:157)
	at org.springframework.jdbc.datasource.DataSourceUtils.doGetConnection(DataSourceUtils.java:115)
	at org.springframework.jdbc.datasource.DataSourceUtils.getConnection(DataSourceUtils.java:78)
	at org.mybatis.spring.transaction.SpringManagedTransaction.openConnection(SpringManagedTransaction.java:80)
	at org.mybatis.spring.transaction.SpringManagedTransaction.getConnection(SpringManagedTransaction.java:67)
	at org.apache.ibatis.executor.BaseExecutor.getConnection(BaseExecutor.java:336)
	at org.apache.ibatis.executor.SimpleExecutor.prepareStatement(SimpleExecutor.java:85)
	at org.apache.ibatis.executor.SimpleExecutor.doQuery(SimpleExecutor.java:62)
	at org.apache.ibatis.executor.BaseExecutor.queryFromDatabase(BaseExecutor.java:324)
	at org.apache.ibatis.executor.BaseExecutor.query(BaseExecutor.java:156)
	at org.apache.ibatis.executor.CachingExecutor.query(CachingExecutor.java:109)
	at org.apache.ibatis.executor.CachingExecutor.query(CachingExecutor.java:83)
	at org.apache.ibatis.session.defaults.DefaultSqlSession.selectList(DefaultSqlSession.java:147)
	at org.apache.ibatis.session.defaults.DefaultSqlSession.selectList(DefaultSqlSession.java:140)
	at org.apache.ibatis.session.defaults.DefaultSqlSession.selectOne(DefaultSqlSession.java:76)
	at sun.reflect.GeneratedMethodAccessor90.invoke(Unknown Source)
	at sun.reflect.DelegatingMethodAccessorImpl.invoke(DelegatingMethodAccessorImpl.java:43)
	at java.lang.reflect.Method.invoke(Method.java:498)
	at org.mybatis.spring.SqlSessionTemplate$SqlSessionInterceptor.invoke(SqlSessionTemplate.java:426)
	at com.sun.proxy.$Proxy59.selectOne(Unknown Source)
	at org.mybatis.spring.SqlSessionTemplate.selectOne(SqlSessionTemplate.java:159)
	at org.apache.ibatis.binding.MapperMethod.execute(MapperMethod.java:87)
	at org.apache.ibatis.binding.MapperProxy.invoke(MapperProxy.java:57)
	at com.sun.proxy.$Proxy61.checkUserWithSessionKey(Unknown Source)
	at com.daejist.login.service.LoginServiceImp.checkUserWithSessionKey(LoginServiceImp.java:84)
	at com.daejist.login.controller.LoginController.login(LoginController.java:75)
	at sun.reflect.GeneratedMethodAccessor118.invoke(Unknown Source)
	at sun.reflect.DelegatingMethodAccessorImpl.invoke(DelegatingMethodAccessorImpl.java:43)
	at java.lang.reflect.Method.invoke(Method.java:498)
	at org.springframework.web.method.support.InvocableHandlerMethod.doInvoke(InvocableHandlerMethod.java:190)
	at org.springframework.web.method.support.InvocableHandlerMethod.invokeForRequest(InvocableHandlerMethod.java:138)
	at org.springframework.web.servlet.mvc.method.annotation.ServletInvocableHandlerMethod.invokeAndHandle(ServletInvocableHandlerMethod.java:104)
	at org.springframework.web.servlet.mvc.method.annotation.RequestMappingHandlerAdapter.invokeHandlerMethod(RequestMappingHandlerAdapter.java:892)
	at org.springframework.web.servlet.mvc.method.annotation.RequestMappingHandlerAdapter.handleInternal(RequestMappingHandlerAdapter.java:797)
	at org.springframework.web.servlet.mvc.method.AbstractHandlerMethodAdapter.handle(AbstractHandlerMethodAdapter.java:87)
	at org.springframework.web.servlet.DispatcherServlet.doDispatch(DispatcherServlet.java:1039)
	at org.springframework.web.servlet.DispatcherServlet.doService(DispatcherServlet.java:942)
	at org.springframework.web.servlet.FrameworkServlet.processRequest(FrameworkServlet.java:1005)
	at org.springframework.web.servlet.FrameworkServlet.doGet(FrameworkServlet.java:897)
	at javax.servlet.http.HttpServlet.service(HttpServlet.java:622)
	at org.springframework.web.servlet.FrameworkServlet.service(FrameworkServlet.java:882)
	at javax.servlet.http.HttpServlet.service(HttpServlet.java:729)
	at org.apache.catalina.core.ApplicationFilterChain.internalDoFilter(ApplicationFilterChain.java:292)
	at org.apache.catalina.core.ApplicationFilterChain.doFilter(ApplicationFilterChain.java:207)
	at org.apache.tomcat.websocket.server.WsFilter.doFilter(WsFilter.java:52)
	at org.apache.catalina.core.ApplicationFilterChain.internalDoFilter(ApplicationFilterChain.java:240)
	at org.apache.catalina.core.ApplicationFilterChain.doFilter(ApplicationFilterChain.java:207)
	at org.springframework.web.filter.CharacterEncodingFilter.doFilterInternal(CharacterEncodingFilter.java:200)
	at org.springframework.web.filter.OncePerRequestFilter.doFilter(OncePerRequestFilter.java:118)
	at org.apache.catalina.core.ApplicationFilterChain.internalDoFilter(ApplicationFilterChain.java:240)
	at org.apache.catalina.core.ApplicationFilterChain.doFilter(ApplicationFilterChain.java:207)
	at org.apache.catalina.core.StandardWrapperValve.invoke(StandardWrapperValve.java:212)
	at org.apache.catalina.core.StandardContextValve.invoke(StandardContextValve.java:94)
	at org.apache.catalina.core.StandardHostValve.invoke(StandardHostValve.java:141)
	at org.apache.catalina.valves.ErrorReportValve.invoke(ErrorReportValve.java:79)
	at org.apache.catalina.core.StandardEngineValve.invoke(StandardEngineValve.java:88)
	at org.apache.catalina.connector.CoyoteAdapter.service(CoyoteAdapter.java:502)
	at org.apache.coyote.http11.AbstractHttp11Processor.process(AbstractHttp11Processor.java:1132)
	at org.apache.coyote.AbstractProtocol$AbstractConnectionHandler.process(AbstractProtocol.java:684)
	at org.apache.tomcat.util.net.NioEndpoint$SocketProcessor.doRun(NioEndpoint.java:1539)
	at org.apache.tomcat.util.net.NioEndpoint$SocketProcessor.run(NioEndpoint.java:1495)
	at java.util.concurrent.ThreadPoolExecutor.runWorker(ThreadPoolExecutor.java:1142)
	at java.util.concurrent.ThreadPoolExecutor$Worker.run(ThreadPoolExecutor.java:617)
	at org.apache.tomcat.util.threads.TaskThread$WrappingRunnable.run(TaskThread.java:61)
	at java.lang.Thread.run(Thread.java:745)

12-Feb-2026 15:20:42.044 심각 [http-nio-8855-exec-5] org.apache.catalina.core.StandardWrapperValve.invoke Servlet.service() for servlet [appServlet] in context with path [] threw exception [Request processing failed; nested exception is org.mybatis.spring.MyBatisSystemException: nested exception is org.apache.ibatis.exceptions.PersistenceException: 
### Error querying database.  Cause: org.springframework.jdbc.CannotGetJdbcConnectionException: Failed to obtain JDBC Connection; nested exception is com.microsoft.sqlserver.jdbc.SQLServerException: 호스트 61.32.101.234, 포트 1433에 대한 TCP/IP 연결에 실패했습니다. 오류: "connect timed out. 연결 속성을 확인하십시오. SQL Server의 인스턴스가 호스트에서 실행되고 있고 포트에서 TCP/IP 연결을 허용하고 있는지 확인하십시오. 또한 방화벽에서 포트로의 TCP 연결을 차단하지 않는지 확인하십시오.".
### The error may exist in com/daejist/login/mapper/LoginMapper.xml
### The error may involve com.daejist.login.mapper.LoginMapper.checkUserWithSessionKey
### The error occurred while executing a query
### Cause: org.springframework.jdbc.CannotGetJdbcConnectionException: Failed to obtain JDBC Connection; nested exception is com.microsoft.sqlserver.jdbc.SQLServerException: 호스트 61.32.101.234, 포트 1433에 대한 TCP/IP 연결에 실패했습니다. 오류: "connect timed out. 연결 속성을 확인하십시오. SQL Server의 인스턴스가 호스트에서 실행되고 있고 포트에서 TCP/IP 연결을 허용하고 있는지 확인하십시오. 또한 방화벽에서 포트로의 TCP 연결을 차단하지 않는지 확인하십시오.".] with root cause
 com.microsoft.sqlserver.jdbc.SQLServerException: 호스트 61.32.101.234, 포트 1433에 대한 TCP/IP 연결에 실패했습니다. 오류: "connect timed out. 연결 속성을 확인하십시오. SQL Server의 인스턴스가 호스트에서 실행되고 있고 포트에서 TCP/IP 연결을 허용하고 있는지 확인하십시오. 또한 방화벽에서 포트로의 TCP 연결을 차단하지 않는지 확인하십시오.".
	at com.microsoft.sqlserver.jdbc.SQLServerException.makeFromDriverError(SQLServerException.java:234)
	at com.microsoft.sqlserver.jdbc.SQLServerException.ConvertConnectExceptionToSQLServerException(SQLServerException.java:285)
	at com.microsoft.sqlserver.jdbc.SocketFinder.findSocket(IOBuffer.java:2462)
	at com.microsoft.sqlserver.jdbc.TDSChannel.open(IOBuffer.java:668)
	at com.microsoft.sqlserver.jdbc.SQLServerConnection.connectHelper(SQLServerConnection.java:2695)
	at com.microsoft.sqlserver.jdbc.SQLServerConnection.login(SQLServerConnection.java:2362)
	at com.microsoft.sqlserver.jdbc.SQLServerConnection.connectInternal(SQLServerConnection.java:2213)
	at com.microsoft.sqlserver.jdbc.SQLServerConnection.connect(SQLServerConnection.java:1276)
	at com.microsoft.sqlserver.jdbc.SQLServerDriver.connect(SQLServerDriver.java:861)
	at org.apache.commons.dbcp.DriverConnectionFactory.createConnection(DriverConnectionFactory.java:38)
	at org.apache.commons.dbcp.PoolableConnectionFactory.makeObject(PoolableConnectionFactory.java:582)
	at org.apache.commons.pool.impl.GenericObjectPool.borrowObject(GenericObjectPool.java:1148)
	at org.apache.commons.dbcp.PoolingDataSource.getConnection(PoolingDataSource.java:106)
	at org.apache.commons.dbcp.BasicDataSource.getConnection(BasicDataSource.java:1044)
	at org.springframework.jdbc.datasource.DataSourceUtils.fetchConnection(DataSourceUtils.java:157)
	at org.springframework.jdbc.datasource.DataSourceUtils.doGetConnection(DataSourceUtils.java:115)
	at org.springframework.jdbc.datasource.DataSourceUtils.getConnection(DataSourceUtils.java:78)
	at org.mybatis.spring.transaction.SpringManagedTransaction.openConnection(SpringManagedTransaction.java:80)
	at org.mybatis.spring.transaction.SpringManagedTransaction.getConnection(SpringManagedTransaction.java:67)
	at org.apache.ibatis.executor.BaseExecutor.getConnection(BaseExecutor.java:336)
	at org.apache.ibatis.executor.SimpleExecutor.prepareStatement(SimpleExecutor.java:85)
	at org.apache.ibatis.executor.SimpleExecutor.doQuery(SimpleExecutor.java:62)
	at org.apache.ibatis.executor.BaseExecutor.queryFromDatabase(BaseExecutor.java:324)
	at org.apache.ibatis.executor.BaseExecutor.query(BaseExecutor.java:156)
	at org.apache.ibatis.executor.CachingExecutor.query(CachingExecutor.java:109)
	at org.apache.ibatis.executor.CachingExecutor.query(CachingExecutor.java:83)
	at org.apache.ibatis.session.defaults.DefaultSqlSession.selectList(DefaultSqlSession.java:147)
	at org.apache.ibatis.session.defaults.DefaultSqlSession.selectList(DefaultSqlSession.java:140)
	at org.apache.ibatis.session.defaults.DefaultSqlSession.selectOne(DefaultSqlSession.java:76)
	at sun.reflect.GeneratedMethodAccessor90.invoke(Unknown Source)
	at sun.reflect.DelegatingMethodAccessorImpl.invoke(DelegatingMethodAccessorImpl.java:43)
	at java.lang.reflect.Method.invoke(Method.java:498)
	at org.mybatis.spring.SqlSessionTemplate$SqlSessionInterceptor.invoke(SqlSessionTemplate.java:426)
	at com.sun.proxy.$Proxy59.selectOne(Unknown Source)
	at org.mybatis.spring.SqlSessionTemplate.selectOne(SqlSessionTemplate.java:159)
	at org.apache.ibatis.binding.MapperMethod.execute(MapperMethod.java:87)
	at org.apache.ibatis.binding.MapperProxy.invoke(MapperProxy.java:57)
	at com.sun.proxy.$Proxy61.checkUserWithSessionKey(Unknown Source)
	at com.daejist.login.service.LoginServiceImp.checkUserWithSessionKey(LoginServiceImp.java:84)
	at com.daejist.login.controller.LoginController.login(LoginController.java:75)
	at sun.reflect.GeneratedMethodAccessor118.invoke(Unknown Source)
	at sun.reflect.DelegatingMethodAccessorImpl.invoke(DelegatingMethodAccessorImpl.java:43)
	at java.lang.reflect.Method.invoke(Method.java:498)
	at org.springframework.web.method.support.InvocableHandlerMethod.doInvoke(InvocableHandlerMethod.java:190)
	at org.springframework.web.method.support.InvocableHandlerMethod.invokeForRequest(InvocableHandlerMethod.java:138)
	at org.springframework.web.servlet.mvc.method.annotation.ServletInvocableHandlerMethod.invokeAndHandle(ServletInvocableHandlerMethod.java:104)
	at org.springframework.web.servlet.mvc.method.annotation.RequestMappingHandlerAdapter.invokeHandlerMethod(RequestMappingHandlerAdapter.java:892)
	at org.springframework.web.servlet.mvc.method.annotation.RequestMappingHandlerAdapter.handleInternal(RequestMappingHandlerAdapter.java:797)
	at org.springframework.web.servlet.mvc.method.AbstractHandlerMethodAdapter.handle(AbstractHandlerMethodAdapter.java:87)
	at org.springframework.web.servlet.DispatcherServlet.doDispatch(DispatcherServlet.java:1039)
	at org.springframework.web.servlet.DispatcherServlet.doService(DispatcherServlet.java:942)
	at org.springframework.web.servlet.FrameworkServlet.processRequest(FrameworkServlet.java:1005)
	at org.springframework.web.servlet.FrameworkServlet.doGet(FrameworkServlet.java:897)
	at javax.servlet.http.HttpServlet.service(HttpServlet.java:622)
	at org.springframework.web.servlet.FrameworkServlet.service(FrameworkServlet.java:882)
	at javax.servlet.http.HttpServlet.service(HttpServlet.java:729)
	at org.apache.catalina.core.ApplicationFilterChain.internalDoFilter(ApplicationFilterChain.java:292)
	at org.apache.catalina.core.ApplicationFilterChain.doFilter(ApplicationFilterChain.java:207)
	at org.apache.tomcat.websocket.server.WsFilter.doFilter(WsFilter.java:52)
	at org.apache.catalina.core.ApplicationFilterChain.internalDoFilter(ApplicationFilterChain.java:240)
	at org.apache.catalina.core.ApplicationFilterChain.doFilter(ApplicationFilterChain.java:207)
	at org.springframework.web.filter.CharacterEncodingFilter.doFilterInternal(CharacterEncodingFilter.java:200)
	at org.springframework.web.filter.OncePerRequestFilter.doFilter(OncePerRequestFilter.java:118)
	at org.apache.catalina.core.ApplicationFilterChain.internalDoFilter(ApplicationFilterChain.java:240)
	at org.apache.catalina.core.ApplicationFilterChain.doFilter(ApplicationFilterChain.java:207)
	at org.apache.catalina.core.StandardWrapperValve.invoke(StandardWrapperValve.java:212)
	at org.apache.catalina.core.StandardContextValve.invoke(StandardContextValve.java:94)
	at org.apache.catalina.core.StandardHostValve.invoke(StandardHostValve.java:141)
	at org.apache.catalina.valves.ErrorReportValve.invoke(ErrorReportValve.java:79)
	at org.apache.catalina.core.StandardEngineValve.invoke(StandardEngineValve.java:88)
	at org.apache.catalina.connector.CoyoteAdapter.service(CoyoteAdapter.java:502)
	at org.apache.coyote.http11.AbstractHttp11Processor.process(AbstractHttp11Processor.java:1132)
	at org.apache.coyote.AbstractProtocol$AbstractConnectionHandler.process(AbstractProtocol.java:684)
	at org.apache.tomcat.util.net.NioEndpoint$SocketProcessor.doRun(NioEndpoint.java:1539)
	at org.apache.tomcat.util.net.NioEndpoint$SocketProcessor.run(NioEndpoint.java:1495)
	at java.util.concurrent.ThreadPoolExecutor.runWorker(ThreadPoolExecutor.java:1142)
	at java.util.concurrent.ThreadPoolExecutor$Worker.run(ThreadPoolExecutor.java:617)
	at org.apache.tomcat.util.threads.TaskThread$WrappingRunnable.run(TaskThread.java:61)
	at java.lang.Thread.run(Thread.java:745)

12-Feb-2026 15:20:44.521 심각 [http-nio-8855-exec-18] org.apache.catalina.core.StandardWrapperValve.invoke Servlet.service() for servlet [appServlet] in context with path [] threw exception [Request processing failed; nested exception is org.mybatis.spring.MyBatisSystemException: nested exception is org.apache.ibatis.exceptions.PersistenceException: 
### Error querying database.  Cause: org.springframework.jdbc.CannotGetJdbcConnectionException: Failed to obtain JDBC Connection; nested exception is com.microsoft.sqlserver.jdbc.SQLServerException: 호스트 61.32.101.234, 포트 1433에 대한 TCP/IP 연결에 실패했습니다. 오류: "connect timed out. 연결 속성을 확인하십시오. SQL Server의 인스턴스가 호스트에서 실행되고 있고 포트에서 TCP/IP 연결을 허용하고 있는지 확인하십시오. 또한 방화벽에서 포트로의 TCP 연결을 차단하지 않는지 확인하십시오.".
### The error may exist in com/daejist/login/mapper/LoginMapper.xml
### The error may involve com.daejist.login.mapper.LoginMapper.checkUserWithSessionKey
### The error occurred while executing a query
### Cause: org.springframework.jdbc.CannotGetJdbcConnectionException: Failed to obtain JDBC Connection; nested exception is com.microsoft.sqlserver.jdbc.SQLServerException: 호스트 61.32.101.234, 포트 1433에 대한 TCP/IP 연결에 실패했습니다. 오류: "connect timed out. 연결 속성을 확인하십시오. SQL Server의 인스턴스가 호스트에서 실행되고 있고 포트에서 TCP/IP 연결을 허용하고 있는지 확인하십시오. 또한 방화벽에서 포트로의 TCP 연결을 차단하지 않는지 확인하십시오.".] with root cause
 com.microsoft.sqlserver.jdbc.SQLServerException: 호스트 61.32.101.234, 포트 1433에 대한 TCP/IP 연결에 실패했습니다. 오류: "connect timed out. 연결 속성을 확인하십시오. SQL Server의 인스턴스가 호스트에서 실행되고 있고 포트에서 TCP/IP 연결을 허용하고 있는지 확인하십시오. 또한 방화벽에서 포트로의 TCP 연결을 차단하지 않는지 확인하십시오.".
	at com.microsoft.sqlserver.jdbc.SQLServerException.makeFromDriverError(SQLServerException.java:234)
	at com.microsoft.sqlserver.jdbc.SQLServerException.ConvertConnectExceptionToSQLServerException(SQLServerException.java:285)
	at com.microsoft.sqlserver.jdbc.SocketFinder.findSocket(IOBuffer.java:2462)
	at com.microsoft.sqlserver.jdbc.TDSChannel.open(IOBuffer.java:668)
	at com.microsoft.sqlserver.jdbc.SQLServerConnection.connectHelper(SQLServerConnection.java:2695)
	at com.microsoft.sqlserver.jdbc.SQLServerConnection.login(SQLServerConnection.java:2362)
	at com.microsoft.sqlserver.jdbc.SQLServerConnection.connectInternal(SQLServerConnection.java:2213)
	at com.microsoft.sqlserver.jdbc.SQLServerConnection.connect(SQLServerConnection.java:1276)
	at com.microsoft.sqlserver.jdbc.SQLServerDriver.connect(SQLServerDriver.java:861)
	at org.apache.commons.dbcp.DriverConnectionFactory.createConnection(DriverConnectionFactory.java:38)
	at org.apache.commons.dbcp.PoolableConnectionFactory.makeObject(PoolableConnectionFactory.java:582)
	at org.apache.commons.pool.impl.GenericObjectPool.borrowObject(GenericObjectPool.java:1148)
	at org.apache.commons.dbcp.PoolingDataSource.getConnection(PoolingDataSource.java:106)
	at org.apache.commons.dbcp.BasicDataSource.getConnection(BasicDataSource.java:1044)
	at org.springframework.jdbc.datasource.DataSourceUtils.fetchConnection(DataSourceUtils.java:157)
	at org.springframework.jdbc.datasource.DataSourceUtils.doGetConnection(DataSourceUtils.java:115)
	at org.springframework.jdbc.datasource.DataSourceUtils.getConnection(DataSourceUtils.java:78)
	at org.mybatis.spring.transaction.SpringManagedTransaction.openConnection(SpringManagedTransaction.java:80)
	at org.mybatis.spring.transaction.SpringManagedTransaction.getConnection(SpringManagedTransaction.java:67)
	at org.apache.ibatis.executor.BaseExecutor.getConnection(BaseExecutor.java:336)
	at org.apache.ibatis.executor.SimpleExecutor.prepareStatement(SimpleExecutor.java:85)
	at org.apache.ibatis.executor.SimpleExecutor.doQuery(SimpleExecutor.java:62)
	at org.apache.ibatis.executor.BaseExecutor.queryFromDatabase(BaseExecutor.java:324)
	at org.apache.ibatis.executor.BaseExecutor.query(BaseExecutor.java:156)
	at org.apache.ibatis.executor.CachingExecutor.query(CachingExecutor.java:109)
	at org.apache.ibatis.executor.CachingExecutor.query(CachingExecutor.java:83)
	at org.apache.ibatis.session.defaults.DefaultSqlSession.selectList(DefaultSqlSession.java:147)
	at org.apache.ibatis.session.defaults.DefaultSqlSession.selectList(DefaultSqlSession.java:140)
	at org.apache.ibatis.session.defaults.DefaultSqlSession.selectOne(DefaultSqlSession.java:76)
	at sun.reflect.GeneratedMethodAccessor90.invoke(Unknown Source)
	at sun.reflect.DelegatingMethodAccessorImpl.invoke(DelegatingMethodAccessorImpl.java:43)
	at java.lang.reflect.Method.invoke(Method.java:498)
	at org.mybatis.spring.SqlSessionTemplate$SqlSessionInterceptor.invoke(SqlSessionTemplate.java:426)
	at com.sun.proxy.$Proxy59.selectOne(Unknown Source)
	at org.mybatis.spring.SqlSessionTemplate.selectOne(SqlSessionTemplate.java:159)
	at org.apache.ibatis.binding.MapperMethod.execute(MapperMethod.java:87)
	at org.apache.ibatis.binding.MapperProxy.invoke(MapperProxy.java:57)
	at com.sun.proxy.$Proxy61.checkUserWithSessionKey(Unknown Source)
	at com.daejist.login.service.LoginServiceImp.checkUserWithSessionKey(LoginServiceImp.java:84)
	at com.daejist.login.controller.LoginController.login(LoginController.java:75)
	at sun.reflect.GeneratedMethodAccessor118.invoke(Unknown Source)
	at sun.reflect.DelegatingMethodAccessorImpl.invoke(DelegatingMethodAccessorImpl.java:43)
	at java.lang.reflect.Method.invoke(Method.java:498)
	at org.springframework.web.method.support.InvocableHandlerMethod.doInvoke(InvocableHandlerMethod.java:190)
	at org.springframework.web.method.support.InvocableHandlerMethod.invokeForRequest(InvocableHandlerMethod.java:138)
	at org.springframework.web.servlet.mvc.method.annotation.ServletInvocableHandlerMethod.invokeAndHandle(ServletInvocableHandlerMethod.java:104)
	at org.springframework.web.servlet.mvc.method.annotation.RequestMappingHandlerAdapter.invokeHandlerMethod(RequestMappingHandlerAdapter.java:892)
	at org.springframework.web.servlet.mvc.method.annotation.RequestMappingHandlerAdapter.handleInternal(RequestMappingHandlerAdapter.java:797)
	at org.springframework.web.servlet.mvc.method.AbstractHandlerMethodAdapter.handle(AbstractHandlerMethodAdapter.java:87)
	at org.springframework.web.servlet.DispatcherServlet.doDispatch(DispatcherServlet.java:1039)
	at org.springframework.web.servlet.DispatcherServlet.doService(DispatcherServlet.java:942)
	at org.springframework.web.servlet.FrameworkServlet.processRequest(FrameworkServlet.java:1005)
	at org.springframework.web.servlet.FrameworkServlet.doGet(FrameworkServlet.java:897)
	at javax.servlet.http.HttpServlet.service(HttpServlet.java:622)
	at org.springframework.web.servlet.FrameworkServlet.service(FrameworkServlet.java:882)
	at javax.servlet.http.HttpServlet.service(HttpServlet.java:729)
	at org.apache.catalina.core.ApplicationFilterChain.internalDoFilter(ApplicationFilterChain.java:292)
	at org.apache.catalina.core.ApplicationFilterChain.doFilter(ApplicationFilterChain.java:207)
	at org.apache.tomcat.websocket.server.WsFilter.doFilter(WsFilter.java:52)
	at org.apache.catalina.core.ApplicationFilterChain.internalDoFilter(ApplicationFilterChain.java:240)
	at org.apache.catalina.core.ApplicationFilterChain.doFilter(ApplicationFilterChain.java:207)
	at org.springframework.web.filter.CharacterEncodingFilter.doFilterInternal(CharacterEncodingFilter.java:200)
	at org.springframework.web.filter.OncePerRequestFilter.doFilter(OncePerRequestFilter.java:118)
	at org.apache.catalina.core.ApplicationFilterChain.internalDoFilter(ApplicationFilterChain.java:240)
	at org.apache.catalina.core.ApplicationFilterChain.doFilter(ApplicationFilterChain.java:207)
	at org.apache.catalina.core.StandardWrapperValve.invoke(StandardWrapperValve.java:212)
	at org.apache.catalina.core.StandardContextValve.invoke(StandardContextValve.java:94)
	at org.apache.catalina.core.StandardHostValve.invoke(StandardHostValve.java:141)
	at org.apache.catalina.valves.ErrorReportValve.invoke(ErrorReportValve.java:79)
	at org.apache.catalina.core.StandardEngineValve.invoke(StandardEngineValve.java:88)
	at org.apache.catalina.connector.CoyoteAdapter.service(CoyoteAdapter.java:502)
	at org.apache.coyote.http11.AbstractHttp11Processor.process(AbstractHttp11Processor.java:1132)
	at org.apache.coyote.AbstractProtocol$AbstractConnectionHandler.process(AbstractProtocol.java:684)
	at org.apache.tomcat.util.net.NioEndpoint$SocketProcessor.doRun(NioEndpoint.java:1539)
	at org.apache.tomcat.util.net.NioEndpoint$SocketProcessor.run(NioEndpoint.java:1495)
	at java.util.concurrent.ThreadPoolExecutor.runWorker(ThreadPoolExecutor.java:1142)
	at java.util.concurrent.ThreadPoolExecutor$Worker.run(ThreadPoolExecutor.java:617)
	at org.apache.tomcat.util.threads.TaskThread$WrappingRunnable.run(TaskThread.java:61)
	at java.lang.Thread.run(Thread.java:745)

12-Feb-2026 15:20:47.990 심각 [http-nio-8855-exec-16] org.apache.catalina.core.StandardWrapperValve.invoke Servlet.service() for servlet [appServlet] in context with path [] threw exception [Request processing failed; nested exception is org.mybatis.spring.MyBatisSystemException: nested exception is org.apache.ibatis.exceptions.PersistenceException: 
### Error querying database.  Cause: org.springframework.jdbc.CannotGetJdbcConnectionException: Failed to obtain JDBC Connection; nested exception is com.microsoft.sqlserver.jdbc.SQLServerException: 호스트 61.32.101.234, 포트 1433에 대한 TCP/IP 연결에 실패했습니다. 오류: "connect timed out. 연결 속성을 확인하십시오. SQL Server의 인스턴스가 호스트에서 실행되고 있고 포트에서 TCP/IP 연결을 허용하고 있는지 확인하십시오. 또한 방화벽에서 포트로의 TCP 연결을 차단하지 않는지 확인하십시오.".
### The error may exist in com/daejist/login/mapper/LoginMapper.xml
### The error may involve com.daejist.login.mapper.LoginMapper.checkUserWithSessionKey
### The error occurred while executing a query
### Cause: org.springframework.jdbc.CannotGetJdbcConnectionException: Failed to obtain JDBC Connection; nested exception is com.microsoft.sqlserver.jdbc.SQLServerException: 호스트 61.32.101.234, 포트 1433에 대한 TCP/IP 연결에 실패했습니다. 오류: "connect timed out. 연결 속성을 확인하십시오. SQL Server의 인스턴스가 호스트에서 실행되고 있고 포트에서 TCP/IP 연결을 허용하고 있는지 확인하십시오. 또한 방화벽에서 포트로의 TCP 연결을 차단하지 않는지 확인하십시오.".] with root cause
 com.microsoft.sqlserver.jdbc.SQLServerException: 호스트 61.32.101.234, 포트 1433에 대한 TCP/IP 연결에 실패했습니다. 오류: "connect timed out. 연결 속성을 확인하십시오. SQL Server의 인스턴스가 호스트에서 실행되고 있고 포트에서 TCP/IP 연결을 허용하고 있는지 확인하십시오. 또한 방화벽에서 포트로의 TCP 연결을 차단하지 않는지 확인하십시오.".
	at com.microsoft.sqlserver.jdbc.SQLServerException.makeFromDriverError(SQLServerException.java:234)
	at com.microsoft.sqlserver.jdbc.SQLServerException.ConvertConnectExceptionToSQLServerException(SQLServerException.java:285)
	at com.microsoft.sqlserver.jdbc.SocketFinder.findSocket(IOBuffer.java:2462)
	at com.microsoft.sqlserver.jdbc.TDSChannel.open(IOBuffer.java:668)
	at com.microsoft.sqlserver.jdbc.SQLServerConnection.connectHelper(SQLServerConnection.java:2695)
	at com.microsoft.sqlserver.jdbc.SQLServerConnection.login(SQLServerConnection.java:2362)
	at com.microsoft.sqlserver.jdbc.SQLServerConnection.connectInternal(SQLServerConnection.java:2213)
	at com.microsoft.sqlserver.jdbc.SQLServerConnection.connect(SQLServerConnection.java:1276)
	at com.microsoft.sqlserver.jdbc.SQLServerDriver.connect(SQLServerDriver.java:861)
	at org.apache.commons.dbcp.DriverConnectionFactory.createConnection(DriverConnectionFactory.java:38)
	at org.apache.commons.dbcp.PoolableConnectionFactory.makeObject(PoolableConnectionFactory.java:582)
	at org.apache.commons.pool.impl.GenericObjectPool.borrowObject(GenericObjectPool.java:1148)
	at org.apache.commons.dbcp.PoolingDataSource.getConnection(PoolingDataSource.java:106)
	at org.apache.commons.dbcp.BasicDataSource.getConnection(BasicDataSource.java:1044)
	at org.springframework.jdbc.datasource.DataSourceUtils.fetchConnection(DataSourceUtils.java:157)
	at org.springframework.jdbc.datasource.DataSourceUtils.doGetConnection(DataSourceUtils.java:115)
	at org.springframework.jdbc.datasource.DataSourceUtils.getConnection(DataSourceUtils.java:78)
	at org.mybatis.spring.transaction.SpringManagedTransaction.openConnection(SpringManagedTransaction.java:80)
	at org.mybatis.spring.transaction.SpringManagedTransaction.getConnection(SpringManagedTransaction.java:67)
	at org.apache.ibatis.executor.BaseExecutor.getConnection(BaseExecutor.java:336)
	at org.apache.ibatis.executor.SimpleExecutor.prepareStatement(SimpleExecutor.java:85)
	at org.apache.ibatis.executor.SimpleExecutor.doQuery(SimpleExecutor.java:62)
	at org.apache.ibatis.executor.BaseExecutor.queryFromDatabase(BaseExecutor.java:324)
	at org.apache.ibatis.executor.BaseExecutor.query(BaseExecutor.java:156)
	at org.apache.ibatis.executor.CachingExecutor.query(CachingExecutor.java:109)
	at org.apache.ibatis.executor.CachingExecutor.query(CachingExecutor.java:83)
	at org.apache.ibatis.session.defaults.DefaultSqlSession.selectList(DefaultSqlSession.java:147)
	at org.apache.ibatis.session.defaults.DefaultSqlSession.selectList(DefaultSqlSession.java:140)
	at org.apache.ibatis.session.defaults.DefaultSqlSession.selectOne(DefaultSqlSession.java:76)
	at sun.reflect.GeneratedMethodAccessor90.invoke(Unknown Source)
	at sun.reflect.DelegatingMethodAccessorImpl.invoke(DelegatingMethodAccessorImpl.java:43)
	at java.lang.reflect.Method.invoke(Method.java:498)
	at org.mybatis.spring.SqlSessionTemplate$SqlSessionInterceptor.invoke(SqlSessionTemplate.java:426)
	at com.sun.proxy.$Proxy59.selectOne(Unknown Source)
	at org.mybatis.spring.SqlSessionTemplate.selectOne(SqlSessionTemplate.java:159)
	at org.apache.ibatis.binding.MapperMethod.execute(MapperMethod.java:87)
	at org.apache.ibatis.binding.MapperProxy.invoke(MapperProxy.java:57)
	at com.sun.proxy.$Proxy61.checkUserWithSessionKey(Unknown Source)
	at com.daejist.login.service.LoginServiceImp.checkUserWithSessionKey(LoginServiceImp.java:84)
	at com.daejist.login.controller.LoginController.login(LoginController.java:75)
	at sun.reflect.GeneratedMethodAccessor118.invoke(Unknown Source)
	at sun.reflect.DelegatingMethodAccessorImpl.invoke(DelegatingMethodAccessorImpl.java:43)
	at java.lang.reflect.Method.invoke(Method.java:498)
	at org.springframework.web.method.support.InvocableHandlerMethod.doInvoke(InvocableHandlerMethod.java:190)
	at org.springframework.web.method.support.InvocableHandlerMethod.invokeForRequest(InvocableHandlerMethod.java:138)
	at org.springframework.web.servlet.mvc.method.annotation.ServletInvocableHandlerMethod.invokeAndHandle(ServletInvocableHandlerMethod.java:104)
	at org.springframework.web.servlet.mvc.method.annotation.RequestMappingHandlerAdapter.invokeHandlerMethod(RequestMappingHandlerAdapter.java:892)
	at org.springframework.web.servlet.mvc.method.annotation.RequestMappingHandlerAdapter.handleInternal(RequestMappingHandlerAdapter.java:797)
	at org.springframework.web.servlet.mvc.method.AbstractHandlerMethodAdapter.handle(AbstractHandlerMethodAdapter.java:87)
	at org.springframework.web.servlet.DispatcherServlet.doDispatch(DispatcherServlet.java:1039)
	at org.springframework.web.servlet.DispatcherServlet.doService(DispatcherServlet.java:942)
	at org.springframework.web.servlet.FrameworkServlet.processRequest(FrameworkServlet.java:1005)
	at org.springframework.web.servlet.FrameworkServlet.doGet(FrameworkServlet.java:897)
	at javax.servlet.http.HttpServlet.service(HttpServlet.java:622)
	at org.springframework.web.servlet.FrameworkServlet.service(FrameworkServlet.java:882)
	at javax.servlet.http.HttpServlet.service(HttpServlet.java:729)
	at org.apache.catalina.core.ApplicationFilterChain.internalDoFilter(ApplicationFilterChain.java:292)
	at org.apache.catalina.core.ApplicationFilterChain.doFilter(ApplicationFilterChain.java:207)
	at org.apache.tomcat.websocket.server.WsFilter.doFilter(WsFilter.java:52)
	at org.apache.catalina.core.ApplicationFilterChain.internalDoFilter(ApplicationFilterChain.java:240)
	at org.apache.catalina.core.ApplicationFilterChain.doFilter(ApplicationFilterChain.java:207)
	at org.springframework.web.filter.CharacterEncodingFilter.doFilterInternal(CharacterEncodingFilter.java:200)
	at org.springframework.web.filter.OncePerRequestFilter.doFilter(OncePerRequestFilter.java:118)
	at org.apache.catalina.core.ApplicationFilterChain.internalDoFilter(ApplicationFilterChain.java:240)
	at org.apache.catalina.core.ApplicationFilterChain.doFilter(ApplicationFilterChain.java:207)
	at org.apache.catalina.core.StandardWrapperValve.invoke(StandardWrapperValve.java:212)
	at org.apache.catalina.core.StandardContextValve.invoke(StandardContextValve.java:94)
	at org.apache.catalina.core.StandardHostValve.invoke(StandardHostValve.java:141)
	at org.apache.catalina.valves.ErrorReportValve.invoke(ErrorReportValve.java:79)
	at org.apache.catalina.core.StandardEngineValve.invoke(StandardEngineValve.java:88)
	at org.apache.catalina.connector.CoyoteAdapter.service(CoyoteAdapter.java:502)
	at org.apache.coyote.http11.AbstractHttp11Processor.process(AbstractHttp11Processor.java:1132)
	at org.apache.coyote.AbstractProtocol$AbstractConnectionHandler.process(AbstractProtocol.java:684)
	at org.apache.tomcat.util.net.NioEndpoint$SocketProcessor.doRun(NioEndpoint.java:1539)
	at org.apache.tomcat.util.net.NioEndpoint$SocketProcessor.run(NioEndpoint.java:1495)
	at java.util.concurrent.ThreadPoolExecutor.runWorker(ThreadPoolExecutor.java:1142)
	at java.util.concurrent.ThreadPoolExecutor$Worker.run(ThreadPoolExecutor.java:617)
	at org.apache.tomcat.util.threads.TaskThread$WrappingRunnable.run(TaskThread.java:61)
	at java.lang.Thread.run(Thread.java:745)

12-Feb-2026 15:20:50.557 심각 [http-nio-8855-exec-13] org.apache.catalina.core.StandardWrapperValve.invoke Servlet.service() for servlet [appServlet] in context with path [] threw exception [Request processing failed; nested exception is org.mybatis.spring.MyBatisSystemException: nested exception is org.apache.ibatis.exceptions.PersistenceException: 
### Error querying database.  Cause: org.springframework.jdbc.CannotGetJdbcConnectionException: Failed to obtain JDBC Connection; nested exception is com.microsoft.sqlserver.jdbc.SQLServerException: 호스트 61.32.101.234, 포트 1433에 대한 TCP/IP 연결에 실패했습니다. 오류: "connect timed out. 연결 속성을 확인하십시오. SQL Server의 인스턴스가 호스트에서 실행되고 있고 포트에서 TCP/IP 연결을 허용하고 있는지 확인하십시오. 또한 방화벽에서 포트로의 TCP 연결을 차단하지 않는지 확인하십시오.".
### The error may exist in com/daejist/login/mapper/LoginMapper.xml
### The error may involve com.daejist.login.mapper.LoginMapper.checkUserWithSessionKey
### The error occurred while executing a query
### Cause: org.springframework.jdbc.CannotGetJdbcConnectionException: Failed to obtain JDBC Connection; nested exception is com.microsoft.sqlserver.jdbc.SQLServerException: 호스트 61.32.101.234, 포트 1433에 대한 TCP/IP 연결에 실패했습니다. 오류: "connect timed out. 연결 속성을 확인하십시오. SQL Server의 인스턴스가 호스트에서 실행되고 있고 포트에서 TCP/IP 연결을 허용하고 있는지 확인하십시오. 또한 방화벽에서 포트로의 TCP 연결을 차단하지 않는지 확인하십시오.".] with root cause
 com.microsoft.sqlserver.jdbc.SQLServerException: 호스트 61.32.101.234, 포트 1433에 대한 TCP/IP 연결에 실패했습니다. 오류: "connect timed out. 연결 속성을 확인하십시오. SQL Server의 인스턴스가 호스트에서 실행되고 있고 포트에서 TCP/IP 연결을 허용하고 있는지 확인하십시오. 또한 방화벽에서 포트로의 TCP 연결을 차단하지 않는지 확인하십시오.".
	at com.microsoft.sqlserver.jdbc.SQLServerException.makeFromDriverError(SQLServerException.java:234)
	at com.microsoft.sqlserver.jdbc.SQLServerException.ConvertConnectExceptionToSQLServerException(SQLServerException.java:285)
	at com.microsoft.sqlserver.jdbc.SocketFinder.findSocket(IOBuffer.java:2462)
	at com.microsoft.sqlserver.jdbc.TDSChannel.open(IOBuffer.java:668)
	at com.microsoft.sqlserver.jdbc.SQLServerConnection.connectHelper(SQLServerConnection.java:2695)
	at com.microsoft.sqlserver.jdbc.SQLServerConnection.login(SQLServerConnection.java:2362)
	at com.microsoft.sqlserver.jdbc.SQLServerConnection.connectInternal(SQLServerConnection.java:2213)
	at com.microsoft.sqlserver.jdbc.SQLServerConnection.connect(SQLServerConnection.java:1276)
	at com.microsoft.sqlserver.jdbc.SQLServerDriver.connect(SQLServerDriver.java:861)
	at org.apache.commons.dbcp.DriverConnectionFactory.createConnection(DriverConnectionFactory.java:38)
	at org.apache.commons.dbcp.PoolableConnectionFactory.makeObject(PoolableConnectionFactory.java:582)
	at org.apache.commons.pool.impl.GenericObjectPool.borrowObject(GenericObjectPool.java:1148)
	at org.apache.commons.dbcp.PoolingDataSource.getConnection(PoolingDataSource.java:106)
	at org.apache.commons.dbcp.BasicDataSource.getConnection(BasicDataSource.java:1044)
	at org.springframework.jdbc.datasource.DataSourceUtils.fetchConnection(DataSourceUtils.java:157)
	at org.springframework.jdbc.datasource.DataSourceUtils.doGetConnection(DataSourceUtils.java:115)
	at org.springframework.jdbc.datasource.DataSourceUtils.getConnection(DataSourceUtils.java:78)
	at org.mybatis.spring.transaction.SpringManagedTransaction.openConnection(SpringManagedTransaction.java:80)
	at org.mybatis.spring.transaction.SpringManagedTransaction.getConnection(SpringManagedTransaction.java:67)
	at org.apache.ibatis.executor.BaseExecutor.getConnection(BaseExecutor.java:336)
	at org.apache.ibatis.executor.SimpleExecutor.prepareStatement(SimpleExecutor.java:85)
	at org.apache.ibatis.executor.SimpleExecutor.doQuery(SimpleExecutor.java:62)
	at org.apache.ibatis.executor.BaseExecutor.queryFromDatabase(BaseExecutor.java:324)
	at org.apache.ibatis.executor.BaseExecutor.query(BaseExecutor.java:156)
	at org.apache.ibatis.executor.CachingExecutor.query(CachingExecutor.java:109)
	at org.apache.ibatis.executor.CachingExecutor.query(CachingExecutor.java:83)
	at org.apache.ibatis.session.defaults.DefaultSqlSession.selectList(DefaultSqlSession.java:147)
	at org.apache.ibatis.session.defaults.DefaultSqlSession.selectList(DefaultSqlSession.java:140)
	at org.apache.ibatis.session.defaults.DefaultSqlSession.selectOne(DefaultSqlSession.java:76)
	at sun.reflect.GeneratedMethodAccessor90.invoke(Unknown Source)
	at sun.reflect.DelegatingMethodAccessorImpl.invoke(DelegatingMethodAccessorImpl.java:43)
	at java.lang.reflect.Method.invoke(Method.java:498)
	at org.mybatis.spring.SqlSessionTemplate$SqlSessionInterceptor.invoke(SqlSessionTemplate.java:426)
	at com.sun.proxy.$Proxy59.selectOne(Unknown Source)
	at org.mybatis.spring.SqlSessionTemplate.selectOne(SqlSessionTemplate.java:159)
	at org.apache.ibatis.binding.MapperMethod.execute(MapperMethod.java:87)
	at org.apache.ibatis.binding.MapperProxy.invoke(MapperProxy.java:57)
	at com.sun.proxy.$Proxy61.checkUserWithSessionKey(Unknown Source)
	at com.daejist.login.service.LoginServiceImp.checkUserWithSessionKey(LoginServiceImp.java:84)
	at com.daejist.login.controller.LoginController.login(LoginController.java:75)
	at sun.reflect.GeneratedMethodAccessor118.invoke(Unknown Source)
	at sun.reflect.DelegatingMethodAccessorImpl.invoke(DelegatingMethodAccessorImpl.java:43)
	at java.lang.reflect.Method.invoke(Method.java:498)
	at org.springframework.web.method.support.InvocableHandlerMethod.doInvoke(InvocableHandlerMethod.java:190)
	at org.springframework.web.method.support.InvocableHandlerMethod.invokeForRequest(InvocableHandlerMethod.java:138)
	at org.springframework.web.servlet.mvc.method.annotation.ServletInvocableHandlerMethod.invokeAndHandle(ServletInvocableHandlerMethod.java:104)
	at org.springframework.web.servlet.mvc.method.annotation.RequestMappingHandlerAdapter.invokeHandlerMethod(RequestMappingHandlerAdapter.java:892)
	at org.springframework.web.servlet.mvc.method.annotation.RequestMappingHandlerAdapter.handleInternal(RequestMappingHandlerAdapter.java:797)
	at org.springframework.web.servlet.mvc.method.AbstractHandlerMethodAdapter.handle(AbstractHandlerMethodAdapter.java:87)
	at org.springframework.web.servlet.DispatcherServlet.doDispatch(DispatcherServlet.java:1039)
	at org.springframework.web.servlet.DispatcherServlet.doService(DispatcherServlet.java:942)
	at org.springframework.web.servlet.FrameworkServlet.processRequest(FrameworkServlet.java:1005)
	at org.springframework.web.servlet.FrameworkServlet.doGet(FrameworkServlet.java:897)
	at javax.servlet.http.HttpServlet.service(HttpServlet.java:622)
	at org.springframework.web.servlet.FrameworkServlet.service(FrameworkServlet.java:882)
	at javax.servlet.http.HttpServlet.service(HttpServlet.java:729)
	at org.apache.catalina.core.ApplicationFilterChain.internalDoFilter(ApplicationFilterChain.java:292)
	at org.apache.catalina.core.ApplicationFilterChain.doFilter(ApplicationFilterChain.java:207)
	at org.apache.tomcat.websocket.server.WsFilter.doFilter(WsFilter.java:52)
	at org.apache.catalina.core.ApplicationFilterChain.internalDoFilter(ApplicationFilterChain.java:240)
	at org.apache.catalina.core.ApplicationFilterChain.doFilter(ApplicationFilterChain.java:207)
	at org.springframework.web.filter.CharacterEncodingFilter.doFilterInternal(CharacterEncodingFilter.java:200)
	at org.springframework.web.filter.OncePerRequestFilter.doFilter(OncePerRequestFilter.java:118)
	at org.apache.catalina.core.ApplicationFilterChain.internalDoFilter(ApplicationFilterChain.java:240)
	at org.apache.catalina.core.ApplicationFilterChain.doFilter(ApplicationFilterChain.java:207)
	at org.apache.catalina.core.StandardWrapperValve.invoke(StandardWrapperValve.java:212)
	at org.apache.catalina.core.StandardContextValve.invoke(StandardContextValve.java:94)
	at org.apache.catalina.core.StandardHostValve.invoke(StandardHostValve.java:141)
	at org.apache.catalina.valves.ErrorReportValve.invoke(ErrorReportValve.java:79)
	at org.apache.catalina.core.StandardEngineValve.invoke(StandardEngineValve.java:88)
	at org.apache.catalina.connector.CoyoteAdapter.service(CoyoteAdapter.java:502)
	at org.apache.coyote.http11.AbstractHttp11Processor.process(AbstractHttp11Processor.java:1132)
	at org.apache.coyote.AbstractProtocol$AbstractConnectionHandler.process(AbstractProtocol.java:684)
	at org.apache.tomcat.util.net.NioEndpoint$SocketProcessor.doRun(NioEndpoint.java:1539)
	at org.apache.tomcat.util.net.NioEndpoint$SocketProcessor.run(NioEndpoint.java:1495)
	at java.util.concurrent.ThreadPoolExecutor.runWorker(ThreadPoolExecutor.java:1142)
	at java.util.concurrent.ThreadPoolExecutor$Worker.run(ThreadPoolExecutor.java:617)
	at org.apache.tomcat.util.threads.TaskThread$WrappingRunnable.run(TaskThread.java:61)
	at java.lang.Thread.run(Thread.java:745)

12-Feb-2026 15:22:11.698 심각 [http-nio-8855-exec-17] org.apache.catalina.core.StandardWrapperValve.invoke Servlet.service() for servlet [appServlet] in context with path [] threw exception [Request processing failed; nested exception is org.mybatis.spring.MyBatisSystemException: nested exception is org.apache.ibatis.exceptions.PersistenceException: 
### Error querying database.  Cause: org.springframework.jdbc.CannotGetJdbcConnectionException: Failed to obtain JDBC Connection; nested exception is com.microsoft.sqlserver.jdbc.SQLServerException: 호스트 61.32.101.234, 포트 1433에 대한 TCP/IP 연결에 실패했습니다. 오류: "connect timed out. 연결 속성을 확인하십시오. SQL Server의 인스턴스가 호스트에서 실행되고 있고 포트에서 TCP/IP 연결을 허용하고 있는지 확인하십시오. 또한 방화벽에서 포트로의 TCP 연결을 차단하지 않는지 확인하십시오.".
### The error may exist in com/daejist/login/mapper/LoginMapper.xml
### The error may involve com.daejist.login.mapper.LoginMapper.checkUserWithSessionKey
### The error occurred while executing a query
### Cause: org.springframework.jdbc.CannotGetJdbcConnectionException: Failed to obtain JDBC Connection; nested exception is com.microsoft.sqlserver.jdbc.SQLServerException: 호스트 61.32.101.234, 포트 1433에 대한 TCP/IP 연결에 실패했습니다. 오류: "connect timed out. 연결 속성을 확인하십시오. SQL Server의 인스턴스가 호스트에서 실행되고 있고 포트에서 TCP/IP 연결을 허용하고 있는지 확인하십시오. 또한 방화벽에서 포트로의 TCP 연결을 차단하지 않는지 확인하십시오.".] with root cause
 com.microsoft.sqlserver.jdbc.SQLServerException: 호스트 61.32.101.234, 포트 1433에 대한 TCP/IP 연결에 실패했습니다. 오류: "connect timed out. 연결 속성을 확인하십시오. SQL Server의 인스턴스가 호스트에서 실행되고 있고 포트에서 TCP/IP 연결을 허용하고 있는지 확인하십시오. 또한 방화벽에서 포트로의 TCP 연결을 차단하지 않는지 확인하십시오.".
	at com.microsoft.sqlserver.jdbc.SQLServerException.makeFromDriverError(SQLServerException.java:234)
	at com.microsoft.sqlserver.jdbc.SQLServerException.ConvertConnectExceptionToSQLServerException(SQLServerException.java:285)
	at com.microsoft.sqlserver.jdbc.SocketFinder.findSocket(IOBuffer.java:2462)
	at com.microsoft.sqlserver.jdbc.TDSChannel.open(IOBuffer.java:668)
	at com.microsoft.sqlserver.jdbc.SQLServerConnection.connectHelper(SQLServerConnection.java:2695)
	at com.microsoft.sqlserver.jdbc.SQLServerConnection.login(SQLServerConnection.java:2362)
	at com.microsoft.sqlserver.jdbc.SQLServerConnection.connectInternal(SQLServerConnection.java:2213)
	at com.microsoft.sqlserver.jdbc.SQLServerConnection.connect(SQLServerConnection.java:1276)
	at com.microsoft.sqlserver.jdbc.SQLServerDriver.connect(SQLServerDriver.java:861)
	at org.apache.commons.dbcp.DriverConnectionFactory.createConnection(DriverConnectionFactory.java:38)
	at org.apache.commons.dbcp.PoolableConnectionFactory.makeObject(PoolableConnectionFactory.java:582)
	at org.apache.commons.pool.impl.GenericObjectPool.borrowObject(GenericObjectPool.java:1148)
	at org.apache.commons.dbcp.PoolingDataSource.getConnection(PoolingDataSource.java:106)
	at org.apache.commons.dbcp.BasicDataSource.getConnection(BasicDataSource.java:1044)
	at org.springframework.jdbc.datasource.DataSourceUtils.fetchConnection(DataSourceUtils.java:157)
	at org.springframework.jdbc.datasource.DataSourceUtils.doGetConnection(DataSourceUtils.java:115)
	at org.springframework.jdbc.datasource.DataSourceUtils.getConnection(DataSourceUtils.java:78)
	at org.mybatis.spring.transaction.SpringManagedTransaction.openConnection(SpringManagedTransaction.java:80)
	at org.mybatis.spring.transaction.SpringManagedTransaction.getConnection(SpringManagedTransaction.java:67)
	at org.apache.ibatis.executor.BaseExecutor.getConnection(BaseExecutor.java:336)
	at org.apache.ibatis.executor.SimpleExecutor.prepareStatement(SimpleExecutor.java:85)
	at org.apache.ibatis.executor.SimpleExecutor.doQuery(SimpleExecutor.java:62)
	at org.apache.ibatis.executor.BaseExecutor.queryFromDatabase(BaseExecutor.java:324)
	at org.apache.ibatis.executor.BaseExecutor.query(BaseExecutor.java:156)
	at org.apache.ibatis.executor.CachingExecutor.query(CachingExecutor.java:109)
	at org.apache.ibatis.executor.CachingExecutor.query(CachingExecutor.java:83)
	at org.apache.ibatis.session.defaults.DefaultSqlSession.selectList(DefaultSqlSession.java:147)
	at org.apache.ibatis.session.defaults.DefaultSqlSession.selectList(DefaultSqlSession.java:140)
	at org.apache.ibatis.session.defaults.DefaultSqlSession.selectOne(DefaultSqlSession.java:76)
	at sun.reflect.GeneratedMethodAccessor90.invoke(Unknown Source)
	at sun.reflect.DelegatingMethodAccessorImpl.invoke(DelegatingMethodAccessorImpl.java:43)
	at java.lang.reflect.Method.invoke(Method.java:498)
	at org.mybatis.spring.SqlSessionTemplate$SqlSessionInterceptor.invoke(SqlSessionTemplate.java:426)
	at com.sun.proxy.$Proxy59.selectOne(Unknown Source)
	at org.mybatis.spring.SqlSessionTemplate.selectOne(SqlSessionTemplate.java:159)
	at org.apache.ibatis.binding.MapperMethod.execute(MapperMethod.java:87)
	at org.apache.ibatis.binding.MapperProxy.invoke(MapperProxy.java:57)
	at com.sun.proxy.$Proxy61.checkUserWithSessionKey(Unknown Source)
	at com.daejist.login.service.LoginServiceImp.checkUserWithSessionKey(LoginServiceImp.java:84)
	at com.daejist.login.controller.LoginController.login(LoginController.java:75)
	at sun.reflect.GeneratedMethodAccessor118.invoke(Unknown Source)
	at sun.reflect.DelegatingMethodAccessorImpl.invoke(DelegatingMethodAccessorImpl.java:43)
	at java.lang.reflect.Method.invoke(Method.java:498)
	at org.springframework.web.method.support.InvocableHandlerMethod.doInvoke(InvocableHandlerMethod.java:190)
	at org.springframework.web.method.support.InvocableHandlerMethod.invokeForRequest(InvocableHandlerMethod.java:138)
	at org.springframework.web.servlet.mvc.method.annotation.ServletInvocableHandlerMethod.invokeAndHandle(ServletInvocableHandlerMethod.java:104)
	at org.springframework.web.servlet.mvc.method.annotation.RequestMappingHandlerAdapter.invokeHandlerMethod(RequestMappingHandlerAdapter.java:892)
	at org.springframework.web.servlet.mvc.method.annotation.RequestMappingHandlerAdapter.handleInternal(RequestMappingHandlerAdapter.java:797)
	at org.springframework.web.servlet.mvc.method.AbstractHandlerMethodAdapter.handle(AbstractHandlerMethodAdapter.java:87)
	at org.springframework.web.servlet.DispatcherServlet.doDispatch(DispatcherServlet.java:1039)
	at org.springframework.web.servlet.DispatcherServlet.doService(DispatcherServlet.java:942)
	at org.springframework.web.servlet.FrameworkServlet.processRequest(FrameworkServlet.java:1005)
	at org.springframework.web.servlet.FrameworkServlet.doGet(FrameworkServlet.java:897)
	at javax.servlet.http.HttpServlet.service(HttpServlet.java:622)
	at org.springframework.web.servlet.FrameworkServlet.service(FrameworkServlet.java:882)
	at javax.servlet.http.HttpServlet.service(HttpServlet.java:729)
	at org.apache.catalina.core.ApplicationFilterChain.internalDoFilter(ApplicationFilterChain.java:292)
	at org.apache.catalina.core.ApplicationFilterChain.doFilter(ApplicationFilterChain.java:207)
	at org.apache.tomcat.websocket.server.WsFilter.doFilter(WsFilter.java:52)
	at org.apache.catalina.core.ApplicationFilterChain.internalDoFilter(ApplicationFilterChain.java:240)
	at org.apache.catalina.core.ApplicationFilterChain.doFilter(ApplicationFilterChain.java:207)
	at org.springframework.web.filter.CharacterEncodingFilter.doFilterInternal(CharacterEncodingFilter.java:200)
	at org.springframework.web.filter.OncePerRequestFilter.doFilter(OncePerRequestFilter.java:118)
	at org.apache.catalina.core.ApplicationFilterChain.internalDoFilter(ApplicationFilterChain.java:240)
	at org.apache.catalina.core.ApplicationFilterChain.doFilter(ApplicationFilterChain.java:207)
	at org.apache.catalina.core.StandardWrapperValve.invoke(StandardWrapperValve.java:212)
	at org.apache.catalina.core.StandardContextValve.invoke(StandardContextValve.java:94)
	at org.apache.catalina.core.StandardHostValve.invoke(StandardHostValve.java:141)
	at org.apache.catalina.valves.ErrorReportValve.invoke(ErrorReportValve.java:79)
	at org.apache.catalina.core.StandardEngineValve.invoke(StandardEngineValve.java:88)
	at org.apache.catalina.connector.CoyoteAdapter.service(CoyoteAdapter.java:502)
	at org.apache.coyote.http11.AbstractHttp11Processor.process(AbstractHttp11Processor.java:1132)
	at org.apache.coyote.AbstractProtocol$AbstractConnectionHandler.process(AbstractProtocol.java:684)
	at org.apache.tomcat.util.net.NioEndpoint$SocketProcessor.doRun(NioEndpoint.java:1539)
	at org.apache.tomcat.util.net.NioEndpoint$SocketProcessor.run(NioEndpoint.java:1495)
	at java.util.concurrent.ThreadPoolExecutor.runWorker(ThreadPoolExecutor.java:1142)
	at java.util.concurrent.ThreadPoolExecutor$Worker.run(ThreadPoolExecutor.java:617)
	at org.apache.tomcat.util.threads.TaskThread$WrappingRunnable.run(TaskThread.java:61)
	at java.lang.Thread.run(Thread.java:745)

12-Feb-2026 15:23:13.715 심각 [http-nio-8855-exec-6] org.apache.catalina.core.StandardWrapperValve.invoke Servlet.service() for servlet [appServlet] in context with path [] threw exception [Request processing failed; nested exception is org.springframework.dao.DataAccessResourceFailureException: 
### Error querying database.  Cause: com.microsoft.sqlserver.jdbc.SQLServerException: 연결 시간 초과 (Read failed)
### The error may exist in com/daejist/login/mapper/LoginMapper.xml
### The error may involve defaultParameterMap
### The error occurred while setting parameters
### SQL: SELECT TOP 1 *         FROM ZUSRLST        WHERE SESSIONKEY = ?          AND SESSIONLIMIT > GETDATE()
### Cause: com.microsoft.sqlserver.jdbc.SQLServerException: 연결 시간 초과 (Read failed)
; 연결 시간 초과 (Read failed); nested exception is com.microsoft.sqlserver.jdbc.SQLServerException: 연결 시간 초과 (Read failed)] with root cause
 java.net.SocketException: 연결 시간 초과 (Read failed)
	at java.net.SocketInputStream.socketRead0(Native Method)
	at java.net.SocketInputStream.socketRead(SocketInputStream.java:116)
	at java.net.SocketInputStream.read(SocketInputStream.java:170)
	at java.net.SocketInputStream.read(SocketInputStream.java:141)
	at com.microsoft.sqlserver.jdbc.TDSChannel.read(IOBuffer.java:2054)
	at com.microsoft.sqlserver.jdbc.TDSReader.readPacket(IOBuffer.java:6596)
	at com.microsoft.sqlserver.jdbc.TDSCommand.startResponse(IOBuffer.java:7760)
	at com.microsoft.sqlserver.jdbc.SQLServerPreparedStatement.doExecutePreparedStatement(SQLServerPreparedStatement.java:600)
	at com.microsoft.sqlserver.jdbc.SQLServerPreparedStatement$PrepStmtExecCmd.doExecute(SQLServerPreparedStatement.java:524)
	at com.microsoft.sqlserver.jdbc.TDSCommand.execute(IOBuffer.java:7375)
	at com.microsoft.sqlserver.jdbc.SQLServerConnection.executeCommand(SQLServerConnection.java:3206)
	at com.microsoft.sqlserver.jdbc.SQLServerStatement.executeCommand(SQLServerStatement.java:247)
	at com.microsoft.sqlserver.jdbc.SQLServerStatement.executeStatement(SQLServerStatement.java:222)
	at com.microsoft.sqlserver.jdbc.SQLServerPreparedStatement.execute(SQLServerPreparedStatement.java:505)
	at org.apache.commons.dbcp.DelegatingPreparedStatement.execute(DelegatingPreparedStatement.java:172)
	at org.apache.commons.dbcp.DelegatingPreparedStatement.execute(DelegatingPreparedStatement.java:172)
	at org.apache.ibatis.executor.statement.PreparedStatementHandler.query(PreparedStatementHandler.java:64)
	at org.apache.ibatis.executor.statement.RoutingStatementHandler.query(RoutingStatementHandler.java:79)
	at org.apache.ibatis.executor.SimpleExecutor.doQuery(SimpleExecutor.java:63)
	at org.apache.ibatis.executor.BaseExecutor.queryFromDatabase(BaseExecutor.java:324)
	at org.apache.ibatis.executor.BaseExecutor.query(BaseExecutor.java:156)
	at org.apache.ibatis.executor.CachingExecutor.query(CachingExecutor.java:109)
	at org.apache.ibatis.executor.CachingExecutor.query(CachingExecutor.java:83)
	at org.apache.ibatis.session.defaults.DefaultSqlSession.selectList(DefaultSqlSession.java:147)
	at org.apache.ibatis.session.defaults.DefaultSqlSession.selectList(DefaultSqlSession.java:140)
	at org.apache.ibatis.session.defaults.DefaultSqlSession.selectOne(DefaultSqlSession.java:76)
	at sun.reflect.GeneratedMethodAccessor90.invoke(Unknown Source)
	at sun.reflect.DelegatingMethodAccessorImpl.invoke(DelegatingMethodAccessorImpl.java:43)
	at java.lang.reflect.Method.invoke(Method.java:498)
	at org.mybatis.spring.SqlSessionTemplate$SqlSessionInterceptor.invoke(SqlSessionTemplate.java:426)
	at com.sun.proxy.$Proxy59.selectOne(Unknown Source)
	at org.mybatis.spring.SqlSessionTemplate.selectOne(SqlSessionTemplate.java:159)
	at org.apache.ibatis.binding.MapperMethod.execute(MapperMethod.java:87)
	at org.apache.ibatis.binding.MapperProxy.invoke(MapperProxy.java:57)
	at com.sun.proxy.$Proxy61.checkUserWithSessionKey(Unknown Source)
	at com.daejist.login.service.LoginServiceImp.checkUserWithSessionKey(LoginServiceImp.java:84)
	at com.daejist.login.controller.LoginController.login(LoginController.java:75)
	at sun.reflect.GeneratedMethodAccessor118.invoke(Unknown Source)
	at sun.reflect.DelegatingMethodAccessorImpl.invoke(DelegatingMethodAccessorImpl.java:43)
	at java.lang.reflect.Method.invoke(Method.java:498)
	at org.springframework.web.method.support.InvocableHandlerMethod.doInvoke(InvocableHandlerMethod.java:190)
	at org.springframework.web.method.support.InvocableHandlerMethod.invokeForRequest(InvocableHandlerMethod.java:138)
	at org.springframework.web.servlet.mvc.method.annotation.ServletInvocableHandlerMethod.invokeAndHandle(ServletInvocableHandlerMethod.java:104)
	at org.springframework.web.servlet.mvc.method.annotation.RequestMappingHandlerAdapter.invokeHandlerMethod(RequestMappingHandlerAdapter.java:892)
	at org.springframework.web.servlet.mvc.method.annotation.RequestMappingHandlerAdapter.handleInternal(RequestMappingHandlerAdapter.java:797)
	at org.springframework.web.servlet.mvc.method.AbstractHandlerMethodAdapter.handle(AbstractHandlerMethodAdapter.java:87)
	at org.springframework.web.servlet.DispatcherServlet.doDispatch(DispatcherServlet.java:1039)
	at org.springframework.web.servlet.DispatcherServlet.doService(DispatcherServlet.java:942)
	at org.springframework.web.servlet.FrameworkServlet.processRequest(FrameworkServlet.java:1005)
	at org.springframework.web.servlet.FrameworkServlet.doGet(FrameworkServlet.java:897)
	at javax.servlet.http.HttpServlet.service(HttpServlet.java:622)
	at org.springframework.web.servlet.FrameworkServlet.service(FrameworkServlet.java:882)
	at javax.servlet.http.HttpServlet.service(HttpServlet.java:729)
	at org.apache.catalina.core.ApplicationFilterChain.internalDoFilter(ApplicationFilterChain.java:292)
	at org.apache.catalina.core.ApplicationFilterChain.doFilter(ApplicationFilterChain.java:207)
	at org.apache.tomcat.websocket.server.WsFilter.doFilter(WsFilter.java:52)
	at org.apache.catalina.core.ApplicationFilterChain.internalDoFilter(ApplicationFilterChain.java:240)
	at org.apache.catalina.core.ApplicationFilterChain.doFilter(ApplicationFilterChain.java:207)
	at org.springframework.web.filter.CharacterEncodingFilter.doFilterInternal(CharacterEncodingFilter.java:200)
	at org.springframework.web.filter.OncePerRequestFilter.doFilter(OncePerRequestFilter.java:118)
	at org.apache.catalina.core.ApplicationFilterChain.internalDoFilter(ApplicationFilterChain.java:240)
	at org.apache.catalina.core.ApplicationFilterChain.doFilter(ApplicationFilterChain.java:207)
	at org.apache.catalina.core.StandardWrapperValve.invoke(StandardWrapperValve.java:212)
	at org.apache.catalina.core.StandardContextValve.invoke(StandardContextValve.java:94)
	at org.apache.catalina.core.StandardHostValve.invoke(StandardHostValve.java:141)
	at org.apache.catalina.valves.ErrorReportValve.invoke(ErrorReportValve.java:79)
	at org.apache.catalina.core.StandardEngineValve.invoke(StandardEngineValve.java:88)
	at org.apache.catalina.connector.CoyoteAdapter.service(CoyoteAdapter.java:502)
	at org.apache.coyote.http11.AbstractHttp11Processor.process(AbstractHttp11Processor.java:1132)
	at org.apache.coyote.AbstractProtocol$AbstractConnectionHandler.process(AbstractProtocol.java:684)
	at org.apache.tomcat.util.net.NioEndpoint$SocketProcessor.doRun(NioEndpoint.java:1539)
	at org.apache.tomcat.util.net.NioEndpoint$SocketProcessor.run(NioEndpoint.java:1495)
	at java.util.concurrent.ThreadPoolExecutor.runWorker(ThreadPoolExecutor.java:1142)
	at java.util.concurrent.ThreadPoolExecutor$Worker.run(ThreadPoolExecutor.java:617)
	at org.apache.tomcat.util.threads.TaskThread$WrappingRunnable.run(TaskThread.java:61)
	at java.lang.Thread.run(Thread.java:745)

12-Feb-2026 15:23:59.795 심각 [http-nio-8855-exec-15] org.apache.catalina.core.StandardWrapperValve.invoke Servlet.service() for servlet [appServlet] in context with path [] threw exception [Request processing failed; nested exception is org.springframework.dao.DataAccessResourceFailureException: 
### Error querying database.  Cause: com.microsoft.sqlserver.jdbc.SQLServerException: 연결 시간 초과 (Read failed)
### The error may exist in com/daejist/login/mapper/LoginMapper.xml
### The error may involve defaultParameterMap
### The error occurred while setting parameters
### SQL: SELECT TOP 1 *         FROM ZUSRLST        WHERE SESSIONKEY = ?          AND SESSIONLIMIT > GETDATE()
### Cause: com.microsoft.sqlserver.jdbc.SQLServerException: 연결 시간 초과 (Read failed)
; 연결 시간 초과 (Read failed); nested exception is com.microsoft.sqlserver.jdbc.SQLServerException: 연결 시간 초과 (Read failed)] with root cause
 java.net.SocketException: 연결 시간 초과 (Read failed)
	at java.net.SocketInputStream.socketRead0(Native Method)
	at java.net.SocketInputStream.socketRead(SocketInputStream.java:116)
	at java.net.SocketInputStream.read(SocketInputStream.java:170)
	at java.net.SocketInputStream.read(SocketInputStream.java:141)
	at com.microsoft.sqlserver.jdbc.TDSChannel.read(IOBuffer.java:2054)
	at com.microsoft.sqlserver.jdbc.TDSReader.readPacket(IOBuffer.java:6596)
	at com.microsoft.sqlserver.jdbc.TDSCommand.startResponse(IOBuffer.java:7760)
	at com.microsoft.sqlserver.jdbc.SQLServerPreparedStatement.doExecutePreparedStatement(SQLServerPreparedStatement.java:600)
	at com.microsoft.sqlserver.jdbc.SQLServerPreparedStatement$PrepStmtExecCmd.doExecute(SQLServerPreparedStatement.java:524)
	at com.microsoft.sqlserver.jdbc.TDSCommand.execute(IOBuffer.java:7375)
	at com.microsoft.sqlserver.jdbc.SQLServerConnection.executeCommand(SQLServerConnection.java:3206)
	at com.microsoft.sqlserver.jdbc.SQLServerStatement.executeCommand(SQLServerStatement.java:247)
	at com.microsoft.sqlserver.jdbc.SQLServerStatement.executeStatement(SQLServerStatement.java:222)
	at com.microsoft.sqlserver.jdbc.SQLServerPreparedStatement.execute(SQLServerPreparedStatement.java:505)
	at org.apache.commons.dbcp.DelegatingPreparedStatement.execute(DelegatingPreparedStatement.java:172)
	at org.apache.commons.dbcp.DelegatingPreparedStatement.execute(DelegatingPreparedStatement.java:172)
	at org.apache.ibatis.executor.statement.PreparedStatementHandler.query(PreparedStatementHandler.java:64)
	at org.apache.ibatis.executor.statement.RoutingStatementHandler.query(RoutingStatementHandler.java:79)
	at org.apache.ibatis.executor.SimpleExecutor.doQuery(SimpleExecutor.java:63)
	at org.apache.ibatis.executor.BaseExecutor.queryFromDatabase(BaseExecutor.java:324)
	at org.apache.ibatis.executor.BaseExecutor.query(BaseExecutor.java:156)
	at org.apache.ibatis.executor.CachingExecutor.query(CachingExecutor.java:109)
	at org.apache.ibatis.executor.CachingExecutor.query(CachingExecutor.java:83)
	at org.apache.ibatis.session.defaults.DefaultSqlSession.selectList(DefaultSqlSession.java:147)
	at org.apache.ibatis.session.defaults.DefaultSqlSession.selectList(DefaultSqlSession.java:140)
	at org.apache.ibatis.session.defaults.DefaultSqlSession.selectOne(DefaultSqlSession.java:76)
	at sun.reflect.GeneratedMethodAccessor90.invoke(Unknown Source)
	at sun.reflect.DelegatingMethodAccessorImpl.invoke(DelegatingMethodAccessorImpl.java:43)
	at java.lang.reflect.Method.invoke(Method.java:498)
	at org.mybatis.spring.SqlSessionTemplate$SqlSessionInterceptor.invoke(SqlSessionTemplate.java:426)
	at com.sun.proxy.$Proxy59.selectOne(Unknown Source)
	at org.mybatis.spring.SqlSessionTemplate.selectOne(SqlSessionTemplate.java:159)
	at org.apache.ibatis.binding.MapperMethod.execute(MapperMethod.java:87)
	at org.apache.ibatis.binding.MapperProxy.invoke(MapperProxy.java:57)
	at com.sun.proxy.$Proxy61.checkUserWithSessionKey(Unknown Source)
	at com.daejist.login.service.LoginServiceImp.checkUserWithSessionKey(LoginServiceImp.java:84)
	at com.daejist.login.controller.LoginController.login(LoginController.java:75)
	at sun.reflect.GeneratedMethodAccessor118.invoke(Unknown Source)
	at sun.reflect.DelegatingMethodAccessorImpl.invoke(DelegatingMethodAccessorImpl.java:43)
	at java.lang.reflect.Method.invoke(Method.java:498)
	at org.springframework.web.method.support.InvocableHandlerMethod.doInvoke(InvocableHandlerMethod.java:190)
	at org.springframework.web.method.support.InvocableHandlerMethod.invokeForRequest(InvocableHandlerMethod.java:138)
	at org.springframework.web.servlet.mvc.method.annotation.ServletInvocableHandlerMethod.invokeAndHandle(ServletInvocableHandlerMethod.java:104)
	at org.springframework.web.servlet.mvc.method.annotation.RequestMappingHandlerAdapter.invokeHandlerMethod(RequestMappingHandlerAdapter.java:892)
	at org.springframework.web.servlet.mvc.method.annotation.RequestMappingHandlerAdapter.handleInternal(RequestMappingHandlerAdapter.java:797)
	at org.springframework.web.servlet.mvc.method.AbstractHandlerMethodAdapter.handle(AbstractHandlerMethodAdapter.java:87)
	at org.springframework.web.servlet.DispatcherServlet.doDispatch(DispatcherServlet.java:1039)
	at org.springframework.web.servlet.DispatcherServlet.doService(DispatcherServlet.java:942)
	at org.springframework.web.servlet.FrameworkServlet.processRequest(FrameworkServlet.java:1005)
	at org.springframework.web.servlet.FrameworkServlet.doGet(FrameworkServlet.java:897)
	at javax.servlet.http.HttpServlet.service(HttpServlet.java:622)
	at org.springframework.web.servlet.FrameworkServlet.service(FrameworkServlet.java:882)
	at javax.servlet.http.HttpServlet.service(HttpServlet.java:729)
	at org.apache.catalina.core.ApplicationFilterChain.internalDoFilter(ApplicationFilterChain.java:292)
	at org.apache.catalina.core.ApplicationFilterChain.doFilter(ApplicationFilterChain.java:207)
	at org.apache.tomcat.websocket.server.WsFilter.doFilter(WsFilter.java:52)
	at org.apache.catalina.core.ApplicationFilterChain.internalDoFilter(ApplicationFilterChain.java:240)
	at org.apache.catalina.core.ApplicationFilterChain.doFilter(ApplicationFilterChain.java:207)
	at org.springframework.web.filter.CharacterEncodingFilter.doFilterInternal(CharacterEncodingFilter.java:200)
	at org.springframework.web.filter.OncePerRequestFilter.doFilter(OncePerRequestFilter.java:118)
	at org.apache.catalina.core.ApplicationFilterChain.internalDoFilter(ApplicationFilterChain.java:240)
	at org.apache.catalina.core.ApplicationFilterChain.doFilter(ApplicationFilterChain.java:207)
	at org.apache.catalina.core.StandardWrapperValve.invoke(StandardWrapperValve.java:212)
	at org.apache.catalina.core.StandardContextValve.invoke(StandardContextValve.java:94)
	at org.apache.catalina.core.StandardHostValve.invoke(StandardHostValve.java:141)
	at org.apache.catalina.valves.ErrorReportValve.invoke(ErrorReportValve.java:79)
	at org.apache.catalina.core.StandardEngineValve.invoke(StandardEngineValve.java:88)
	at org.apache.catalina.connector.CoyoteAdapter.service(CoyoteAdapter.java:502)
	at org.apache.coyote.http11.AbstractHttp11Processor.process(AbstractHttp11Processor.java:1132)
	at org.apache.coyote.AbstractProtocol$AbstractConnectionHandler.process(AbstractProtocol.java:684)
	at org.apache.tomcat.util.net.NioEndpoint$SocketProcessor.doRun(NioEndpoint.java:1539)
	at org.apache.tomcat.util.net.NioEndpoint$SocketProcessor.run(NioEndpoint.java:1495)
	at java.util.concurrent.ThreadPoolExecutor.runWorker(ThreadPoolExecutor.java:1142)
	at java.util.concurrent.ThreadPoolExecutor$Worker.run(ThreadPoolExecutor.java:617)
	at org.apache.tomcat.util.threads.TaskThread$WrappingRunnable.run(TaskThread.java:61)
	at java.lang.Thread.run(Thread.java:745)

12-Feb-2026 15:25:45.157 심각 [http-nio-8855-exec-5] org.apache.catalina.core.StandardWrapperValve.invoke Servlet.service() for servlet [appServlet] in context with path [] threw exception [Request processing failed; nested exception is org.mybatis.spring.MyBatisSystemException: nested exception is org.apache.ibatis.exceptions.PersistenceException: 
### Error querying database.  Cause: org.springframework.jdbc.CannotGetJdbcConnectionException: Failed to obtain JDBC Connection; nested exception is com.microsoft.sqlserver.jdbc.SQLServerException: 호스트 61.32.101.234, 포트 1433에 대한 TCP/IP 연결에 실패했습니다. 오류: "connect timed out. 연결 속성을 확인하십시오. SQL Server의 인스턴스가 호스트에서 실행되고 있고 포트에서 TCP/IP 연결을 허용하고 있는지 확인하십시오. 또한 방화벽에서 포트로의 TCP 연결을 차단하지 않는지 확인하십시오.".
### The error may exist in com/daejist/login/mapper/LoginMapper.xml
### The error may involve com.daejist.login.mapper.LoginMapper.checkUserWithSessionKey
### The error occurred while executing a query
### Cause: org.springframework.jdbc.CannotGetJdbcConnectionException: Failed to obtain JDBC Connection; nested exception is com.microsoft.sqlserver.jdbc.SQLServerException: 호스트 61.32.101.234, 포트 1433에 대한 TCP/IP 연결에 실패했습니다. 오류: "connect timed out. 연결 속성을 확인하십시오. SQL Server의 인스턴스가 호스트에서 실행되고 있고 포트에서 TCP/IP 연결을 허용하고 있는지 확인하십시오. 또한 방화벽에서 포트로의 TCP 연결을 차단하지 않는지 확인하십시오.".] with root cause
 com.microsoft.sqlserver.jdbc.SQLServerException: 호스트 61.32.101.234, 포트 1433에 대한 TCP/IP 연결에 실패했습니다. 오류: "connect timed out. 연결 속성을 확인하십시오. SQL Server의 인스턴스가 호스트에서 실행되고 있고 포트에서 TCP/IP 연결을 허용하고 있는지 확인하십시오. 또한 방화벽에서 포트로의 TCP 연결을 차단하지 않는지 확인하십시오.".
	at com.microsoft.sqlserver.jdbc.SQLServerException.makeFromDriverError(SQLServerException.java:234)
	at com.microsoft.sqlserver.jdbc.SQLServerException.ConvertConnectExceptionToSQLServerException(SQLServerException.java:285)
	at com.microsoft.sqlserver.jdbc.SocketFinder.findSocket(IOBuffer.java:2462)
	at com.microsoft.sqlserver.jdbc.TDSChannel.open(IOBuffer.java:668)
	at com.microsoft.sqlserver.jdbc.SQLServerConnection.connectHelper(SQLServerConnection.java:2695)
	at com.microsoft.sqlserver.jdbc.SQLServerConnection.login(SQLServerConnection.java:2362)
	at com.microsoft.sqlserver.jdbc.SQLServerConnection.connectInternal(SQLServerConnection.java:2213)
	at com.microsoft.sqlserver.jdbc.SQLServerConnection.connect(SQLServerConnection.java:1276)
	at com.microsoft.sqlserver.jdbc.SQLServerDriver.connect(SQLServerDriver.java:861)
	at org.apache.commons.dbcp.DriverConnectionFactory.createConnection(DriverConnectionFactory.java:38)
	at org.apache.commons.dbcp.PoolableConnectionFactory.makeObject(PoolableConnectionFactory.java:582)
	at org.apache.commons.pool.impl.GenericObjectPool.borrowObject(GenericObjectPool.java:1148)
	at org.apache.commons.dbcp.PoolingDataSource.getConnection(PoolingDataSource.java:106)
	at org.apache.commons.dbcp.BasicDataSource.getConnection(BasicDataSource.java:1044)
	at org.springframework.jdbc.datasource.DataSourceUtils.fetchConnection(DataSourceUtils.java:157)
	at org.springframework.jdbc.datasource.DataSourceUtils.doGetConnection(DataSourceUtils.java:115)
	at org.springframework.jdbc.datasource.DataSourceUtils.getConnection(DataSourceUtils.java:78)
	at org.mybatis.spring.transaction.SpringManagedTransaction.openConnection(SpringManagedTransaction.java:80)
	at org.mybatis.spring.transaction.SpringManagedTransaction.getConnection(SpringManagedTransaction.java:67)
	at org.apache.ibatis.executor.BaseExecutor.getConnection(BaseExecutor.java:336)
	at org.apache.ibatis.executor.SimpleExecutor.prepareStatement(SimpleExecutor.java:85)
	at org.apache.ibatis.executor.SimpleExecutor.doQuery(SimpleExecutor.java:62)
	at org.apache.ibatis.executor.BaseExecutor.queryFromDatabase(BaseExecutor.java:324)
	at org.apache.ibatis.executor.BaseExecutor.query(BaseExecutor.java:156)
	at org.apache.ibatis.executor.CachingExecutor.query(CachingExecutor.java:109)
	at org.apache.ibatis.executor.CachingExecutor.query(CachingExecutor.java:83)
	at org.apache.ibatis.session.defaults.DefaultSqlSession.selectList(DefaultSqlSession.java:147)
	at org.apache.ibatis.session.defaults.DefaultSqlSession.selectList(DefaultSqlSession.java:140)
	at org.apache.ibatis.session.defaults.DefaultSqlSession.selectOne(DefaultSqlSession.java:76)
	at sun.reflect.GeneratedMethodAccessor90.invoke(Unknown Source)
	at sun.reflect.DelegatingMethodAccessorImpl.invoke(DelegatingMethodAccessorImpl.java:43)
	at java.lang.reflect.Method.invoke(Method.java:498)
	at org.mybatis.spring.SqlSessionTemplate$SqlSessionInterceptor.invoke(SqlSessionTemplate.java:426)
	at com.sun.proxy.$Proxy59.selectOne(Unknown Source)
	at org.mybatis.spring.SqlSessionTemplate.selectOne(SqlSessionTemplate.java:159)
	at org.apache.ibatis.binding.MapperMethod.execute(MapperMethod.java:87)
	at org.apache.ibatis.binding.MapperProxy.invoke(MapperProxy.java:57)
	at com.sun.proxy.$Proxy61.checkUserWithSessionKey(Unknown Source)
	at com.daejist.login.service.LoginServiceImp.checkUserWithSessionKey(LoginServiceImp.java:84)
	at com.daejist.login.controller.LoginController.login(LoginController.java:75)
	at sun.reflect.GeneratedMethodAccessor118.invoke(Unknown Source)
	at sun.reflect.DelegatingMethodAccessorImpl.invoke(DelegatingMethodAccessorImpl.java:43)
	at java.lang.reflect.Method.invoke(Method.java:498)
	at org.springframework.web.method.support.InvocableHandlerMethod.doInvoke(InvocableHandlerMethod.java:190)
	at org.springframework.web.method.support.InvocableHandlerMethod.invokeForRequest(InvocableHandlerMethod.java:138)
	at org.springframework.web.servlet.mvc.method.annotation.ServletInvocableHandlerMethod.invokeAndHandle(ServletInvocableHandlerMethod.java:104)
	at org.springframework.web.servlet.mvc.method.annotation.RequestMappingHandlerAdapter.invokeHandlerMethod(RequestMappingHandlerAdapter.java:892)
	at org.springframework.web.servlet.mvc.method.annotation.RequestMappingHandlerAdapter.handleInternal(RequestMappingHandlerAdapter.java:797)
	at org.springframework.web.servlet.mvc.method.AbstractHandlerMethodAdapter.handle(AbstractHandlerMethodAdapter.java:87)
	at org.springframework.web.servlet.DispatcherServlet.doDispatch(DispatcherServlet.java:1039)
	at org.springframework.web.servlet.DispatcherServlet.doService(DispatcherServlet.java:942)
	at org.springframework.web.servlet.FrameworkServlet.processRequest(FrameworkServlet.java:1005)
	at org.springframework.web.servlet.FrameworkServlet.doGet(FrameworkServlet.java:897)
	at javax.servlet.http.HttpServlet.service(HttpServlet.java:622)
	at org.springframework.web.servlet.FrameworkServlet.service(FrameworkServlet.java:882)
	at javax.servlet.http.HttpServlet.service(HttpServlet.java:729)
	at org.apache.catalina.core.ApplicationFilterChain.internalDoFilter(ApplicationFilterChain.java:292)
	at org.apache.catalina.core.ApplicationFilterChain.doFilter(ApplicationFilterChain.java:207)
	at org.apache.tomcat.websocket.server.WsFilter.doFilter(WsFilter.java:52)
	at org.apache.catalina.core.ApplicationFilterChain.internalDoFilter(ApplicationFilterChain.java:240)
	at org.apache.catalina.core.ApplicationFilterChain.doFilter(ApplicationFilterChain.java:207)
	at org.springframework.web.filter.CharacterEncodingFilter.doFilterInternal(CharacterEncodingFilter.java:200)
	at org.springframework.web.filter.OncePerRequestFilter.doFilter(OncePerRequestFilter.java:118)
	at org.apache.catalina.core.ApplicationFilterChain.internalDoFilter(ApplicationFilterChain.java:240)
	at org.apache.catalina.core.ApplicationFilterChain.doFilter(ApplicationFilterChain.java:207)
	at org.apache.catalina.core.StandardWrapperValve.invoke(StandardWrapperValve.java:212)
	at org.apache.catalina.core.StandardContextValve.invoke(StandardContextValve.java:94)
	at org.apache.catalina.core.StandardHostValve.invoke(StandardHostValve.java:141)
	at org.apache.catalina.valves.ErrorReportValve.invoke(ErrorReportValve.java:79)
	at org.apache.catalina.core.StandardEngineValve.invoke(StandardEngineValve.java:88)
	at org.apache.catalina.connector.CoyoteAdapter.service(CoyoteAdapter.java:502)
	at org.apache.coyote.http11.AbstractHttp11Processor.process(AbstractHttp11Processor.java:1132)
	at org.apache.coyote.AbstractProtocol$AbstractConnectionHandler.process(AbstractProtocol.java:684)
	at org.apache.tomcat.util.net.NioEndpoint$SocketProcessor.doRun(NioEndpoint.java:1539)
	at org.apache.tomcat.util.net.NioEndpoint$SocketProcessor.run(NioEndpoint.java:1495)
	at java.util.concurrent.ThreadPoolExecutor.runWorker(ThreadPoolExecutor.java:1142)
	at java.util.concurrent.ThreadPoolExecutor$Worker.run(ThreadPoolExecutor.java:617)
	at org.apache.tomcat.util.threads.TaskThread$WrappingRunnable.run(TaskThread.java:61)
	at java.lang.Thread.run(Thread.java:745)

12-Feb-2026 15:26:30.008 심각 [http-nio-8855-exec-18] org.apache.catalina.core.StandardWrapperValve.invoke Servlet.service() for servlet [appServlet] in context with path [] threw exception [Request processing failed; nested exception is org.mybatis.spring.MyBatisSystemException: nested exception is org.apache.ibatis.exceptions.PersistenceException: 
### Error querying database.  Cause: org.springframework.jdbc.CannotGetJdbcConnectionException: Failed to obtain JDBC Connection; nested exception is com.microsoft.sqlserver.jdbc.SQLServerException: 호스트 61.32.101.234, 포트 1433에 대한 TCP/IP 연결에 실패했습니다. 오류: "connect timed out. 연결 속성을 확인하십시오. SQL Server의 인스턴스가 호스트에서 실행되고 있고 포트에서 TCP/IP 연결을 허용하고 있는지 확인하십시오. 또한 방화벽에서 포트로의 TCP 연결을 차단하지 않는지 확인하십시오.".
### The error may exist in com/daejist/login/mapper/LoginMapper.xml
### The error may involve com.daejist.login.mapper.LoginMapper.checkUserWithSessionKey
### The error occurred while executing a query
### Cause: org.springframework.jdbc.CannotGetJdbcConnectionException: Failed to obtain JDBC Connection; nested exception is com.microsoft.sqlserver.jdbc.SQLServerException: 호스트 61.32.101.234, 포트 1433에 대한 TCP/IP 연결에 실패했습니다. 오류: "connect timed out. 연결 속성을 확인하십시오. SQL Server의 인스턴스가 호스트에서 실행되고 있고 포트에서 TCP/IP 연결을 허용하고 있는지 확인하십시오. 또한 방화벽에서 포트로의 TCP 연결을 차단하지 않는지 확인하십시오.".] with root cause
 com.microsoft.sqlserver.jdbc.SQLServerException: 호스트 61.32.101.234, 포트 1433에 대한 TCP/IP 연결에 실패했습니다. 오류: "connect timed out. 연결 속성을 확인하십시오. SQL Server의 인스턴스가 호스트에서 실행되고 있고 포트에서 TCP/IP 연결을 허용하고 있는지 확인하십시오. 또한 방화벽에서 포트로의 TCP 연결을 차단하지 않는지 확인하십시오.".
	at com.microsoft.sqlserver.jdbc.SQLServerException.makeFromDriverError(SQLServerException.java:234)
	at com.microsoft.sqlserver.jdbc.SQLServerException.ConvertConnectExceptionToSQLServerException(SQLServerException.java:285)
	at com.microsoft.sqlserver.jdbc.SocketFinder.findSocket(IOBuffer.java:2462)
	at com.microsoft.sqlserver.jdbc.TDSChannel.open(IOBuffer.java:668)
	at com.microsoft.sqlserver.jdbc.SQLServerConnection.connectHelper(SQLServerConnection.java:2695)
	at com.microsoft.sqlserver.jdbc.SQLServerConnection.login(SQLServerConnection.java:2362)
	at com.microsoft.sqlserver.jdbc.SQLServerConnection.connectInternal(SQLServerConnection.java:2213)
	at com.microsoft.sqlserver.jdbc.SQLServerConnection.connect(SQLServerConnection.java:1276)
	at com.microsoft.sqlserver.jdbc.SQLServerDriver.connect(SQLServerDriver.java:861)
	at org.apache.commons.dbcp.DriverConnectionFactory.createConnection(DriverConnectionFactory.java:38)
	at org.apache.commons.dbcp.PoolableConnectionFactory.makeObject(PoolableConnectionFactory.java:582)
	at org.apache.commons.pool.impl.GenericObjectPool.borrowObject(GenericObjectPool.java:1148)
	at org.apache.commons.dbcp.PoolingDataSource.getConnection(PoolingDataSource.java:106)
	at org.apache.commons.dbcp.BasicDataSource.getConnection(BasicDataSource.java:1044)
	at org.springframework.jdbc.datasource.DataSourceUtils.fetchConnection(DataSourceUtils.java:157)
	at org.springframework.jdbc.datasource.DataSourceUtils.doGetConnection(DataSourceUtils.java:115)
	at org.springframework.jdbc.datasource.DataSourceUtils.getConnection(DataSourceUtils.java:78)
	at org.mybatis.spring.transaction.SpringManagedTransaction.openConnection(SpringManagedTransaction.java:80)
	at org.mybatis.spring.transaction.SpringManagedTransaction.getConnection(SpringManagedTransaction.java:67)
	at org.apache.ibatis.executor.BaseExecutor.getConnection(BaseExecutor.java:336)
	at org.apache.ibatis.executor.SimpleExecutor.prepareStatement(SimpleExecutor.java:85)
	at org.apache.ibatis.executor.SimpleExecutor.doQuery(SimpleExecutor.java:62)
	at org.apache.ibatis.executor.BaseExecutor.queryFromDatabase(BaseExecutor.java:324)
	at org.apache.ibatis.executor.BaseExecutor.query(BaseExecutor.java:156)
	at org.apache.ibatis.executor.CachingExecutor.query(CachingExecutor.java:109)
	at org.apache.ibatis.executor.CachingExecutor.query(CachingExecutor.java:83)
	at org.apache.ibatis.session.defaults.DefaultSqlSession.selectList(DefaultSqlSession.java:147)
	at org.apache.ibatis.session.defaults.DefaultSqlSession.selectList(DefaultSqlSession.java:140)
	at org.apache.ibatis.session.defaults.DefaultSqlSession.selectOne(DefaultSqlSession.java:76)
	at sun.reflect.GeneratedMethodAccessor90.invoke(Unknown Source)
	at sun.reflect.DelegatingMethodAccessorImpl.invoke(DelegatingMethodAccessorImpl.java:43)
	at java.lang.reflect.Method.invoke(Method.java:498)
	at org.mybatis.spring.SqlSessionTemplate$SqlSessionInterceptor.invoke(SqlSessionTemplate.java:426)
	at com.sun.proxy.$Proxy59.selectOne(Unknown Source)
	at org.mybatis.spring.SqlSessionTemplate.selectOne(SqlSessionTemplate.java:159)
	at org.apache.ibatis.binding.MapperMethod.execute(MapperMethod.java:87)
	at org.apache.ibatis.binding.MapperProxy.invoke(MapperProxy.java:57)
	at com.sun.proxy.$Proxy61.checkUserWithSessionKey(Unknown Source)
	at com.daejist.login.service.LoginServiceImp.checkUserWithSessionKey(LoginServiceImp.java:84)
	at com.daejist.login.controller.LoginController.login(LoginController.java:75)
	at sun.reflect.GeneratedMethodAccessor118.invoke(Unknown Source)
	at sun.reflect.DelegatingMethodAccessorImpl.invoke(DelegatingMethodAccessorImpl.java:43)
	at java.lang.reflect.Method.invoke(Method.java:498)
	at org.springframework.web.method.support.InvocableHandlerMethod.doInvoke(InvocableHandlerMethod.java:190)
	at org.springframework.web.method.support.InvocableHandlerMethod.invokeForRequest(InvocableHandlerMethod.java:138)
	at org.springframework.web.servlet.mvc.method.annotation.ServletInvocableHandlerMethod.invokeAndHandle(ServletInvocableHandlerMethod.java:104)
	at org.springframework.web.servlet.mvc.method.annotation.RequestMappingHandlerAdapter.invokeHandlerMethod(RequestMappingHandlerAdapter.java:892)
	at org.springframework.web.servlet.mvc.method.annotation.RequestMappingHandlerAdapter.handleInternal(RequestMappingHandlerAdapter.java:797)
	at org.springframework.web.servlet.mvc.method.AbstractHandlerMethodAdapter.handle(AbstractHandlerMethodAdapter.java:87)
	at org.springframework.web.servlet.DispatcherServlet.doDispatch(DispatcherServlet.java:1039)
	at org.springframework.web.servlet.DispatcherServlet.doService(DispatcherServlet.java:942)
	at org.springframework.web.servlet.FrameworkServlet.processRequest(FrameworkServlet.java:1005)
	at org.springframework.web.servlet.FrameworkServlet.doGet(FrameworkServlet.java:897)
	at javax.servlet.http.HttpServlet.service(HttpServlet.java:622)
	at org.springframework.web.servlet.FrameworkServlet.service(FrameworkServlet.java:882)
	at javax.servlet.http.HttpServlet.service(HttpServlet.java:729)
	at org.apache.catalina.core.ApplicationFilterChain.internalDoFilter(ApplicationFilterChain.java:292)
	at org.apache.catalina.core.ApplicationFilterChain.doFilter(ApplicationFilterChain.java:207)
	at org.apache.tomcat.websocket.server.WsFilter.doFilter(WsFilter.java:52)
	at org.apache.catalina.core.ApplicationFilterChain.internalDoFilter(ApplicationFilterChain.java:240)
	at org.apache.catalina.core.ApplicationFilterChain.doFilter(ApplicationFilterChain.java:207)
	at org.springframework.web.filter.CharacterEncodingFilter.doFilterInternal(CharacterEncodingFilter.java:200)
	at org.springframework.web.filter.OncePerRequestFilter.doFilter(OncePerRequestFilter.java:118)
	at org.apache.catalina.core.ApplicationFilterChain.internalDoFilter(ApplicationFilterChain.java:240)
	at org.apache.catalina.core.ApplicationFilterChain.doFilter(ApplicationFilterChain.java:207)
	at org.apache.catalina.core.StandardWrapperValve.invoke(StandardWrapperValve.java:212)
	at org.apache.catalina.core.StandardContextValve.invoke(StandardContextValve.java:94)
	at org.apache.catalina.core.StandardHostValve.invoke(StandardHostValve.java:141)
	at org.apache.catalina.valves.ErrorReportValve.invoke(ErrorReportValve.java:79)
	at org.apache.catalina.core.StandardEngineValve.invoke(StandardEngineValve.java:88)
	at org.apache.catalina.connector.CoyoteAdapter.service(CoyoteAdapter.java:502)
	at org.apache.coyote.http11.AbstractHttp11Processor.process(AbstractHttp11Processor.java:1132)
	at org.apache.coyote.AbstractProtocol$AbstractConnectionHandler.process(AbstractProtocol.java:684)
	at org.apache.tomcat.util.net.NioEndpoint$SocketProcessor.doRun(NioEndpoint.java:1539)
	at org.apache.tomcat.util.net.NioEndpoint$SocketProcessor.run(NioEndpoint.java:1495)
	at java.util.concurrent.ThreadPoolExecutor.runWorker(ThreadPoolExecutor.java:1142)
	at java.util.concurrent.ThreadPoolExecutor$Worker.run(ThreadPoolExecutor.java:617)
	at org.apache.tomcat.util.threads.TaskThread$WrappingRunnable.run(TaskThread.java:61)
	at java.lang.Thread.run(Thread.java:745)

12-Feb-2026 15:26:49.731 심각 [http-nio-8855-exec-16] org.apache.catalina.core.StandardWrapperValve.invoke Servlet.service() for servlet [appServlet] in context with path [] threw exception [Request processing failed; nested exception is org.mybatis.spring.MyBatisSystemException: nested exception is org.apache.ibatis.exceptions.PersistenceException: 
### Error querying database.  Cause: org.springframework.jdbc.CannotGetJdbcConnectionException: Failed to obtain JDBC Connection; nested exception is com.microsoft.sqlserver.jdbc.SQLServerException: 호스트 61.32.101.234, 포트 1433에 대한 TCP/IP 연결에 실패했습니다. 오류: "connect timed out. 연결 속성을 확인하십시오. SQL Server의 인스턴스가 호스트에서 실행되고 있고 포트에서 TCP/IP 연결을 허용하고 있는지 확인하십시오. 또한 방화벽에서 포트로의 TCP 연결을 차단하지 않는지 확인하십시오.".
### The error may exist in com/daejist/login/mapper/LoginMapper.xml
### The error may involve com.daejist.login.mapper.LoginMapper.checkUserWithSessionKey
### The error occurred while executing a query
### Cause: org.springframework.jdbc.CannotGetJdbcConnectionException: Failed to obtain JDBC Connection; nested exception is com.microsoft.sqlserver.jdbc.SQLServerException: 호스트 61.32.101.234, 포트 1433에 대한 TCP/IP 연결에 실패했습니다. 오류: "connect timed out. 연결 속성을 확인하십시오. SQL Server의 인스턴스가 호스트에서 실행되고 있고 포트에서 TCP/IP 연결을 허용하고 있는지 확인하십시오. 또한 방화벽에서 포트로의 TCP 연결을 차단하지 않는지 확인하십시오.".] with root cause
 com.microsoft.sqlserver.jdbc.SQLServerException: 호스트 61.32.101.234, 포트 1433에 대한 TCP/IP 연결에 실패했습니다. 오류: "connect timed out. 연결 속성을 확인하십시오. SQL Server의 인스턴스가 호스트에서 실행되고 있고 포트에서 TCP/IP 연결을 허용하고 있는지 확인하십시오. 또한 방화벽에서 포트로의 TCP 연결을 차단하지 않는지 확인하십시오.".
	at com.microsoft.sqlserver.jdbc.SQLServerException.makeFromDriverError(SQLServerException.java:234)
	at com.microsoft.sqlserver.jdbc.SQLServerException.ConvertConnectExceptionToSQLServerException(SQLServerException.java:285)
	at com.microsoft.sqlserver.jdbc.SocketFinder.findSocket(IOBuffer.java:2462)
	at com.microsoft.sqlserver.jdbc.TDSChannel.open(IOBuffer.java:668)
	at com.microsoft.sqlserver.jdbc.SQLServerConnection.connectHelper(SQLServerConnection.java:2695)
	at com.microsoft.sqlserver.jdbc.SQLServerConnection.login(SQLServerConnection.java:2362)
	at com.microsoft.sqlserver.jdbc.SQLServerConnection.connectInternal(SQLServerConnection.java:2213)
	at com.microsoft.sqlserver.jdbc.SQLServerConnection.connect(SQLServerConnection.java:1276)
	at com.microsoft.sqlserver.jdbc.SQLServerDriver.connect(SQLServerDriver.java:861)
	at org.apache.commons.dbcp.DriverConnectionFactory.createConnection(DriverConnectionFactory.java:38)
	at org.apache.commons.dbcp.PoolableConnectionFactory.makeObject(PoolableConnectionFactory.java:582)
	at org.apache.commons.pool.impl.GenericObjectPool.borrowObject(GenericObjectPool.java:1148)
	at org.apache.commons.dbcp.PoolingDataSource.getConnection(PoolingDataSource.java:106)
	at org.apache.commons.dbcp.BasicDataSource.getConnection(BasicDataSource.java:1044)
	at org.springframework.jdbc.datasource.DataSourceUtils.fetchConnection(DataSourceUtils.java:157)
	at org.springframework.jdbc.datasource.DataSourceUtils.doGetConnection(DataSourceUtils.java:115)
	at org.springframework.jdbc.datasource.DataSourceUtils.getConnection(DataSourceUtils.java:78)
	at org.mybatis.spring.transaction.SpringManagedTransaction.openConnection(SpringManagedTransaction.java:80)
	at org.mybatis.spring.transaction.SpringManagedTransaction.getConnection(SpringManagedTransaction.java:67)
	at org.apache.ibatis.executor.BaseExecutor.getConnection(BaseExecutor.java:336)
	at org.apache.ibatis.executor.SimpleExecutor.prepareStatement(SimpleExecutor.java:85)
	at org.apache.ibatis.executor.SimpleExecutor.doQuery(SimpleExecutor.java:62)
	at org.apache.ibatis.executor.BaseExecutor.queryFromDatabase(BaseExecutor.java:324)
	at org.apache.ibatis.executor.BaseExecutor.query(BaseExecutor.java:156)
	at org.apache.ibatis.executor.CachingExecutor.query(CachingExecutor.java:109)
	at org.apache.ibatis.executor.CachingExecutor.query(CachingExecutor.java:83)
	at org.apache.ibatis.session.defaults.DefaultSqlSession.selectList(DefaultSqlSession.java:147)
	at org.apache.ibatis.session.defaults.DefaultSqlSession.selectList(DefaultSqlSession.java:140)
	at org.apache.ibatis.session.defaults.DefaultSqlSession.selectOne(DefaultSqlSession.java:76)
	at sun.reflect.GeneratedMethodAccessor90.invoke(Unknown Source)
	at sun.reflect.DelegatingMethodAccessorImpl.invoke(DelegatingMethodAccessorImpl.java:43)
	at java.lang.reflect.Method.invoke(Method.java:498)
	at org.mybatis.spring.SqlSessionTemplate$SqlSessionInterceptor.invoke(SqlSessionTemplate.java:426)
	at com.sun.proxy.$Proxy59.selectOne(Unknown Source)
	at org.mybatis.spring.SqlSessionTemplate.selectOne(SqlSessionTemplate.java:159)
	at org.apache.ibatis.binding.MapperMethod.execute(MapperMethod.java:87)
	at org.apache.ibatis.binding.MapperProxy.invoke(MapperProxy.java:57)
	at com.sun.proxy.$Proxy61.checkUserWithSessionKey(Unknown Source)
	at com.daejist.login.service.LoginServiceImp.checkUserWithSessionKey(LoginServiceImp.java:84)
	at com.daejist.login.controller.LoginController.login(LoginController.java:75)
	at sun.reflect.GeneratedMethodAccessor118.invoke(Unknown Source)
	at sun.reflect.DelegatingMethodAccessorImpl.invoke(DelegatingMethodAccessorImpl.java:43)
	at java.lang.reflect.Method.invoke(Method.java:498)
	at org.springframework.web.method.support.InvocableHandlerMethod.doInvoke(InvocableHandlerMethod.java:190)
	at org.springframework.web.method.support.InvocableHandlerMethod.invokeForRequest(InvocableHandlerMethod.java:138)
	at org.springframework.web.servlet.mvc.method.annotation.ServletInvocableHandlerMethod.invokeAndHandle(ServletInvocableHandlerMethod.java:104)
	at org.springframework.web.servlet.mvc.method.annotation.RequestMappingHandlerAdapter.invokeHandlerMethod(RequestMappingHandlerAdapter.java:892)
	at org.springframework.web.servlet.mvc.method.annotation.RequestMappingHandlerAdapter.handleInternal(RequestMappingHandlerAdapter.java:797)
	at org.springframework.web.servlet.mvc.method.AbstractHandlerMethodAdapter.handle(AbstractHandlerMethodAdapter.java:87)
	at org.springframework.web.servlet.DispatcherServlet.doDispatch(DispatcherServlet.java:1039)
	at org.springframework.web.servlet.DispatcherServlet.doService(DispatcherServlet.java:942)
	at org.springframework.web.servlet.FrameworkServlet.processRequest(FrameworkServlet.java:1005)
	at org.springframework.web.servlet.FrameworkServlet.doGet(FrameworkServlet.java:897)
	at javax.servlet.http.HttpServlet.service(HttpServlet.java:622)
	at org.springframework.web.servlet.FrameworkServlet.service(FrameworkServlet.java:882)
	at javax.servlet.http.HttpServlet.service(HttpServlet.java:729)
	at org.apache.catalina.core.ApplicationFilterChain.internalDoFilter(ApplicationFilterChain.java:292)
	at org.apache.catalina.core.ApplicationFilterChain.doFilter(ApplicationFilterChain.java:207)
	at org.apache.tomcat.websocket.server.WsFilter.doFilter(WsFilter.java:52)
	at org.apache.catalina.core.ApplicationFilterChain.internalDoFilter(ApplicationFilterChain.java:240)
	at org.apache.catalina.core.ApplicationFilterChain.doFilter(ApplicationFilterChain.java:207)
	at org.springframework.web.filter.CharacterEncodingFilter.doFilterInternal(CharacterEncodingFilter.java:200)
	at org.springframework.web.filter.OncePerRequestFilter.doFilter(OncePerRequestFilter.java:118)
	at org.apache.catalina.core.ApplicationFilterChain.internalDoFilter(ApplicationFilterChain.java:240)
	at org.apache.catalina.core.ApplicationFilterChain.doFilter(ApplicationFilterChain.java:207)
	at org.apache.catalina.core.StandardWrapperValve.invoke(StandardWrapperValve.java:212)
	at org.apache.catalina.core.StandardContextValve.invoke(StandardContextValve.java:94)
	at org.apache.catalina.core.StandardHostValve.invoke(StandardHostValve.java:141)
	at org.apache.catalina.valves.ErrorReportValve.invoke(ErrorReportValve.java:79)
	at org.apache.catalina.core.StandardEngineValve.invoke(StandardEngineValve.java:88)
	at org.apache.catalina.connector.CoyoteAdapter.service(CoyoteAdapter.java:502)
	at org.apache.coyote.http11.AbstractHttp11Processor.process(AbstractHttp11Processor.java:1132)
	at org.apache.coyote.AbstractProtocol$AbstractConnectionHandler.process(AbstractProtocol.java:684)
	at org.apache.tomcat.util.net.NioEndpoint$SocketProcessor.doRun(NioEndpoint.java:1539)
	at org.apache.tomcat.util.net.NioEndpoint$SocketProcessor.run(NioEndpoint.java:1495)
	at java.util.concurrent.ThreadPoolExecutor.runWorker(ThreadPoolExecutor.java:1142)
	at java.util.concurrent.ThreadPoolExecutor$Worker.run(ThreadPoolExecutor.java:617)
	at org.apache.tomcat.util.threads.TaskThread$WrappingRunnable.run(TaskThread.java:61)
	at java.lang.Thread.run(Thread.java:745)

12-Feb-2026 16:03:29.483 정보 [http-nio-8855-exec-16] com.daejist.login.controller.LoginController.logout logout().....
12-Feb-2026 16:11:59.762 정보 [main] org.apache.catalina.core.AprLifecycleListener.lifecycleEvent The APR based Apache Tomcat Native library which allows optimal performance in production environments was not found on the java.library.path: /home/hosting_users/usr/local/fakechroot/lib/fakechroot:/usr/local/fakechroot/lib/fakechroot:/home/hosting_users/usr/lib:/home/hosting_users/lib:/usr/local/mysql/lib:/usr/java/packages/lib/amd64:/usr/lib64:/lib64:/lib:/usr/lib
12-Feb-2026 16:11:59.825 정보 [main] org.apache.coyote.AbstractProtocol.init Initializing ProtocolHandler ["http-nio-8855"]
12-Feb-2026 16:11:59.837 정보 [main] org.apache.tomcat.util.net.NioSelectorPool.getSharedSelector Using a shared selector for servlet write/read
12-Feb-2026 16:11:59.838 정보 [main] org.apache.catalina.startup.Catalina.load Initialization processed in 270 ms
12-Feb-2026 16:11:59.851 정보 [main] org.apache.catalina.core.StandardService.startInternal Starting service daejist7
12-Feb-2026 16:11:59.851 정보 [main] org.apache.catalina.core.StandardEngine.startInternal Starting Servlet Engine: Apache Tomcat/8.0.50
12-Feb-2026 16:11:59.863 정보 [daejist7.cafe24.com-startStop-1] org.apache.catalina.startup.HostConfig.deployWAR Deploying web application archive /daejist7/tomcat/webapps/daejiM.war
12-Feb-2026 16:12:02.351 정보 [daejist7.cafe24.com-startStop-1] org.apache.jasper.servlet.TldScanner.scanJars At least one JAR was scanned for TLDs yet contained no TLDs. Enable debug logging for this logger for a complete list of JARs that were scanned but no TLDs were found in them. Skipping unneeded JARs during scanning can improve startup time and JSP compilation time.
12-Feb-2026 16:12:02.364 정보 [daejist7.cafe24.com-startStop-1] org.apache.catalina.core.ApplicationContext.log No Spring WebApplicationInitializer types detected on classpath
12-Feb-2026 16:12:02.372 정보 [daejist7.cafe24.com-startStop-1] org.apache.catalina.core.ApplicationContext.log Initializing Spring root WebApplicationContext
12-Feb-2026 16:12:03.295 정보 [daejist7.cafe24.com-startStop-1] org.apache.catalina.core.ApplicationContext.log Initializing Spring DispatcherServlet 'appServlet'
12-Feb-2026 16:12:03.687 정보 [daejist7.cafe24.com-startStop-1] org.apache.catalina.startup.HostConfig.deployWAR Deployment of web application archive /daejist7/tomcat/webapps/daejiM.war has finished in 3,824 ms
12-Feb-2026 16:12:03.688 정보 [daejist7.cafe24.com-startStop-1] org.apache.catalina.startup.HostConfig.deployWAR Deploying web application archive /daejist7/tomcat/webapps/scm.war
12-Feb-2026 16:12:05.154 정보 [daejist7.cafe24.com-startStop-1] org.apache.jasper.servlet.TldScanner.scanJars At least one JAR was scanned for TLDs yet contained no TLDs. Enable debug logging for this logger for a complete list of JARs that were scanned but no TLDs were found in them. Skipping unneeded JARs during scanning can improve startup time and JSP compilation time.
12-Feb-2026 16:12:05.156 정보 [daejist7.cafe24.com-startStop-1] org.apache.catalina.core.ApplicationContext.log No Spring WebApplicationInitializer types detected on classpath
12-Feb-2026 16:12:05.161 정보 [daejist7.cafe24.com-startStop-1] org.apache.catalina.core.ApplicationContext.log Initializing Spring root WebApplicationContext
12-Feb-2026 16:12:05.740 정보 [daejist7.cafe24.com-startStop-1] org.apache.catalina.core.ApplicationContext.log Initializing Spring DispatcherServlet 'appServlet'
12-Feb-2026 16:12:06.053 정보 [daejist7.cafe24.com-startStop-1] org.apache.catalina.startup.HostConfig.deployWAR Deployment of web application archive /daejist7/tomcat/webapps/scm.war has finished in 2,365 ms
12-Feb-2026 16:12:06.055 정보 [daejist7.cafe24.com-startStop-1] org.apache.catalina.startup.HostConfig.deployWAR Deploying web application archive /daejist7/tomcat/webapps/ROOT.war
12-Feb-2026 16:12:06.762 정보 [daejist7.cafe24.com-startStop-1] org.apache.jasper.servlet.TldScanner.scanJars At least one JAR was scanned for TLDs yet contained no TLDs. Enable debug logging for this logger for a complete list of JARs that were scanned but no TLDs were found in them. Skipping unneeded JARs during scanning can improve startup time and JSP compilation time.
12-Feb-2026 16:12:06.764 정보 [daejist7.cafe24.com-startStop-1] org.apache.catalina.core.ApplicationContext.log No Spring WebApplicationInitializer types detected on classpath
12-Feb-2026 16:12:06.768 정보 [daejist7.cafe24.com-startStop-1] org.apache.catalina.core.ApplicationContext.log Initializing Spring root WebApplicationContext
12-Feb-2026 16:12:07.134 정보 [daejist7.cafe24.com-startStop-1] org.apache.catalina.core.ApplicationContext.log Initializing Spring DispatcherServlet 'appServlet'
12-Feb-2026 16:12:07.552 정보 [daejist7.cafe24.com-startStop-1] org.apache.catalina.startup.HostConfig.deployWAR Deployment of web application archive /daejist7/tomcat/webapps/ROOT.war has finished in 1,497 ms
12-Feb-2026 16:12:07.556 정보 [daejist7.cafe24.com-startStop-1] org.apache.catalina.startup.HostConfig.deployWAR Deploying web application archive /daejist7/tomcat/webapps/exe.war
12-Feb-2026 16:12:08.334 정보 [daejist7.cafe24.com-startStop-1] org.apache.jasper.servlet.TldScanner.scanJars At least one JAR was scanned for TLDs yet contained no TLDs. Enable debug logging for this logger for a complete list of JARs that were scanned but no TLDs were found in them. Skipping unneeded JARs during scanning can improve startup time and JSP compilation time.
12-Feb-2026 16:12:08.336 정보 [daejist7.cafe24.com-startStop-1] org.apache.catalina.core.ApplicationContext.log No Spring WebApplicationInitializer types detected on classpath
12-Feb-2026 16:12:08.367 정보 [daejist7.cafe24.com-startStop-1] org.apache.catalina.core.ApplicationContext.log Initializing Spring root WebApplicationContext
12-Feb-2026 16:12:08.904 정보 [daejist7.cafe24.com-startStop-1] org.apache.catalina.core.ApplicationContext.log Initializing Spring FrameworkServlet 'appServlet'
12-Feb-2026 16:12:09.263 정보 [daejist7.cafe24.com-startStop-1] org.apache.catalina.startup.HostConfig.deployWAR Deployment of web application archive /daejist7/tomcat/webapps/exe.war has finished in 1,707 ms
12-Feb-2026 16:12:09.263 정보 [daejist7.cafe24.com-startStop-1] org.apache.catalina.startup.HostConfig.deployDirectory Deploying web application directory /daejist7/tomcat/webapps/host-manager
12-Feb-2026 16:12:09.377 정보 [daejist7.cafe24.com-startStop-1] org.apache.jasper.servlet.TldScanner.scanJars At least one JAR was scanned for TLDs yet contained no TLDs. Enable debug logging for this logger for a complete list of JARs that were scanned but no TLDs were found in them. Skipping unneeded JARs during scanning can improve startup time and JSP compilation time.
12-Feb-2026 16:12:09.379 정보 [daejist7.cafe24.com-startStop-1] org.apache.catalina.startup.HostConfig.deployDirectory Deployment of web application directory /daejist7/tomcat/webapps/host-manager has finished in 116 ms
12-Feb-2026 16:12:09.379 정보 [daejist7.cafe24.com-startStop-1] org.apache.catalina.startup.HostConfig.deployDirectory Deploying web application directory /daejist7/tomcat/webapps/manager
12-Feb-2026 16:12:09.491 정보 [daejist7.cafe24.com-startStop-1] org.apache.jasper.servlet.TldScanner.scanJars At least one JAR was scanned for TLDs yet contained no TLDs. Enable debug logging for this logger for a complete list of JARs that were scanned but no TLDs were found in them. Skipping unneeded JARs during scanning can improve startup time and JSP compilation time.
12-Feb-2026 16:12:09.492 정보 [daejist7.cafe24.com-startStop-1] org.apache.catalina.startup.HostConfig.deployDirectory Deployment of web application directory /daejist7/tomcat/webapps/manager has finished in 113 ms
12-Feb-2026 16:12:09.494 정보 [main] org.apache.coyote.AbstractProtocol.start Starting ProtocolHandler ["http-nio-8855"]
12-Feb-2026 16:12:09.497 정보 [main] org.apache.catalina.startup.Catalina.start Server startup in 9658 ms
12-Feb-2026 16:12:37.638 심각 [http-nio-8855-exec-3] org.apache.catalina.core.StandardWrapperValve.invoke Servlet.service() for servlet [appServlet] in context with path [] threw exception [Request processing failed; nested exception is org.mybatis.spring.MyBatisSystemException: nested exception is org.apache.ibatis.exceptions.PersistenceException: 
### Error querying database.  Cause: org.springframework.jdbc.CannotGetJdbcConnectionException: Failed to obtain JDBC Connection; nested exception is org.apache.commons.dbcp.SQLNestedException: Cannot create PoolableConnectionFactory (호스트 112.216.112.26, 포트 1433에 대한 TCP/IP 연결에 실패했습니다. 오류: "connect timed out. 연결 속성을 확인하십시오. SQL Server의 인스턴스가 호스트에서 실행되고 있고 포트에서 TCP/IP 연결을 허용하고 있는지 확인하십시오. 또한 방화벽에서 포트로의 TCP 연결을 차단하지 않는지 확인하십시오.".)
### The error may exist in com/daejist/login/mapper/LoginMapper.xml
### The error may involve com.daejist.login.mapper.LoginMapper.LoginMember
### The error occurred while executing a query
### Cause: org.springframework.jdbc.CannotGetJdbcConnectionException: Failed to obtain JDBC Connection; nested exception is org.apache.commons.dbcp.SQLNestedException: Cannot create PoolableConnectionFactory (호스트 112.216.112.26, 포트 1433에 대한 TCP/IP 연결에 실패했습니다. 오류: "connect timed out. 연결 속성을 확인하십시오. SQL Server의 인스턴스가 호스트에서 실행되고 있고 포트에서 TCP/IP 연결을 허용하고 있는지 확인하십시오. 또한 방화벽에서 포트로의 TCP 연결을 차단하지 않는지 확인하십시오.".)] with root cause
 com.microsoft.sqlserver.jdbc.SQLServerException: 호스트 112.216.112.26, 포트 1433에 대한 TCP/IP 연결에 실패했습니다. 오류: "connect timed out. 연결 속성을 확인하십시오. SQL Server의 인스턴스가 호스트에서 실행되고 있고 포트에서 TCP/IP 연결을 허용하고 있는지 확인하십시오. 또한 방화벽에서 포트로의 TCP 연결을 차단하지 않는지 확인하십시오.".
	at com.microsoft.sqlserver.jdbc.SQLServerException.makeFromDriverError(SQLServerException.java:234)
	at com.microsoft.sqlserver.jdbc.SQLServerException.ConvertConnectExceptionToSQLServerException(SQLServerException.java:285)
	at com.microsoft.sqlserver.jdbc.SocketFinder.findSocket(IOBuffer.java:2462)
	at com.microsoft.sqlserver.jdbc.TDSChannel.open(IOBuffer.java:668)
	at com.microsoft.sqlserver.jdbc.SQLServerConnection.connectHelper(SQLServerConnection.java:2695)
	at com.microsoft.sqlserver.jdbc.SQLServerConnection.login(SQLServerConnection.java:2362)
	at com.microsoft.sqlserver.jdbc.SQLServerConnection.connectInternal(SQLServerConnection.java:2213)
	at com.microsoft.sqlserver.jdbc.SQLServerConnection.connect(SQLServerConnection.java:1276)
	at com.microsoft.sqlserver.jdbc.SQLServerDriver.connect(SQLServerDriver.java:861)
	at org.apache.commons.dbcp.DriverConnectionFactory.createConnection(DriverConnectionFactory.java:38)
	at org.apache.commons.dbcp.PoolableConnectionFactory.makeObject(PoolableConnectionFactory.java:582)
	at org.apache.commons.dbcp.BasicDataSource.validateConnectionFactory(BasicDataSource.java:1556)
	at org.apache.commons.dbcp.BasicDataSource.createPoolableConnectionFactory(BasicDataSource.java:1545)
	at org.apache.commons.dbcp.BasicDataSource.createDataSource(BasicDataSource.java:1388)
	at org.apache.commons.dbcp.BasicDataSource.getConnection(BasicDataSource.java:1044)
	at org.springframework.jdbc.datasource.DataSourceUtils.fetchConnection(DataSourceUtils.java:157)
	at org.springframework.jdbc.datasource.DataSourceUtils.doGetConnection(DataSourceUtils.java:115)
	at org.springframework.jdbc.datasource.DataSourceUtils.getConnection(DataSourceUtils.java:78)
	at org.mybatis.spring.transaction.SpringManagedTransaction.openConnection(SpringManagedTransaction.java:80)
	at org.mybatis.spring.transaction.SpringManagedTransaction.getConnection(SpringManagedTransaction.java:67)
	at org.apache.ibatis.executor.BaseExecutor.getConnection(BaseExecutor.java:336)
	at org.apache.ibatis.executor.SimpleExecutor.prepareStatement(SimpleExecutor.java:85)
	at org.apache.ibatis.executor.SimpleExecutor.doQuery(SimpleExecutor.java:62)
	at org.apache.ibatis.executor.BaseExecutor.queryFromDatabase(BaseExecutor.java:324)
	at org.apache.ibatis.executor.BaseExecutor.query(BaseExecutor.java:156)
	at org.apache.ibatis.executor.CachingExecutor.query(CachingExecutor.java:109)
	at org.apache.ibatis.executor.CachingExecutor.query(CachingExecutor.java:83)
	at org.apache.ibatis.session.defaults.DefaultSqlSession.selectList(DefaultSqlSession.java:147)
	at org.apache.ibatis.session.defaults.DefaultSqlSession.selectList(DefaultSqlSession.java:140)
	at org.apache.ibatis.session.defaults.DefaultSqlSession.selectOne(DefaultSqlSession.java:76)
	at sun.reflect.NativeMethodAccessorImpl.invoke0(Native Method)
	at sun.reflect.NativeMethodAccessorImpl.invoke(NativeMethodAccessorImpl.java:62)
	at sun.reflect.DelegatingMethodAccessorImpl.invoke(DelegatingMethodAccessorImpl.java:43)
	at java.lang.reflect.Method.invoke(Method.java:498)
	at org.mybatis.spring.SqlSessionTemplate$SqlSessionInterceptor.invoke(SqlSessionTemplate.java:426)
	at com.sun.proxy.$Proxy59.selectOne(Unknown Source)
	at org.mybatis.spring.SqlSessionTemplate.selectOne(SqlSessionTemplate.java:159)
	at org.apache.ibatis.binding.MapperMethod.execute(MapperMethod.java:87)
	at org.apache.ibatis.binding.MapperProxy.invoke(MapperProxy.java:57)
	at com.sun.proxy.$Proxy61.LoginMember(Unknown Source)
	at com.daejist.login.service.LoginServiceImp.LoginCheck(LoginServiceImp.java:29)
	at com.daejist.login.controller.LoginController.getLogin(LoginController.java:98)
	at sun.reflect.NativeMethodAccessorImpl.invoke0(Native Method)
	at sun.reflect.NativeMethodAccessorImpl.invoke(NativeMethodAccessorImpl.java:62)
	at sun.reflect.DelegatingMethodAccessorImpl.invoke(DelegatingMethodAccessorImpl.java:43)
	at java.lang.reflect.Method.invoke(Method.java:498)
	at org.springframework.web.method.support.InvocableHandlerMethod.doInvoke(InvocableHandlerMethod.java:190)
	at org.springframework.web.method.support.InvocableHandlerMethod.invokeForRequest(InvocableHandlerMethod.java:138)
	at org.springframework.web.servlet.mvc.method.annotation.ServletInvocableHandlerMethod.invokeAndHandle(ServletInvocableHandlerMethod.java:104)
	at org.springframework.web.servlet.mvc.method.annotation.RequestMappingHandlerAdapter.invokeHandlerMethod(RequestMappingHandlerAdapter.java:892)
	at org.springframework.web.servlet.mvc.method.annotation.RequestMappingHandlerAdapter.handleInternal(RequestMappingHandlerAdapter.java:797)
	at org.springframework.web.servlet.mvc.method.AbstractHandlerMethodAdapter.handle(AbstractHandlerMethodAdapter.java:87)
	at org.springframework.web.servlet.DispatcherServlet.doDispatch(DispatcherServlet.java:1039)
	at org.springframework.web.servlet.DispatcherServlet.doService(DispatcherServlet.java:942)
	at org.springframework.web.servlet.FrameworkServlet.processRequest(FrameworkServlet.java:1005)
	at org.springframework.web.servlet.FrameworkServlet.doPost(FrameworkServlet.java:908)
	at javax.servlet.http.HttpServlet.service(HttpServlet.java:648)
	at org.springframework.web.servlet.FrameworkServlet.service(FrameworkServlet.java:882)
	at javax.servlet.http.HttpServlet.service(HttpServlet.java:729)
	at org.apache.catalina.core.ApplicationFilterChain.internalDoFilter(ApplicationFilterChain.java:292)
	at org.apache.catalina.core.ApplicationFilterChain.doFilter(ApplicationFilterChain.java:207)
	at org.apache.tomcat.websocket.server.WsFilter.doFilter(WsFilter.java:52)
	at org.apache.catalina.core.ApplicationFilterChain.internalDoFilter(ApplicationFilterChain.java:240)
	at org.apache.catalina.core.ApplicationFilterChain.doFilter(ApplicationFilterChain.java:207)
	at org.springframework.web.filter.CharacterEncodingFilter.doFilterInternal(CharacterEncodingFilter.java:200)
	at org.springframework.web.filter.OncePerRequestFilter.doFilter(OncePerRequestFilter.java:118)
	at org.apache.catalina.core.ApplicationFilterChain.internalDoFilter(ApplicationFilterChain.java:240)
	at org.apache.catalina.core.ApplicationFilterChain.doFilter(ApplicationFilterChain.java:207)
	at org.apache.catalina.core.StandardWrapperValve.invoke(StandardWrapperValve.java:212)
	at org.apache.catalina.core.StandardContextValve.invoke(StandardContextValve.java:94)
	at org.apache.catalina.core.StandardHostValve.invoke(StandardHostValve.java:141)
	at org.apache.catalina.valves.ErrorReportValve.invoke(ErrorReportValve.java:79)
	at org.apache.catalina.core.StandardEngineValve.invoke(StandardEngineValve.java:88)
	at org.apache.catalina.connector.CoyoteAdapter.service(CoyoteAdapter.java:502)
	at org.apache.coyote.http11.AbstractHttp11Processor.process(AbstractHttp11Processor.java:1132)
	at org.apache.coyote.AbstractProtocol$AbstractConnectionHandler.process(AbstractProtocol.java:684)
	at org.apache.tomcat.util.net.NioEndpoint$SocketProcessor.doRun(NioEndpoint.java:1539)
	at org.apache.tomcat.util.net.NioEndpoint$SocketProcessor.run(NioEndpoint.java:1495)
	at java.util.concurrent.ThreadPoolExecutor.runWorker(ThreadPoolExecutor.java:1142)
	at java.util.concurrent.ThreadPoolExecutor$Worker.run(ThreadPoolExecutor.java:617)
	at org.apache.tomcat.util.threads.TaskThread$WrappingRunnable.run(TaskThread.java:61)
	at java.lang.Thread.run(Thread.java:745)

12-Feb-2026 16:13:05.325 심각 [http-nio-8855-exec-3] org.apache.catalina.core.StandardWrapperValve.invoke Servlet.service() for servlet [appServlet] in context with path [] threw exception [Request processing failed; nested exception is org.mybatis.spring.MyBatisSystemException: nested exception is org.apache.ibatis.exceptions.PersistenceException: 
### Error querying database.  Cause: org.springframework.jdbc.CannotGetJdbcConnectionException: Failed to obtain JDBC Connection; nested exception is org.apache.commons.dbcp.SQLNestedException: Cannot create PoolableConnectionFactory (호스트 112.216.112.26, 포트 1433에 대한 TCP/IP 연결에 실패했습니다. 오류: "connect timed out. 연결 속성을 확인하십시오. SQL Server의 인스턴스가 호스트에서 실행되고 있고 포트에서 TCP/IP 연결을 허용하고 있는지 확인하십시오. 또한 방화벽에서 포트로의 TCP 연결을 차단하지 않는지 확인하십시오.".)
### The error may exist in com/daejist/login/mapper/LoginMapper.xml
### The error may involve com.daejist.login.mapper.LoginMapper.checkUserWithSessionKey
### The error occurred while executing a query
### Cause: org.springframework.jdbc.CannotGetJdbcConnectionException: Failed to obtain JDBC Connection; nested exception is org.apache.commons.dbcp.SQLNestedException: Cannot create PoolableConnectionFactory (호스트 112.216.112.26, 포트 1433에 대한 TCP/IP 연결에 실패했습니다. 오류: "connect timed out. 연결 속성을 확인하십시오. SQL Server의 인스턴스가 호스트에서 실행되고 있고 포트에서 TCP/IP 연결을 허용하고 있는지 확인하십시오. 또한 방화벽에서 포트로의 TCP 연결을 차단하지 않는지 확인하십시오.".)] with root cause
 com.microsoft.sqlserver.jdbc.SQLServerException: 호스트 112.216.112.26, 포트 1433에 대한 TCP/IP 연결에 실패했습니다. 오류: "connect timed out. 연결 속성을 확인하십시오. SQL Server의 인스턴스가 호스트에서 실행되고 있고 포트에서 TCP/IP 연결을 허용하고 있는지 확인하십시오. 또한 방화벽에서 포트로의 TCP 연결을 차단하지 않는지 확인하십시오.".
	at com.microsoft.sqlserver.jdbc.SQLServerException.makeFromDriverError(SQLServerException.java:234)
	at com.microsoft.sqlserver.jdbc.SQLServerException.ConvertConnectExceptionToSQLServerException(SQLServerException.java:285)
	at com.microsoft.sqlserver.jdbc.SocketFinder.findSocket(IOBuffer.java:2462)
	at com.microsoft.sqlserver.jdbc.TDSChannel.open(IOBuffer.java:668)
	at com.microsoft.sqlserver.jdbc.SQLServerConnection.connectHelper(SQLServerConnection.java:2695)
	at com.microsoft.sqlserver.jdbc.SQLServerConnection.login(SQLServerConnection.java:2362)
	at com.microsoft.sqlserver.jdbc.SQLServerConnection.connectInternal(SQLServerConnection.java:2213)
	at com.microsoft.sqlserver.jdbc.SQLServerConnection.connect(SQLServerConnection.java:1276)
	at com.microsoft.sqlserver.jdbc.SQLServerDriver.connect(SQLServerDriver.java:861)
	at org.apache.commons.dbcp.DriverConnectionFactory.createConnection(DriverConnectionFactory.java:38)
	at org.apache.commons.dbcp.PoolableConnectionFactory.makeObject(PoolableConnectionFactory.java:582)
	at org.apache.commons.dbcp.BasicDataSource.validateConnectionFactory(BasicDataSource.java:1556)
	at org.apache.commons.dbcp.BasicDataSource.createPoolableConnectionFactory(BasicDataSource.java:1545)
	at org.apache.commons.dbcp.BasicDataSource.createDataSource(BasicDataSource.java:1388)
	at org.apache.commons.dbcp.BasicDataSource.getConnection(BasicDataSource.java:1044)
	at org.springframework.jdbc.datasource.DataSourceUtils.fetchConnection(DataSourceUtils.java:157)
	at org.springframework.jdbc.datasource.DataSourceUtils.doGetConnection(DataSourceUtils.java:115)
	at org.springframework.jdbc.datasource.DataSourceUtils.getConnection(DataSourceUtils.java:78)
	at org.mybatis.spring.transaction.SpringManagedTransaction.openConnection(SpringManagedTransaction.java:80)
	at org.mybatis.spring.transaction.SpringManagedTransaction.getConnection(SpringManagedTransaction.java:67)
	at org.apache.ibatis.executor.BaseExecutor.getConnection(BaseExecutor.java:336)
	at org.apache.ibatis.executor.SimpleExecutor.prepareStatement(SimpleExecutor.java:85)
	at org.apache.ibatis.executor.SimpleExecutor.doQuery(SimpleExecutor.java:62)
	at org.apache.ibatis.executor.BaseExecutor.queryFromDatabase(BaseExecutor.java:324)
	at org.apache.ibatis.executor.BaseExecutor.query(BaseExecutor.java:156)
	at org.apache.ibatis.executor.CachingExecutor.query(CachingExecutor.java:109)
	at org.apache.ibatis.executor.CachingExecutor.query(CachingExecutor.java:83)
	at org.apache.ibatis.session.defaults.DefaultSqlSession.selectList(DefaultSqlSession.java:147)
	at org.apache.ibatis.session.defaults.DefaultSqlSession.selectList(DefaultSqlSession.java:140)
	at org.apache.ibatis.session.defaults.DefaultSqlSession.selectOne(DefaultSqlSession.java:76)
	at sun.reflect.NativeMethodAccessorImpl.invoke0(Native Method)
	at sun.reflect.NativeMethodAccessorImpl.invoke(NativeMethodAccessorImpl.java:62)
	at sun.reflect.DelegatingMethodAccessorImpl.invoke(DelegatingMethodAccessorImpl.java:43)
	at java.lang.reflect.Method.invoke(Method.java:498)
	at org.mybatis.spring.SqlSessionTemplate$SqlSessionInterceptor.invoke(SqlSessionTemplate.java:426)
	at com.sun.proxy.$Proxy59.selectOne(Unknown Source)
	at org.mybatis.spring.SqlSessionTemplate.selectOne(SqlSessionTemplate.java:159)
	at org.apache.ibatis.binding.MapperMethod.execute(MapperMethod.java:87)
	at org.apache.ibatis.binding.MapperProxy.invoke(MapperProxy.java:57)
	at com.sun.proxy.$Proxy61.checkUserWithSessionKey(Unknown Source)
	at com.daejist.login.service.LoginServiceImp.checkUserWithSessionKey(LoginServiceImp.java:84)
	at com.daejist.login.controller.LoginController.login(LoginController.java:75)
	at sun.reflect.NativeMethodAccessorImpl.invoke0(Native Method)
	at sun.reflect.NativeMethodAccessorImpl.invoke(NativeMethodAccessorImpl.java:62)
	at sun.reflect.DelegatingMethodAccessorImpl.invoke(DelegatingMethodAccessorImpl.java:43)
	at java.lang.reflect.Method.invoke(Method.java:498)
	at org.springframework.web.method.support.InvocableHandlerMethod.doInvoke(InvocableHandlerMethod.java:190)
	at org.springframework.web.method.support.InvocableHandlerMethod.invokeForRequest(InvocableHandlerMethod.java:138)
	at org.springframework.web.servlet.mvc.method.annotation.ServletInvocableHandlerMethod.invokeAndHandle(ServletInvocableHandlerMethod.java:104)
	at org.springframework.web.servlet.mvc.method.annotation.RequestMappingHandlerAdapter.invokeHandlerMethod(RequestMappingHandlerAdapter.java:892)
	at org.springframework.web.servlet.mvc.method.annotation.RequestMappingHandlerAdapter.handleInternal(RequestMappingHandlerAdapter.java:797)
	at org.springframework.web.servlet.mvc.method.AbstractHandlerMethodAdapter.handle(AbstractHandlerMethodAdapter.java:87)
	at org.springframework.web.servlet.DispatcherServlet.doDispatch(DispatcherServlet.java:1039)
	at org.springframework.web.servlet.DispatcherServlet.doService(DispatcherServlet.java:942)
	at org.springframework.web.servlet.FrameworkServlet.processRequest(FrameworkServlet.java:1005)
	at org.springframework.web.servlet.FrameworkServlet.doGet(FrameworkServlet.java:897)
	at javax.servlet.http.HttpServlet.service(HttpServlet.java:622)
	at org.springframework.web.servlet.FrameworkServlet.service(FrameworkServlet.java:882)
	at javax.servlet.http.HttpServlet.service(HttpServlet.java:729)
	at org.apache.catalina.core.ApplicationFilterChain.internalDoFilter(ApplicationFilterChain.java:292)
	at org.apache.catalina.core.ApplicationFilterChain.doFilter(ApplicationFilterChain.java:207)
	at org.apache.tomcat.websocket.server.WsFilter.doFilter(WsFilter.java:52)
	at org.apache.catalina.core.ApplicationFilterChain.internalDoFilter(ApplicationFilterChain.java:240)
	at org.apache.catalina.core.ApplicationFilterChain.doFilter(ApplicationFilterChain.java:207)
	at org.springframework.web.filter.CharacterEncodingFilter.doFilterInternal(CharacterEncodingFilter.java:200)
	at org.springframework.web.filter.OncePerRequestFilter.doFilter(OncePerRequestFilter.java:118)
	at org.apache.catalina.core.ApplicationFilterChain.internalDoFilter(ApplicationFilterChain.java:240)
	at org.apache.catalina.core.ApplicationFilterChain.doFilter(ApplicationFilterChain.java:207)
	at org.apache.catalina.core.StandardWrapperValve.invoke(StandardWrapperValve.java:212)
	at org.apache.catalina.core.StandardContextValve.invoke(StandardContextValve.java:94)
	at org.apache.catalina.core.StandardHostValve.invoke(StandardHostValve.java:141)
	at org.apache.catalina.valves.ErrorReportValve.invoke(ErrorReportValve.java:79)
	at org.apache.catalina.core.StandardEngineValve.invoke(StandardEngineValve.java:88)
	at org.apache.catalina.connector.CoyoteAdapter.service(CoyoteAdapter.java:502)
	at org.apache.coyote.http11.AbstractHttp11Processor.process(AbstractHttp11Processor.java:1132)
	at org.apache.coyote.AbstractProtocol$AbstractConnectionHandler.process(AbstractProtocol.java:684)
	at org.apache.tomcat.util.net.NioEndpoint$SocketProcessor.doRun(NioEndpoint.java:1539)
	at org.apache.tomcat.util.net.NioEndpoint$SocketProcessor.run(NioEndpoint.java:1495)
	at java.util.concurrent.ThreadPoolExecutor.runWorker(ThreadPoolExecutor.java:1142)
	at java.util.concurrent.ThreadPoolExecutor$Worker.run(ThreadPoolExecutor.java:617)
	at org.apache.tomcat.util.threads.TaskThread$WrappingRunnable.run(TaskThread.java:61)
	at java.lang.Thread.run(Thread.java:745)

12-Feb-2026 16:20:52.212 정보 [main] org.apache.catalina.core.AprLifecycleListener.lifecycleEvent The APR based Apache Tomcat Native library which allows optimal performance in production environments was not found on the java.library.path: /home/hosting_users/usr/local/fakechroot/lib/fakechroot:/usr/local/fakechroot/lib/fakechroot:/home/hosting_users/usr/lib:/home/hosting_users/lib:/usr/local/mysql/lib:/usr/java/packages/lib/amd64:/usr/lib64:/lib64:/lib:/usr/lib
12-Feb-2026 16:20:52.258 정보 [main] org.apache.coyote.AbstractProtocol.init Initializing ProtocolHandler ["http-nio-8855"]
12-Feb-2026 16:20:52.266 정보 [main] org.apache.tomcat.util.net.NioSelectorPool.getSharedSelector Using a shared selector for servlet write/read
12-Feb-2026 16:20:52.267 정보 [main] org.apache.catalina.startup.Catalina.load Initialization processed in 205 ms
12-Feb-2026 16:20:52.277 정보 [main] org.apache.catalina.core.StandardService.startInternal Starting service daejist7
12-Feb-2026 16:20:52.277 정보 [main] org.apache.catalina.core.StandardEngine.startInternal Starting Servlet Engine: Apache Tomcat/8.0.50
12-Feb-2026 16:20:52.288 정보 [daejist7.cafe24.com-startStop-1] org.apache.catalina.startup.HostConfig.deployWAR Deploying web application archive /daejist7/tomcat/webapps/daejiM.war
12-Feb-2026 16:20:54.347 정보 [daejist7.cafe24.com-startStop-1] org.apache.jasper.servlet.TldScanner.scanJars At least one JAR was scanned for TLDs yet contained no TLDs. Enable debug logging for this logger for a complete list of JARs that were scanned but no TLDs were found in them. Skipping unneeded JARs during scanning can improve startup time and JSP compilation time.
12-Feb-2026 16:20:54.360 정보 [daejist7.cafe24.com-startStop-1] org.apache.catalina.core.ApplicationContext.log No Spring WebApplicationInitializer types detected on classpath
12-Feb-2026 16:20:54.367 정보 [daejist7.cafe24.com-startStop-1] org.apache.catalina.core.ApplicationContext.log Initializing Spring root WebApplicationContext
12-Feb-2026 16:20:55.240 정보 [daejist7.cafe24.com-startStop-1] org.apache.catalina.core.ApplicationContext.log Initializing Spring DispatcherServlet 'appServlet'
12-Feb-2026 16:20:55.657 정보 [daejist7.cafe24.com-startStop-1] org.apache.catalina.startup.HostConfig.deployWAR Deployment of web application archive /daejist7/tomcat/webapps/daejiM.war has finished in 3,369 ms
12-Feb-2026 16:20:55.657 정보 [daejist7.cafe24.com-startStop-1] org.apache.catalina.startup.HostConfig.deployWAR Deploying web application archive /daejist7/tomcat/webapps/scm.war
12-Feb-2026 16:20:57.090 정보 [daejist7.cafe24.com-startStop-1] org.apache.jasper.servlet.TldScanner.scanJars At least one JAR was scanned for TLDs yet contained no TLDs. Enable debug logging for this logger for a complete list of JARs that were scanned but no TLDs were found in them. Skipping unneeded JARs during scanning can improve startup time and JSP compilation time.
12-Feb-2026 16:20:57.093 정보 [daejist7.cafe24.com-startStop-1] org.apache.catalina.core.ApplicationContext.log No Spring WebApplicationInitializer types detected on classpath
12-Feb-2026 16:20:57.098 정보 [daejist7.cafe24.com-startStop-1] org.apache.catalina.core.ApplicationContext.log Initializing Spring root WebApplicationContext
12-Feb-2026 16:20:57.676 정보 [daejist7.cafe24.com-startStop-1] org.apache.catalina.core.ApplicationContext.log Initializing Spring DispatcherServlet 'appServlet'
12-Feb-2026 16:20:57.997 정보 [daejist7.cafe24.com-startStop-1] org.apache.catalina.startup.HostConfig.deployWAR Deployment of web application archive /daejist7/tomcat/webapps/scm.war has finished in 2,340 ms
12-Feb-2026 16:20:57.997 정보 [daejist7.cafe24.com-startStop-1] org.apache.catalina.startup.HostConfig.deployWAR Deploying web application archive /daejist7/tomcat/webapps/ROOT.war
12-Feb-2026 16:20:58.664 정보 [daejist7.cafe24.com-startStop-1] org.apache.jasper.servlet.TldScanner.scanJars At least one JAR was scanned for TLDs yet contained no TLDs. Enable debug logging for this logger for a complete list of JARs that were scanned but no TLDs were found in them. Skipping unneeded JARs during scanning can improve startup time and JSP compilation time.
12-Feb-2026 16:20:58.666 정보 [daejist7.cafe24.com-startStop-1] org.apache.catalina.core.ApplicationContext.log No Spring WebApplicationInitializer types detected on classpath
12-Feb-2026 16:20:58.671 정보 [daejist7.cafe24.com-startStop-1] org.apache.catalina.core.ApplicationContext.log Initializing Spring root WebApplicationContext
12-Feb-2026 16:20:59.035 정보 [daejist7.cafe24.com-startStop-1] org.apache.catalina.core.ApplicationContext.log Initializing Spring DispatcherServlet 'appServlet'
12-Feb-2026 16:20:59.426 정보 [daejist7.cafe24.com-startStop-1] org.apache.catalina.startup.HostConfig.deployWAR Deployment of web application archive /daejist7/tomcat/webapps/ROOT.war has finished in 1,429 ms
12-Feb-2026 16:20:59.427 정보 [daejist7.cafe24.com-startStop-1] org.apache.catalina.startup.HostConfig.deployWAR Deploying web application archive /daejist7/tomcat/webapps/exe.war
12-Feb-2026 16:21:00.137 정보 [daejist7.cafe24.com-startStop-1] org.apache.jasper.servlet.TldScanner.scanJars At least one JAR was scanned for TLDs yet contained no TLDs. Enable debug logging for this logger for a complete list of JARs that were scanned but no TLDs were found in them. Skipping unneeded JARs during scanning can improve startup time and JSP compilation time.
12-Feb-2026 16:21:00.139 정보 [daejist7.cafe24.com-startStop-1] org.apache.catalina.core.ApplicationContext.log No Spring WebApplicationInitializer types detected on classpath
12-Feb-2026 16:21:00.165 정보 [daejist7.cafe24.com-startStop-1] org.apache.catalina.core.ApplicationContext.log Initializing Spring root WebApplicationContext
12-Feb-2026 16:21:00.577 정보 [daejist7.cafe24.com-startStop-1] org.apache.catalina.core.ApplicationContext.log Initializing Spring FrameworkServlet 'appServlet'
12-Feb-2026 16:21:00.987 정보 [daejist7.cafe24.com-startStop-1] org.apache.catalina.startup.HostConfig.deployWAR Deployment of web application archive /daejist7/tomcat/webapps/exe.war has finished in 1,559 ms
12-Feb-2026 16:21:00.987 정보 [daejist7.cafe24.com-startStop-1] org.apache.catalina.startup.HostConfig.deployDirectory Deploying web application directory /daejist7/tomcat/webapps/host-manager
12-Feb-2026 16:21:01.098 정보 [daejist7.cafe24.com-startStop-1] org.apache.jasper.servlet.TldScanner.scanJars At least one JAR was scanned for TLDs yet contained no TLDs. Enable debug logging for this logger for a complete list of JARs that were scanned but no TLDs were found in them. Skipping unneeded JARs during scanning can improve startup time and JSP compilation time.
12-Feb-2026 16:21:01.100 정보 [daejist7.cafe24.com-startStop-1] org.apache.catalina.startup.HostConfig.deployDirectory Deployment of web application directory /daejist7/tomcat/webapps/host-manager has finished in 113 ms
12-Feb-2026 16:21:01.100 정보 [daejist7.cafe24.com-startStop-1] org.apache.catalina.startup.HostConfig.deployDirectory Deploying web application directory /daejist7/tomcat/webapps/manager
12-Feb-2026 16:21:01.209 정보 [daejist7.cafe24.com-startStop-1] org.apache.jasper.servlet.TldScanner.scanJars At least one JAR was scanned for TLDs yet contained no TLDs. Enable debug logging for this logger for a complete list of JARs that were scanned but no TLDs were found in them. Skipping unneeded JARs during scanning can improve startup time and JSP compilation time.
12-Feb-2026 16:21:01.209 정보 [daejist7.cafe24.com-startStop-1] org.apache.catalina.startup.HostConfig.deployDirectory Deployment of web application directory /daejist7/tomcat/webapps/manager has finished in 109 ms
12-Feb-2026 16:21:01.212 정보 [main] org.apache.coyote.AbstractProtocol.start Starting ProtocolHandler ["http-nio-8855"]
12-Feb-2026 16:21:01.215 정보 [main] org.apache.catalina.startup.Catalina.start Server startup in 8947 ms
12-Feb-2026 16:26:35.633 정보 [main] org.apache.catalina.core.AprLifecycleListener.lifecycleEvent The APR based Apache Tomcat Native library which allows optimal performance in production environments was not found on the java.library.path: /home/hosting_users/usr/local/fakechroot/lib/fakechroot:/usr/local/fakechroot/lib/fakechroot:/home/hosting_users/usr/lib:/home/hosting_users/lib:/usr/local/mysql/lib:/usr/java/packages/lib/amd64:/usr/lib64:/lib64:/lib:/usr/lib
12-Feb-2026 16:26:35.681 정보 [main] org.apache.coyote.AbstractProtocol.init Initializing ProtocolHandler ["http-nio-8855"]
12-Feb-2026 16:26:35.689 정보 [main] org.apache.tomcat.util.net.NioSelectorPool.getSharedSelector Using a shared selector for servlet write/read
12-Feb-2026 16:26:35.691 정보 [main] org.apache.catalina.startup.Catalina.load Initialization processed in 211 ms
12-Feb-2026 16:26:35.701 정보 [main] org.apache.catalina.core.StandardService.startInternal Starting service daejist7
12-Feb-2026 16:26:35.701 정보 [main] org.apache.catalina.core.StandardEngine.startInternal Starting Servlet Engine: Apache Tomcat/8.0.50
12-Feb-2026 16:26:35.712 정보 [daejist7.cafe24.com-startStop-1] org.apache.catalina.startup.HostConfig.deployWAR Deploying web application archive /daejist7/tomcat/webapps/daejiM.war
12-Feb-2026 16:26:37.884 정보 [daejist7.cafe24.com-startStop-1] org.apache.jasper.servlet.TldScanner.scanJars At least one JAR was scanned for TLDs yet contained no TLDs. Enable debug logging for this logger for a complete list of JARs that were scanned but no TLDs were found in them. Skipping unneeded JARs during scanning can improve startup time and JSP compilation time.
12-Feb-2026 16:26:37.899 정보 [daejist7.cafe24.com-startStop-1] org.apache.catalina.core.ApplicationContext.log No Spring WebApplicationInitializer types detected on classpath
12-Feb-2026 16:26:37.906 정보 [daejist7.cafe24.com-startStop-1] org.apache.catalina.core.ApplicationContext.log Initializing Spring root WebApplicationContext
12-Feb-2026 16:26:38.787 정보 [daejist7.cafe24.com-startStop-1] org.apache.catalina.core.ApplicationContext.log Initializing Spring DispatcherServlet 'appServlet'
12-Feb-2026 16:26:39.196 정보 [daejist7.cafe24.com-startStop-1] org.apache.catalina.startup.HostConfig.deployWAR Deployment of web application archive /daejist7/tomcat/webapps/daejiM.war has finished in 3,484 ms
12-Feb-2026 16:26:39.197 정보 [daejist7.cafe24.com-startStop-1] org.apache.catalina.startup.HostConfig.deployWAR Deploying web application archive /daejist7/tomcat/webapps/scm.war
12-Feb-2026 16:26:40.606 정보 [daejist7.cafe24.com-startStop-1] org.apache.jasper.servlet.TldScanner.scanJars At least one JAR was scanned for TLDs yet contained no TLDs. Enable debug logging for this logger for a complete list of JARs that were scanned but no TLDs were found in them. Skipping unneeded JARs during scanning can improve startup time and JSP compilation time.
12-Feb-2026 16:26:40.609 정보 [daejist7.cafe24.com-startStop-1] org.apache.catalina.core.ApplicationContext.log No Spring WebApplicationInitializer types detected on classpath
12-Feb-2026 16:26:40.614 정보 [daejist7.cafe24.com-startStop-1] org.apache.catalina.core.ApplicationContext.log Initializing Spring root WebApplicationContext
12-Feb-2026 16:26:41.190 정보 [daejist7.cafe24.com-startStop-1] org.apache.catalina.core.ApplicationContext.log Initializing Spring DispatcherServlet 'appServlet'
12-Feb-2026 16:26:41.518 정보 [daejist7.cafe24.com-startStop-1] org.apache.catalina.startup.HostConfig.deployWAR Deployment of web application archive /daejist7/tomcat/webapps/scm.war has finished in 2,321 ms
12-Feb-2026 16:26:41.518 정보 [daejist7.cafe24.com-startStop-1] org.apache.catalina.startup.HostConfig.deployWAR Deploying web application archive /daejist7/tomcat/webapps/ROOT.war
12-Feb-2026 16:26:42.214 정보 [daejist7.cafe24.com-startStop-1] org.apache.jasper.servlet.TldScanner.scanJars At least one JAR was scanned for TLDs yet contained no TLDs. Enable debug logging for this logger for a complete list of JARs that were scanned but no TLDs were found in them. Skipping unneeded JARs during scanning can improve startup time and JSP compilation time.
12-Feb-2026 16:26:42.216 정보 [daejist7.cafe24.com-startStop-1] org.apache.catalina.core.ApplicationContext.log No Spring WebApplicationInitializer types detected on classpath
12-Feb-2026 16:26:42.221 정보 [daejist7.cafe24.com-startStop-1] org.apache.catalina.core.ApplicationContext.log Initializing Spring root WebApplicationContext
12-Feb-2026 16:26:42.575 정보 [daejist7.cafe24.com-startStop-1] org.apache.catalina.core.ApplicationContext.log Initializing Spring DispatcherServlet 'appServlet'
12-Feb-2026 16:26:42.967 정보 [daejist7.cafe24.com-startStop-1] org.apache.catalina.startup.HostConfig.deployWAR Deployment of web application archive /daejist7/tomcat/webapps/ROOT.war has finished in 1,449 ms
12-Feb-2026 16:26:42.967 정보 [daejist7.cafe24.com-startStop-1] org.apache.catalina.startup.HostConfig.deployWAR Deploying web application archive /daejist7/tomcat/webapps/exe.war
12-Feb-2026 16:26:43.691 정보 [daejist7.cafe24.com-startStop-1] org.apache.jasper.servlet.TldScanner.scanJars At least one JAR was scanned for TLDs yet contained no TLDs. Enable debug logging for this logger for a complete list of JARs that were scanned but no TLDs were found in them. Skipping unneeded JARs during scanning can improve startup time and JSP compilation time.
12-Feb-2026 16:26:43.694 정보 [daejist7.cafe24.com-startStop-1] org.apache.catalina.core.ApplicationContext.log No Spring WebApplicationInitializer types detected on classpath
12-Feb-2026 16:26:43.720 정보 [daejist7.cafe24.com-startStop-1] org.apache.catalina.core.ApplicationContext.log Initializing Spring root WebApplicationContext
12-Feb-2026 16:26:44.142 정보 [daejist7.cafe24.com-startStop-1] org.apache.catalina.core.ApplicationContext.log Initializing Spring FrameworkServlet 'appServlet'
12-Feb-2026 16:26:44.559 정보 [daejist7.cafe24.com-startStop-1] org.apache.catalina.startup.HostConfig.deployWAR Deployment of web application archive /daejist7/tomcat/webapps/exe.war has finished in 1,592 ms
12-Feb-2026 16:26:44.559 정보 [daejist7.cafe24.com-startStop-1] org.apache.catalina.startup.HostConfig.deployDirectory Deploying web application directory /daejist7/tomcat/webapps/host-manager
12-Feb-2026 16:26:44.672 정보 [daejist7.cafe24.com-startStop-1] org.apache.jasper.servlet.TldScanner.scanJars At least one JAR was scanned for TLDs yet contained no TLDs. Enable debug logging for this logger for a complete list of JARs that were scanned but no TLDs were found in them. Skipping unneeded JARs during scanning can improve startup time and JSP compilation time.
12-Feb-2026 16:26:44.674 정보 [daejist7.cafe24.com-startStop-1] org.apache.catalina.startup.HostConfig.deployDirectory Deployment of web application directory /daejist7/tomcat/webapps/host-manager has finished in 115 ms
12-Feb-2026 16:26:44.675 정보 [daejist7.cafe24.com-startStop-1] org.apache.catalina.startup.HostConfig.deployDirectory Deploying web application directory /daejist7/tomcat/webapps/manager
12-Feb-2026 16:26:44.781 정보 [daejist7.cafe24.com-startStop-1] org.apache.jasper.servlet.TldScanner.scanJars At least one JAR was scanned for TLDs yet contained no TLDs. Enable debug logging for this logger for a complete list of JARs that were scanned but no TLDs were found in them. Skipping unneeded JARs during scanning can improve startup time and JSP compilation time.
12-Feb-2026 16:26:44.781 정보 [daejist7.cafe24.com-startStop-1] org.apache.catalina.startup.HostConfig.deployDirectory Deployment of web application directory /daejist7/tomcat/webapps/manager has finished in 107 ms
12-Feb-2026 16:26:44.784 정보 [main] org.apache.coyote.AbstractProtocol.start Starting ProtocolHandler ["http-nio-8855"]
12-Feb-2026 16:26:44.787 정보 [main] org.apache.catalina.startup.Catalina.start Server startup in 9096 ms
12-Feb-2026 17:41:00.489 심각 [http-nio-8855-exec-12] org.apache.catalina.core.StandardWrapperValve.invoke Servlet.service() for servlet [appServlet] in context with path [] threw exception [Request processing failed; nested exception is org.springframework.dao.DataAccessResourceFailureException: 
### Error querying database.  Cause: com.microsoft.sqlserver.jdbc.SQLServerException: 연결 시간 초과 (Read failed)
### The error may exist in com/daejist/login/mapper/LoginMapper.xml
### The error may involve defaultParameterMap
### The error occurred while setting parameters
### SQL: SELECT *      FROM ZUSRLST     WHERE USRID = ?        AND PASSWD = ?
### Cause: com.microsoft.sqlserver.jdbc.SQLServerException: 연결 시간 초과 (Read failed)
; 연결 시간 초과 (Read failed); nested exception is com.microsoft.sqlserver.jdbc.SQLServerException: 연결 시간 초과 (Read failed)] with root cause
 java.net.SocketException: 연결 시간 초과 (Read failed)
	at java.net.SocketInputStream.socketRead0(Native Method)
	at java.net.SocketInputStream.socketRead(SocketInputStream.java:116)
	at java.net.SocketInputStream.read(SocketInputStream.java:170)
	at java.net.SocketInputStream.read(SocketInputStream.java:141)
	at com.microsoft.sqlserver.jdbc.TDSChannel.read(IOBuffer.java:2054)
	at com.microsoft.sqlserver.jdbc.TDSReader.readPacket(IOBuffer.java:6596)
	at com.microsoft.sqlserver.jdbc.TDSCommand.startResponse(IOBuffer.java:7760)
	at com.microsoft.sqlserver.jdbc.SQLServerPreparedStatement.doExecutePreparedStatement(SQLServerPreparedStatement.java:600)
	at com.microsoft.sqlserver.jdbc.SQLServerPreparedStatement$PrepStmtExecCmd.doExecute(SQLServerPreparedStatement.java:524)
	at com.microsoft.sqlserver.jdbc.TDSCommand.execute(IOBuffer.java:7375)
	at com.microsoft.sqlserver.jdbc.SQLServerConnection.executeCommand(SQLServerConnection.java:3206)
	at com.microsoft.sqlserver.jdbc.SQLServerStatement.executeCommand(SQLServerStatement.java:247)
	at com.microsoft.sqlserver.jdbc.SQLServerStatement.executeStatement(SQLServerStatement.java:222)
	at com.microsoft.sqlserver.jdbc.SQLServerPreparedStatement.execute(SQLServerPreparedStatement.java:505)
	at org.apache.commons.dbcp.DelegatingPreparedStatement.execute(DelegatingPreparedStatement.java:172)
	at org.apache.commons.dbcp.DelegatingPreparedStatement.execute(DelegatingPreparedStatement.java:172)
	at org.apache.ibatis.executor.statement.PreparedStatementHandler.query(PreparedStatementHandler.java:64)
	at org.apache.ibatis.executor.statement.RoutingStatementHandler.query(RoutingStatementHandler.java:79)
	at org.apache.ibatis.executor.SimpleExecutor.doQuery(SimpleExecutor.java:63)
	at org.apache.ibatis.executor.BaseExecutor.queryFromDatabase(BaseExecutor.java:324)
	at org.apache.ibatis.executor.BaseExecutor.query(BaseExecutor.java:156)
	at org.apache.ibatis.executor.CachingExecutor.query(CachingExecutor.java:109)
	at org.apache.ibatis.executor.CachingExecutor.query(CachingExecutor.java:83)
	at org.apache.ibatis.session.defaults.DefaultSqlSession.selectList(DefaultSqlSession.java:147)
	at org.apache.ibatis.session.defaults.DefaultSqlSession.selectList(DefaultSqlSession.java:140)
	at org.apache.ibatis.session.defaults.DefaultSqlSession.selectOne(DefaultSqlSession.java:76)
	at sun.reflect.GeneratedMethodAccessor90.invoke(Unknown Source)
	at sun.reflect.DelegatingMethodAccessorImpl.invoke(DelegatingMethodAccessorImpl.java:43)
	at java.lang.reflect.Method.invoke(Method.java:498)
	at org.mybatis.spring.SqlSessionTemplate$SqlSessionInterceptor.invoke(SqlSessionTemplate.java:426)
	at com.sun.proxy.$Proxy59.selectOne(Unknown Source)
	at org.mybatis.spring.SqlSessionTemplate.selectOne(SqlSessionTemplate.java:159)
	at org.apache.ibatis.binding.MapperMethod.execute(MapperMethod.java:87)
	at org.apache.ibatis.binding.MapperProxy.invoke(MapperProxy.java:57)
	at com.sun.proxy.$Proxy61.LoginMember(Unknown Source)
	at com.daejist.login.service.LoginServiceImp.LoginCheck(LoginServiceImp.java:29)
	at com.daejist.login.controller.LoginController.getLogin(LoginController.java:98)
	at sun.reflect.NativeMethodAccessorImpl.invoke0(Native Method)
	at sun.reflect.NativeMethodAccessorImpl.invoke(NativeMethodAccessorImpl.java:62)
	at sun.reflect.DelegatingMethodAccessorImpl.invoke(DelegatingMethodAccessorImpl.java:43)
	at java.lang.reflect.Method.invoke(Method.java:498)
	at org.springframework.web.method.support.InvocableHandlerMethod.doInvoke(InvocableHandlerMethod.java:190)
	at org.springframework.web.method.support.InvocableHandlerMethod.invokeForRequest(InvocableHandlerMethod.java:138)
	at org.springframework.web.servlet.mvc.method.annotation.ServletInvocableHandlerMethod.invokeAndHandle(ServletInvocableHandlerMethod.java:104)
	at org.springframework.web.servlet.mvc.method.annotation.RequestMappingHandlerAdapter.invokeHandlerMethod(RequestMappingHandlerAdapter.java:892)
	at org.springframework.web.servlet.mvc.method.annotation.RequestMappingHandlerAdapter.handleInternal(RequestMappingHandlerAdapter.java:797)
	at org.springframework.web.servlet.mvc.method.AbstractHandlerMethodAdapter.handle(AbstractHandlerMethodAdapter.java:87)
	at org.springframework.web.servlet.DispatcherServlet.doDispatch(DispatcherServlet.java:1039)
	at org.springframework.web.servlet.DispatcherServlet.doService(DispatcherServlet.java:942)
	at org.springframework.web.servlet.FrameworkServlet.processRequest(FrameworkServlet.java:1005)
	at org.springframework.web.servlet.FrameworkServlet.doPost(FrameworkServlet.java:908)
	at javax.servlet.http.HttpServlet.service(HttpServlet.java:648)
	at org.springframework.web.servlet.FrameworkServlet.service(FrameworkServlet.java:882)
	at javax.servlet.http.HttpServlet.service(HttpServlet.java:729)
	at org.apache.catalina.core.ApplicationFilterChain.internalDoFilter(ApplicationFilterChain.java:292)
	at org.apache.catalina.core.ApplicationFilterChain.doFilter(ApplicationFilterChain.java:207)
	at org.apache.tomcat.websocket.server.WsFilter.doFilter(WsFilter.java:52)
	at org.apache.catalina.core.ApplicationFilterChain.internalDoFilter(ApplicationFilterChain.java:240)
	at org.apache.catalina.core.ApplicationFilterChain.doFilter(ApplicationFilterChain.java:207)
	at org.springframework.web.filter.CharacterEncodingFilter.doFilterInternal(CharacterEncodingFilter.java:200)
	at org.springframework.web.filter.OncePerRequestFilter.doFilter(OncePerRequestFilter.java:118)
	at org.apache.catalina.core.ApplicationFilterChain.internalDoFilter(ApplicationFilterChain.java:240)
	at org.apache.catalina.core.ApplicationFilterChain.doFilter(ApplicationFilterChain.java:207)
	at org.apache.catalina.core.StandardWrapperValve.invoke(StandardWrapperValve.java:212)
	at org.apache.catalina.core.StandardContextValve.invoke(StandardContextValve.java:94)
	at org.apache.catalina.core.StandardHostValve.invoke(StandardHostValve.java:141)
	at org.apache.catalina.valves.ErrorReportValve.invoke(ErrorReportValve.java:79)
	at org.apache.catalina.core.StandardEngineValve.invoke(StandardEngineValve.java:88)
	at org.apache.catalina.connector.CoyoteAdapter.service(CoyoteAdapter.java:502)
	at org.apache.coyote.http11.AbstractHttp11Processor.process(AbstractHttp11Processor.java:1132)
	at org.apache.coyote.AbstractProtocol$AbstractConnectionHandler.process(AbstractProtocol.java:684)
	at org.apache.tomcat.util.net.NioEndpoint$SocketProcessor.doRun(NioEndpoint.java:1539)
	at org.apache.tomcat.util.net.NioEndpoint$SocketProcessor.run(NioEndpoint.java:1495)
	at java.util.concurrent.ThreadPoolExecutor.runWorker(ThreadPoolExecutor.java:1142)
	at java.util.concurrent.ThreadPoolExecutor$Worker.run(ThreadPoolExecutor.java:617)
	at org.apache.tomcat.util.threads.TaskThread$WrappingRunnable.run(TaskThread.java:61)
	at java.lang.Thread.run(Thread.java:745)

12-Feb-2026 18:53:25.090 정보 [main] org.apache.catalina.core.AprLifecycleListener.lifecycleEvent The APR based Apache Tomcat Native library which allows optimal performance in production environments was not found on the java.library.path: /home/hosting_users/usr/local/fakechroot/lib/fakechroot:/usr/local/fakechroot/lib/fakechroot:/home/hosting_users/usr/lib:/home/hosting_users/lib:/usr/local/mysql/lib:/usr/java/packages/lib/amd64:/usr/lib64:/lib64:/lib:/usr/lib
12-Feb-2026 18:53:25.136 정보 [main] org.apache.coyote.AbstractProtocol.init Initializing ProtocolHandler ["http-nio-8855"]
12-Feb-2026 18:53:25.144 정보 [main] org.apache.tomcat.util.net.NioSelectorPool.getSharedSelector Using a shared selector for servlet write/read
12-Feb-2026 18:53:25.145 정보 [main] org.apache.catalina.startup.Catalina.load Initialization processed in 210 ms
12-Feb-2026 18:53:25.155 정보 [main] org.apache.catalina.core.StandardService.startInternal Starting service daejist7
12-Feb-2026 18:53:25.156 정보 [main] org.apache.catalina.core.StandardEngine.startInternal Starting Servlet Engine: Apache Tomcat/8.0.50
12-Feb-2026 18:53:25.167 정보 [daejist7.cafe24.com-startStop-1] org.apache.catalina.startup.HostConfig.deployWAR Deploying web application archive /daejist7/tomcat/webapps/daejiM.war
12-Feb-2026 18:53:27.526 정보 [daejist7.cafe24.com-startStop-1] org.apache.jasper.servlet.TldScanner.scanJars At least one JAR was scanned for TLDs yet contained no TLDs. Enable debug logging for this logger for a complete list of JARs that were scanned but no TLDs were found in them. Skipping unneeded JARs during scanning can improve startup time and JSP compilation time.
12-Feb-2026 18:53:27.538 정보 [daejist7.cafe24.com-startStop-1] org.apache.catalina.core.ApplicationContext.log No Spring WebApplicationInitializer types detected on classpath
12-Feb-2026 18:53:27.545 정보 [daejist7.cafe24.com-startStop-1] org.apache.catalina.core.ApplicationContext.log Initializing Spring root WebApplicationContext
12-Feb-2026 18:53:28.443 정보 [daejist7.cafe24.com-startStop-1] org.apache.catalina.core.ApplicationContext.log Initializing Spring DispatcherServlet 'appServlet'
12-Feb-2026 18:53:28.848 정보 [daejist7.cafe24.com-startStop-1] org.apache.catalina.startup.HostConfig.deployWAR Deployment of web application archive /daejist7/tomcat/webapps/daejiM.war has finished in 3,681 ms
12-Feb-2026 18:53:28.848 정보 [daejist7.cafe24.com-startStop-1] org.apache.catalina.startup.HostConfig.deployWAR Deploying web application archive /daejist7/tomcat/webapps/scm.war
12-Feb-2026 18:53:30.229 정보 [daejist7.cafe24.com-startStop-1] org.apache.jasper.servlet.TldScanner.scanJars At least one JAR was scanned for TLDs yet contained no TLDs. Enable debug logging for this logger for a complete list of JARs that were scanned but no TLDs were found in them. Skipping unneeded JARs during scanning can improve startup time and JSP compilation time.
12-Feb-2026 18:53:30.232 정보 [daejist7.cafe24.com-startStop-1] org.apache.catalina.core.ApplicationContext.log No Spring WebApplicationInitializer types detected on classpath
12-Feb-2026 18:53:30.237 정보 [daejist7.cafe24.com-startStop-1] org.apache.catalina.core.ApplicationContext.log Initializing Spring root WebApplicationContext
12-Feb-2026 18:53:30.827 정보 [daejist7.cafe24.com-startStop-1] org.apache.catalina.core.ApplicationContext.log Initializing Spring DispatcherServlet 'appServlet'
12-Feb-2026 18:53:31.145 정보 [daejist7.cafe24.com-startStop-1] org.apache.catalina.startup.HostConfig.deployWAR Deployment of web application archive /daejist7/tomcat/webapps/scm.war has finished in 2,297 ms
12-Feb-2026 18:53:31.145 정보 [daejist7.cafe24.com-startStop-1] org.apache.catalina.startup.HostConfig.deployWAR Deploying web application archive /daejist7/tomcat/webapps/ROOT.war
12-Feb-2026 18:53:31.814 정보 [daejist7.cafe24.com-startStop-1] org.apache.jasper.servlet.TldScanner.scanJars At least one JAR was scanned for TLDs yet contained no TLDs. Enable debug logging for this logger for a complete list of JARs that were scanned but no TLDs were found in them. Skipping unneeded JARs during scanning can improve startup time and JSP compilation time.
12-Feb-2026 18:53:31.817 정보 [daejist7.cafe24.com-startStop-1] org.apache.catalina.core.ApplicationContext.log No Spring WebApplicationInitializer types detected on classpath
12-Feb-2026 18:53:31.821 정보 [daejist7.cafe24.com-startStop-1] org.apache.catalina.core.ApplicationContext.log Initializing Spring root WebApplicationContext
12-Feb-2026 18:53:32.177 정보 [daejist7.cafe24.com-startStop-1] org.apache.catalina.core.ApplicationContext.log Initializing Spring DispatcherServlet 'appServlet'
12-Feb-2026 18:53:32.580 정보 [daejist7.cafe24.com-startStop-1] org.apache.catalina.startup.HostConfig.deployWAR Deployment of web application archive /daejist7/tomcat/webapps/ROOT.war has finished in 1,435 ms
12-Feb-2026 18:53:32.580 정보 [daejist7.cafe24.com-startStop-1] org.apache.catalina.startup.HostConfig.deployWAR Deploying web application archive /daejist7/tomcat/webapps/exe.war
12-Feb-2026 18:53:33.310 정보 [daejist7.cafe24.com-startStop-1] org.apache.jasper.servlet.TldScanner.scanJars At least one JAR was scanned for TLDs yet contained no TLDs. Enable debug logging for this logger for a complete list of JARs that were scanned but no TLDs were found in them. Skipping unneeded JARs during scanning can improve startup time and JSP compilation time.
12-Feb-2026 18:53:33.312 정보 [daejist7.cafe24.com-startStop-1] org.apache.catalina.core.ApplicationContext.log No Spring WebApplicationInitializer types detected on classpath
12-Feb-2026 18:53:33.340 정보 [daejist7.cafe24.com-startStop-1] org.apache.catalina.core.ApplicationContext.log Initializing Spring root WebApplicationContext
12-Feb-2026 18:53:33.922 정보 [daejist7.cafe24.com-startStop-1] org.apache.catalina.core.ApplicationContext.log Initializing Spring FrameworkServlet 'appServlet'
12-Feb-2026 18:53:34.323 정보 [daejist7.cafe24.com-startStop-1] org.apache.catalina.startup.HostConfig.deployWAR Deployment of web application archive /daejist7/tomcat/webapps/exe.war has finished in 1,743 ms
12-Feb-2026 18:53:34.323 정보 [daejist7.cafe24.com-startStop-1] org.apache.catalina.startup.HostConfig.deployDirectory Deploying web application directory /daejist7/tomcat/webapps/host-manager
12-Feb-2026 18:53:34.437 정보 [daejist7.cafe24.com-startStop-1] org.apache.jasper.servlet.TldScanner.scanJars At least one JAR was scanned for TLDs yet contained no TLDs. Enable debug logging for this logger for a complete list of JARs that were scanned but no TLDs were found in them. Skipping unneeded JARs during scanning can improve startup time and JSP compilation time.
12-Feb-2026 18:53:34.439 정보 [daejist7.cafe24.com-startStop-1] org.apache.catalina.startup.HostConfig.deployDirectory Deployment of web application directory /daejist7/tomcat/webapps/host-manager has finished in 116 ms
12-Feb-2026 18:53:34.439 정보 [daejist7.cafe24.com-startStop-1] org.apache.catalina.startup.HostConfig.deployDirectory Deploying web application directory /daejist7/tomcat/webapps/manager
12-Feb-2026 18:53:34.550 정보 [daejist7.cafe24.com-startStop-1] org.apache.jasper.servlet.TldScanner.scanJars At least one JAR was scanned for TLDs yet contained no TLDs. Enable debug logging for this logger for a complete list of JARs that were scanned but no TLDs were found in them. Skipping unneeded JARs during scanning can improve startup time and JSP compilation time.
12-Feb-2026 18:53:34.551 정보 [daejist7.cafe24.com-startStop-1] org.apache.catalina.startup.HostConfig.deployDirectory Deployment of web application directory /daejist7/tomcat/webapps/manager has finished in 112 ms
12-Feb-2026 18:53:34.553 정보 [main] org.apache.coyote.AbstractProtocol.start Starting ProtocolHandler ["http-nio-8855"]
12-Feb-2026 18:53:34.556 정보 [main] org.apache.catalina.startup.Catalina.start Server startup in 9410 ms
