28-Aug-2023 13:20:11.662 심각 [http-nio-8855-exec-318] org.apache.catalina.core.StandardWrapperValve.invoke Servlet.service() for servlet [appServlet] in context with path [] threw exception [Request processing failed; nested exception is org.mybatis.spring.MyBatisSystemException: nested exception is org.apache.ibatis.exceptions.PersistenceException: 
### Error querying database.  Cause: org.springframework.jdbc.CannotGetJdbcConnectionException: Failed to obtain JDBC Connection; nested exception is com.microsoft.sqlserver.jdbc.SQLServerException: 호스트 61.32.101.234, 포트 1433에 대한 TCP/IP 연결에 실패했습니다. 오류: "connect timed out. 연결 속성을 확인하십시오. SQL Server의 인스턴스가 호스트에서 실행되고 있고 포트에서 TCP/IP 연결을 허용하고 있는지 확인하십시오. 또한 방화벽에서 포트로의 TCP 연결을 차단하지 않는지 확인하십시오.".
### The error may exist in com/daejist/login/mapper/MesuringMapper.xml
### The error may involve com.daejist.login.mapper.MesuringMapper.getList
### The error occurred while executing a query
### Cause: org.springframework.jdbc.CannotGetJdbcConnectionException: Failed to obtain JDBC Connection; nested exception is com.microsoft.sqlserver.jdbc.SQLServerException: 호스트 61.32.101.234, 포트 1433에 대한 TCP/IP 연결에 실패했습니다. 오류: "connect timed out. 연결 속성을 확인하십시오. SQL Server의 인스턴스가 호스트에서 실행되고 있고 포트에서 TCP/IP 연결을 허용하고 있는지 확인하십시오. 또한 방화벽에서 포트로의 TCP 연결을 차단하지 않는지 확인하십시오.".] with root cause
 com.microsoft.sqlserver.jdbc.SQLServerException: 호스트 61.32.101.234, 포트 1433에 대한 TCP/IP 연결에 실패했습니다. 오류: "connect timed out. 연결 속성을 확인하십시오. SQL Server의 인스턴스가 호스트에서 실행되고 있고 포트에서 TCP/IP 연결을 허용하고 있는지 확인하십시오. 또한 방화벽에서 포트로의 TCP 연결을 차단하지 않는지 확인하십시오.".
	at com.microsoft.sqlserver.jdbc.SQLServerException.makeFromDriverError(SQLServerException.java:234)
	at com.microsoft.sqlserver.jdbc.SQLServerException.ConvertConnectExceptionToSQLServerException(SQLServerException.java:285)
	at com.microsoft.sqlserver.jdbc.SocketFinder.findSocket(IOBuffer.java:2462)
	at com.microsoft.sqlserver.jdbc.TDSChannel.open(IOBuffer.java:668)
	at com.microsoft.sqlserver.jdbc.SQLServerConnection.connectHelper(SQLServerConnection.java:2695)
	at com.microsoft.sqlserver.jdbc.SQLServerConnection.login(SQLServerConnection.java:2362)
	at com.microsoft.sqlserver.jdbc.SQLServerConnection.connectInternal(SQLServerConnection.java:2213)
	at com.microsoft.sqlserver.jdbc.SQLServerConnection.connect(SQLServerConnection.java:1276)
	at com.microsoft.sqlserver.jdbc.SQLServerDriver.connect(SQLServerDriver.java:861)
	at org.apache.commons.dbcp.DriverConnectionFactory.createConnection(DriverConnectionFactory.java:38)
	at org.apache.commons.dbcp.PoolableConnectionFactory.makeObject(PoolableConnectionFactory.java:582)
	at org.apache.commons.pool.impl.GenericObjectPool.borrowObject(GenericObjectPool.java:1148)
	at org.apache.commons.dbcp.PoolingDataSource.getConnection(PoolingDataSource.java:106)
	at org.apache.commons.dbcp.BasicDataSource.getConnection(BasicDataSource.java:1044)
	at org.springframework.jdbc.datasource.DataSourceUtils.fetchConnection(DataSourceUtils.java:157)
	at org.springframework.jdbc.datasource.DataSourceUtils.doGetConnection(DataSourceUtils.java:115)
	at org.springframework.jdbc.datasource.DataSourceUtils.getConnection(DataSourceUtils.java:78)
	at org.mybatis.spring.transaction.SpringManagedTransaction.openConnection(SpringManagedTransaction.java:80)
	at org.mybatis.spring.transaction.SpringManagedTransaction.getConnection(SpringManagedTransaction.java:67)
	at org.apache.ibatis.executor.BaseExecutor.getConnection(BaseExecutor.java:336)
	at org.apache.ibatis.executor.SimpleExecutor.prepareStatement(SimpleExecutor.java:85)
	at org.apache.ibatis.executor.SimpleExecutor.doQuery(SimpleExecutor.java:62)
	at org.apache.ibatis.executor.BaseExecutor.queryFromDatabase(BaseExecutor.java:324)
	at org.apache.ibatis.executor.BaseExecutor.query(BaseExecutor.java:156)
	at org.apache.ibatis.executor.CachingExecutor.query(CachingExecutor.java:109)
	at org.apache.ibatis.executor.CachingExecutor.query(CachingExecutor.java:83)
	at org.apache.ibatis.session.defaults.DefaultSqlSession.selectList(DefaultSqlSession.java:147)
	at org.apache.ibatis.session.defaults.DefaultSqlSession.selectList(DefaultSqlSession.java:140)
	at sun.reflect.GeneratedMethodAccessor1287.invoke(Unknown Source)
	at sun.reflect.DelegatingMethodAccessorImpl.invoke(DelegatingMethodAccessorImpl.java:43)
	at java.lang.reflect.Method.invoke(Method.java:498)
	at org.mybatis.spring.SqlSessionTemplate$SqlSessionInterceptor.invoke(SqlSessionTemplate.java:426)
	at com.sun.proxy.$Proxy366.selectList(Unknown Source)
	at org.mybatis.spring.SqlSessionTemplate.selectList(SqlSessionTemplate.java:223)
	at org.apache.ibatis.binding.MapperMethod.executeForMany(MapperMethod.java:147)
	at org.apache.ibatis.binding.MapperMethod.execute(MapperMethod.java:80)
	at org.apache.ibatis.binding.MapperProxy.invoke(MapperProxy.java:57)
	at com.sun.proxy.$Proxy370.getList(Unknown Source)
	at com.daejist.login.service.MesuringServiceImp.getList(MesuringServiceImp.java:29)
	at com.daejist.login.controller.LoginController.InspectionGrid(LoginController.java:180)
	at sun.reflect.GeneratedMethodAccessor1307.invoke(Unknown Source)
	at sun.reflect.DelegatingMethodAccessorImpl.invoke(DelegatingMethodAccessorImpl.java:43)
	at java.lang.reflect.Method.invoke(Method.java:498)
	at org.springframework.web.method.support.InvocableHandlerMethod.doInvoke(InvocableHandlerMethod.java:190)
	at org.springframework.web.method.support.InvocableHandlerMethod.invokeForRequest(InvocableHandlerMethod.java:138)
	at org.springframework.web.servlet.mvc.method.annotation.ServletInvocableHandlerMethod.invokeAndHandle(ServletInvocableHandlerMethod.java:104)
	at org.springframework.web.servlet.mvc.method.annotation.RequestMappingHandlerAdapter.invokeHandlerMethod(RequestMappingHandlerAdapter.java:892)
	at org.springframework.web.servlet.mvc.method.annotation.RequestMappingHandlerAdapter.handleInternal(RequestMappingHandlerAdapter.java:797)
	at org.springframework.web.servlet.mvc.method.AbstractHandlerMethodAdapter.handle(AbstractHandlerMethodAdapter.java:87)
	at org.springframework.web.servlet.DispatcherServlet.doDispatch(DispatcherServlet.java:1039)
	at org.springframework.web.servlet.DispatcherServlet.doService(DispatcherServlet.java:942)
	at org.springframework.web.servlet.FrameworkServlet.processRequest(FrameworkServlet.java:1005)
	at org.springframework.web.servlet.FrameworkServlet.doGet(FrameworkServlet.java:897)
	at javax.servlet.http.HttpServlet.service(HttpServlet.java:622)
	at org.springframework.web.servlet.FrameworkServlet.service(FrameworkServlet.java:882)
	at javax.servlet.http.HttpServlet.service(HttpServlet.java:729)
	at org.apache.catalina.core.ApplicationFilterChain.internalDoFilter(ApplicationFilterChain.java:292)
	at org.apache.catalina.core.ApplicationFilterChain.doFilter(ApplicationFilterChain.java:207)
	at org.apache.tomcat.websocket.server.WsFilter.doFilter(WsFilter.java:52)
	at org.apache.catalina.core.ApplicationFilterChain.internalDoFilter(ApplicationFilterChain.java:240)
	at org.apache.catalina.core.ApplicationFilterChain.doFilter(ApplicationFilterChain.java:207)
	at org.springframework.web.filter.CharacterEncodingFilter.doFilterInternal(CharacterEncodingFilter.java:200)
	at org.springframework.web.filter.OncePerRequestFilter.doFilter(OncePerRequestFilter.java:118)
	at org.apache.catalina.core.ApplicationFilterChain.internalDoFilter(ApplicationFilterChain.java:240)
	at org.apache.catalina.core.ApplicationFilterChain.doFilter(ApplicationFilterChain.java:207)
	at org.apache.catalina.core.StandardWrapperValve.invoke(StandardWrapperValve.java:212)
	at org.apache.catalina.core.StandardContextValve.invoke(StandardContextValve.java:94)
	at org.apache.catalina.core.StandardHostValve.invoke(StandardHostValve.java:141)
	at org.apache.catalina.valves.ErrorReportValve.invoke(ErrorReportValve.java:79)
	at org.apache.catalina.core.StandardEngineValve.invoke(StandardEngineValve.java:88)
	at org.apache.catalina.connector.CoyoteAdapter.service(CoyoteAdapter.java:502)
	at org.apache.coyote.http11.AbstractHttp11Processor.process(AbstractHttp11Processor.java:1132)
	at org.apache.coyote.AbstractProtocol$AbstractConnectionHandler.process(AbstractProtocol.java:684)
	at org.apache.tomcat.util.net.NioEndpoint$SocketProcessor.doRun(NioEndpoint.java:1539)
	at org.apache.tomcat.util.net.NioEndpoint$SocketProcessor.run(NioEndpoint.java:1495)
	at java.util.concurrent.ThreadPoolExecutor.runWorker(ThreadPoolExecutor.java:1142)
	at java.util.concurrent.ThreadPoolExecutor$Worker.run(ThreadPoolExecutor.java:617)
	at org.apache.tomcat.util.threads.TaskThread$WrappingRunnable.run(TaskThread.java:61)
	at java.lang.Thread.run(Thread.java:745)

28-Aug-2023 13:20:43.121 심각 [http-nio-8855-exec-309] org.apache.catalina.core.StandardWrapperValve.invoke Servlet.service() for servlet [appServlet] in context with path [] threw exception [Request processing failed; nested exception is org.mybatis.spring.MyBatisSystemException: nested exception is org.apache.ibatis.exceptions.PersistenceException: 
### Error querying database.  Cause: org.springframework.jdbc.CannotGetJdbcConnectionException: Failed to obtain JDBC Connection; nested exception is com.microsoft.sqlserver.jdbc.SQLServerException: 호스트 61.32.101.234, 포트 1433에 대한 TCP/IP 연결에 실패했습니다. 오류: "connect timed out. 연결 속성을 확인하십시오. SQL Server의 인스턴스가 호스트에서 실행되고 있고 포트에서 TCP/IP 연결을 허용하고 있는지 확인하십시오. 또한 방화벽에서 포트로의 TCP 연결을 차단하지 않는지 확인하십시오.".
### The error may exist in com/daejist/login/mapper/MesuringMapper.xml
### The error may involve com.daejist.login.mapper.MesuringMapper.getList
### The error occurred while executing a query
### Cause: org.springframework.jdbc.CannotGetJdbcConnectionException: Failed to obtain JDBC Connection; nested exception is com.microsoft.sqlserver.jdbc.SQLServerException: 호스트 61.32.101.234, 포트 1433에 대한 TCP/IP 연결에 실패했습니다. 오류: "connect timed out. 연결 속성을 확인하십시오. SQL Server의 인스턴스가 호스트에서 실행되고 있고 포트에서 TCP/IP 연결을 허용하고 있는지 확인하십시오. 또한 방화벽에서 포트로의 TCP 연결을 차단하지 않는지 확인하십시오.".] with root cause
 com.microsoft.sqlserver.jdbc.SQLServerException: 호스트 61.32.101.234, 포트 1433에 대한 TCP/IP 연결에 실패했습니다. 오류: "connect timed out. 연결 속성을 확인하십시오. SQL Server의 인스턴스가 호스트에서 실행되고 있고 포트에서 TCP/IP 연결을 허용하고 있는지 확인하십시오. 또한 방화벽에서 포트로의 TCP 연결을 차단하지 않는지 확인하십시오.".
	at com.microsoft.sqlserver.jdbc.SQLServerException.makeFromDriverError(SQLServerException.java:234)
	at com.microsoft.sqlserver.jdbc.SQLServerException.ConvertConnectExceptionToSQLServerException(SQLServerException.java:285)
	at com.microsoft.sqlserver.jdbc.SocketFinder.findSocket(IOBuffer.java:2462)
	at com.microsoft.sqlserver.jdbc.TDSChannel.open(IOBuffer.java:668)
	at com.microsoft.sqlserver.jdbc.SQLServerConnection.connectHelper(SQLServerConnection.java:2695)
	at com.microsoft.sqlserver.jdbc.SQLServerConnection.login(SQLServerConnection.java:2362)
	at com.microsoft.sqlserver.jdbc.SQLServerConnection.connectInternal(SQLServerConnection.java:2213)
	at com.microsoft.sqlserver.jdbc.SQLServerConnection.connect(SQLServerConnection.java:1276)
	at com.microsoft.sqlserver.jdbc.SQLServerDriver.connect(SQLServerDriver.java:861)
	at org.apache.commons.dbcp.DriverConnectionFactory.createConnection(DriverConnectionFactory.java:38)
	at org.apache.commons.dbcp.PoolableConnectionFactory.makeObject(PoolableConnectionFactory.java:582)
	at org.apache.commons.pool.impl.GenericObjectPool.borrowObject(GenericObjectPool.java:1148)
	at org.apache.commons.dbcp.PoolingDataSource.getConnection(PoolingDataSource.java:106)
	at org.apache.commons.dbcp.BasicDataSource.getConnection(BasicDataSource.java:1044)
	at org.springframework.jdbc.datasource.DataSourceUtils.fetchConnection(DataSourceUtils.java:157)
	at org.springframework.jdbc.datasource.DataSourceUtils.doGetConnection(DataSourceUtils.java:115)
	at org.springframework.jdbc.datasource.DataSourceUtils.getConnection(DataSourceUtils.java:78)
	at org.mybatis.spring.transaction.SpringManagedTransaction.openConnection(SpringManagedTransaction.java:80)
	at org.mybatis.spring.transaction.SpringManagedTransaction.getConnection(SpringManagedTransaction.java:67)
	at org.apache.ibatis.executor.BaseExecutor.getConnection(BaseExecutor.java:336)
	at org.apache.ibatis.executor.SimpleExecutor.prepareStatement(SimpleExecutor.java:85)
	at org.apache.ibatis.executor.SimpleExecutor.doQuery(SimpleExecutor.java:62)
	at org.apache.ibatis.executor.BaseExecutor.queryFromDatabase(BaseExecutor.java:324)
	at org.apache.ibatis.executor.BaseExecutor.query(BaseExecutor.java:156)
	at org.apache.ibatis.executor.CachingExecutor.query(CachingExecutor.java:109)
	at org.apache.ibatis.executor.CachingExecutor.query(CachingExecutor.java:83)
	at org.apache.ibatis.session.defaults.DefaultSqlSession.selectList(DefaultSqlSession.java:147)
	at org.apache.ibatis.session.defaults.DefaultSqlSession.selectList(DefaultSqlSession.java:140)
	at sun.reflect.GeneratedMethodAccessor1287.invoke(Unknown Source)
	at sun.reflect.DelegatingMethodAccessorImpl.invoke(DelegatingMethodAccessorImpl.java:43)
	at java.lang.reflect.Method.invoke(Method.java:498)
	at org.mybatis.spring.SqlSessionTemplate$SqlSessionInterceptor.invoke(SqlSessionTemplate.java:426)
	at com.sun.proxy.$Proxy366.selectList(Unknown Source)
	at org.mybatis.spring.SqlSessionTemplate.selectList(SqlSessionTemplate.java:223)
	at org.apache.ibatis.binding.MapperMethod.executeForMany(MapperMethod.java:147)
	at org.apache.ibatis.binding.MapperMethod.execute(MapperMethod.java:80)
	at org.apache.ibatis.binding.MapperProxy.invoke(MapperProxy.java:57)
	at com.sun.proxy.$Proxy370.getList(Unknown Source)
	at com.daejist.login.service.MesuringServiceImp.getList(MesuringServiceImp.java:29)
	at com.daejist.login.controller.LoginController.InspectionGrid(LoginController.java:180)
	at sun.reflect.GeneratedMethodAccessor1307.invoke(Unknown Source)
	at sun.reflect.DelegatingMethodAccessorImpl.invoke(DelegatingMethodAccessorImpl.java:43)
	at java.lang.reflect.Method.invoke(Method.java:498)
	at org.springframework.web.method.support.InvocableHandlerMethod.doInvoke(InvocableHandlerMethod.java:190)
	at org.springframework.web.method.support.InvocableHandlerMethod.invokeForRequest(InvocableHandlerMethod.java:138)
	at org.springframework.web.servlet.mvc.method.annotation.ServletInvocableHandlerMethod.invokeAndHandle(ServletInvocableHandlerMethod.java:104)
	at org.springframework.web.servlet.mvc.method.annotation.RequestMappingHandlerAdapter.invokeHandlerMethod(RequestMappingHandlerAdapter.java:892)
	at org.springframework.web.servlet.mvc.method.annotation.RequestMappingHandlerAdapter.handleInternal(RequestMappingHandlerAdapter.java:797)
	at org.springframework.web.servlet.mvc.method.AbstractHandlerMethodAdapter.handle(AbstractHandlerMethodAdapter.java:87)
	at org.springframework.web.servlet.DispatcherServlet.doDispatch(DispatcherServlet.java:1039)
	at org.springframework.web.servlet.DispatcherServlet.doService(DispatcherServlet.java:942)
	at org.springframework.web.servlet.FrameworkServlet.processRequest(FrameworkServlet.java:1005)
	at org.springframework.web.servlet.FrameworkServlet.doGet(FrameworkServlet.java:897)
	at javax.servlet.http.HttpServlet.service(HttpServlet.java:622)
	at org.springframework.web.servlet.FrameworkServlet.service(FrameworkServlet.java:882)
	at javax.servlet.http.HttpServlet.service(HttpServlet.java:729)
	at org.apache.catalina.core.ApplicationFilterChain.internalDoFilter(ApplicationFilterChain.java:292)
	at org.apache.catalina.core.ApplicationFilterChain.doFilter(ApplicationFilterChain.java:207)
	at org.apache.tomcat.websocket.server.WsFilter.doFilter(WsFilter.java:52)
	at org.apache.catalina.core.ApplicationFilterChain.internalDoFilter(ApplicationFilterChain.java:240)
	at org.apache.catalina.core.ApplicationFilterChain.doFilter(ApplicationFilterChain.java:207)
	at org.springframework.web.filter.CharacterEncodingFilter.doFilterInternal(CharacterEncodingFilter.java:200)
	at org.springframework.web.filter.OncePerRequestFilter.doFilter(OncePerRequestFilter.java:118)
	at org.apache.catalina.core.ApplicationFilterChain.internalDoFilter(ApplicationFilterChain.java:240)
	at org.apache.catalina.core.ApplicationFilterChain.doFilter(ApplicationFilterChain.java:207)
	at org.apache.catalina.core.StandardWrapperValve.invoke(StandardWrapperValve.java:212)
	at org.apache.catalina.core.StandardContextValve.invoke(StandardContextValve.java:94)
	at org.apache.catalina.core.StandardHostValve.invoke(StandardHostValve.java:141)
	at org.apache.catalina.valves.ErrorReportValve.invoke(ErrorReportValve.java:79)
	at org.apache.catalina.core.StandardEngineValve.invoke(StandardEngineValve.java:88)
	at org.apache.catalina.connector.CoyoteAdapter.service(CoyoteAdapter.java:502)
	at org.apache.coyote.http11.AbstractHttp11Processor.process(AbstractHttp11Processor.java:1132)
	at org.apache.coyote.AbstractProtocol$AbstractConnectionHandler.process(AbstractProtocol.java:684)
	at org.apache.tomcat.util.net.NioEndpoint$SocketProcessor.doRun(NioEndpoint.java:1539)
	at org.apache.tomcat.util.net.NioEndpoint$SocketProcessor.run(NioEndpoint.java:1495)
	at java.util.concurrent.ThreadPoolExecutor.runWorker(ThreadPoolExecutor.java:1142)
	at java.util.concurrent.ThreadPoolExecutor$Worker.run(ThreadPoolExecutor.java:617)
	at org.apache.tomcat.util.threads.TaskThread$WrappingRunnable.run(TaskThread.java:61)
	at java.lang.Thread.run(Thread.java:745)

28-Aug-2023 13:20:48.500 심각 [http-nio-8855-exec-315] org.apache.catalina.core.StandardWrapperValve.invoke Servlet.service() for servlet [appServlet] in context with path [] threw exception [Request processing failed; nested exception is org.mybatis.spring.MyBatisSystemException: nested exception is org.apache.ibatis.exceptions.PersistenceException: 
### Error querying database.  Cause: org.springframework.jdbc.CannotGetJdbcConnectionException: Failed to obtain JDBC Connection; nested exception is com.microsoft.sqlserver.jdbc.SQLServerException: 호스트 61.32.101.234, 포트 1433에 대한 TCP/IP 연결에 실패했습니다. 오류: "connect timed out. 연결 속성을 확인하십시오. SQL Server의 인스턴스가 호스트에서 실행되고 있고 포트에서 TCP/IP 연결을 허용하고 있는지 확인하십시오. 또한 방화벽에서 포트로의 TCP 연결을 차단하지 않는지 확인하십시오.".
### The error may exist in com/daejist/login/mapper/MesuringMapper.xml
### The error may involve com.daejist.login.mapper.MesuringMapper.getList
### The error occurred while executing a query
### Cause: org.springframework.jdbc.CannotGetJdbcConnectionException: Failed to obtain JDBC Connection; nested exception is com.microsoft.sqlserver.jdbc.SQLServerException: 호스트 61.32.101.234, 포트 1433에 대한 TCP/IP 연결에 실패했습니다. 오류: "connect timed out. 연결 속성을 확인하십시오. SQL Server의 인스턴스가 호스트에서 실행되고 있고 포트에서 TCP/IP 연결을 허용하고 있는지 확인하십시오. 또한 방화벽에서 포트로의 TCP 연결을 차단하지 않는지 확인하십시오.".] with root cause
 com.microsoft.sqlserver.jdbc.SQLServerException: 호스트 61.32.101.234, 포트 1433에 대한 TCP/IP 연결에 실패했습니다. 오류: "connect timed out. 연결 속성을 확인하십시오. SQL Server의 인스턴스가 호스트에서 실행되고 있고 포트에서 TCP/IP 연결을 허용하고 있는지 확인하십시오. 또한 방화벽에서 포트로의 TCP 연결을 차단하지 않는지 확인하십시오.".
	at com.microsoft.sqlserver.jdbc.SQLServerException.makeFromDriverError(SQLServerException.java:234)
	at com.microsoft.sqlserver.jdbc.SQLServerException.ConvertConnectExceptionToSQLServerException(SQLServerException.java:285)
	at com.microsoft.sqlserver.jdbc.SocketFinder.findSocket(IOBuffer.java:2462)
	at com.microsoft.sqlserver.jdbc.TDSChannel.open(IOBuffer.java:668)
	at com.microsoft.sqlserver.jdbc.SQLServerConnection.connectHelper(SQLServerConnection.java:2695)
	at com.microsoft.sqlserver.jdbc.SQLServerConnection.login(SQLServerConnection.java:2362)
	at com.microsoft.sqlserver.jdbc.SQLServerConnection.connectInternal(SQLServerConnection.java:2213)
	at com.microsoft.sqlserver.jdbc.SQLServerConnection.connect(SQLServerConnection.java:1276)
	at com.microsoft.sqlserver.jdbc.SQLServerDriver.connect(SQLServerDriver.java:861)
	at org.apache.commons.dbcp.DriverConnectionFactory.createConnection(DriverConnectionFactory.java:38)
	at org.apache.commons.dbcp.PoolableConnectionFactory.makeObject(PoolableConnectionFactory.java:582)
	at org.apache.commons.pool.impl.GenericObjectPool.borrowObject(GenericObjectPool.java:1148)
	at org.apache.commons.dbcp.PoolingDataSource.getConnection(PoolingDataSource.java:106)
	at org.apache.commons.dbcp.BasicDataSource.getConnection(BasicDataSource.java:1044)
	at org.springframework.jdbc.datasource.DataSourceUtils.fetchConnection(DataSourceUtils.java:157)
	at org.springframework.jdbc.datasource.DataSourceUtils.doGetConnection(DataSourceUtils.java:115)
	at org.springframework.jdbc.datasource.DataSourceUtils.getConnection(DataSourceUtils.java:78)
	at org.mybatis.spring.transaction.SpringManagedTransaction.openConnection(SpringManagedTransaction.java:80)
	at org.mybatis.spring.transaction.SpringManagedTransaction.getConnection(SpringManagedTransaction.java:67)
	at org.apache.ibatis.executor.BaseExecutor.getConnection(BaseExecutor.java:336)
	at org.apache.ibatis.executor.SimpleExecutor.prepareStatement(SimpleExecutor.java:85)
	at org.apache.ibatis.executor.SimpleExecutor.doQuery(SimpleExecutor.java:62)
	at org.apache.ibatis.executor.BaseExecutor.queryFromDatabase(BaseExecutor.java:324)
	at org.apache.ibatis.executor.BaseExecutor.query(BaseExecutor.java:156)
	at org.apache.ibatis.executor.CachingExecutor.query(CachingExecutor.java:109)
	at org.apache.ibatis.executor.CachingExecutor.query(CachingExecutor.java:83)
	at org.apache.ibatis.session.defaults.DefaultSqlSession.selectList(DefaultSqlSession.java:147)
	at org.apache.ibatis.session.defaults.DefaultSqlSession.selectList(DefaultSqlSession.java:140)
	at sun.reflect.GeneratedMethodAccessor1287.invoke(Unknown Source)
	at sun.reflect.DelegatingMethodAccessorImpl.invoke(DelegatingMethodAccessorImpl.java:43)
	at java.lang.reflect.Method.invoke(Method.java:498)
	at org.mybatis.spring.SqlSessionTemplate$SqlSessionInterceptor.invoke(SqlSessionTemplate.java:426)
	at com.sun.proxy.$Proxy366.selectList(Unknown Source)
	at org.mybatis.spring.SqlSessionTemplate.selectList(SqlSessionTemplate.java:223)
	at org.apache.ibatis.binding.MapperMethod.executeForMany(MapperMethod.java:147)
	at org.apache.ibatis.binding.MapperMethod.execute(MapperMethod.java:80)
	at org.apache.ibatis.binding.MapperProxy.invoke(MapperProxy.java:57)
	at com.sun.proxy.$Proxy370.getList(Unknown Source)
	at com.daejist.login.service.MesuringServiceImp.getList(MesuringServiceImp.java:29)
	at com.daejist.login.controller.LoginController.InspectionGrid(LoginController.java:180)
	at sun.reflect.GeneratedMethodAccessor1307.invoke(Unknown Source)
	at sun.reflect.DelegatingMethodAccessorImpl.invoke(DelegatingMethodAccessorImpl.java:43)
	at java.lang.reflect.Method.invoke(Method.java:498)
	at org.springframework.web.method.support.InvocableHandlerMethod.doInvoke(InvocableHandlerMethod.java:190)
	at org.springframework.web.method.support.InvocableHandlerMethod.invokeForRequest(InvocableHandlerMethod.java:138)
	at org.springframework.web.servlet.mvc.method.annotation.ServletInvocableHandlerMethod.invokeAndHandle(ServletInvocableHandlerMethod.java:104)
	at org.springframework.web.servlet.mvc.method.annotation.RequestMappingHandlerAdapter.invokeHandlerMethod(RequestMappingHandlerAdapter.java:892)
	at org.springframework.web.servlet.mvc.method.annotation.RequestMappingHandlerAdapter.handleInternal(RequestMappingHandlerAdapter.java:797)
	at org.springframework.web.servlet.mvc.method.AbstractHandlerMethodAdapter.handle(AbstractHandlerMethodAdapter.java:87)
	at org.springframework.web.servlet.DispatcherServlet.doDispatch(DispatcherServlet.java:1039)
	at org.springframework.web.servlet.DispatcherServlet.doService(DispatcherServlet.java:942)
	at org.springframework.web.servlet.FrameworkServlet.processRequest(FrameworkServlet.java:1005)
	at org.springframework.web.servlet.FrameworkServlet.doGet(FrameworkServlet.java:897)
	at javax.servlet.http.HttpServlet.service(HttpServlet.java:622)
	at org.springframework.web.servlet.FrameworkServlet.service(FrameworkServlet.java:882)
	at javax.servlet.http.HttpServlet.service(HttpServlet.java:729)
	at org.apache.catalina.core.ApplicationFilterChain.internalDoFilter(ApplicationFilterChain.java:292)
	at org.apache.catalina.core.ApplicationFilterChain.doFilter(ApplicationFilterChain.java:207)
	at org.apache.tomcat.websocket.server.WsFilter.doFilter(WsFilter.java:52)
	at org.apache.catalina.core.ApplicationFilterChain.internalDoFilter(ApplicationFilterChain.java:240)
	at org.apache.catalina.core.ApplicationFilterChain.doFilter(ApplicationFilterChain.java:207)
	at org.springframework.web.filter.CharacterEncodingFilter.doFilterInternal(CharacterEncodingFilter.java:200)
	at org.springframework.web.filter.OncePerRequestFilter.doFilter(OncePerRequestFilter.java:118)
	at org.apache.catalina.core.ApplicationFilterChain.internalDoFilter(ApplicationFilterChain.java:240)
	at org.apache.catalina.core.ApplicationFilterChain.doFilter(ApplicationFilterChain.java:207)
	at org.apache.catalina.core.StandardWrapperValve.invoke(StandardWrapperValve.java:212)
	at org.apache.catalina.core.StandardContextValve.invoke(StandardContextValve.java:94)
	at org.apache.catalina.core.StandardHostValve.invoke(StandardHostValve.java:141)
	at org.apache.catalina.valves.ErrorReportValve.invoke(ErrorReportValve.java:79)
	at org.apache.catalina.core.StandardEngineValve.invoke(StandardEngineValve.java:88)
	at org.apache.catalina.connector.CoyoteAdapter.service(CoyoteAdapter.java:502)
	at org.apache.coyote.http11.AbstractHttp11Processor.process(AbstractHttp11Processor.java:1132)
	at org.apache.coyote.AbstractProtocol$AbstractConnectionHandler.process(AbstractProtocol.java:684)
	at org.apache.tomcat.util.net.NioEndpoint$SocketProcessor.doRun(NioEndpoint.java:1539)
	at org.apache.tomcat.util.net.NioEndpoint$SocketProcessor.run(NioEndpoint.java:1495)
	at java.util.concurrent.ThreadPoolExecutor.runWorker(ThreadPoolExecutor.java:1142)
	at java.util.concurrent.ThreadPoolExecutor$Worker.run(ThreadPoolExecutor.java:617)
	at org.apache.tomcat.util.threads.TaskThread$WrappingRunnable.run(TaskThread.java:61)
	at java.lang.Thread.run(Thread.java:745)

28-Aug-2023 13:21:40.157 심각 [http-nio-8855-exec-313] org.apache.catalina.core.StandardWrapperValve.invoke Servlet.service() for servlet [appServlet] in context with path [] threw exception [Request processing failed; nested exception is org.mybatis.spring.MyBatisSystemException: nested exception is org.apache.ibatis.exceptions.PersistenceException: 
### Error querying database.  Cause: org.springframework.jdbc.CannotGetJdbcConnectionException: Failed to obtain JDBC Connection; nested exception is com.microsoft.sqlserver.jdbc.SQLServerException: 호스트 61.32.101.234, 포트 1433에 대한 TCP/IP 연결에 실패했습니다. 오류: "connect timed out. 연결 속성을 확인하십시오. SQL Server의 인스턴스가 호스트에서 실행되고 있고 포트에서 TCP/IP 연결을 허용하고 있는지 확인하십시오. 또한 방화벽에서 포트로의 TCP 연결을 차단하지 않는지 확인하십시오.".
### The error may exist in com/daejist/login/mapper/MesuringMapper.xml
### The error may involve com.daejist.login.mapper.MesuringMapper.getList
### The error occurred while executing a query
### Cause: org.springframework.jdbc.CannotGetJdbcConnectionException: Failed to obtain JDBC Connection; nested exception is com.microsoft.sqlserver.jdbc.SQLServerException: 호스트 61.32.101.234, 포트 1433에 대한 TCP/IP 연결에 실패했습니다. 오류: "connect timed out. 연결 속성을 확인하십시오. SQL Server의 인스턴스가 호스트에서 실행되고 있고 포트에서 TCP/IP 연결을 허용하고 있는지 확인하십시오. 또한 방화벽에서 포트로의 TCP 연결을 차단하지 않는지 확인하십시오.".] with root cause
 com.microsoft.sqlserver.jdbc.SQLServerException: 호스트 61.32.101.234, 포트 1433에 대한 TCP/IP 연결에 실패했습니다. 오류: "connect timed out. 연결 속성을 확인하십시오. SQL Server의 인스턴스가 호스트에서 실행되고 있고 포트에서 TCP/IP 연결을 허용하고 있는지 확인하십시오. 또한 방화벽에서 포트로의 TCP 연결을 차단하지 않는지 확인하십시오.".
	at com.microsoft.sqlserver.jdbc.SQLServerException.makeFromDriverError(SQLServerException.java:234)
	at com.microsoft.sqlserver.jdbc.SQLServerException.ConvertConnectExceptionToSQLServerException(SQLServerException.java:285)
	at com.microsoft.sqlserver.jdbc.SocketFinder.findSocket(IOBuffer.java:2462)
	at com.microsoft.sqlserver.jdbc.TDSChannel.open(IOBuffer.java:668)
	at com.microsoft.sqlserver.jdbc.SQLServerConnection.connectHelper(SQLServerConnection.java:2695)
	at com.microsoft.sqlserver.jdbc.SQLServerConnection.login(SQLServerConnection.java:2362)
	at com.microsoft.sqlserver.jdbc.SQLServerConnection.connectInternal(SQLServerConnection.java:2213)
	at com.microsoft.sqlserver.jdbc.SQLServerConnection.connect(SQLServerConnection.java:1276)
	at com.microsoft.sqlserver.jdbc.SQLServerDriver.connect(SQLServerDriver.java:861)
	at org.apache.commons.dbcp.DriverConnectionFactory.createConnection(DriverConnectionFactory.java:38)
	at org.apache.commons.dbcp.PoolableConnectionFactory.makeObject(PoolableConnectionFactory.java:582)
	at org.apache.commons.pool.impl.GenericObjectPool.borrowObject(GenericObjectPool.java:1148)
	at org.apache.commons.dbcp.PoolingDataSource.getConnection(PoolingDataSource.java:106)
	at org.apache.commons.dbcp.BasicDataSource.getConnection(BasicDataSource.java:1044)
	at org.springframework.jdbc.datasource.DataSourceUtils.fetchConnection(DataSourceUtils.java:157)
	at org.springframework.jdbc.datasource.DataSourceUtils.doGetConnection(DataSourceUtils.java:115)
	at org.springframework.jdbc.datasource.DataSourceUtils.getConnection(DataSourceUtils.java:78)
	at org.mybatis.spring.transaction.SpringManagedTransaction.openConnection(SpringManagedTransaction.java:80)
	at org.mybatis.spring.transaction.SpringManagedTransaction.getConnection(SpringManagedTransaction.java:67)
	at org.apache.ibatis.executor.BaseExecutor.getConnection(BaseExecutor.java:336)
	at org.apache.ibatis.executor.SimpleExecutor.prepareStatement(SimpleExecutor.java:85)
	at org.apache.ibatis.executor.SimpleExecutor.doQuery(SimpleExecutor.java:62)
	at org.apache.ibatis.executor.BaseExecutor.queryFromDatabase(BaseExecutor.java:324)
	at org.apache.ibatis.executor.BaseExecutor.query(BaseExecutor.java:156)
	at org.apache.ibatis.executor.CachingExecutor.query(CachingExecutor.java:109)
	at org.apache.ibatis.executor.CachingExecutor.query(CachingExecutor.java:83)
	at org.apache.ibatis.session.defaults.DefaultSqlSession.selectList(DefaultSqlSession.java:147)
	at org.apache.ibatis.session.defaults.DefaultSqlSession.selectList(DefaultSqlSession.java:140)
	at sun.reflect.GeneratedMethodAccessor1287.invoke(Unknown Source)
	at sun.reflect.DelegatingMethodAccessorImpl.invoke(DelegatingMethodAccessorImpl.java:43)
	at java.lang.reflect.Method.invoke(Method.java:498)
	at org.mybatis.spring.SqlSessionTemplate$SqlSessionInterceptor.invoke(SqlSessionTemplate.java:426)
	at com.sun.proxy.$Proxy366.selectList(Unknown Source)
	at org.mybatis.spring.SqlSessionTemplate.selectList(SqlSessionTemplate.java:223)
	at org.apache.ibatis.binding.MapperMethod.executeForMany(MapperMethod.java:147)
	at org.apache.ibatis.binding.MapperMethod.execute(MapperMethod.java:80)
	at org.apache.ibatis.binding.MapperProxy.invoke(MapperProxy.java:57)
	at com.sun.proxy.$Proxy370.getList(Unknown Source)
	at com.daejist.login.service.MesuringServiceImp.getList(MesuringServiceImp.java:29)
	at com.daejist.login.controller.LoginController.InspectionGrid(LoginController.java:180)
	at sun.reflect.GeneratedMethodAccessor1307.invoke(Unknown Source)
	at sun.reflect.DelegatingMethodAccessorImpl.invoke(DelegatingMethodAccessorImpl.java:43)
	at java.lang.reflect.Method.invoke(Method.java:498)
	at org.springframework.web.method.support.InvocableHandlerMethod.doInvoke(InvocableHandlerMethod.java:190)
	at org.springframework.web.method.support.InvocableHandlerMethod.invokeForRequest(InvocableHandlerMethod.java:138)
	at org.springframework.web.servlet.mvc.method.annotation.ServletInvocableHandlerMethod.invokeAndHandle(ServletInvocableHandlerMethod.java:104)
	at org.springframework.web.servlet.mvc.method.annotation.RequestMappingHandlerAdapter.invokeHandlerMethod(RequestMappingHandlerAdapter.java:892)
	at org.springframework.web.servlet.mvc.method.annotation.RequestMappingHandlerAdapter.handleInternal(RequestMappingHandlerAdapter.java:797)
	at org.springframework.web.servlet.mvc.method.AbstractHandlerMethodAdapter.handle(AbstractHandlerMethodAdapter.java:87)
	at org.springframework.web.servlet.DispatcherServlet.doDispatch(DispatcherServlet.java:1039)
	at org.springframework.web.servlet.DispatcherServlet.doService(DispatcherServlet.java:942)
	at org.springframework.web.servlet.FrameworkServlet.processRequest(FrameworkServlet.java:1005)
	at org.springframework.web.servlet.FrameworkServlet.doGet(FrameworkServlet.java:897)
	at javax.servlet.http.HttpServlet.service(HttpServlet.java:622)
	at org.springframework.web.servlet.FrameworkServlet.service(FrameworkServlet.java:882)
	at javax.servlet.http.HttpServlet.service(HttpServlet.java:729)
	at org.apache.catalina.core.ApplicationFilterChain.internalDoFilter(ApplicationFilterChain.java:292)
	at org.apache.catalina.core.ApplicationFilterChain.doFilter(ApplicationFilterChain.java:207)
	at org.apache.tomcat.websocket.server.WsFilter.doFilter(WsFilter.java:52)
	at org.apache.catalina.core.ApplicationFilterChain.internalDoFilter(ApplicationFilterChain.java:240)
	at org.apache.catalina.core.ApplicationFilterChain.doFilter(ApplicationFilterChain.java:207)
	at org.springframework.web.filter.CharacterEncodingFilter.doFilterInternal(CharacterEncodingFilter.java:200)
	at org.springframework.web.filter.OncePerRequestFilter.doFilter(OncePerRequestFilter.java:118)
	at org.apache.catalina.core.ApplicationFilterChain.internalDoFilter(ApplicationFilterChain.java:240)
	at org.apache.catalina.core.ApplicationFilterChain.doFilter(ApplicationFilterChain.java:207)
	at org.apache.catalina.core.StandardWrapperValve.invoke(StandardWrapperValve.java:212)
	at org.apache.catalina.core.StandardContextValve.invoke(StandardContextValve.java:94)
	at org.apache.catalina.core.StandardHostValve.invoke(StandardHostValve.java:141)
	at org.apache.catalina.valves.ErrorReportValve.invoke(ErrorReportValve.java:79)
	at org.apache.catalina.core.StandardEngineValve.invoke(StandardEngineValve.java:88)
	at org.apache.catalina.connector.CoyoteAdapter.service(CoyoteAdapter.java:502)
	at org.apache.coyote.http11.AbstractHttp11Processor.process(AbstractHttp11Processor.java:1132)
	at org.apache.coyote.AbstractProtocol$AbstractConnectionHandler.process(AbstractProtocol.java:684)
	at org.apache.tomcat.util.net.NioEndpoint$SocketProcessor.doRun(NioEndpoint.java:1539)
	at org.apache.tomcat.util.net.NioEndpoint$SocketProcessor.run(NioEndpoint.java:1495)
	at java.util.concurrent.ThreadPoolExecutor.runWorker(ThreadPoolExecutor.java:1142)
	at java.util.concurrent.ThreadPoolExecutor$Worker.run(ThreadPoolExecutor.java:617)
	at org.apache.tomcat.util.threads.TaskThread$WrappingRunnable.run(TaskThread.java:61)
	at java.lang.Thread.run(Thread.java:745)

28-Aug-2023 13:21:41.176 심각 [http-nio-8855-exec-317] org.apache.catalina.core.StandardWrapperValve.invoke Servlet.service() for servlet [appServlet] in context with path [] threw exception [Request processing failed; nested exception is org.mybatis.spring.MyBatisSystemException: nested exception is org.apache.ibatis.exceptions.PersistenceException: 
### Error querying database.  Cause: org.springframework.jdbc.CannotGetJdbcConnectionException: Failed to obtain JDBC Connection; nested exception is com.microsoft.sqlserver.jdbc.SQLServerException: 호스트 61.32.101.234, 포트 1433에 대한 TCP/IP 연결에 실패했습니다. 오류: "connect timed out. 연결 속성을 확인하십시오. SQL Server의 인스턴스가 호스트에서 실행되고 있고 포트에서 TCP/IP 연결을 허용하고 있는지 확인하십시오. 또한 방화벽에서 포트로의 TCP 연결을 차단하지 않는지 확인하십시오.".
### The error may exist in com/daejist/login/mapper/MesuringMapper.xml
### The error may involve com.daejist.login.mapper.MesuringMapper.getList
### The error occurred while executing a query
### Cause: org.springframework.jdbc.CannotGetJdbcConnectionException: Failed to obtain JDBC Connection; nested exception is com.microsoft.sqlserver.jdbc.SQLServerException: 호스트 61.32.101.234, 포트 1433에 대한 TCP/IP 연결에 실패했습니다. 오류: "connect timed out. 연결 속성을 확인하십시오. SQL Server의 인스턴스가 호스트에서 실행되고 있고 포트에서 TCP/IP 연결을 허용하고 있는지 확인하십시오. 또한 방화벽에서 포트로의 TCP 연결을 차단하지 않는지 확인하십시오.".] with root cause
 com.microsoft.sqlserver.jdbc.SQLServerException: 호스트 61.32.101.234, 포트 1433에 대한 TCP/IP 연결에 실패했습니다. 오류: "connect timed out. 연결 속성을 확인하십시오. SQL Server의 인스턴스가 호스트에서 실행되고 있고 포트에서 TCP/IP 연결을 허용하고 있는지 확인하십시오. 또한 방화벽에서 포트로의 TCP 연결을 차단하지 않는지 확인하십시오.".
	at com.microsoft.sqlserver.jdbc.SQLServerException.makeFromDriverError(SQLServerException.java:234)
	at com.microsoft.sqlserver.jdbc.SQLServerException.ConvertConnectExceptionToSQLServerException(SQLServerException.java:285)
	at com.microsoft.sqlserver.jdbc.SocketFinder.findSocket(IOBuffer.java:2462)
	at com.microsoft.sqlserver.jdbc.TDSChannel.open(IOBuffer.java:668)
	at com.microsoft.sqlserver.jdbc.SQLServerConnection.connectHelper(SQLServerConnection.java:2695)
	at com.microsoft.sqlserver.jdbc.SQLServerConnection.login(SQLServerConnection.java:2362)
	at com.microsoft.sqlserver.jdbc.SQLServerConnection.connectInternal(SQLServerConnection.java:2213)
	at com.microsoft.sqlserver.jdbc.SQLServerConnection.connect(SQLServerConnection.java:1276)
	at com.microsoft.sqlserver.jdbc.SQLServerDriver.connect(SQLServerDriver.java:861)
	at org.apache.commons.dbcp.DriverConnectionFactory.createConnection(DriverConnectionFactory.java:38)
	at org.apache.commons.dbcp.PoolableConnectionFactory.makeObject(PoolableConnectionFactory.java:582)
	at org.apache.commons.pool.impl.GenericObjectPool.borrowObject(GenericObjectPool.java:1148)
	at org.apache.commons.dbcp.PoolingDataSource.getConnection(PoolingDataSource.java:106)
	at org.apache.commons.dbcp.BasicDataSource.getConnection(BasicDataSource.java:1044)
	at org.springframework.jdbc.datasource.DataSourceUtils.fetchConnection(DataSourceUtils.java:157)
	at org.springframework.jdbc.datasource.DataSourceUtils.doGetConnection(DataSourceUtils.java:115)
	at org.springframework.jdbc.datasource.DataSourceUtils.getConnection(DataSourceUtils.java:78)
	at org.mybatis.spring.transaction.SpringManagedTransaction.openConnection(SpringManagedTransaction.java:80)
	at org.mybatis.spring.transaction.SpringManagedTransaction.getConnection(SpringManagedTransaction.java:67)
	at org.apache.ibatis.executor.BaseExecutor.getConnection(BaseExecutor.java:336)
	at org.apache.ibatis.executor.SimpleExecutor.prepareStatement(SimpleExecutor.java:85)
	at org.apache.ibatis.executor.SimpleExecutor.doQuery(SimpleExecutor.java:62)
	at org.apache.ibatis.executor.BaseExecutor.queryFromDatabase(BaseExecutor.java:324)
	at org.apache.ibatis.executor.BaseExecutor.query(BaseExecutor.java:156)
	at org.apache.ibatis.executor.CachingExecutor.query(CachingExecutor.java:109)
	at org.apache.ibatis.executor.CachingExecutor.query(CachingExecutor.java:83)
	at org.apache.ibatis.session.defaults.DefaultSqlSession.selectList(DefaultSqlSession.java:147)
	at org.apache.ibatis.session.defaults.DefaultSqlSession.selectList(DefaultSqlSession.java:140)
	at sun.reflect.GeneratedMethodAccessor1287.invoke(Unknown Source)
	at sun.reflect.DelegatingMethodAccessorImpl.invoke(DelegatingMethodAccessorImpl.java:43)
	at java.lang.reflect.Method.invoke(Method.java:498)
	at org.mybatis.spring.SqlSessionTemplate$SqlSessionInterceptor.invoke(SqlSessionTemplate.java:426)
	at com.sun.proxy.$Proxy366.selectList(Unknown Source)
	at org.mybatis.spring.SqlSessionTemplate.selectList(SqlSessionTemplate.java:223)
	at org.apache.ibatis.binding.MapperMethod.executeForMany(MapperMethod.java:147)
	at org.apache.ibatis.binding.MapperMethod.execute(MapperMethod.java:80)
	at org.apache.ibatis.binding.MapperProxy.invoke(MapperProxy.java:57)
	at com.sun.proxy.$Proxy370.getList(Unknown Source)
	at com.daejist.login.service.MesuringServiceImp.getList(MesuringServiceImp.java:29)
	at com.daejist.login.controller.LoginController.InspectionGrid(LoginController.java:180)
	at sun.reflect.GeneratedMethodAccessor1307.invoke(Unknown Source)
	at sun.reflect.DelegatingMethodAccessorImpl.invoke(DelegatingMethodAccessorImpl.java:43)
	at java.lang.reflect.Method.invoke(Method.java:498)
	at org.springframework.web.method.support.InvocableHandlerMethod.doInvoke(InvocableHandlerMethod.java:190)
	at org.springframework.web.method.support.InvocableHandlerMethod.invokeForRequest(InvocableHandlerMethod.java:138)
	at org.springframework.web.servlet.mvc.method.annotation.ServletInvocableHandlerMethod.invokeAndHandle(ServletInvocableHandlerMethod.java:104)
	at org.springframework.web.servlet.mvc.method.annotation.RequestMappingHandlerAdapter.invokeHandlerMethod(RequestMappingHandlerAdapter.java:892)
	at org.springframework.web.servlet.mvc.method.annotation.RequestMappingHandlerAdapter.handleInternal(RequestMappingHandlerAdapter.java:797)
	at org.springframework.web.servlet.mvc.method.AbstractHandlerMethodAdapter.handle(AbstractHandlerMethodAdapter.java:87)
	at org.springframework.web.servlet.DispatcherServlet.doDispatch(DispatcherServlet.java:1039)
	at org.springframework.web.servlet.DispatcherServlet.doService(DispatcherServlet.java:942)
	at org.springframework.web.servlet.FrameworkServlet.processRequest(FrameworkServlet.java:1005)
	at org.springframework.web.servlet.FrameworkServlet.doGet(FrameworkServlet.java:897)
	at javax.servlet.http.HttpServlet.service(HttpServlet.java:622)
	at org.springframework.web.servlet.FrameworkServlet.service(FrameworkServlet.java:882)
	at javax.servlet.http.HttpServlet.service(HttpServlet.java:729)
	at org.apache.catalina.core.ApplicationFilterChain.internalDoFilter(ApplicationFilterChain.java:292)
	at org.apache.catalina.core.ApplicationFilterChain.doFilter(ApplicationFilterChain.java:207)
	at org.apache.tomcat.websocket.server.WsFilter.doFilter(WsFilter.java:52)
	at org.apache.catalina.core.ApplicationFilterChain.internalDoFilter(ApplicationFilterChain.java:240)
	at org.apache.catalina.core.ApplicationFilterChain.doFilter(ApplicationFilterChain.java:207)
	at org.springframework.web.filter.CharacterEncodingFilter.doFilterInternal(CharacterEncodingFilter.java:200)
	at org.springframework.web.filter.OncePerRequestFilter.doFilter(OncePerRequestFilter.java:118)
	at org.apache.catalina.core.ApplicationFilterChain.internalDoFilter(ApplicationFilterChain.java:240)
	at org.apache.catalina.core.ApplicationFilterChain.doFilter(ApplicationFilterChain.java:207)
	at org.apache.catalina.core.StandardWrapperValve.invoke(StandardWrapperValve.java:212)
	at org.apache.catalina.core.StandardContextValve.invoke(StandardContextValve.java:94)
	at org.apache.catalina.core.StandardHostValve.invoke(StandardHostValve.java:141)
	at org.apache.catalina.valves.ErrorReportValve.invoke(ErrorReportValve.java:79)
	at org.apache.catalina.core.StandardEngineValve.invoke(StandardEngineValve.java:88)
	at org.apache.catalina.connector.CoyoteAdapter.service(CoyoteAdapter.java:502)
	at org.apache.coyote.http11.AbstractHttp11Processor.process(AbstractHttp11Processor.java:1132)
	at org.apache.coyote.AbstractProtocol$AbstractConnectionHandler.process(AbstractProtocol.java:684)
	at org.apache.tomcat.util.net.NioEndpoint$SocketProcessor.doRun(NioEndpoint.java:1539)
	at org.apache.tomcat.util.net.NioEndpoint$SocketProcessor.run(NioEndpoint.java:1495)
	at java.util.concurrent.ThreadPoolExecutor.runWorker(ThreadPoolExecutor.java:1142)
	at java.util.concurrent.ThreadPoolExecutor$Worker.run(ThreadPoolExecutor.java:617)
	at org.apache.tomcat.util.threads.TaskThread$WrappingRunnable.run(TaskThread.java:61)
	at java.lang.Thread.run(Thread.java:745)

28-Aug-2023 13:21:48.584 심각 [http-nio-8855-exec-316] org.apache.catalina.core.StandardWrapperValve.invoke Servlet.service() for servlet [appServlet] in context with path [] threw exception [Request processing failed; nested exception is org.mybatis.spring.MyBatisSystemException: nested exception is org.apache.ibatis.exceptions.PersistenceException: 
### Error querying database.  Cause: org.springframework.jdbc.CannotGetJdbcConnectionException: Failed to obtain JDBC Connection; nested exception is com.microsoft.sqlserver.jdbc.SQLServerException: 호스트 61.32.101.234, 포트 1433에 대한 TCP/IP 연결에 실패했습니다. 오류: "connect timed out. 연결 속성을 확인하십시오. SQL Server의 인스턴스가 호스트에서 실행되고 있고 포트에서 TCP/IP 연결을 허용하고 있는지 확인하십시오. 또한 방화벽에서 포트로의 TCP 연결을 차단하지 않는지 확인하십시오.".
### The error may exist in com/daejist/login/mapper/MesuringMapper.xml
### The error may involve com.daejist.login.mapper.MesuringMapper.getList
### The error occurred while executing a query
### Cause: org.springframework.jdbc.CannotGetJdbcConnectionException: Failed to obtain JDBC Connection; nested exception is com.microsoft.sqlserver.jdbc.SQLServerException: 호스트 61.32.101.234, 포트 1433에 대한 TCP/IP 연결에 실패했습니다. 오류: "connect timed out. 연결 속성을 확인하십시오. SQL Server의 인스턴스가 호스트에서 실행되고 있고 포트에서 TCP/IP 연결을 허용하고 있는지 확인하십시오. 또한 방화벽에서 포트로의 TCP 연결을 차단하지 않는지 확인하십시오.".] with root cause
 com.microsoft.sqlserver.jdbc.SQLServerException: 호스트 61.32.101.234, 포트 1433에 대한 TCP/IP 연결에 실패했습니다. 오류: "connect timed out. 연결 속성을 확인하십시오. SQL Server의 인스턴스가 호스트에서 실행되고 있고 포트에서 TCP/IP 연결을 허용하고 있는지 확인하십시오. 또한 방화벽에서 포트로의 TCP 연결을 차단하지 않는지 확인하십시오.".
	at com.microsoft.sqlserver.jdbc.SQLServerException.makeFromDriverError(SQLServerException.java:234)
	at com.microsoft.sqlserver.jdbc.SQLServerException.ConvertConnectExceptionToSQLServerException(SQLServerException.java:285)
	at com.microsoft.sqlserver.jdbc.SocketFinder.findSocket(IOBuffer.java:2462)
	at com.microsoft.sqlserver.jdbc.TDSChannel.open(IOBuffer.java:668)
	at com.microsoft.sqlserver.jdbc.SQLServerConnection.connectHelper(SQLServerConnection.java:2695)
	at com.microsoft.sqlserver.jdbc.SQLServerConnection.login(SQLServerConnection.java:2362)
	at com.microsoft.sqlserver.jdbc.SQLServerConnection.connectInternal(SQLServerConnection.java:2213)
	at com.microsoft.sqlserver.jdbc.SQLServerConnection.connect(SQLServerConnection.java:1276)
	at com.microsoft.sqlserver.jdbc.SQLServerDriver.connect(SQLServerDriver.java:861)
	at org.apache.commons.dbcp.DriverConnectionFactory.createConnection(DriverConnectionFactory.java:38)
	at org.apache.commons.dbcp.PoolableConnectionFactory.makeObject(PoolableConnectionFactory.java:582)
	at org.apache.commons.pool.impl.GenericObjectPool.borrowObject(GenericObjectPool.java:1148)
	at org.apache.commons.dbcp.PoolingDataSource.getConnection(PoolingDataSource.java:106)
	at org.apache.commons.dbcp.BasicDataSource.getConnection(BasicDataSource.java:1044)
	at org.springframework.jdbc.datasource.DataSourceUtils.fetchConnection(DataSourceUtils.java:157)
	at org.springframework.jdbc.datasource.DataSourceUtils.doGetConnection(DataSourceUtils.java:115)
	at org.springframework.jdbc.datasource.DataSourceUtils.getConnection(DataSourceUtils.java:78)
	at org.mybatis.spring.transaction.SpringManagedTransaction.openConnection(SpringManagedTransaction.java:80)
	at org.mybatis.spring.transaction.SpringManagedTransaction.getConnection(SpringManagedTransaction.java:67)
	at org.apache.ibatis.executor.BaseExecutor.getConnection(BaseExecutor.java:336)
	at org.apache.ibatis.executor.SimpleExecutor.prepareStatement(SimpleExecutor.java:85)
	at org.apache.ibatis.executor.SimpleExecutor.doQuery(SimpleExecutor.java:62)
	at org.apache.ibatis.executor.BaseExecutor.queryFromDatabase(BaseExecutor.java:324)
	at org.apache.ibatis.executor.BaseExecutor.query(BaseExecutor.java:156)
	at org.apache.ibatis.executor.CachingExecutor.query(CachingExecutor.java:109)
	at org.apache.ibatis.executor.CachingExecutor.query(CachingExecutor.java:83)
	at org.apache.ibatis.session.defaults.DefaultSqlSession.selectList(DefaultSqlSession.java:147)
	at org.apache.ibatis.session.defaults.DefaultSqlSession.selectList(DefaultSqlSession.java:140)
	at sun.reflect.GeneratedMethodAccessor1287.invoke(Unknown Source)
	at sun.reflect.DelegatingMethodAccessorImpl.invoke(DelegatingMethodAccessorImpl.java:43)
	at java.lang.reflect.Method.invoke(Method.java:498)
	at org.mybatis.spring.SqlSessionTemplate$SqlSessionInterceptor.invoke(SqlSessionTemplate.java:426)
	at com.sun.proxy.$Proxy366.selectList(Unknown Source)
	at org.mybatis.spring.SqlSessionTemplate.selectList(SqlSessionTemplate.java:223)
	at org.apache.ibatis.binding.MapperMethod.executeForMany(MapperMethod.java:147)
	at org.apache.ibatis.binding.MapperMethod.execute(MapperMethod.java:80)
	at org.apache.ibatis.binding.MapperProxy.invoke(MapperProxy.java:57)
	at com.sun.proxy.$Proxy370.getList(Unknown Source)
	at com.daejist.login.service.MesuringServiceImp.getList(MesuringServiceImp.java:29)
	at com.daejist.login.controller.LoginController.InspectionGrid(LoginController.java:180)
	at sun.reflect.GeneratedMethodAccessor1307.invoke(Unknown Source)
	at sun.reflect.DelegatingMethodAccessorImpl.invoke(DelegatingMethodAccessorImpl.java:43)
	at java.lang.reflect.Method.invoke(Method.java:498)
	at org.springframework.web.method.support.InvocableHandlerMethod.doInvoke(InvocableHandlerMethod.java:190)
	at org.springframework.web.method.support.InvocableHandlerMethod.invokeForRequest(InvocableHandlerMethod.java:138)
	at org.springframework.web.servlet.mvc.method.annotation.ServletInvocableHandlerMethod.invokeAndHandle(ServletInvocableHandlerMethod.java:104)
	at org.springframework.web.servlet.mvc.method.annotation.RequestMappingHandlerAdapter.invokeHandlerMethod(RequestMappingHandlerAdapter.java:892)
	at org.springframework.web.servlet.mvc.method.annotation.RequestMappingHandlerAdapter.handleInternal(RequestMappingHandlerAdapter.java:797)
	at org.springframework.web.servlet.mvc.method.AbstractHandlerMethodAdapter.handle(AbstractHandlerMethodAdapter.java:87)
	at org.springframework.web.servlet.DispatcherServlet.doDispatch(DispatcherServlet.java:1039)
	at org.springframework.web.servlet.DispatcherServlet.doService(DispatcherServlet.java:942)
	at org.springframework.web.servlet.FrameworkServlet.processRequest(FrameworkServlet.java:1005)
	at org.springframework.web.servlet.FrameworkServlet.doGet(FrameworkServlet.java:897)
	at javax.servlet.http.HttpServlet.service(HttpServlet.java:622)
	at org.springframework.web.servlet.FrameworkServlet.service(FrameworkServlet.java:882)
	at javax.servlet.http.HttpServlet.service(HttpServlet.java:729)
	at org.apache.catalina.core.ApplicationFilterChain.internalDoFilter(ApplicationFilterChain.java:292)
	at org.apache.catalina.core.ApplicationFilterChain.doFilter(ApplicationFilterChain.java:207)
	at org.apache.tomcat.websocket.server.WsFilter.doFilter(WsFilter.java:52)
	at org.apache.catalina.core.ApplicationFilterChain.internalDoFilter(ApplicationFilterChain.java:240)
	at org.apache.catalina.core.ApplicationFilterChain.doFilter(ApplicationFilterChain.java:207)
	at org.springframework.web.filter.CharacterEncodingFilter.doFilterInternal(CharacterEncodingFilter.java:200)
	at org.springframework.web.filter.OncePerRequestFilter.doFilter(OncePerRequestFilter.java:118)
	at org.apache.catalina.core.ApplicationFilterChain.internalDoFilter(ApplicationFilterChain.java:240)
	at org.apache.catalina.core.ApplicationFilterChain.doFilter(ApplicationFilterChain.java:207)
	at org.apache.catalina.core.StandardWrapperValve.invoke(StandardWrapperValve.java:212)
	at org.apache.catalina.core.StandardContextValve.invoke(StandardContextValve.java:94)
	at org.apache.catalina.core.StandardHostValve.invoke(StandardHostValve.java:141)
	at org.apache.catalina.valves.ErrorReportValve.invoke(ErrorReportValve.java:79)
	at org.apache.catalina.core.StandardEngineValve.invoke(StandardEngineValve.java:88)
	at org.apache.catalina.connector.CoyoteAdapter.service(CoyoteAdapter.java:502)
	at org.apache.coyote.http11.AbstractHttp11Processor.process(AbstractHttp11Processor.java:1132)
	at org.apache.coyote.AbstractProtocol$AbstractConnectionHandler.process(AbstractProtocol.java:684)
	at org.apache.tomcat.util.net.NioEndpoint$SocketProcessor.doRun(NioEndpoint.java:1539)
	at org.apache.tomcat.util.net.NioEndpoint$SocketProcessor.run(NioEndpoint.java:1495)
	at java.util.concurrent.ThreadPoolExecutor.runWorker(ThreadPoolExecutor.java:1142)
	at java.util.concurrent.ThreadPoolExecutor$Worker.run(ThreadPoolExecutor.java:617)
	at org.apache.tomcat.util.threads.TaskThread$WrappingRunnable.run(TaskThread.java:61)
	at java.lang.Thread.run(Thread.java:745)

28-Aug-2023 13:21:59.073 심각 [http-nio-8855-exec-311] org.apache.catalina.core.StandardWrapperValve.invoke Servlet.service() for servlet [appServlet] in context with path [] threw exception [Request processing failed; nested exception is org.mybatis.spring.MyBatisSystemException: nested exception is org.apache.ibatis.exceptions.PersistenceException: 
### Error querying database.  Cause: org.springframework.jdbc.CannotGetJdbcConnectionException: Failed to obtain JDBC Connection; nested exception is com.microsoft.sqlserver.jdbc.SQLServerException: 호스트 61.32.101.234, 포트 1433에 대한 TCP/IP 연결에 실패했습니다. 오류: "connect timed out. 연결 속성을 확인하십시오. SQL Server의 인스턴스가 호스트에서 실행되고 있고 포트에서 TCP/IP 연결을 허용하고 있는지 확인하십시오. 또한 방화벽에서 포트로의 TCP 연결을 차단하지 않는지 확인하십시오.".
### The error may exist in com/daejist/login/mapper/MesuringMapper.xml
### The error may involve com.daejist.login.mapper.MesuringMapper.getList
### The error occurred while executing a query
### Cause: org.springframework.jdbc.CannotGetJdbcConnectionException: Failed to obtain JDBC Connection; nested exception is com.microsoft.sqlserver.jdbc.SQLServerException: 호스트 61.32.101.234, 포트 1433에 대한 TCP/IP 연결에 실패했습니다. 오류: "connect timed out. 연결 속성을 확인하십시오. SQL Server의 인스턴스가 호스트에서 실행되고 있고 포트에서 TCP/IP 연결을 허용하고 있는지 확인하십시오. 또한 방화벽에서 포트로의 TCP 연결을 차단하지 않는지 확인하십시오.".] with root cause
 com.microsoft.sqlserver.jdbc.SQLServerException: 호스트 61.32.101.234, 포트 1433에 대한 TCP/IP 연결에 실패했습니다. 오류: "connect timed out. 연결 속성을 확인하십시오. SQL Server의 인스턴스가 호스트에서 실행되고 있고 포트에서 TCP/IP 연결을 허용하고 있는지 확인하십시오. 또한 방화벽에서 포트로의 TCP 연결을 차단하지 않는지 확인하십시오.".
	at com.microsoft.sqlserver.jdbc.SQLServerException.makeFromDriverError(SQLServerException.java:234)
	at com.microsoft.sqlserver.jdbc.SQLServerException.ConvertConnectExceptionToSQLServerException(SQLServerException.java:285)
	at com.microsoft.sqlserver.jdbc.SocketFinder.findSocket(IOBuffer.java:2462)
	at com.microsoft.sqlserver.jdbc.TDSChannel.open(IOBuffer.java:668)
	at com.microsoft.sqlserver.jdbc.SQLServerConnection.connectHelper(SQLServerConnection.java:2695)
	at com.microsoft.sqlserver.jdbc.SQLServerConnection.login(SQLServerConnection.java:2362)
	at com.microsoft.sqlserver.jdbc.SQLServerConnection.connectInternal(SQLServerConnection.java:2213)
	at com.microsoft.sqlserver.jdbc.SQLServerConnection.connect(SQLServerConnection.java:1276)
	at com.microsoft.sqlserver.jdbc.SQLServerDriver.connect(SQLServerDriver.java:861)
	at org.apache.commons.dbcp.DriverConnectionFactory.createConnection(DriverConnectionFactory.java:38)
	at org.apache.commons.dbcp.PoolableConnectionFactory.makeObject(PoolableConnectionFactory.java:582)
	at org.apache.commons.pool.impl.GenericObjectPool.borrowObject(GenericObjectPool.java:1148)
	at org.apache.commons.dbcp.PoolingDataSource.getConnection(PoolingDataSource.java:106)
	at org.apache.commons.dbcp.BasicDataSource.getConnection(BasicDataSource.java:1044)
	at org.springframework.jdbc.datasource.DataSourceUtils.fetchConnection(DataSourceUtils.java:157)
	at org.springframework.jdbc.datasource.DataSourceUtils.doGetConnection(DataSourceUtils.java:115)
	at org.springframework.jdbc.datasource.DataSourceUtils.getConnection(DataSourceUtils.java:78)
	at org.mybatis.spring.transaction.SpringManagedTransaction.openConnection(SpringManagedTransaction.java:80)
	at org.mybatis.spring.transaction.SpringManagedTransaction.getConnection(SpringManagedTransaction.java:67)
	at org.apache.ibatis.executor.BaseExecutor.getConnection(BaseExecutor.java:336)
	at org.apache.ibatis.executor.SimpleExecutor.prepareStatement(SimpleExecutor.java:85)
	at org.apache.ibatis.executor.SimpleExecutor.doQuery(SimpleExecutor.java:62)
	at org.apache.ibatis.executor.BaseExecutor.queryFromDatabase(BaseExecutor.java:324)
	at org.apache.ibatis.executor.BaseExecutor.query(BaseExecutor.java:156)
	at org.apache.ibatis.executor.CachingExecutor.query(CachingExecutor.java:109)
	at org.apache.ibatis.executor.CachingExecutor.query(CachingExecutor.java:83)
	at org.apache.ibatis.session.defaults.DefaultSqlSession.selectList(DefaultSqlSession.java:147)
	at org.apache.ibatis.session.defaults.DefaultSqlSession.selectList(DefaultSqlSession.java:140)
	at sun.reflect.GeneratedMethodAccessor1287.invoke(Unknown Source)
	at sun.reflect.DelegatingMethodAccessorImpl.invoke(DelegatingMethodAccessorImpl.java:43)
	at java.lang.reflect.Method.invoke(Method.java:498)
	at org.mybatis.spring.SqlSessionTemplate$SqlSessionInterceptor.invoke(SqlSessionTemplate.java:426)
	at com.sun.proxy.$Proxy366.selectList(Unknown Source)
	at org.mybatis.spring.SqlSessionTemplate.selectList(SqlSessionTemplate.java:223)
	at org.apache.ibatis.binding.MapperMethod.executeForMany(MapperMethod.java:147)
	at org.apache.ibatis.binding.MapperMethod.execute(MapperMethod.java:80)
	at org.apache.ibatis.binding.MapperProxy.invoke(MapperProxy.java:57)
	at com.sun.proxy.$Proxy370.getList(Unknown Source)
	at com.daejist.login.service.MesuringServiceImp.getList(MesuringServiceImp.java:29)
	at com.daejist.login.controller.LoginController.InspectionGrid(LoginController.java:180)
	at sun.reflect.GeneratedMethodAccessor1307.invoke(Unknown Source)
	at sun.reflect.DelegatingMethodAccessorImpl.invoke(DelegatingMethodAccessorImpl.java:43)
	at java.lang.reflect.Method.invoke(Method.java:498)
	at org.springframework.web.method.support.InvocableHandlerMethod.doInvoke(InvocableHandlerMethod.java:190)
	at org.springframework.web.method.support.InvocableHandlerMethod.invokeForRequest(InvocableHandlerMethod.java:138)
	at org.springframework.web.servlet.mvc.method.annotation.ServletInvocableHandlerMethod.invokeAndHandle(ServletInvocableHandlerMethod.java:104)
	at org.springframework.web.servlet.mvc.method.annotation.RequestMappingHandlerAdapter.invokeHandlerMethod(RequestMappingHandlerAdapter.java:892)
	at org.springframework.web.servlet.mvc.method.annotation.RequestMappingHandlerAdapter.handleInternal(RequestMappingHandlerAdapter.java:797)
	at org.springframework.web.servlet.mvc.method.AbstractHandlerMethodAdapter.handle(AbstractHandlerMethodAdapter.java:87)
	at org.springframework.web.servlet.DispatcherServlet.doDispatch(DispatcherServlet.java:1039)
	at org.springframework.web.servlet.DispatcherServlet.doService(DispatcherServlet.java:942)
	at org.springframework.web.servlet.FrameworkServlet.processRequest(FrameworkServlet.java:1005)
	at org.springframework.web.servlet.FrameworkServlet.doGet(FrameworkServlet.java:897)
	at javax.servlet.http.HttpServlet.service(HttpServlet.java:622)
	at org.springframework.web.servlet.FrameworkServlet.service(FrameworkServlet.java:882)
	at javax.servlet.http.HttpServlet.service(HttpServlet.java:729)
	at org.apache.catalina.core.ApplicationFilterChain.internalDoFilter(ApplicationFilterChain.java:292)
	at org.apache.catalina.core.ApplicationFilterChain.doFilter(ApplicationFilterChain.java:207)
	at org.apache.tomcat.websocket.server.WsFilter.doFilter(WsFilter.java:52)
	at org.apache.catalina.core.ApplicationFilterChain.internalDoFilter(ApplicationFilterChain.java:240)
	at org.apache.catalina.core.ApplicationFilterChain.doFilter(ApplicationFilterChain.java:207)
	at org.springframework.web.filter.CharacterEncodingFilter.doFilterInternal(CharacterEncodingFilter.java:200)
	at org.springframework.web.filter.OncePerRequestFilter.doFilter(OncePerRequestFilter.java:118)
	at org.apache.catalina.core.ApplicationFilterChain.internalDoFilter(ApplicationFilterChain.java:240)
	at org.apache.catalina.core.ApplicationFilterChain.doFilter(ApplicationFilterChain.java:207)
	at org.apache.catalina.core.StandardWrapperValve.invoke(StandardWrapperValve.java:212)
	at org.apache.catalina.core.StandardContextValve.invoke(StandardContextValve.java:94)
	at org.apache.catalina.core.StandardHostValve.invoke(StandardHostValve.java:141)
	at org.apache.catalina.valves.ErrorReportValve.invoke(ErrorReportValve.java:79)
	at org.apache.catalina.core.StandardEngineValve.invoke(StandardEngineValve.java:88)
	at org.apache.catalina.connector.CoyoteAdapter.service(CoyoteAdapter.java:502)
	at org.apache.coyote.http11.AbstractHttp11Processor.process(AbstractHttp11Processor.java:1132)
	at org.apache.coyote.AbstractProtocol$AbstractConnectionHandler.process(AbstractProtocol.java:684)
	at org.apache.tomcat.util.net.NioEndpoint$SocketProcessor.doRun(NioEndpoint.java:1539)
	at org.apache.tomcat.util.net.NioEndpoint$SocketProcessor.run(NioEndpoint.java:1495)
	at java.util.concurrent.ThreadPoolExecutor.runWorker(ThreadPoolExecutor.java:1142)
	at java.util.concurrent.ThreadPoolExecutor$Worker.run(ThreadPoolExecutor.java:617)
	at org.apache.tomcat.util.threads.TaskThread$WrappingRunnable.run(TaskThread.java:61)
	at java.lang.Thread.run(Thread.java:745)

28-Aug-2023 13:22:23.636 심각 [http-nio-8855-exec-318] org.apache.catalina.core.StandardWrapperValve.invoke Servlet.service() for servlet [appServlet] in context with path [] threw exception [Request processing failed; nested exception is org.mybatis.spring.MyBatisSystemException: nested exception is org.apache.ibatis.exceptions.PersistenceException: 
### Error querying database.  Cause: org.springframework.jdbc.CannotGetJdbcConnectionException: Failed to obtain JDBC Connection; nested exception is com.microsoft.sqlserver.jdbc.SQLServerException: 호스트 61.32.101.234, 포트 1433에 대한 TCP/IP 연결에 실패했습니다. 오류: "connect timed out. 연결 속성을 확인하십시오. SQL Server의 인스턴스가 호스트에서 실행되고 있고 포트에서 TCP/IP 연결을 허용하고 있는지 확인하십시오. 또한 방화벽에서 포트로의 TCP 연결을 차단하지 않는지 확인하십시오.".
### The error may exist in com/daejist/login/mapper/MesuringMapper.xml
### The error may involve com.daejist.login.mapper.MesuringMapper.getList
### The error occurred while executing a query
### Cause: org.springframework.jdbc.CannotGetJdbcConnectionException: Failed to obtain JDBC Connection; nested exception is com.microsoft.sqlserver.jdbc.SQLServerException: 호스트 61.32.101.234, 포트 1433에 대한 TCP/IP 연결에 실패했습니다. 오류: "connect timed out. 연결 속성을 확인하십시오. SQL Server의 인스턴스가 호스트에서 실행되고 있고 포트에서 TCP/IP 연결을 허용하고 있는지 확인하십시오. 또한 방화벽에서 포트로의 TCP 연결을 차단하지 않는지 확인하십시오.".] with root cause
 com.microsoft.sqlserver.jdbc.SQLServerException: 호스트 61.32.101.234, 포트 1433에 대한 TCP/IP 연결에 실패했습니다. 오류: "connect timed out. 연결 속성을 확인하십시오. SQL Server의 인스턴스가 호스트에서 실행되고 있고 포트에서 TCP/IP 연결을 허용하고 있는지 확인하십시오. 또한 방화벽에서 포트로의 TCP 연결을 차단하지 않는지 확인하십시오.".
	at com.microsoft.sqlserver.jdbc.SQLServerException.makeFromDriverError(SQLServerException.java:234)
	at com.microsoft.sqlserver.jdbc.SQLServerException.ConvertConnectExceptionToSQLServerException(SQLServerException.java:285)
	at com.microsoft.sqlserver.jdbc.SocketFinder.findSocket(IOBuffer.java:2462)
	at com.microsoft.sqlserver.jdbc.TDSChannel.open(IOBuffer.java:668)
	at com.microsoft.sqlserver.jdbc.SQLServerConnection.connectHelper(SQLServerConnection.java:2695)
	at com.microsoft.sqlserver.jdbc.SQLServerConnection.login(SQLServerConnection.java:2362)
	at com.microsoft.sqlserver.jdbc.SQLServerConnection.connectInternal(SQLServerConnection.java:2213)
	at com.microsoft.sqlserver.jdbc.SQLServerConnection.connect(SQLServerConnection.java:1276)
	at com.microsoft.sqlserver.jdbc.SQLServerDriver.connect(SQLServerDriver.java:861)
	at org.apache.commons.dbcp.DriverConnectionFactory.createConnection(DriverConnectionFactory.java:38)
	at org.apache.commons.dbcp.PoolableConnectionFactory.makeObject(PoolableConnectionFactory.java:582)
	at org.apache.commons.pool.impl.GenericObjectPool.borrowObject(GenericObjectPool.java:1148)
	at org.apache.commons.dbcp.PoolingDataSource.getConnection(PoolingDataSource.java:106)
	at org.apache.commons.dbcp.BasicDataSource.getConnection(BasicDataSource.java:1044)
	at org.springframework.jdbc.datasource.DataSourceUtils.fetchConnection(DataSourceUtils.java:157)
	at org.springframework.jdbc.datasource.DataSourceUtils.doGetConnection(DataSourceUtils.java:115)
	at org.springframework.jdbc.datasource.DataSourceUtils.getConnection(DataSourceUtils.java:78)
	at org.mybatis.spring.transaction.SpringManagedTransaction.openConnection(SpringManagedTransaction.java:80)
	at org.mybatis.spring.transaction.SpringManagedTransaction.getConnection(SpringManagedTransaction.java:67)
	at org.apache.ibatis.executor.BaseExecutor.getConnection(BaseExecutor.java:336)
	at org.apache.ibatis.executor.SimpleExecutor.prepareStatement(SimpleExecutor.java:85)
	at org.apache.ibatis.executor.SimpleExecutor.doQuery(SimpleExecutor.java:62)
	at org.apache.ibatis.executor.BaseExecutor.queryFromDatabase(BaseExecutor.java:324)
	at org.apache.ibatis.executor.BaseExecutor.query(BaseExecutor.java:156)
	at org.apache.ibatis.executor.CachingExecutor.query(CachingExecutor.java:109)
	at org.apache.ibatis.executor.CachingExecutor.query(CachingExecutor.java:83)
	at org.apache.ibatis.session.defaults.DefaultSqlSession.selectList(DefaultSqlSession.java:147)
	at org.apache.ibatis.session.defaults.DefaultSqlSession.selectList(DefaultSqlSession.java:140)
	at sun.reflect.GeneratedMethodAccessor1287.invoke(Unknown Source)
	at sun.reflect.DelegatingMethodAccessorImpl.invoke(DelegatingMethodAccessorImpl.java:43)
	at java.lang.reflect.Method.invoke(Method.java:498)
	at org.mybatis.spring.SqlSessionTemplate$SqlSessionInterceptor.invoke(SqlSessionTemplate.java:426)
	at com.sun.proxy.$Proxy366.selectList(Unknown Source)
	at org.mybatis.spring.SqlSessionTemplate.selectList(SqlSessionTemplate.java:223)
	at org.apache.ibatis.binding.MapperMethod.executeForMany(MapperMethod.java:147)
	at org.apache.ibatis.binding.MapperMethod.execute(MapperMethod.java:80)
	at org.apache.ibatis.binding.MapperProxy.invoke(MapperProxy.java:57)
	at com.sun.proxy.$Proxy370.getList(Unknown Source)
	at com.daejist.login.service.MesuringServiceImp.getList(MesuringServiceImp.java:29)
	at com.daejist.login.controller.LoginController.InspectionGrid(LoginController.java:180)
	at sun.reflect.GeneratedMethodAccessor1307.invoke(Unknown Source)
	at sun.reflect.DelegatingMethodAccessorImpl.invoke(DelegatingMethodAccessorImpl.java:43)
	at java.lang.reflect.Method.invoke(Method.java:498)
	at org.springframework.web.method.support.InvocableHandlerMethod.doInvoke(InvocableHandlerMethod.java:190)
	at org.springframework.web.method.support.InvocableHandlerMethod.invokeForRequest(InvocableHandlerMethod.java:138)
	at org.springframework.web.servlet.mvc.method.annotation.ServletInvocableHandlerMethod.invokeAndHandle(ServletInvocableHandlerMethod.java:104)
	at org.springframework.web.servlet.mvc.method.annotation.RequestMappingHandlerAdapter.invokeHandlerMethod(RequestMappingHandlerAdapter.java:892)
	at org.springframework.web.servlet.mvc.method.annotation.RequestMappingHandlerAdapter.handleInternal(RequestMappingHandlerAdapter.java:797)
	at org.springframework.web.servlet.mvc.method.AbstractHandlerMethodAdapter.handle(AbstractHandlerMethodAdapter.java:87)
	at org.springframework.web.servlet.DispatcherServlet.doDispatch(DispatcherServlet.java:1039)
	at org.springframework.web.servlet.DispatcherServlet.doService(DispatcherServlet.java:942)
	at org.springframework.web.servlet.FrameworkServlet.processRequest(FrameworkServlet.java:1005)
	at org.springframework.web.servlet.FrameworkServlet.doGet(FrameworkServlet.java:897)
	at javax.servlet.http.HttpServlet.service(HttpServlet.java:622)
	at org.springframework.web.servlet.FrameworkServlet.service(FrameworkServlet.java:882)
	at javax.servlet.http.HttpServlet.service(HttpServlet.java:729)
	at org.apache.catalina.core.ApplicationFilterChain.internalDoFilter(ApplicationFilterChain.java:292)
	at org.apache.catalina.core.ApplicationFilterChain.doFilter(ApplicationFilterChain.java:207)
	at org.apache.tomcat.websocket.server.WsFilter.doFilter(WsFilter.java:52)
	at org.apache.catalina.core.ApplicationFilterChain.internalDoFilter(ApplicationFilterChain.java:240)
	at org.apache.catalina.core.ApplicationFilterChain.doFilter(ApplicationFilterChain.java:207)
	at org.springframework.web.filter.CharacterEncodingFilter.doFilterInternal(CharacterEncodingFilter.java:200)
	at org.springframework.web.filter.OncePerRequestFilter.doFilter(OncePerRequestFilter.java:118)
	at org.apache.catalina.core.ApplicationFilterChain.internalDoFilter(ApplicationFilterChain.java:240)
	at org.apache.catalina.core.ApplicationFilterChain.doFilter(ApplicationFilterChain.java:207)
	at org.apache.catalina.core.StandardWrapperValve.invoke(StandardWrapperValve.java:212)
	at org.apache.catalina.core.StandardContextValve.invoke(StandardContextValve.java:94)
	at org.apache.catalina.core.StandardHostValve.invoke(StandardHostValve.java:141)
	at org.apache.catalina.valves.ErrorReportValve.invoke(ErrorReportValve.java:79)
	at org.apache.catalina.core.StandardEngineValve.invoke(StandardEngineValve.java:88)
	at org.apache.catalina.connector.CoyoteAdapter.service(CoyoteAdapter.java:502)
	at org.apache.coyote.http11.AbstractHttp11Processor.process(AbstractHttp11Processor.java:1132)
	at org.apache.coyote.AbstractProtocol$AbstractConnectionHandler.process(AbstractProtocol.java:684)
	at org.apache.tomcat.util.net.NioEndpoint$SocketProcessor.doRun(NioEndpoint.java:1539)
	at org.apache.tomcat.util.net.NioEndpoint$SocketProcessor.run(NioEndpoint.java:1495)
	at java.util.concurrent.ThreadPoolExecutor.runWorker(ThreadPoolExecutor.java:1142)
	at java.util.concurrent.ThreadPoolExecutor$Worker.run(ThreadPoolExecutor.java:617)
	at org.apache.tomcat.util.threads.TaskThread$WrappingRunnable.run(TaskThread.java:61)
	at java.lang.Thread.run(Thread.java:745)

28-Aug-2023 13:26:52.207 심각 [http-nio-8855-exec-309] org.apache.catalina.core.StandardWrapperValve.invoke Servlet.service() for servlet [appServlet] in context with path [] threw exception [Request processing failed; nested exception is org.mybatis.spring.MyBatisSystemException: nested exception is org.apache.ibatis.exceptions.PersistenceException: 
### Error querying database.  Cause: org.springframework.jdbc.CannotGetJdbcConnectionException: Failed to obtain JDBC Connection; nested exception is com.microsoft.sqlserver.jdbc.SQLServerException: 호스트 61.32.101.234, 포트 1433에 대한 TCP/IP 연결에 실패했습니다. 오류: "connect timed out. 연결 속성을 확인하십시오. SQL Server의 인스턴스가 호스트에서 실행되고 있고 포트에서 TCP/IP 연결을 허용하고 있는지 확인하십시오. 또한 방화벽에서 포트로의 TCP 연결을 차단하지 않는지 확인하십시오.".
### The error may exist in com/daejist/login/mapper/MesuringMapper.xml
### The error may involve com.daejist.login.mapper.MesuringMapper.getList
### The error occurred while executing a query
### Cause: org.springframework.jdbc.CannotGetJdbcConnectionException: Failed to obtain JDBC Connection; nested exception is com.microsoft.sqlserver.jdbc.SQLServerException: 호스트 61.32.101.234, 포트 1433에 대한 TCP/IP 연결에 실패했습니다. 오류: "connect timed out. 연결 속성을 확인하십시오. SQL Server의 인스턴스가 호스트에서 실행되고 있고 포트에서 TCP/IP 연결을 허용하고 있는지 확인하십시오. 또한 방화벽에서 포트로의 TCP 연결을 차단하지 않는지 확인하십시오.".] with root cause
 com.microsoft.sqlserver.jdbc.SQLServerException: 호스트 61.32.101.234, 포트 1433에 대한 TCP/IP 연결에 실패했습니다. 오류: "connect timed out. 연결 속성을 확인하십시오. SQL Server의 인스턴스가 호스트에서 실행되고 있고 포트에서 TCP/IP 연결을 허용하고 있는지 확인하십시오. 또한 방화벽에서 포트로의 TCP 연결을 차단하지 않는지 확인하십시오.".
	at com.microsoft.sqlserver.jdbc.SQLServerException.makeFromDriverError(SQLServerException.java:234)
	at com.microsoft.sqlserver.jdbc.SQLServerException.ConvertConnectExceptionToSQLServerException(SQLServerException.java:285)
	at com.microsoft.sqlserver.jdbc.SocketFinder.findSocket(IOBuffer.java:2462)
	at com.microsoft.sqlserver.jdbc.TDSChannel.open(IOBuffer.java:668)
	at com.microsoft.sqlserver.jdbc.SQLServerConnection.connectHelper(SQLServerConnection.java:2695)
	at com.microsoft.sqlserver.jdbc.SQLServerConnection.login(SQLServerConnection.java:2362)
	at com.microsoft.sqlserver.jdbc.SQLServerConnection.connectInternal(SQLServerConnection.java:2213)
	at com.microsoft.sqlserver.jdbc.SQLServerConnection.connect(SQLServerConnection.java:1276)
	at com.microsoft.sqlserver.jdbc.SQLServerDriver.connect(SQLServerDriver.java:861)
	at org.apache.commons.dbcp.DriverConnectionFactory.createConnection(DriverConnectionFactory.java:38)
	at org.apache.commons.dbcp.PoolableConnectionFactory.makeObject(PoolableConnectionFactory.java:582)
	at org.apache.commons.pool.impl.GenericObjectPool.borrowObject(GenericObjectPool.java:1148)
	at org.apache.commons.dbcp.PoolingDataSource.getConnection(PoolingDataSource.java:106)
	at org.apache.commons.dbcp.BasicDataSource.getConnection(BasicDataSource.java:1044)
	at org.springframework.jdbc.datasource.DataSourceUtils.fetchConnection(DataSourceUtils.java:157)
	at org.springframework.jdbc.datasource.DataSourceUtils.doGetConnection(DataSourceUtils.java:115)
	at org.springframework.jdbc.datasource.DataSourceUtils.getConnection(DataSourceUtils.java:78)
	at org.mybatis.spring.transaction.SpringManagedTransaction.openConnection(SpringManagedTransaction.java:80)
	at org.mybatis.spring.transaction.SpringManagedTransaction.getConnection(SpringManagedTransaction.java:67)
	at org.apache.ibatis.executor.BaseExecutor.getConnection(BaseExecutor.java:336)
	at org.apache.ibatis.executor.SimpleExecutor.prepareStatement(SimpleExecutor.java:85)
	at org.apache.ibatis.executor.SimpleExecutor.doQuery(SimpleExecutor.java:62)
	at org.apache.ibatis.executor.BaseExecutor.queryFromDatabase(BaseExecutor.java:324)
	at org.apache.ibatis.executor.BaseExecutor.query(BaseExecutor.java:156)
	at org.apache.ibatis.executor.CachingExecutor.query(CachingExecutor.java:109)
	at org.apache.ibatis.executor.CachingExecutor.query(CachingExecutor.java:83)
	at org.apache.ibatis.session.defaults.DefaultSqlSession.selectList(DefaultSqlSession.java:147)
	at org.apache.ibatis.session.defaults.DefaultSqlSession.selectList(DefaultSqlSession.java:140)
	at sun.reflect.GeneratedMethodAccessor1287.invoke(Unknown Source)
	at sun.reflect.DelegatingMethodAccessorImpl.invoke(DelegatingMethodAccessorImpl.java:43)
	at java.lang.reflect.Method.invoke(Method.java:498)
	at org.mybatis.spring.SqlSessionTemplate$SqlSessionInterceptor.invoke(SqlSessionTemplate.java:426)
	at com.sun.proxy.$Proxy366.selectList(Unknown Source)
	at org.mybatis.spring.SqlSessionTemplate.selectList(SqlSessionTemplate.java:223)
	at org.apache.ibatis.binding.MapperMethod.executeForMany(MapperMethod.java:147)
	at org.apache.ibatis.binding.MapperMethod.execute(MapperMethod.java:80)
	at org.apache.ibatis.binding.MapperProxy.invoke(MapperProxy.java:57)
	at com.sun.proxy.$Proxy370.getList(Unknown Source)
	at com.daejist.login.service.MesuringServiceImp.getList(MesuringServiceImp.java:29)
	at com.daejist.login.controller.LoginController.InspectionGrid(LoginController.java:180)
	at sun.reflect.GeneratedMethodAccessor1307.invoke(Unknown Source)
	at sun.reflect.DelegatingMethodAccessorImpl.invoke(DelegatingMethodAccessorImpl.java:43)
	at java.lang.reflect.Method.invoke(Method.java:498)
	at org.springframework.web.method.support.InvocableHandlerMethod.doInvoke(InvocableHandlerMethod.java:190)
	at org.springframework.web.method.support.InvocableHandlerMethod.invokeForRequest(InvocableHandlerMethod.java:138)
	at org.springframework.web.servlet.mvc.method.annotation.ServletInvocableHandlerMethod.invokeAndHandle(ServletInvocableHandlerMethod.java:104)
	at org.springframework.web.servlet.mvc.method.annotation.RequestMappingHandlerAdapter.invokeHandlerMethod(RequestMappingHandlerAdapter.java:892)
	at org.springframework.web.servlet.mvc.method.annotation.RequestMappingHandlerAdapter.handleInternal(RequestMappingHandlerAdapter.java:797)
	at org.springframework.web.servlet.mvc.method.AbstractHandlerMethodAdapter.handle(AbstractHandlerMethodAdapter.java:87)
	at org.springframework.web.servlet.DispatcherServlet.doDispatch(DispatcherServlet.java:1039)
	at org.springframework.web.servlet.DispatcherServlet.doService(DispatcherServlet.java:942)
	at org.springframework.web.servlet.FrameworkServlet.processRequest(FrameworkServlet.java:1005)
	at org.springframework.web.servlet.FrameworkServlet.doGet(FrameworkServlet.java:897)
	at javax.servlet.http.HttpServlet.service(HttpServlet.java:622)
	at org.springframework.web.servlet.FrameworkServlet.service(FrameworkServlet.java:882)
	at javax.servlet.http.HttpServlet.service(HttpServlet.java:729)
	at org.apache.catalina.core.ApplicationFilterChain.internalDoFilter(ApplicationFilterChain.java:292)
	at org.apache.catalina.core.ApplicationFilterChain.doFilter(ApplicationFilterChain.java:207)
	at org.apache.tomcat.websocket.server.WsFilter.doFilter(WsFilter.java:52)
	at org.apache.catalina.core.ApplicationFilterChain.internalDoFilter(ApplicationFilterChain.java:240)
	at org.apache.catalina.core.ApplicationFilterChain.doFilter(ApplicationFilterChain.java:207)
	at org.springframework.web.filter.CharacterEncodingFilter.doFilterInternal(CharacterEncodingFilter.java:200)
	at org.springframework.web.filter.OncePerRequestFilter.doFilter(OncePerRequestFilter.java:118)
	at org.apache.catalina.core.ApplicationFilterChain.internalDoFilter(ApplicationFilterChain.java:240)
	at org.apache.catalina.core.ApplicationFilterChain.doFilter(ApplicationFilterChain.java:207)
	at org.apache.catalina.core.StandardWrapperValve.invoke(StandardWrapperValve.java:212)
	at org.apache.catalina.core.StandardContextValve.invoke(StandardContextValve.java:94)
	at org.apache.catalina.core.StandardHostValve.invoke(StandardHostValve.java:141)
	at org.apache.catalina.valves.ErrorReportValve.invoke(ErrorReportValve.java:79)
	at org.apache.catalina.core.StandardEngineValve.invoke(StandardEngineValve.java:88)
	at org.apache.catalina.connector.CoyoteAdapter.service(CoyoteAdapter.java:502)
	at org.apache.coyote.http11.AbstractHttp11Processor.process(AbstractHttp11Processor.java:1132)
	at org.apache.coyote.AbstractProtocol$AbstractConnectionHandler.process(AbstractProtocol.java:684)
	at org.apache.tomcat.util.net.NioEndpoint$SocketProcessor.doRun(NioEndpoint.java:1539)
	at org.apache.tomcat.util.net.NioEndpoint$SocketProcessor.run(NioEndpoint.java:1495)
	at java.util.concurrent.ThreadPoolExecutor.runWorker(ThreadPoolExecutor.java:1142)
	at java.util.concurrent.ThreadPoolExecutor$Worker.run(ThreadPoolExecutor.java:617)
	at org.apache.tomcat.util.threads.TaskThread$WrappingRunnable.run(TaskThread.java:61)
	at java.lang.Thread.run(Thread.java:745)

28-Aug-2023 13:26:55.438 심각 [http-nio-8855-exec-315] org.apache.catalina.core.StandardWrapperValve.invoke Servlet.service() for servlet [appServlet] in context with path [] threw exception [Request processing failed; nested exception is org.mybatis.spring.MyBatisSystemException: nested exception is org.apache.ibatis.exceptions.PersistenceException: 
### Error querying database.  Cause: org.springframework.jdbc.CannotGetJdbcConnectionException: Failed to obtain JDBC Connection; nested exception is com.microsoft.sqlserver.jdbc.SQLServerException: 호스트 61.32.101.234, 포트 1433에 대한 TCP/IP 연결에 실패했습니다. 오류: "connect timed out. 연결 속성을 확인하십시오. SQL Server의 인스턴스가 호스트에서 실행되고 있고 포트에서 TCP/IP 연결을 허용하고 있는지 확인하십시오. 또한 방화벽에서 포트로의 TCP 연결을 차단하지 않는지 확인하십시오.".
### The error may exist in com/daejist/login/mapper/MesuringMapper.xml
### The error may involve com.daejist.login.mapper.MesuringMapper.getList
### The error occurred while executing a query
### Cause: org.springframework.jdbc.CannotGetJdbcConnectionException: Failed to obtain JDBC Connection; nested exception is com.microsoft.sqlserver.jdbc.SQLServerException: 호스트 61.32.101.234, 포트 1433에 대한 TCP/IP 연결에 실패했습니다. 오류: "connect timed out. 연결 속성을 확인하십시오. SQL Server의 인스턴스가 호스트에서 실행되고 있고 포트에서 TCP/IP 연결을 허용하고 있는지 확인하십시오. 또한 방화벽에서 포트로의 TCP 연결을 차단하지 않는지 확인하십시오.".] with root cause
 com.microsoft.sqlserver.jdbc.SQLServerException: 호스트 61.32.101.234, 포트 1433에 대한 TCP/IP 연결에 실패했습니다. 오류: "connect timed out. 연결 속성을 확인하십시오. SQL Server의 인스턴스가 호스트에서 실행되고 있고 포트에서 TCP/IP 연결을 허용하고 있는지 확인하십시오. 또한 방화벽에서 포트로의 TCP 연결을 차단하지 않는지 확인하십시오.".
	at com.microsoft.sqlserver.jdbc.SQLServerException.makeFromDriverError(SQLServerException.java:234)
	at com.microsoft.sqlserver.jdbc.SQLServerException.ConvertConnectExceptionToSQLServerException(SQLServerException.java:285)
	at com.microsoft.sqlserver.jdbc.SocketFinder.findSocket(IOBuffer.java:2462)
	at com.microsoft.sqlserver.jdbc.TDSChannel.open(IOBuffer.java:668)
	at com.microsoft.sqlserver.jdbc.SQLServerConnection.connectHelper(SQLServerConnection.java:2695)
	at com.microsoft.sqlserver.jdbc.SQLServerConnection.login(SQLServerConnection.java:2362)
	at com.microsoft.sqlserver.jdbc.SQLServerConnection.connectInternal(SQLServerConnection.java:2213)
	at com.microsoft.sqlserver.jdbc.SQLServerConnection.connect(SQLServerConnection.java:1276)
	at com.microsoft.sqlserver.jdbc.SQLServerDriver.connect(SQLServerDriver.java:861)
	at org.apache.commons.dbcp.DriverConnectionFactory.createConnection(DriverConnectionFactory.java:38)
	at org.apache.commons.dbcp.PoolableConnectionFactory.makeObject(PoolableConnectionFactory.java:582)
	at org.apache.commons.pool.impl.GenericObjectPool.borrowObject(GenericObjectPool.java:1148)
	at org.apache.commons.dbcp.PoolingDataSource.getConnection(PoolingDataSource.java:106)
	at org.apache.commons.dbcp.BasicDataSource.getConnection(BasicDataSource.java:1044)
	at org.springframework.jdbc.datasource.DataSourceUtils.fetchConnection(DataSourceUtils.java:157)
	at org.springframework.jdbc.datasource.DataSourceUtils.doGetConnection(DataSourceUtils.java:115)
	at org.springframework.jdbc.datasource.DataSourceUtils.getConnection(DataSourceUtils.java:78)
	at org.mybatis.spring.transaction.SpringManagedTransaction.openConnection(SpringManagedTransaction.java:80)
	at org.mybatis.spring.transaction.SpringManagedTransaction.getConnection(SpringManagedTransaction.java:67)
	at org.apache.ibatis.executor.BaseExecutor.getConnection(BaseExecutor.java:336)
	at org.apache.ibatis.executor.SimpleExecutor.prepareStatement(SimpleExecutor.java:85)
	at org.apache.ibatis.executor.SimpleExecutor.doQuery(SimpleExecutor.java:62)
	at org.apache.ibatis.executor.BaseExecutor.queryFromDatabase(BaseExecutor.java:324)
	at org.apache.ibatis.executor.BaseExecutor.query(BaseExecutor.java:156)
	at org.apache.ibatis.executor.CachingExecutor.query(CachingExecutor.java:109)
	at org.apache.ibatis.executor.CachingExecutor.query(CachingExecutor.java:83)
	at org.apache.ibatis.session.defaults.DefaultSqlSession.selectList(DefaultSqlSession.java:147)
	at org.apache.ibatis.session.defaults.DefaultSqlSession.selectList(DefaultSqlSession.java:140)
	at sun.reflect.GeneratedMethodAccessor1287.invoke(Unknown Source)
	at sun.reflect.DelegatingMethodAccessorImpl.invoke(DelegatingMethodAccessorImpl.java:43)
	at java.lang.reflect.Method.invoke(Method.java:498)
	at org.mybatis.spring.SqlSessionTemplate$SqlSessionInterceptor.invoke(SqlSessionTemplate.java:426)
	at com.sun.proxy.$Proxy366.selectList(Unknown Source)
	at org.mybatis.spring.SqlSessionTemplate.selectList(SqlSessionTemplate.java:223)
	at org.apache.ibatis.binding.MapperMethod.executeForMany(MapperMethod.java:147)
	at org.apache.ibatis.binding.MapperMethod.execute(MapperMethod.java:80)
	at org.apache.ibatis.binding.MapperProxy.invoke(MapperProxy.java:57)
	at com.sun.proxy.$Proxy370.getList(Unknown Source)
	at com.daejist.login.service.MesuringServiceImp.getList(MesuringServiceImp.java:29)
	at com.daejist.login.controller.LoginController.InspectionGrid(LoginController.java:180)
	at sun.reflect.GeneratedMethodAccessor1307.invoke(Unknown Source)
	at sun.reflect.DelegatingMethodAccessorImpl.invoke(DelegatingMethodAccessorImpl.java:43)
	at java.lang.reflect.Method.invoke(Method.java:498)
	at org.springframework.web.method.support.InvocableHandlerMethod.doInvoke(InvocableHandlerMethod.java:190)
	at org.springframework.web.method.support.InvocableHandlerMethod.invokeForRequest(InvocableHandlerMethod.java:138)
	at org.springframework.web.servlet.mvc.method.annotation.ServletInvocableHandlerMethod.invokeAndHandle(ServletInvocableHandlerMethod.java:104)
	at org.springframework.web.servlet.mvc.method.annotation.RequestMappingHandlerAdapter.invokeHandlerMethod(RequestMappingHandlerAdapter.java:892)
	at org.springframework.web.servlet.mvc.method.annotation.RequestMappingHandlerAdapter.handleInternal(RequestMappingHandlerAdapter.java:797)
	at org.springframework.web.servlet.mvc.method.AbstractHandlerMethodAdapter.handle(AbstractHandlerMethodAdapter.java:87)
	at org.springframework.web.servlet.DispatcherServlet.doDispatch(DispatcherServlet.java:1039)
	at org.springframework.web.servlet.DispatcherServlet.doService(DispatcherServlet.java:942)
	at org.springframework.web.servlet.FrameworkServlet.processRequest(FrameworkServlet.java:1005)
	at org.springframework.web.servlet.FrameworkServlet.doGet(FrameworkServlet.java:897)
	at javax.servlet.http.HttpServlet.service(HttpServlet.java:622)
	at org.springframework.web.servlet.FrameworkServlet.service(FrameworkServlet.java:882)
	at javax.servlet.http.HttpServlet.service(HttpServlet.java:729)
	at org.apache.catalina.core.ApplicationFilterChain.internalDoFilter(ApplicationFilterChain.java:292)
	at org.apache.catalina.core.ApplicationFilterChain.doFilter(ApplicationFilterChain.java:207)
	at org.apache.tomcat.websocket.server.WsFilter.doFilter(WsFilter.java:52)
	at org.apache.catalina.core.ApplicationFilterChain.internalDoFilter(ApplicationFilterChain.java:240)
	at org.apache.catalina.core.ApplicationFilterChain.doFilter(ApplicationFilterChain.java:207)
	at org.springframework.web.filter.CharacterEncodingFilter.doFilterInternal(CharacterEncodingFilter.java:200)
	at org.springframework.web.filter.OncePerRequestFilter.doFilter(OncePerRequestFilter.java:118)
	at org.apache.catalina.core.ApplicationFilterChain.internalDoFilter(ApplicationFilterChain.java:240)
	at org.apache.catalina.core.ApplicationFilterChain.doFilter(ApplicationFilterChain.java:207)
	at org.apache.catalina.core.StandardWrapperValve.invoke(StandardWrapperValve.java:212)
	at org.apache.catalina.core.StandardContextValve.invoke(StandardContextValve.java:94)
	at org.apache.catalina.core.StandardHostValve.invoke(StandardHostValve.java:141)
	at org.apache.catalina.valves.ErrorReportValve.invoke(ErrorReportValve.java:79)
	at org.apache.catalina.core.StandardEngineValve.invoke(StandardEngineValve.java:88)
	at org.apache.catalina.connector.CoyoteAdapter.service(CoyoteAdapter.java:502)
	at org.apache.coyote.http11.AbstractHttp11Processor.process(AbstractHttp11Processor.java:1132)
	at org.apache.coyote.AbstractProtocol$AbstractConnectionHandler.process(AbstractProtocol.java:684)
	at org.apache.tomcat.util.net.NioEndpoint$SocketProcessor.doRun(NioEndpoint.java:1539)
	at org.apache.tomcat.util.net.NioEndpoint$SocketProcessor.run(NioEndpoint.java:1495)
	at java.util.concurrent.ThreadPoolExecutor.runWorker(ThreadPoolExecutor.java:1142)
	at java.util.concurrent.ThreadPoolExecutor$Worker.run(ThreadPoolExecutor.java:617)
	at org.apache.tomcat.util.threads.TaskThread$WrappingRunnable.run(TaskThread.java:61)
	at java.lang.Thread.run(Thread.java:745)

28-Aug-2023 13:26:59.303 심각 [http-nio-8855-exec-313] org.apache.catalina.core.StandardWrapperValve.invoke Servlet.service() for servlet [appServlet] in context with path [] threw exception [Request processing failed; nested exception is org.mybatis.spring.MyBatisSystemException: nested exception is org.apache.ibatis.exceptions.PersistenceException: 
### Error querying database.  Cause: org.springframework.jdbc.CannotGetJdbcConnectionException: Failed to obtain JDBC Connection; nested exception is com.microsoft.sqlserver.jdbc.SQLServerException: 호스트 61.32.101.234, 포트 1433에 대한 TCP/IP 연결에 실패했습니다. 오류: "connect timed out. 연결 속성을 확인하십시오. SQL Server의 인스턴스가 호스트에서 실행되고 있고 포트에서 TCP/IP 연결을 허용하고 있는지 확인하십시오. 또한 방화벽에서 포트로의 TCP 연결을 차단하지 않는지 확인하십시오.".
### The error may exist in com/daejist/login/mapper/MesuringMapper.xml
### The error may involve com.daejist.login.mapper.MesuringMapper.getList
### The error occurred while executing a query
### Cause: org.springframework.jdbc.CannotGetJdbcConnectionException: Failed to obtain JDBC Connection; nested exception is com.microsoft.sqlserver.jdbc.SQLServerException: 호스트 61.32.101.234, 포트 1433에 대한 TCP/IP 연결에 실패했습니다. 오류: "connect timed out. 연결 속성을 확인하십시오. SQL Server의 인스턴스가 호스트에서 실행되고 있고 포트에서 TCP/IP 연결을 허용하고 있는지 확인하십시오. 또한 방화벽에서 포트로의 TCP 연결을 차단하지 않는지 확인하십시오.".] with root cause
 com.microsoft.sqlserver.jdbc.SQLServerException: 호스트 61.32.101.234, 포트 1433에 대한 TCP/IP 연결에 실패했습니다. 오류: "connect timed out. 연결 속성을 확인하십시오. SQL Server의 인스턴스가 호스트에서 실행되고 있고 포트에서 TCP/IP 연결을 허용하고 있는지 확인하십시오. 또한 방화벽에서 포트로의 TCP 연결을 차단하지 않는지 확인하십시오.".
	at com.microsoft.sqlserver.jdbc.SQLServerException.makeFromDriverError(SQLServerException.java:234)
	at com.microsoft.sqlserver.jdbc.SQLServerException.ConvertConnectExceptionToSQLServerException(SQLServerException.java:285)
	at com.microsoft.sqlserver.jdbc.SocketFinder.findSocket(IOBuffer.java:2462)
	at com.microsoft.sqlserver.jdbc.TDSChannel.open(IOBuffer.java:668)
	at com.microsoft.sqlserver.jdbc.SQLServerConnection.connectHelper(SQLServerConnection.java:2695)
	at com.microsoft.sqlserver.jdbc.SQLServerConnection.login(SQLServerConnection.java:2362)
	at com.microsoft.sqlserver.jdbc.SQLServerConnection.connectInternal(SQLServerConnection.java:2213)
	at com.microsoft.sqlserver.jdbc.SQLServerConnection.connect(SQLServerConnection.java:1276)
	at com.microsoft.sqlserver.jdbc.SQLServerDriver.connect(SQLServerDriver.java:861)
	at org.apache.commons.dbcp.DriverConnectionFactory.createConnection(DriverConnectionFactory.java:38)
	at org.apache.commons.dbcp.PoolableConnectionFactory.makeObject(PoolableConnectionFactory.java:582)
	at org.apache.commons.pool.impl.GenericObjectPool.borrowObject(GenericObjectPool.java:1148)
	at org.apache.commons.dbcp.PoolingDataSource.getConnection(PoolingDataSource.java:106)
	at org.apache.commons.dbcp.BasicDataSource.getConnection(BasicDataSource.java:1044)
	at org.springframework.jdbc.datasource.DataSourceUtils.fetchConnection(DataSourceUtils.java:157)
	at org.springframework.jdbc.datasource.DataSourceUtils.doGetConnection(DataSourceUtils.java:115)
	at org.springframework.jdbc.datasource.DataSourceUtils.getConnection(DataSourceUtils.java:78)
	at org.mybatis.spring.transaction.SpringManagedTransaction.openConnection(SpringManagedTransaction.java:80)
	at org.mybatis.spring.transaction.SpringManagedTransaction.getConnection(SpringManagedTransaction.java:67)
	at org.apache.ibatis.executor.BaseExecutor.getConnection(BaseExecutor.java:336)
	at org.apache.ibatis.executor.SimpleExecutor.prepareStatement(SimpleExecutor.java:85)
	at org.apache.ibatis.executor.SimpleExecutor.doQuery(SimpleExecutor.java:62)
	at org.apache.ibatis.executor.BaseExecutor.queryFromDatabase(BaseExecutor.java:324)
	at org.apache.ibatis.executor.BaseExecutor.query(BaseExecutor.java:156)
	at org.apache.ibatis.executor.CachingExecutor.query(CachingExecutor.java:109)
	at org.apache.ibatis.executor.CachingExecutor.query(CachingExecutor.java:83)
	at org.apache.ibatis.session.defaults.DefaultSqlSession.selectList(DefaultSqlSession.java:147)
	at org.apache.ibatis.session.defaults.DefaultSqlSession.selectList(DefaultSqlSession.java:140)
	at sun.reflect.GeneratedMethodAccessor1287.invoke(Unknown Source)
	at sun.reflect.DelegatingMethodAccessorImpl.invoke(DelegatingMethodAccessorImpl.java:43)
	at java.lang.reflect.Method.invoke(Method.java:498)
	at org.mybatis.spring.SqlSessionTemplate$SqlSessionInterceptor.invoke(SqlSessionTemplate.java:426)
	at com.sun.proxy.$Proxy366.selectList(Unknown Source)
	at org.mybatis.spring.SqlSessionTemplate.selectList(SqlSessionTemplate.java:223)
	at org.apache.ibatis.binding.MapperMethod.executeForMany(MapperMethod.java:147)
	at org.apache.ibatis.binding.MapperMethod.execute(MapperMethod.java:80)
	at org.apache.ibatis.binding.MapperProxy.invoke(MapperProxy.java:57)
	at com.sun.proxy.$Proxy370.getList(Unknown Source)
	at com.daejist.login.service.MesuringServiceImp.getList(MesuringServiceImp.java:29)
	at com.daejist.login.controller.LoginController.InspectionGrid(LoginController.java:180)
	at sun.reflect.GeneratedMethodAccessor1307.invoke(Unknown Source)
	at sun.reflect.DelegatingMethodAccessorImpl.invoke(DelegatingMethodAccessorImpl.java:43)
	at java.lang.reflect.Method.invoke(Method.java:498)
	at org.springframework.web.method.support.InvocableHandlerMethod.doInvoke(InvocableHandlerMethod.java:190)
	at org.springframework.web.method.support.InvocableHandlerMethod.invokeForRequest(InvocableHandlerMethod.java:138)
	at org.springframework.web.servlet.mvc.method.annotation.ServletInvocableHandlerMethod.invokeAndHandle(ServletInvocableHandlerMethod.java:104)
	at org.springframework.web.servlet.mvc.method.annotation.RequestMappingHandlerAdapter.invokeHandlerMethod(RequestMappingHandlerAdapter.java:892)
	at org.springframework.web.servlet.mvc.method.annotation.RequestMappingHandlerAdapter.handleInternal(RequestMappingHandlerAdapter.java:797)
	at org.springframework.web.servlet.mvc.method.AbstractHandlerMethodAdapter.handle(AbstractHandlerMethodAdapter.java:87)
	at org.springframework.web.servlet.DispatcherServlet.doDispatch(DispatcherServlet.java:1039)
	at org.springframework.web.servlet.DispatcherServlet.doService(DispatcherServlet.java:942)
	at org.springframework.web.servlet.FrameworkServlet.processRequest(FrameworkServlet.java:1005)
	at org.springframework.web.servlet.FrameworkServlet.doGet(FrameworkServlet.java:897)
	at javax.servlet.http.HttpServlet.service(HttpServlet.java:622)
	at org.springframework.web.servlet.FrameworkServlet.service(FrameworkServlet.java:882)
	at javax.servlet.http.HttpServlet.service(HttpServlet.java:729)
	at org.apache.catalina.core.ApplicationFilterChain.internalDoFilter(ApplicationFilterChain.java:292)
	at org.apache.catalina.core.ApplicationFilterChain.doFilter(ApplicationFilterChain.java:207)
	at org.apache.tomcat.websocket.server.WsFilter.doFilter(WsFilter.java:52)
	at org.apache.catalina.core.ApplicationFilterChain.internalDoFilter(ApplicationFilterChain.java:240)
	at org.apache.catalina.core.ApplicationFilterChain.doFilter(ApplicationFilterChain.java:207)
	at org.springframework.web.filter.CharacterEncodingFilter.doFilterInternal(CharacterEncodingFilter.java:200)
	at org.springframework.web.filter.OncePerRequestFilter.doFilter(OncePerRequestFilter.java:118)
	at org.apache.catalina.core.ApplicationFilterChain.internalDoFilter(ApplicationFilterChain.java:240)
	at org.apache.catalina.core.ApplicationFilterChain.doFilter(ApplicationFilterChain.java:207)
	at org.apache.catalina.core.StandardWrapperValve.invoke(StandardWrapperValve.java:212)
	at org.apache.catalina.core.StandardContextValve.invoke(StandardContextValve.java:94)
	at org.apache.catalina.core.StandardHostValve.invoke(StandardHostValve.java:141)
	at org.apache.catalina.valves.ErrorReportValve.invoke(ErrorReportValve.java:79)
	at org.apache.catalina.core.StandardEngineValve.invoke(StandardEngineValve.java:88)
	at org.apache.catalina.connector.CoyoteAdapter.service(CoyoteAdapter.java:502)
	at org.apache.coyote.http11.AbstractHttp11Processor.process(AbstractHttp11Processor.java:1132)
	at org.apache.coyote.AbstractProtocol$AbstractConnectionHandler.process(AbstractProtocol.java:684)
	at org.apache.tomcat.util.net.NioEndpoint$SocketProcessor.doRun(NioEndpoint.java:1539)
	at org.apache.tomcat.util.net.NioEndpoint$SocketProcessor.run(NioEndpoint.java:1495)
	at java.util.concurrent.ThreadPoolExecutor.runWorker(ThreadPoolExecutor.java:1142)
	at java.util.concurrent.ThreadPoolExecutor$Worker.run(ThreadPoolExecutor.java:617)
	at org.apache.tomcat.util.threads.TaskThread$WrappingRunnable.run(TaskThread.java:61)
	at java.lang.Thread.run(Thread.java:745)

28-Aug-2023 13:28:09.249 심각 [http-nio-8855-exec-317] org.apache.catalina.core.StandardWrapperValve.invoke Servlet.service() for servlet [appServlet] in context with path [] threw exception [Request processing failed; nested exception is org.mybatis.spring.MyBatisSystemException: nested exception is org.apache.ibatis.exceptions.PersistenceException: 
### Error querying database.  Cause: org.springframework.jdbc.CannotGetJdbcConnectionException: Failed to obtain JDBC Connection; nested exception is com.microsoft.sqlserver.jdbc.SQLServerException: 호스트 61.32.101.234, 포트 1433에 대한 TCP/IP 연결에 실패했습니다. 오류: "connect timed out. 연결 속성을 확인하십시오. SQL Server의 인스턴스가 호스트에서 실행되고 있고 포트에서 TCP/IP 연결을 허용하고 있는지 확인하십시오. 또한 방화벽에서 포트로의 TCP 연결을 차단하지 않는지 확인하십시오.".
### The error may exist in com/daejist/login/mapper/MesuringMapper.xml
### The error may involve com.daejist.login.mapper.MesuringMapper.getList
### The error occurred while executing a query
### Cause: org.springframework.jdbc.CannotGetJdbcConnectionException: Failed to obtain JDBC Connection; nested exception is com.microsoft.sqlserver.jdbc.SQLServerException: 호스트 61.32.101.234, 포트 1433에 대한 TCP/IP 연결에 실패했습니다. 오류: "connect timed out. 연결 속성을 확인하십시오. SQL Server의 인스턴스가 호스트에서 실행되고 있고 포트에서 TCP/IP 연결을 허용하고 있는지 확인하십시오. 또한 방화벽에서 포트로의 TCP 연결을 차단하지 않는지 확인하십시오.".] with root cause
 com.microsoft.sqlserver.jdbc.SQLServerException: 호스트 61.32.101.234, 포트 1433에 대한 TCP/IP 연결에 실패했습니다. 오류: "connect timed out. 연결 속성을 확인하십시오. SQL Server의 인스턴스가 호스트에서 실행되고 있고 포트에서 TCP/IP 연결을 허용하고 있는지 확인하십시오. 또한 방화벽에서 포트로의 TCP 연결을 차단하지 않는지 확인하십시오.".
	at com.microsoft.sqlserver.jdbc.SQLServerException.makeFromDriverError(SQLServerException.java:234)
	at com.microsoft.sqlserver.jdbc.SQLServerException.ConvertConnectExceptionToSQLServerException(SQLServerException.java:285)
	at com.microsoft.sqlserver.jdbc.SocketFinder.findSocket(IOBuffer.java:2462)
	at com.microsoft.sqlserver.jdbc.TDSChannel.open(IOBuffer.java:668)
	at com.microsoft.sqlserver.jdbc.SQLServerConnection.connectHelper(SQLServerConnection.java:2695)
	at com.microsoft.sqlserver.jdbc.SQLServerConnection.login(SQLServerConnection.java:2362)
	at com.microsoft.sqlserver.jdbc.SQLServerConnection.connectInternal(SQLServerConnection.java:2213)
	at com.microsoft.sqlserver.jdbc.SQLServerConnection.connect(SQLServerConnection.java:1276)
	at com.microsoft.sqlserver.jdbc.SQLServerDriver.connect(SQLServerDriver.java:861)
	at org.apache.commons.dbcp.DriverConnectionFactory.createConnection(DriverConnectionFactory.java:38)
	at org.apache.commons.dbcp.PoolableConnectionFactory.makeObject(PoolableConnectionFactory.java:582)
	at org.apache.commons.pool.impl.GenericObjectPool.borrowObject(GenericObjectPool.java:1148)
	at org.apache.commons.dbcp.PoolingDataSource.getConnection(PoolingDataSource.java:106)
	at org.apache.commons.dbcp.BasicDataSource.getConnection(BasicDataSource.java:1044)
	at org.springframework.jdbc.datasource.DataSourceUtils.fetchConnection(DataSourceUtils.java:157)
	at org.springframework.jdbc.datasource.DataSourceUtils.doGetConnection(DataSourceUtils.java:115)
	at org.springframework.jdbc.datasource.DataSourceUtils.getConnection(DataSourceUtils.java:78)
	at org.mybatis.spring.transaction.SpringManagedTransaction.openConnection(SpringManagedTransaction.java:80)
	at org.mybatis.spring.transaction.SpringManagedTransaction.getConnection(SpringManagedTransaction.java:67)
	at org.apache.ibatis.executor.BaseExecutor.getConnection(BaseExecutor.java:336)
	at org.apache.ibatis.executor.SimpleExecutor.prepareStatement(SimpleExecutor.java:85)
	at org.apache.ibatis.executor.SimpleExecutor.doQuery(SimpleExecutor.java:62)
	at org.apache.ibatis.executor.BaseExecutor.queryFromDatabase(BaseExecutor.java:324)
	at org.apache.ibatis.executor.BaseExecutor.query(BaseExecutor.java:156)
	at org.apache.ibatis.executor.CachingExecutor.query(CachingExecutor.java:109)
	at org.apache.ibatis.executor.CachingExecutor.query(CachingExecutor.java:83)
	at org.apache.ibatis.session.defaults.DefaultSqlSession.selectList(DefaultSqlSession.java:147)
	at org.apache.ibatis.session.defaults.DefaultSqlSession.selectList(DefaultSqlSession.java:140)
	at sun.reflect.GeneratedMethodAccessor1287.invoke(Unknown Source)
	at sun.reflect.DelegatingMethodAccessorImpl.invoke(DelegatingMethodAccessorImpl.java:43)
	at java.lang.reflect.Method.invoke(Method.java:498)
	at org.mybatis.spring.SqlSessionTemplate$SqlSessionInterceptor.invoke(SqlSessionTemplate.java:426)
	at com.sun.proxy.$Proxy366.selectList(Unknown Source)
	at org.mybatis.spring.SqlSessionTemplate.selectList(SqlSessionTemplate.java:223)
	at org.apache.ibatis.binding.MapperMethod.executeForMany(MapperMethod.java:147)
	at org.apache.ibatis.binding.MapperMethod.execute(MapperMethod.java:80)
	at org.apache.ibatis.binding.MapperProxy.invoke(MapperProxy.java:57)
	at com.sun.proxy.$Proxy370.getList(Unknown Source)
	at com.daejist.login.service.MesuringServiceImp.getList(MesuringServiceImp.java:29)
	at com.daejist.login.controller.LoginController.InspectionGrid(LoginController.java:180)
	at sun.reflect.GeneratedMethodAccessor1307.invoke(Unknown Source)
	at sun.reflect.DelegatingMethodAccessorImpl.invoke(DelegatingMethodAccessorImpl.java:43)
	at java.lang.reflect.Method.invoke(Method.java:498)
	at org.springframework.web.method.support.InvocableHandlerMethod.doInvoke(InvocableHandlerMethod.java:190)
	at org.springframework.web.method.support.InvocableHandlerMethod.invokeForRequest(InvocableHandlerMethod.java:138)
	at org.springframework.web.servlet.mvc.method.annotation.ServletInvocableHandlerMethod.invokeAndHandle(ServletInvocableHandlerMethod.java:104)
	at org.springframework.web.servlet.mvc.method.annotation.RequestMappingHandlerAdapter.invokeHandlerMethod(RequestMappingHandlerAdapter.java:892)
	at org.springframework.web.servlet.mvc.method.annotation.RequestMappingHandlerAdapter.handleInternal(RequestMappingHandlerAdapter.java:797)
	at org.springframework.web.servlet.mvc.method.AbstractHandlerMethodAdapter.handle(AbstractHandlerMethodAdapter.java:87)
	at org.springframework.web.servlet.DispatcherServlet.doDispatch(DispatcherServlet.java:1039)
	at org.springframework.web.servlet.DispatcherServlet.doService(DispatcherServlet.java:942)
	at org.springframework.web.servlet.FrameworkServlet.processRequest(FrameworkServlet.java:1005)
	at org.springframework.web.servlet.FrameworkServlet.doGet(FrameworkServlet.java:897)
	at javax.servlet.http.HttpServlet.service(HttpServlet.java:622)
	at org.springframework.web.servlet.FrameworkServlet.service(FrameworkServlet.java:882)
	at javax.servlet.http.HttpServlet.service(HttpServlet.java:729)
	at org.apache.catalina.core.ApplicationFilterChain.internalDoFilter(ApplicationFilterChain.java:292)
	at org.apache.catalina.core.ApplicationFilterChain.doFilter(ApplicationFilterChain.java:207)
	at org.apache.tomcat.websocket.server.WsFilter.doFilter(WsFilter.java:52)
	at org.apache.catalina.core.ApplicationFilterChain.internalDoFilter(ApplicationFilterChain.java:240)
	at org.apache.catalina.core.ApplicationFilterChain.doFilter(ApplicationFilterChain.java:207)
	at org.springframework.web.filter.CharacterEncodingFilter.doFilterInternal(CharacterEncodingFilter.java:200)
	at org.springframework.web.filter.OncePerRequestFilter.doFilter(OncePerRequestFilter.java:118)
	at org.apache.catalina.core.ApplicationFilterChain.internalDoFilter(ApplicationFilterChain.java:240)
	at org.apache.catalina.core.ApplicationFilterChain.doFilter(ApplicationFilterChain.java:207)
	at org.apache.catalina.core.StandardWrapperValve.invoke(StandardWrapperValve.java:212)
	at org.apache.catalina.core.StandardContextValve.invoke(StandardContextValve.java:94)
	at org.apache.catalina.core.StandardHostValve.invoke(StandardHostValve.java:141)
	at org.apache.catalina.valves.ErrorReportValve.invoke(ErrorReportValve.java:79)
	at org.apache.catalina.core.StandardEngineValve.invoke(StandardEngineValve.java:88)
	at org.apache.catalina.connector.CoyoteAdapter.service(CoyoteAdapter.java:502)
	at org.apache.coyote.http11.AbstractHttp11Processor.process(AbstractHttp11Processor.java:1132)
	at org.apache.coyote.AbstractProtocol$AbstractConnectionHandler.process(AbstractProtocol.java:684)
	at org.apache.tomcat.util.net.NioEndpoint$SocketProcessor.doRun(NioEndpoint.java:1539)
	at org.apache.tomcat.util.net.NioEndpoint$SocketProcessor.run(NioEndpoint.java:1495)
	at java.util.concurrent.ThreadPoolExecutor.runWorker(ThreadPoolExecutor.java:1142)
	at java.util.concurrent.ThreadPoolExecutor$Worker.run(ThreadPoolExecutor.java:617)
	at org.apache.tomcat.util.threads.TaskThread$WrappingRunnable.run(TaskThread.java:61)
	at java.lang.Thread.run(Thread.java:745)

28-Aug-2023 13:28:24.782 심각 [http-nio-8855-exec-311] org.apache.catalina.core.StandardWrapperValve.invoke Servlet.service() for servlet [appServlet] in context with path [] threw exception [Request processing failed; nested exception is org.mybatis.spring.MyBatisSystemException: nested exception is org.apache.ibatis.exceptions.PersistenceException: 
### Error querying database.  Cause: org.springframework.jdbc.CannotGetJdbcConnectionException: Failed to obtain JDBC Connection; nested exception is com.microsoft.sqlserver.jdbc.SQLServerException: 호스트 61.32.101.234, 포트 1433에 대한 TCP/IP 연결에 실패했습니다. 오류: "connect timed out. 연결 속성을 확인하십시오. SQL Server의 인스턴스가 호스트에서 실행되고 있고 포트에서 TCP/IP 연결을 허용하고 있는지 확인하십시오. 또한 방화벽에서 포트로의 TCP 연결을 차단하지 않는지 확인하십시오.".
### The error may exist in com/daejist/login/mapper/LoginMapper.xml
### The error may involve com.daejist.login.mapper.LoginMapper.checkUserWithSessionKey
### The error occurred while executing a query
### Cause: org.springframework.jdbc.CannotGetJdbcConnectionException: Failed to obtain JDBC Connection; nested exception is com.microsoft.sqlserver.jdbc.SQLServerException: 호스트 61.32.101.234, 포트 1433에 대한 TCP/IP 연결에 실패했습니다. 오류: "connect timed out. 연결 속성을 확인하십시오. SQL Server의 인스턴스가 호스트에서 실행되고 있고 포트에서 TCP/IP 연결을 허용하고 있는지 확인하십시오. 또한 방화벽에서 포트로의 TCP 연결을 차단하지 않는지 확인하십시오.".] with root cause
 com.microsoft.sqlserver.jdbc.SQLServerException: 호스트 61.32.101.234, 포트 1433에 대한 TCP/IP 연결에 실패했습니다. 오류: "connect timed out. 연결 속성을 확인하십시오. SQL Server의 인스턴스가 호스트에서 실행되고 있고 포트에서 TCP/IP 연결을 허용하고 있는지 확인하십시오. 또한 방화벽에서 포트로의 TCP 연결을 차단하지 않는지 확인하십시오.".
	at com.microsoft.sqlserver.jdbc.SQLServerException.makeFromDriverError(SQLServerException.java:234)
	at com.microsoft.sqlserver.jdbc.SQLServerException.ConvertConnectExceptionToSQLServerException(SQLServerException.java:285)
	at com.microsoft.sqlserver.jdbc.SocketFinder.findSocket(IOBuffer.java:2462)
	at com.microsoft.sqlserver.jdbc.TDSChannel.open(IOBuffer.java:668)
	at com.microsoft.sqlserver.jdbc.SQLServerConnection.connectHelper(SQLServerConnection.java:2695)
	at com.microsoft.sqlserver.jdbc.SQLServerConnection.login(SQLServerConnection.java:2362)
	at com.microsoft.sqlserver.jdbc.SQLServerConnection.connectInternal(SQLServerConnection.java:2213)
	at com.microsoft.sqlserver.jdbc.SQLServerConnection.connect(SQLServerConnection.java:1276)
	at com.microsoft.sqlserver.jdbc.SQLServerDriver.connect(SQLServerDriver.java:861)
	at org.apache.commons.dbcp.DriverConnectionFactory.createConnection(DriverConnectionFactory.java:38)
	at org.apache.commons.dbcp.PoolableConnectionFactory.makeObject(PoolableConnectionFactory.java:582)
	at org.apache.commons.pool.impl.GenericObjectPool.borrowObject(GenericObjectPool.java:1148)
	at org.apache.commons.dbcp.PoolingDataSource.getConnection(PoolingDataSource.java:106)
	at org.apache.commons.dbcp.BasicDataSource.getConnection(BasicDataSource.java:1044)
	at org.springframework.jdbc.datasource.DataSourceUtils.fetchConnection(DataSourceUtils.java:157)
	at org.springframework.jdbc.datasource.DataSourceUtils.doGetConnection(DataSourceUtils.java:115)
	at org.springframework.jdbc.datasource.DataSourceUtils.getConnection(DataSourceUtils.java:78)
	at org.mybatis.spring.transaction.SpringManagedTransaction.openConnection(SpringManagedTransaction.java:80)
	at org.mybatis.spring.transaction.SpringManagedTransaction.getConnection(SpringManagedTransaction.java:67)
	at org.apache.ibatis.executor.BaseExecutor.getConnection(BaseExecutor.java:336)
	at org.apache.ibatis.executor.SimpleExecutor.prepareStatement(SimpleExecutor.java:85)
	at org.apache.ibatis.executor.SimpleExecutor.doQuery(SimpleExecutor.java:62)
	at org.apache.ibatis.executor.BaseExecutor.queryFromDatabase(BaseExecutor.java:324)
	at org.apache.ibatis.executor.BaseExecutor.query(BaseExecutor.java:156)
	at org.apache.ibatis.executor.CachingExecutor.query(CachingExecutor.java:109)
	at org.apache.ibatis.executor.CachingExecutor.query(CachingExecutor.java:83)
	at org.apache.ibatis.session.defaults.DefaultSqlSession.selectList(DefaultSqlSession.java:147)
	at org.apache.ibatis.session.defaults.DefaultSqlSession.selectList(DefaultSqlSession.java:140)
	at org.apache.ibatis.session.defaults.DefaultSqlSession.selectOne(DefaultSqlSession.java:76)
	at sun.reflect.GeneratedMethodAccessor1266.invoke(Unknown Source)
	at sun.reflect.DelegatingMethodAccessorImpl.invoke(DelegatingMethodAccessorImpl.java:43)
	at java.lang.reflect.Method.invoke(Method.java:498)
	at org.mybatis.spring.SqlSessionTemplate$SqlSessionInterceptor.invoke(SqlSessionTemplate.java:426)
	at com.sun.proxy.$Proxy366.selectOne(Unknown Source)
	at org.mybatis.spring.SqlSessionTemplate.selectOne(SqlSessionTemplate.java:159)
	at org.apache.ibatis.binding.MapperMethod.execute(MapperMethod.java:87)
	at org.apache.ibatis.binding.MapperProxy.invoke(MapperProxy.java:57)
	at com.sun.proxy.$Proxy368.checkUserWithSessionKey(Unknown Source)
	at com.daejist.login.service.LoginServiceImp.checkUserWithSessionKey(LoginServiceImp.java:84)
	at com.daejist.login.controller.LoginController.getSessionInfo(LoginController.java:321)
	at sun.reflect.GeneratedMethodAccessor1293.invoke(Unknown Source)
	at sun.reflect.DelegatingMethodAccessorImpl.invoke(DelegatingMethodAccessorImpl.java:43)
	at java.lang.reflect.Method.invoke(Method.java:498)
	at org.springframework.web.method.support.InvocableHandlerMethod.doInvoke(InvocableHandlerMethod.java:190)
	at org.springframework.web.method.support.InvocableHandlerMethod.invokeForRequest(InvocableHandlerMethod.java:138)
	at org.springframework.web.servlet.mvc.method.annotation.ServletInvocableHandlerMethod.invokeAndHandle(ServletInvocableHandlerMethod.java:104)
	at org.springframework.web.servlet.mvc.method.annotation.RequestMappingHandlerAdapter.invokeHandlerMethod(RequestMappingHandlerAdapter.java:892)
	at org.springframework.web.servlet.mvc.method.annotation.RequestMappingHandlerAdapter.handleInternal(RequestMappingHandlerAdapter.java:797)
	at org.springframework.web.servlet.mvc.method.AbstractHandlerMethodAdapter.handle(AbstractHandlerMethodAdapter.java:87)
	at org.springframework.web.servlet.DispatcherServlet.doDispatch(DispatcherServlet.java:1039)
	at org.springframework.web.servlet.DispatcherServlet.doService(DispatcherServlet.java:942)
	at org.springframework.web.servlet.FrameworkServlet.processRequest(FrameworkServlet.java:1005)
	at org.springframework.web.servlet.FrameworkServlet.doPost(FrameworkServlet.java:908)
	at javax.servlet.http.HttpServlet.service(HttpServlet.java:648)
	at org.springframework.web.servlet.FrameworkServlet.service(FrameworkServlet.java:882)
	at javax.servlet.http.HttpServlet.service(HttpServlet.java:729)
	at org.apache.catalina.core.ApplicationFilterChain.internalDoFilter(ApplicationFilterChain.java:292)
	at org.apache.catalina.core.ApplicationFilterChain.doFilter(ApplicationFilterChain.java:207)
	at org.apache.tomcat.websocket.server.WsFilter.doFilter(WsFilter.java:52)
	at org.apache.catalina.core.ApplicationFilterChain.internalDoFilter(ApplicationFilterChain.java:240)
	at org.apache.catalina.core.ApplicationFilterChain.doFilter(ApplicationFilterChain.java:207)
	at org.springframework.web.filter.CharacterEncodingFilter.doFilterInternal(CharacterEncodingFilter.java:200)
	at org.springframework.web.filter.OncePerRequestFilter.doFilter(OncePerRequestFilter.java:118)
	at org.apache.catalina.core.ApplicationFilterChain.internalDoFilter(ApplicationFilterChain.java:240)
	at org.apache.catalina.core.ApplicationFilterChain.doFilter(ApplicationFilterChain.java:207)
	at org.apache.catalina.core.StandardWrapperValve.invoke(StandardWrapperValve.java:212)
	at org.apache.catalina.core.StandardContextValve.invoke(StandardContextValve.java:94)
	at org.apache.catalina.core.StandardHostValve.invoke(StandardHostValve.java:141)
	at org.apache.catalina.valves.ErrorReportValve.invoke(ErrorReportValve.java:79)
	at org.apache.catalina.core.StandardEngineValve.invoke(StandardEngineValve.java:88)
	at org.apache.catalina.connector.CoyoteAdapter.service(CoyoteAdapter.java:502)
	at org.apache.coyote.http11.AbstractHttp11Processor.process(AbstractHttp11Processor.java:1132)
	at org.apache.coyote.AbstractProtocol$AbstractConnectionHandler.process(AbstractProtocol.java:684)
	at org.apache.tomcat.util.net.NioEndpoint$SocketProcessor.doRun(NioEndpoint.java:1539)
	at org.apache.tomcat.util.net.NioEndpoint$SocketProcessor.run(NioEndpoint.java:1495)
	at java.util.concurrent.ThreadPoolExecutor.runWorker(ThreadPoolExecutor.java:1142)
	at java.util.concurrent.ThreadPoolExecutor$Worker.run(ThreadPoolExecutor.java:617)
	at org.apache.tomcat.util.threads.TaskThread$WrappingRunnable.run(TaskThread.java:61)
	at java.lang.Thread.run(Thread.java:745)

28-Aug-2023 13:28:26.249 심각 [http-nio-8855-exec-309] org.apache.catalina.core.StandardWrapperValve.invoke Servlet.service() for servlet [appServlet] in context with path [] threw exception [Request processing failed; nested exception is org.mybatis.spring.MyBatisSystemException: nested exception is org.apache.ibatis.exceptions.PersistenceException: 
### Error querying database.  Cause: org.springframework.jdbc.CannotGetJdbcConnectionException: Failed to obtain JDBC Connection; nested exception is com.microsoft.sqlserver.jdbc.SQLServerException: 호스트 61.32.101.234, 포트 1433에 대한 TCP/IP 연결에 실패했습니다. 오류: "connect timed out. 연결 속성을 확인하십시오. SQL Server의 인스턴스가 호스트에서 실행되고 있고 포트에서 TCP/IP 연결을 허용하고 있는지 확인하십시오. 또한 방화벽에서 포트로의 TCP 연결을 차단하지 않는지 확인하십시오.".
### The error may exist in com/daejist/login/mapper/LoginMapper.xml
### The error may involve com.daejist.login.mapper.LoginMapper.checkUserWithSessionKey
### The error occurred while executing a query
### Cause: org.springframework.jdbc.CannotGetJdbcConnectionException: Failed to obtain JDBC Connection; nested exception is com.microsoft.sqlserver.jdbc.SQLServerException: 호스트 61.32.101.234, 포트 1433에 대한 TCP/IP 연결에 실패했습니다. 오류: "connect timed out. 연결 속성을 확인하십시오. SQL Server의 인스턴스가 호스트에서 실행되고 있고 포트에서 TCP/IP 연결을 허용하고 있는지 확인하십시오. 또한 방화벽에서 포트로의 TCP 연결을 차단하지 않는지 확인하십시오.".] with root cause
 com.microsoft.sqlserver.jdbc.SQLServerException: 호스트 61.32.101.234, 포트 1433에 대한 TCP/IP 연결에 실패했습니다. 오류: "connect timed out. 연결 속성을 확인하십시오. SQL Server의 인스턴스가 호스트에서 실행되고 있고 포트에서 TCP/IP 연결을 허용하고 있는지 확인하십시오. 또한 방화벽에서 포트로의 TCP 연결을 차단하지 않는지 확인하십시오.".
	at com.microsoft.sqlserver.jdbc.SQLServerException.makeFromDriverError(SQLServerException.java:234)
	at com.microsoft.sqlserver.jdbc.SQLServerException.ConvertConnectExceptionToSQLServerException(SQLServerException.java:285)
	at com.microsoft.sqlserver.jdbc.SocketFinder.findSocket(IOBuffer.java:2462)
	at com.microsoft.sqlserver.jdbc.TDSChannel.open(IOBuffer.java:668)
	at com.microsoft.sqlserver.jdbc.SQLServerConnection.connectHelper(SQLServerConnection.java:2695)
	at com.microsoft.sqlserver.jdbc.SQLServerConnection.login(SQLServerConnection.java:2362)
	at com.microsoft.sqlserver.jdbc.SQLServerConnection.connectInternal(SQLServerConnection.java:2213)
	at com.microsoft.sqlserver.jdbc.SQLServerConnection.connect(SQLServerConnection.java:1276)
	at com.microsoft.sqlserver.jdbc.SQLServerDriver.connect(SQLServerDriver.java:861)
	at org.apache.commons.dbcp.DriverConnectionFactory.createConnection(DriverConnectionFactory.java:38)
	at org.apache.commons.dbcp.PoolableConnectionFactory.makeObject(PoolableConnectionFactory.java:582)
	at org.apache.commons.pool.impl.GenericObjectPool.borrowObject(GenericObjectPool.java:1148)
	at org.apache.commons.dbcp.PoolingDataSource.getConnection(PoolingDataSource.java:106)
	at org.apache.commons.dbcp.BasicDataSource.getConnection(BasicDataSource.java:1044)
	at org.springframework.jdbc.datasource.DataSourceUtils.fetchConnection(DataSourceUtils.java:157)
	at org.springframework.jdbc.datasource.DataSourceUtils.doGetConnection(DataSourceUtils.java:115)
	at org.springframework.jdbc.datasource.DataSourceUtils.getConnection(DataSourceUtils.java:78)
	at org.mybatis.spring.transaction.SpringManagedTransaction.openConnection(SpringManagedTransaction.java:80)
	at org.mybatis.spring.transaction.SpringManagedTransaction.getConnection(SpringManagedTransaction.java:67)
	at org.apache.ibatis.executor.BaseExecutor.getConnection(BaseExecutor.java:336)
	at org.apache.ibatis.executor.SimpleExecutor.prepareStatement(SimpleExecutor.java:85)
	at org.apache.ibatis.executor.SimpleExecutor.doQuery(SimpleExecutor.java:62)
	at org.apache.ibatis.executor.BaseExecutor.queryFromDatabase(BaseExecutor.java:324)
	at org.apache.ibatis.executor.BaseExecutor.query(BaseExecutor.java:156)
	at org.apache.ibatis.executor.CachingExecutor.query(CachingExecutor.java:109)
	at org.apache.ibatis.executor.CachingExecutor.query(CachingExecutor.java:83)
	at org.apache.ibatis.session.defaults.DefaultSqlSession.selectList(DefaultSqlSession.java:147)
	at org.apache.ibatis.session.defaults.DefaultSqlSession.selectList(DefaultSqlSession.java:140)
	at org.apache.ibatis.session.defaults.DefaultSqlSession.selectOne(DefaultSqlSession.java:76)
	at sun.reflect.GeneratedMethodAccessor1266.invoke(Unknown Source)
	at sun.reflect.DelegatingMethodAccessorImpl.invoke(DelegatingMethodAccessorImpl.java:43)
	at java.lang.reflect.Method.invoke(Method.java:498)
	at org.mybatis.spring.SqlSessionTemplate$SqlSessionInterceptor.invoke(SqlSessionTemplate.java:426)
	at com.sun.proxy.$Proxy366.selectOne(Unknown Source)
	at org.mybatis.spring.SqlSessionTemplate.selectOne(SqlSessionTemplate.java:159)
	at org.apache.ibatis.binding.MapperMethod.execute(MapperMethod.java:87)
	at org.apache.ibatis.binding.MapperProxy.invoke(MapperProxy.java:57)
	at com.sun.proxy.$Proxy368.checkUserWithSessionKey(Unknown Source)
	at com.daejist.login.service.LoginServiceImp.checkUserWithSessionKey(LoginServiceImp.java:84)
	at com.daejist.login.controller.LoginController.getSessionInfo(LoginController.java:321)
	at sun.reflect.GeneratedMethodAccessor1293.invoke(Unknown Source)
	at sun.reflect.DelegatingMethodAccessorImpl.invoke(DelegatingMethodAccessorImpl.java:43)
	at java.lang.reflect.Method.invoke(Method.java:498)
	at org.springframework.web.method.support.InvocableHandlerMethod.doInvoke(InvocableHandlerMethod.java:190)
	at org.springframework.web.method.support.InvocableHandlerMethod.invokeForRequest(InvocableHandlerMethod.java:138)
	at org.springframework.web.servlet.mvc.method.annotation.ServletInvocableHandlerMethod.invokeAndHandle(ServletInvocableHandlerMethod.java:104)
	at org.springframework.web.servlet.mvc.method.annotation.RequestMappingHandlerAdapter.invokeHandlerMethod(RequestMappingHandlerAdapter.java:892)
	at org.springframework.web.servlet.mvc.method.annotation.RequestMappingHandlerAdapter.handleInternal(RequestMappingHandlerAdapter.java:797)
	at org.springframework.web.servlet.mvc.method.AbstractHandlerMethodAdapter.handle(AbstractHandlerMethodAdapter.java:87)
	at org.springframework.web.servlet.DispatcherServlet.doDispatch(DispatcherServlet.java:1039)
	at org.springframework.web.servlet.DispatcherServlet.doService(DispatcherServlet.java:942)
	at org.springframework.web.servlet.FrameworkServlet.processRequest(FrameworkServlet.java:1005)
	at org.springframework.web.servlet.FrameworkServlet.doPost(FrameworkServlet.java:908)
	at javax.servlet.http.HttpServlet.service(HttpServlet.java:648)
	at org.springframework.web.servlet.FrameworkServlet.service(FrameworkServlet.java:882)
	at javax.servlet.http.HttpServlet.service(HttpServlet.java:729)
	at org.apache.catalina.core.ApplicationFilterChain.internalDoFilter(ApplicationFilterChain.java:292)
	at org.apache.catalina.core.ApplicationFilterChain.doFilter(ApplicationFilterChain.java:207)
	at org.apache.tomcat.websocket.server.WsFilter.doFilter(WsFilter.java:52)
	at org.apache.catalina.core.ApplicationFilterChain.internalDoFilter(ApplicationFilterChain.java:240)
	at org.apache.catalina.core.ApplicationFilterChain.doFilter(ApplicationFilterChain.java:207)
	at org.springframework.web.filter.CharacterEncodingFilter.doFilterInternal(CharacterEncodingFilter.java:200)
	at org.springframework.web.filter.OncePerRequestFilter.doFilter(OncePerRequestFilter.java:118)
	at org.apache.catalina.core.ApplicationFilterChain.internalDoFilter(ApplicationFilterChain.java:240)
	at org.apache.catalina.core.ApplicationFilterChain.doFilter(ApplicationFilterChain.java:207)
	at org.apache.catalina.core.StandardWrapperValve.invoke(StandardWrapperValve.java:212)
	at org.apache.catalina.core.StandardContextValve.invoke(StandardContextValve.java:94)
	at org.apache.catalina.core.StandardHostValve.invoke(StandardHostValve.java:141)
	at org.apache.catalina.valves.ErrorReportValve.invoke(ErrorReportValve.java:79)
	at org.apache.catalina.core.StandardEngineValve.invoke(StandardEngineValve.java:88)
	at org.apache.catalina.connector.CoyoteAdapter.service(CoyoteAdapter.java:502)
	at org.apache.coyote.http11.AbstractHttp11Processor.process(AbstractHttp11Processor.java:1132)
	at org.apache.coyote.AbstractProtocol$AbstractConnectionHandler.process(AbstractProtocol.java:684)
	at org.apache.tomcat.util.net.NioEndpoint$SocketProcessor.doRun(NioEndpoint.java:1539)
	at org.apache.tomcat.util.net.NioEndpoint$SocketProcessor.run(NioEndpoint.java:1495)
	at java.util.concurrent.ThreadPoolExecutor.runWorker(ThreadPoolExecutor.java:1142)
	at java.util.concurrent.ThreadPoolExecutor$Worker.run(ThreadPoolExecutor.java:617)
	at org.apache.tomcat.util.threads.TaskThread$WrappingRunnable.run(TaskThread.java:61)
	at java.lang.Thread.run(Thread.java:745)

28-Aug-2023 13:28:36.334 심각 [http-nio-8855-exec-315] org.apache.catalina.core.StandardWrapperValve.invoke Servlet.service() for servlet [appServlet] in context with path [] threw exception [Request processing failed; nested exception is org.mybatis.spring.MyBatisSystemException: nested exception is org.apache.ibatis.exceptions.PersistenceException: 
### Error querying database.  Cause: org.springframework.jdbc.CannotGetJdbcConnectionException: Failed to obtain JDBC Connection; nested exception is com.microsoft.sqlserver.jdbc.SQLServerException: 호스트 61.32.101.234, 포트 1433에 대한 TCP/IP 연결에 실패했습니다. 오류: "connect timed out. 연결 속성을 확인하십시오. SQL Server의 인스턴스가 호스트에서 실행되고 있고 포트에서 TCP/IP 연결을 허용하고 있는지 확인하십시오. 또한 방화벽에서 포트로의 TCP 연결을 차단하지 않는지 확인하십시오.".
### The error may exist in com/daejist/login/mapper/MesuringMapper.xml
### The error may involve com.daejist.login.mapper.MesuringMapper.getList
### The error occurred while executing a query
### Cause: org.springframework.jdbc.CannotGetJdbcConnectionException: Failed to obtain JDBC Connection; nested exception is com.microsoft.sqlserver.jdbc.SQLServerException: 호스트 61.32.101.234, 포트 1433에 대한 TCP/IP 연결에 실패했습니다. 오류: "connect timed out. 연결 속성을 확인하십시오. SQL Server의 인스턴스가 호스트에서 실행되고 있고 포트에서 TCP/IP 연결을 허용하고 있는지 확인하십시오. 또한 방화벽에서 포트로의 TCP 연결을 차단하지 않는지 확인하십시오.".] with root cause
 com.microsoft.sqlserver.jdbc.SQLServerException: 호스트 61.32.101.234, 포트 1433에 대한 TCP/IP 연결에 실패했습니다. 오류: "connect timed out. 연결 속성을 확인하십시오. SQL Server의 인스턴스가 호스트에서 실행되고 있고 포트에서 TCP/IP 연결을 허용하고 있는지 확인하십시오. 또한 방화벽에서 포트로의 TCP 연결을 차단하지 않는지 확인하십시오.".
	at com.microsoft.sqlserver.jdbc.SQLServerException.makeFromDriverError(SQLServerException.java:234)
	at com.microsoft.sqlserver.jdbc.SQLServerException.ConvertConnectExceptionToSQLServerException(SQLServerException.java:285)
	at com.microsoft.sqlserver.jdbc.SocketFinder.findSocket(IOBuffer.java:2462)
	at com.microsoft.sqlserver.jdbc.TDSChannel.open(IOBuffer.java:668)
	at com.microsoft.sqlserver.jdbc.SQLServerConnection.connectHelper(SQLServerConnection.java:2695)
	at com.microsoft.sqlserver.jdbc.SQLServerConnection.login(SQLServerConnection.java:2362)
	at com.microsoft.sqlserver.jdbc.SQLServerConnection.connectInternal(SQLServerConnection.java:2213)
	at com.microsoft.sqlserver.jdbc.SQLServerConnection.connect(SQLServerConnection.java:1276)
	at com.microsoft.sqlserver.jdbc.SQLServerDriver.connect(SQLServerDriver.java:861)
	at org.apache.commons.dbcp.DriverConnectionFactory.createConnection(DriverConnectionFactory.java:38)
	at org.apache.commons.dbcp.PoolableConnectionFactory.makeObject(PoolableConnectionFactory.java:582)
	at org.apache.commons.pool.impl.GenericObjectPool.borrowObject(GenericObjectPool.java:1148)
	at org.apache.commons.dbcp.PoolingDataSource.getConnection(PoolingDataSource.java:106)
	at org.apache.commons.dbcp.BasicDataSource.getConnection(BasicDataSource.java:1044)
	at org.springframework.jdbc.datasource.DataSourceUtils.fetchConnection(DataSourceUtils.java:157)
	at org.springframework.jdbc.datasource.DataSourceUtils.doGetConnection(DataSourceUtils.java:115)
	at org.springframework.jdbc.datasource.DataSourceUtils.getConnection(DataSourceUtils.java:78)
	at org.mybatis.spring.transaction.SpringManagedTransaction.openConnection(SpringManagedTransaction.java:80)
	at org.mybatis.spring.transaction.SpringManagedTransaction.getConnection(SpringManagedTransaction.java:67)
	at org.apache.ibatis.executor.BaseExecutor.getConnection(BaseExecutor.java:336)
	at org.apache.ibatis.executor.SimpleExecutor.prepareStatement(SimpleExecutor.java:85)
	at org.apache.ibatis.executor.SimpleExecutor.doQuery(SimpleExecutor.java:62)
	at org.apache.ibatis.executor.BaseExecutor.queryFromDatabase(BaseExecutor.java:324)
	at org.apache.ibatis.executor.BaseExecutor.query(BaseExecutor.java:156)
	at org.apache.ibatis.executor.CachingExecutor.query(CachingExecutor.java:109)
	at org.apache.ibatis.executor.CachingExecutor.query(CachingExecutor.java:83)
	at org.apache.ibatis.session.defaults.DefaultSqlSession.selectList(DefaultSqlSession.java:147)
	at org.apache.ibatis.session.defaults.DefaultSqlSession.selectList(DefaultSqlSession.java:140)
	at sun.reflect.GeneratedMethodAccessor1287.invoke(Unknown Source)
	at sun.reflect.DelegatingMethodAccessorImpl.invoke(DelegatingMethodAccessorImpl.java:43)
	at java.lang.reflect.Method.invoke(Method.java:498)
	at org.mybatis.spring.SqlSessionTemplate$SqlSessionInterceptor.invoke(SqlSessionTemplate.java:426)
	at com.sun.proxy.$Proxy366.selectList(Unknown Source)
	at org.mybatis.spring.SqlSessionTemplate.selectList(SqlSessionTemplate.java:223)
	at org.apache.ibatis.binding.MapperMethod.executeForMany(MapperMethod.java:147)
	at org.apache.ibatis.binding.MapperMethod.execute(MapperMethod.java:80)
	at org.apache.ibatis.binding.MapperProxy.invoke(MapperProxy.java:57)
	at com.sun.proxy.$Proxy370.getList(Unknown Source)
	at com.daejist.login.service.MesuringServiceImp.getList(MesuringServiceImp.java:29)
	at com.daejist.login.controller.LoginController.InspectionGrid(LoginController.java:180)
	at sun.reflect.GeneratedMethodAccessor1307.invoke(Unknown Source)
	at sun.reflect.DelegatingMethodAccessorImpl.invoke(DelegatingMethodAccessorImpl.java:43)
	at java.lang.reflect.Method.invoke(Method.java:498)
	at org.springframework.web.method.support.InvocableHandlerMethod.doInvoke(InvocableHandlerMethod.java:190)
	at org.springframework.web.method.support.InvocableHandlerMethod.invokeForRequest(InvocableHandlerMethod.java:138)
	at org.springframework.web.servlet.mvc.method.annotation.ServletInvocableHandlerMethod.invokeAndHandle(ServletInvocableHandlerMethod.java:104)
	at org.springframework.web.servlet.mvc.method.annotation.RequestMappingHandlerAdapter.invokeHandlerMethod(RequestMappingHandlerAdapter.java:892)
	at org.springframework.web.servlet.mvc.method.annotation.RequestMappingHandlerAdapter.handleInternal(RequestMappingHandlerAdapter.java:797)
	at org.springframework.web.servlet.mvc.method.AbstractHandlerMethodAdapter.handle(AbstractHandlerMethodAdapter.java:87)
	at org.springframework.web.servlet.DispatcherServlet.doDispatch(DispatcherServlet.java:1039)
	at org.springframework.web.servlet.DispatcherServlet.doService(DispatcherServlet.java:942)
	at org.springframework.web.servlet.FrameworkServlet.processRequest(FrameworkServlet.java:1005)
	at org.springframework.web.servlet.FrameworkServlet.doGet(FrameworkServlet.java:897)
	at javax.servlet.http.HttpServlet.service(HttpServlet.java:622)
	at org.springframework.web.servlet.FrameworkServlet.service(FrameworkServlet.java:882)
	at javax.servlet.http.HttpServlet.service(HttpServlet.java:729)
	at org.apache.catalina.core.ApplicationFilterChain.internalDoFilter(ApplicationFilterChain.java:292)
	at org.apache.catalina.core.ApplicationFilterChain.doFilter(ApplicationFilterChain.java:207)
	at org.apache.tomcat.websocket.server.WsFilter.doFilter(WsFilter.java:52)
	at org.apache.catalina.core.ApplicationFilterChain.internalDoFilter(ApplicationFilterChain.java:240)
	at org.apache.catalina.core.ApplicationFilterChain.doFilter(ApplicationFilterChain.java:207)
	at org.springframework.web.filter.CharacterEncodingFilter.doFilterInternal(CharacterEncodingFilter.java:200)
	at org.springframework.web.filter.OncePerRequestFilter.doFilter(OncePerRequestFilter.java:118)
	at org.apache.catalina.core.ApplicationFilterChain.internalDoFilter(ApplicationFilterChain.java:240)
	at org.apache.catalina.core.ApplicationFilterChain.doFilter(ApplicationFilterChain.java:207)
	at org.apache.catalina.core.StandardWrapperValve.invoke(StandardWrapperValve.java:212)
	at org.apache.catalina.core.StandardContextValve.invoke(StandardContextValve.java:94)
	at org.apache.catalina.core.StandardHostValve.invoke(StandardHostValve.java:141)
	at org.apache.catalina.valves.ErrorReportValve.invoke(ErrorReportValve.java:79)
	at org.apache.catalina.core.StandardEngineValve.invoke(StandardEngineValve.java:88)
	at org.apache.catalina.connector.CoyoteAdapter.service(CoyoteAdapter.java:502)
	at org.apache.coyote.http11.AbstractHttp11Processor.process(AbstractHttp11Processor.java:1132)
	at org.apache.coyote.AbstractProtocol$AbstractConnectionHandler.process(AbstractProtocol.java:684)
	at org.apache.tomcat.util.net.NioEndpoint$SocketProcessor.doRun(NioEndpoint.java:1539)
	at org.apache.tomcat.util.net.NioEndpoint$SocketProcessor.run(NioEndpoint.java:1495)
	at java.util.concurrent.ThreadPoolExecutor.runWorker(ThreadPoolExecutor.java:1142)
	at java.util.concurrent.ThreadPoolExecutor$Worker.run(ThreadPoolExecutor.java:617)
	at org.apache.tomcat.util.threads.TaskThread$WrappingRunnable.run(TaskThread.java:61)
	at java.lang.Thread.run(Thread.java:745)

28-Aug-2023 13:33:53.242 심각 [http-nio-8855-exec-317] org.apache.catalina.core.StandardWrapperValve.invoke Servlet.service() for servlet [appServlet] in context with path [] threw exception [Request processing failed; nested exception is org.mybatis.spring.MyBatisSystemException: nested exception is org.apache.ibatis.exceptions.PersistenceException: 
### Error querying database.  Cause: org.springframework.jdbc.CannotGetJdbcConnectionException: Failed to obtain JDBC Connection; nested exception is com.microsoft.sqlserver.jdbc.SQLServerException: 호스트 61.32.101.234, 포트 1433에 대한 TCP/IP 연결에 실패했습니다. 오류: "connect timed out. 연결 속성을 확인하십시오. SQL Server의 인스턴스가 호스트에서 실행되고 있고 포트에서 TCP/IP 연결을 허용하고 있는지 확인하십시오. 또한 방화벽에서 포트로의 TCP 연결을 차단하지 않는지 확인하십시오.".
### The error may exist in com/daejist/login/mapper/LoginMapper.xml
### The error may involve com.daejist.login.mapper.LoginMapper.checkUserWithSessionKey
### The error occurred while executing a query
### Cause: org.springframework.jdbc.CannotGetJdbcConnectionException: Failed to obtain JDBC Connection; nested exception is com.microsoft.sqlserver.jdbc.SQLServerException: 호스트 61.32.101.234, 포트 1433에 대한 TCP/IP 연결에 실패했습니다. 오류: "connect timed out. 연결 속성을 확인하십시오. SQL Server의 인스턴스가 호스트에서 실행되고 있고 포트에서 TCP/IP 연결을 허용하고 있는지 확인하십시오. 또한 방화벽에서 포트로의 TCP 연결을 차단하지 않는지 확인하십시오.".] with root cause
 com.microsoft.sqlserver.jdbc.SQLServerException: 호스트 61.32.101.234, 포트 1433에 대한 TCP/IP 연결에 실패했습니다. 오류: "connect timed out. 연결 속성을 확인하십시오. SQL Server의 인스턴스가 호스트에서 실행되고 있고 포트에서 TCP/IP 연결을 허용하고 있는지 확인하십시오. 또한 방화벽에서 포트로의 TCP 연결을 차단하지 않는지 확인하십시오.".
	at com.microsoft.sqlserver.jdbc.SQLServerException.makeFromDriverError(SQLServerException.java:234)
	at com.microsoft.sqlserver.jdbc.SQLServerException.ConvertConnectExceptionToSQLServerException(SQLServerException.java:285)
	at com.microsoft.sqlserver.jdbc.SocketFinder.findSocket(IOBuffer.java:2462)
	at com.microsoft.sqlserver.jdbc.TDSChannel.open(IOBuffer.java:668)
	at com.microsoft.sqlserver.jdbc.SQLServerConnection.connectHelper(SQLServerConnection.java:2695)
	at com.microsoft.sqlserver.jdbc.SQLServerConnection.login(SQLServerConnection.java:2362)
	at com.microsoft.sqlserver.jdbc.SQLServerConnection.connectInternal(SQLServerConnection.java:2213)
	at com.microsoft.sqlserver.jdbc.SQLServerConnection.connect(SQLServerConnection.java:1276)
	at com.microsoft.sqlserver.jdbc.SQLServerDriver.connect(SQLServerDriver.java:861)
	at org.apache.commons.dbcp.DriverConnectionFactory.createConnection(DriverConnectionFactory.java:38)
	at org.apache.commons.dbcp.PoolableConnectionFactory.makeObject(PoolableConnectionFactory.java:582)
	at org.apache.commons.pool.impl.GenericObjectPool.borrowObject(GenericObjectPool.java:1148)
	at org.apache.commons.dbcp.PoolingDataSource.getConnection(PoolingDataSource.java:106)
	at org.apache.commons.dbcp.BasicDataSource.getConnection(BasicDataSource.java:1044)
	at org.springframework.jdbc.datasource.DataSourceUtils.fetchConnection(DataSourceUtils.java:157)
	at org.springframework.jdbc.datasource.DataSourceUtils.doGetConnection(DataSourceUtils.java:115)
	at org.springframework.jdbc.datasource.DataSourceUtils.getConnection(DataSourceUtils.java:78)
	at org.mybatis.spring.transaction.SpringManagedTransaction.openConnection(SpringManagedTransaction.java:80)
	at org.mybatis.spring.transaction.SpringManagedTransaction.getConnection(SpringManagedTransaction.java:67)
	at org.apache.ibatis.executor.BaseExecutor.getConnection(BaseExecutor.java:336)
	at org.apache.ibatis.executor.SimpleExecutor.prepareStatement(SimpleExecutor.java:85)
	at org.apache.ibatis.executor.SimpleExecutor.doQuery(SimpleExecutor.java:62)
	at org.apache.ibatis.executor.BaseExecutor.queryFromDatabase(BaseExecutor.java:324)
	at org.apache.ibatis.executor.BaseExecutor.query(BaseExecutor.java:156)
	at org.apache.ibatis.executor.CachingExecutor.query(CachingExecutor.java:109)
	at org.apache.ibatis.executor.CachingExecutor.query(CachingExecutor.java:83)
	at org.apache.ibatis.session.defaults.DefaultSqlSession.selectList(DefaultSqlSession.java:147)
	at org.apache.ibatis.session.defaults.DefaultSqlSession.selectList(DefaultSqlSession.java:140)
	at org.apache.ibatis.session.defaults.DefaultSqlSession.selectOne(DefaultSqlSession.java:76)
	at sun.reflect.GeneratedMethodAccessor1266.invoke(Unknown Source)
	at sun.reflect.DelegatingMethodAccessorImpl.invoke(DelegatingMethodAccessorImpl.java:43)
	at java.lang.reflect.Method.invoke(Method.java:498)
	at org.mybatis.spring.SqlSessionTemplate$SqlSessionInterceptor.invoke(SqlSessionTemplate.java:426)
	at com.sun.proxy.$Proxy366.selectOne(Unknown Source)
	at org.mybatis.spring.SqlSessionTemplate.selectOne(SqlSessionTemplate.java:159)
	at org.apache.ibatis.binding.MapperMethod.execute(MapperMethod.java:87)
	at org.apache.ibatis.binding.MapperProxy.invoke(MapperProxy.java:57)
	at com.sun.proxy.$Proxy368.checkUserWithSessionKey(Unknown Source)
	at com.daejist.login.service.LoginServiceImp.checkUserWithSessionKey(LoginServiceImp.java:84)
	at com.daejist.login.controller.LoginController.login(LoginController.java:75)
	at sun.reflect.GeneratedMethodAccessor1343.invoke(Unknown Source)
	at sun.reflect.DelegatingMethodAccessorImpl.invoke(DelegatingMethodAccessorImpl.java:43)
	at java.lang.reflect.Method.invoke(Method.java:498)
	at org.springframework.web.method.support.InvocableHandlerMethod.doInvoke(InvocableHandlerMethod.java:190)
	at org.springframework.web.method.support.InvocableHandlerMethod.invokeForRequest(InvocableHandlerMethod.java:138)
	at org.springframework.web.servlet.mvc.method.annotation.ServletInvocableHandlerMethod.invokeAndHandle(ServletInvocableHandlerMethod.java:104)
	at org.springframework.web.servlet.mvc.method.annotation.RequestMappingHandlerAdapter.invokeHandlerMethod(RequestMappingHandlerAdapter.java:892)
	at org.springframework.web.servlet.mvc.method.annotation.RequestMappingHandlerAdapter.handleInternal(RequestMappingHandlerAdapter.java:797)
	at org.springframework.web.servlet.mvc.method.AbstractHandlerMethodAdapter.handle(AbstractHandlerMethodAdapter.java:87)
	at org.springframework.web.servlet.DispatcherServlet.doDispatch(DispatcherServlet.java:1039)
	at org.springframework.web.servlet.DispatcherServlet.doService(DispatcherServlet.java:942)
	at org.springframework.web.servlet.FrameworkServlet.processRequest(FrameworkServlet.java:1005)
	at org.springframework.web.servlet.FrameworkServlet.doGet(FrameworkServlet.java:897)
	at javax.servlet.http.HttpServlet.service(HttpServlet.java:622)
	at org.springframework.web.servlet.FrameworkServlet.service(FrameworkServlet.java:882)
	at javax.servlet.http.HttpServlet.service(HttpServlet.java:729)
	at org.apache.catalina.core.ApplicationFilterChain.internalDoFilter(ApplicationFilterChain.java:292)
	at org.apache.catalina.core.ApplicationFilterChain.doFilter(ApplicationFilterChain.java:207)
	at org.apache.tomcat.websocket.server.WsFilter.doFilter(WsFilter.java:52)
	at org.apache.catalina.core.ApplicationFilterChain.internalDoFilter(ApplicationFilterChain.java:240)
	at org.apache.catalina.core.ApplicationFilterChain.doFilter(ApplicationFilterChain.java:207)
	at org.springframework.web.filter.CharacterEncodingFilter.doFilterInternal(CharacterEncodingFilter.java:200)
	at org.springframework.web.filter.OncePerRequestFilter.doFilter(OncePerRequestFilter.java:118)
	at org.apache.catalina.core.ApplicationFilterChain.internalDoFilter(ApplicationFilterChain.java:240)
	at org.apache.catalina.core.ApplicationFilterChain.doFilter(ApplicationFilterChain.java:207)
	at org.apache.catalina.core.StandardWrapperValve.invoke(StandardWrapperValve.java:212)
	at org.apache.catalina.core.StandardContextValve.invoke(StandardContextValve.java:94)
	at org.apache.catalina.core.StandardHostValve.invoke(StandardHostValve.java:141)
	at org.apache.catalina.valves.ErrorReportValve.invoke(ErrorReportValve.java:79)
	at org.apache.catalina.core.StandardEngineValve.invoke(StandardEngineValve.java:88)
	at org.apache.catalina.connector.CoyoteAdapter.service(CoyoteAdapter.java:502)
	at org.apache.coyote.http11.AbstractHttp11Processor.process(AbstractHttp11Processor.java:1132)
	at org.apache.coyote.AbstractProtocol$AbstractConnectionHandler.process(AbstractProtocol.java:684)
	at org.apache.tomcat.util.net.NioEndpoint$SocketProcessor.doRun(NioEndpoint.java:1539)
	at org.apache.tomcat.util.net.NioEndpoint$SocketProcessor.run(NioEndpoint.java:1495)
	at java.util.concurrent.ThreadPoolExecutor.runWorker(ThreadPoolExecutor.java:1142)
	at java.util.concurrent.ThreadPoolExecutor$Worker.run(ThreadPoolExecutor.java:617)
	at org.apache.tomcat.util.threads.TaskThread$WrappingRunnable.run(TaskThread.java:61)
	at java.lang.Thread.run(Thread.java:745)

28-Aug-2023 13:33:57.742 심각 [http-nio-8855-exec-316] org.apache.catalina.core.StandardWrapperValve.invoke Servlet.service() for servlet [appServlet] in context with path [] threw exception [Request processing failed; nested exception is org.mybatis.spring.MyBatisSystemException: nested exception is org.apache.ibatis.exceptions.PersistenceException: 
### Error querying database.  Cause: org.springframework.jdbc.CannotGetJdbcConnectionException: Failed to obtain JDBC Connection; nested exception is com.microsoft.sqlserver.jdbc.SQLServerException: 호스트 61.32.101.234, 포트 1433에 대한 TCP/IP 연결에 실패했습니다. 오류: "connect timed out. 연결 속성을 확인하십시오. SQL Server의 인스턴스가 호스트에서 실행되고 있고 포트에서 TCP/IP 연결을 허용하고 있는지 확인하십시오. 또한 방화벽에서 포트로의 TCP 연결을 차단하지 않는지 확인하십시오.".
### The error may exist in com/daejist/login/mapper/LoginMapper.xml
### The error may involve com.daejist.login.mapper.LoginMapper.checkUserWithSessionKey
### The error occurred while executing a query
### Cause: org.springframework.jdbc.CannotGetJdbcConnectionException: Failed to obtain JDBC Connection; nested exception is com.microsoft.sqlserver.jdbc.SQLServerException: 호스트 61.32.101.234, 포트 1433에 대한 TCP/IP 연결에 실패했습니다. 오류: "connect timed out. 연결 속성을 확인하십시오. SQL Server의 인스턴스가 호스트에서 실행되고 있고 포트에서 TCP/IP 연결을 허용하고 있는지 확인하십시오. 또한 방화벽에서 포트로의 TCP 연결을 차단하지 않는지 확인하십시오.".] with root cause
 com.microsoft.sqlserver.jdbc.SQLServerException: 호스트 61.32.101.234, 포트 1433에 대한 TCP/IP 연결에 실패했습니다. 오류: "connect timed out. 연결 속성을 확인하십시오. SQL Server의 인스턴스가 호스트에서 실행되고 있고 포트에서 TCP/IP 연결을 허용하고 있는지 확인하십시오. 또한 방화벽에서 포트로의 TCP 연결을 차단하지 않는지 확인하십시오.".
	at com.microsoft.sqlserver.jdbc.SQLServerException.makeFromDriverError(SQLServerException.java:234)
	at com.microsoft.sqlserver.jdbc.SQLServerException.ConvertConnectExceptionToSQLServerException(SQLServerException.java:285)
	at com.microsoft.sqlserver.jdbc.SocketFinder.findSocket(IOBuffer.java:2462)
	at com.microsoft.sqlserver.jdbc.TDSChannel.open(IOBuffer.java:668)
	at com.microsoft.sqlserver.jdbc.SQLServerConnection.connectHelper(SQLServerConnection.java:2695)
	at com.microsoft.sqlserver.jdbc.SQLServerConnection.login(SQLServerConnection.java:2362)
	at com.microsoft.sqlserver.jdbc.SQLServerConnection.connectInternal(SQLServerConnection.java:2213)
	at com.microsoft.sqlserver.jdbc.SQLServerConnection.connect(SQLServerConnection.java:1276)
	at com.microsoft.sqlserver.jdbc.SQLServerDriver.connect(SQLServerDriver.java:861)
	at org.apache.commons.dbcp.DriverConnectionFactory.createConnection(DriverConnectionFactory.java:38)
	at org.apache.commons.dbcp.PoolableConnectionFactory.makeObject(PoolableConnectionFactory.java:582)
	at org.apache.commons.pool.impl.GenericObjectPool.borrowObject(GenericObjectPool.java:1148)
	at org.apache.commons.dbcp.PoolingDataSource.getConnection(PoolingDataSource.java:106)
	at org.apache.commons.dbcp.BasicDataSource.getConnection(BasicDataSource.java:1044)
	at org.springframework.jdbc.datasource.DataSourceUtils.fetchConnection(DataSourceUtils.java:157)
	at org.springframework.jdbc.datasource.DataSourceUtils.doGetConnection(DataSourceUtils.java:115)
	at org.springframework.jdbc.datasource.DataSourceUtils.getConnection(DataSourceUtils.java:78)
	at org.mybatis.spring.transaction.SpringManagedTransaction.openConnection(SpringManagedTransaction.java:80)
	at org.mybatis.spring.transaction.SpringManagedTransaction.getConnection(SpringManagedTransaction.java:67)
	at org.apache.ibatis.executor.BaseExecutor.getConnection(BaseExecutor.java:336)
	at org.apache.ibatis.executor.SimpleExecutor.prepareStatement(SimpleExecutor.java:85)
	at org.apache.ibatis.executor.SimpleExecutor.doQuery(SimpleExecutor.java:62)
	at org.apache.ibatis.executor.BaseExecutor.queryFromDatabase(BaseExecutor.java:324)
	at org.apache.ibatis.executor.BaseExecutor.query(BaseExecutor.java:156)
	at org.apache.ibatis.executor.CachingExecutor.query(CachingExecutor.java:109)
	at org.apache.ibatis.executor.CachingExecutor.query(CachingExecutor.java:83)
	at org.apache.ibatis.session.defaults.DefaultSqlSession.selectList(DefaultSqlSession.java:147)
	at org.apache.ibatis.session.defaults.DefaultSqlSession.selectList(DefaultSqlSession.java:140)
	at org.apache.ibatis.session.defaults.DefaultSqlSession.selectOne(DefaultSqlSession.java:76)
	at sun.reflect.GeneratedMethodAccessor1266.invoke(Unknown Source)
	at sun.reflect.DelegatingMethodAccessorImpl.invoke(DelegatingMethodAccessorImpl.java:43)
	at java.lang.reflect.Method.invoke(Method.java:498)
	at org.mybatis.spring.SqlSessionTemplate$SqlSessionInterceptor.invoke(SqlSessionTemplate.java:426)
	at com.sun.proxy.$Proxy366.selectOne(Unknown Source)
	at org.mybatis.spring.SqlSessionTemplate.selectOne(SqlSessionTemplate.java:159)
	at org.apache.ibatis.binding.MapperMethod.execute(MapperMethod.java:87)
	at org.apache.ibatis.binding.MapperProxy.invoke(MapperProxy.java:57)
	at com.sun.proxy.$Proxy368.checkUserWithSessionKey(Unknown Source)
	at com.daejist.login.service.LoginServiceImp.checkUserWithSessionKey(LoginServiceImp.java:84)
	at com.daejist.login.controller.LoginController.login(LoginController.java:75)
	at sun.reflect.GeneratedMethodAccessor1343.invoke(Unknown Source)
	at sun.reflect.DelegatingMethodAccessorImpl.invoke(DelegatingMethodAccessorImpl.java:43)
	at java.lang.reflect.Method.invoke(Method.java:498)
	at org.springframework.web.method.support.InvocableHandlerMethod.doInvoke(InvocableHandlerMethod.java:190)
	at org.springframework.web.method.support.InvocableHandlerMethod.invokeForRequest(InvocableHandlerMethod.java:138)
	at org.springframework.web.servlet.mvc.method.annotation.ServletInvocableHandlerMethod.invokeAndHandle(ServletInvocableHandlerMethod.java:104)
	at org.springframework.web.servlet.mvc.method.annotation.RequestMappingHandlerAdapter.invokeHandlerMethod(RequestMappingHandlerAdapter.java:892)
	at org.springframework.web.servlet.mvc.method.annotation.RequestMappingHandlerAdapter.handleInternal(RequestMappingHandlerAdapter.java:797)
	at org.springframework.web.servlet.mvc.method.AbstractHandlerMethodAdapter.handle(AbstractHandlerMethodAdapter.java:87)
	at org.springframework.web.servlet.DispatcherServlet.doDispatch(DispatcherServlet.java:1039)
	at org.springframework.web.servlet.DispatcherServlet.doService(DispatcherServlet.java:942)
	at org.springframework.web.servlet.FrameworkServlet.processRequest(FrameworkServlet.java:1005)
	at org.springframework.web.servlet.FrameworkServlet.doGet(FrameworkServlet.java:897)
	at javax.servlet.http.HttpServlet.service(HttpServlet.java:622)
	at org.springframework.web.servlet.FrameworkServlet.service(FrameworkServlet.java:882)
	at javax.servlet.http.HttpServlet.service(HttpServlet.java:729)
	at org.apache.catalina.core.ApplicationFilterChain.internalDoFilter(ApplicationFilterChain.java:292)
	at org.apache.catalina.core.ApplicationFilterChain.doFilter(ApplicationFilterChain.java:207)
	at org.apache.tomcat.websocket.server.WsFilter.doFilter(WsFilter.java:52)
	at org.apache.catalina.core.ApplicationFilterChain.internalDoFilter(ApplicationFilterChain.java:240)
	at org.apache.catalina.core.ApplicationFilterChain.doFilter(ApplicationFilterChain.java:207)
	at org.springframework.web.filter.CharacterEncodingFilter.doFilterInternal(CharacterEncodingFilter.java:200)
	at org.springframework.web.filter.OncePerRequestFilter.doFilter(OncePerRequestFilter.java:118)
	at org.apache.catalina.core.ApplicationFilterChain.internalDoFilter(ApplicationFilterChain.java:240)
	at org.apache.catalina.core.ApplicationFilterChain.doFilter(ApplicationFilterChain.java:207)
	at org.apache.catalina.core.StandardWrapperValve.invoke(StandardWrapperValve.java:212)
	at org.apache.catalina.core.StandardContextValve.invoke(StandardContextValve.java:94)
	at org.apache.catalina.core.StandardHostValve.invoke(StandardHostValve.java:141)
	at org.apache.catalina.valves.ErrorReportValve.invoke(ErrorReportValve.java:79)
	at org.apache.catalina.core.StandardEngineValve.invoke(StandardEngineValve.java:88)
	at org.apache.catalina.connector.CoyoteAdapter.service(CoyoteAdapter.java:502)
	at org.apache.coyote.http11.AbstractHttp11Processor.process(AbstractHttp11Processor.java:1132)
	at org.apache.coyote.AbstractProtocol$AbstractConnectionHandler.process(AbstractProtocol.java:684)
	at org.apache.tomcat.util.net.NioEndpoint$SocketProcessor.doRun(NioEndpoint.java:1539)
	at org.apache.tomcat.util.net.NioEndpoint$SocketProcessor.run(NioEndpoint.java:1495)
	at java.util.concurrent.ThreadPoolExecutor.runWorker(ThreadPoolExecutor.java:1142)
	at java.util.concurrent.ThreadPoolExecutor$Worker.run(ThreadPoolExecutor.java:617)
	at org.apache.tomcat.util.threads.TaskThread$WrappingRunnable.run(TaskThread.java:61)
	at java.lang.Thread.run(Thread.java:745)

28-Aug-2023 13:34:20.263 심각 [http-nio-8855-exec-318] org.apache.catalina.core.StandardWrapperValve.invoke Servlet.service() for servlet [appServlet] in context with path [] threw exception [Request processing failed; nested exception is org.mybatis.spring.MyBatisSystemException: nested exception is org.apache.ibatis.exceptions.PersistenceException: 
### Error querying database.  Cause: org.springframework.jdbc.CannotGetJdbcConnectionException: Failed to obtain JDBC Connection; nested exception is com.microsoft.sqlserver.jdbc.SQLServerException: 호스트 61.32.101.234, 포트 1433에 대한 TCP/IP 연결에 실패했습니다. 오류: "connect timed out. 연결 속성을 확인하십시오. SQL Server의 인스턴스가 호스트에서 실행되고 있고 포트에서 TCP/IP 연결을 허용하고 있는지 확인하십시오. 또한 방화벽에서 포트로의 TCP 연결을 차단하지 않는지 확인하십시오.".
### The error may exist in com/daejist/login/mapper/LoginMapper.xml
### The error may involve com.daejist.login.mapper.LoginMapper.checkUserWithSessionKey
### The error occurred while executing a query
### Cause: org.springframework.jdbc.CannotGetJdbcConnectionException: Failed to obtain JDBC Connection; nested exception is com.microsoft.sqlserver.jdbc.SQLServerException: 호스트 61.32.101.234, 포트 1433에 대한 TCP/IP 연결에 실패했습니다. 오류: "connect timed out. 연결 속성을 확인하십시오. SQL Server의 인스턴스가 호스트에서 실행되고 있고 포트에서 TCP/IP 연결을 허용하고 있는지 확인하십시오. 또한 방화벽에서 포트로의 TCP 연결을 차단하지 않는지 확인하십시오.".] with root cause
 com.microsoft.sqlserver.jdbc.SQLServerException: 호스트 61.32.101.234, 포트 1433에 대한 TCP/IP 연결에 실패했습니다. 오류: "connect timed out. 연결 속성을 확인하십시오. SQL Server의 인스턴스가 호스트에서 실행되고 있고 포트에서 TCP/IP 연결을 허용하고 있는지 확인하십시오. 또한 방화벽에서 포트로의 TCP 연결을 차단하지 않는지 확인하십시오.".
	at com.microsoft.sqlserver.jdbc.SQLServerException.makeFromDriverError(SQLServerException.java:234)
	at com.microsoft.sqlserver.jdbc.SQLServerException.ConvertConnectExceptionToSQLServerException(SQLServerException.java:285)
	at com.microsoft.sqlserver.jdbc.SocketFinder.findSocket(IOBuffer.java:2462)
	at com.microsoft.sqlserver.jdbc.TDSChannel.open(IOBuffer.java:668)
	at com.microsoft.sqlserver.jdbc.SQLServerConnection.connectHelper(SQLServerConnection.java:2695)
	at com.microsoft.sqlserver.jdbc.SQLServerConnection.login(SQLServerConnection.java:2362)
	at com.microsoft.sqlserver.jdbc.SQLServerConnection.connectInternal(SQLServerConnection.java:2213)
	at com.microsoft.sqlserver.jdbc.SQLServerConnection.connect(SQLServerConnection.java:1276)
	at com.microsoft.sqlserver.jdbc.SQLServerDriver.connect(SQLServerDriver.java:861)
	at org.apache.commons.dbcp.DriverConnectionFactory.createConnection(DriverConnectionFactory.java:38)
	at org.apache.commons.dbcp.PoolableConnectionFactory.makeObject(PoolableConnectionFactory.java:582)
	at org.apache.commons.pool.impl.GenericObjectPool.borrowObject(GenericObjectPool.java:1148)
	at org.apache.commons.dbcp.PoolingDataSource.getConnection(PoolingDataSource.java:106)
	at org.apache.commons.dbcp.BasicDataSource.getConnection(BasicDataSource.java:1044)
	at org.springframework.jdbc.datasource.DataSourceUtils.fetchConnection(DataSourceUtils.java:157)
	at org.springframework.jdbc.datasource.DataSourceUtils.doGetConnection(DataSourceUtils.java:115)
	at org.springframework.jdbc.datasource.DataSourceUtils.getConnection(DataSourceUtils.java:78)
	at org.mybatis.spring.transaction.SpringManagedTransaction.openConnection(SpringManagedTransaction.java:80)
	at org.mybatis.spring.transaction.SpringManagedTransaction.getConnection(SpringManagedTransaction.java:67)
	at org.apache.ibatis.executor.BaseExecutor.getConnection(BaseExecutor.java:336)
	at org.apache.ibatis.executor.SimpleExecutor.prepareStatement(SimpleExecutor.java:85)
	at org.apache.ibatis.executor.SimpleExecutor.doQuery(SimpleExecutor.java:62)
	at org.apache.ibatis.executor.BaseExecutor.queryFromDatabase(BaseExecutor.java:324)
	at org.apache.ibatis.executor.BaseExecutor.query(BaseExecutor.java:156)
	at org.apache.ibatis.executor.CachingExecutor.query(CachingExecutor.java:109)
	at org.apache.ibatis.executor.CachingExecutor.query(CachingExecutor.java:83)
	at org.apache.ibatis.session.defaults.DefaultSqlSession.selectList(DefaultSqlSession.java:147)
	at org.apache.ibatis.session.defaults.DefaultSqlSession.selectList(DefaultSqlSession.java:140)
	at org.apache.ibatis.session.defaults.DefaultSqlSession.selectOne(DefaultSqlSession.java:76)
	at sun.reflect.GeneratedMethodAccessor1266.invoke(Unknown Source)
	at sun.reflect.DelegatingMethodAccessorImpl.invoke(DelegatingMethodAccessorImpl.java:43)
	at java.lang.reflect.Method.invoke(Method.java:498)
	at org.mybatis.spring.SqlSessionTemplate$SqlSessionInterceptor.invoke(SqlSessionTemplate.java:426)
	at com.sun.proxy.$Proxy366.selectOne(Unknown Source)
	at org.mybatis.spring.SqlSessionTemplate.selectOne(SqlSessionTemplate.java:159)
	at org.apache.ibatis.binding.MapperMethod.execute(MapperMethod.java:87)
	at org.apache.ibatis.binding.MapperProxy.invoke(MapperProxy.java:57)
	at com.sun.proxy.$Proxy368.checkUserWithSessionKey(Unknown Source)
	at com.daejist.login.service.LoginServiceImp.checkUserWithSessionKey(LoginServiceImp.java:84)
	at com.daejist.login.controller.LoginController.login(LoginController.java:75)
	at sun.reflect.GeneratedMethodAccessor1343.invoke(Unknown Source)
	at sun.reflect.DelegatingMethodAccessorImpl.invoke(DelegatingMethodAccessorImpl.java:43)
	at java.lang.reflect.Method.invoke(Method.java:498)
	at org.springframework.web.method.support.InvocableHandlerMethod.doInvoke(InvocableHandlerMethod.java:190)
	at org.springframework.web.method.support.InvocableHandlerMethod.invokeForRequest(InvocableHandlerMethod.java:138)
	at org.springframework.web.servlet.mvc.method.annotation.ServletInvocableHandlerMethod.invokeAndHandle(ServletInvocableHandlerMethod.java:104)
	at org.springframework.web.servlet.mvc.method.annotation.RequestMappingHandlerAdapter.invokeHandlerMethod(RequestMappingHandlerAdapter.java:892)
	at org.springframework.web.servlet.mvc.method.annotation.RequestMappingHandlerAdapter.handleInternal(RequestMappingHandlerAdapter.java:797)
	at org.springframework.web.servlet.mvc.method.AbstractHandlerMethodAdapter.handle(AbstractHandlerMethodAdapter.java:87)
	at org.springframework.web.servlet.DispatcherServlet.doDispatch(DispatcherServlet.java:1039)
	at org.springframework.web.servlet.DispatcherServlet.doService(DispatcherServlet.java:942)
	at org.springframework.web.servlet.FrameworkServlet.processRequest(FrameworkServlet.java:1005)
	at org.springframework.web.servlet.FrameworkServlet.doGet(FrameworkServlet.java:897)
	at javax.servlet.http.HttpServlet.service(HttpServlet.java:622)
	at org.springframework.web.servlet.FrameworkServlet.service(FrameworkServlet.java:882)
	at javax.servlet.http.HttpServlet.service(HttpServlet.java:729)
	at org.apache.catalina.core.ApplicationFilterChain.internalDoFilter(ApplicationFilterChain.java:292)
	at org.apache.catalina.core.ApplicationFilterChain.doFilter(ApplicationFilterChain.java:207)
	at org.apache.tomcat.websocket.server.WsFilter.doFilter(WsFilter.java:52)
	at org.apache.catalina.core.ApplicationFilterChain.internalDoFilter(ApplicationFilterChain.java:240)
	at org.apache.catalina.core.ApplicationFilterChain.doFilter(ApplicationFilterChain.java:207)
	at org.springframework.web.filter.CharacterEncodingFilter.doFilterInternal(CharacterEncodingFilter.java:200)
	at org.springframework.web.filter.OncePerRequestFilter.doFilter(OncePerRequestFilter.java:118)
	at org.apache.catalina.core.ApplicationFilterChain.internalDoFilter(ApplicationFilterChain.java:240)
	at org.apache.catalina.core.ApplicationFilterChain.doFilter(ApplicationFilterChain.java:207)
	at org.apache.catalina.core.StandardWrapperValve.invoke(StandardWrapperValve.java:212)
	at org.apache.catalina.core.StandardContextValve.invoke(StandardContextValve.java:94)
	at org.apache.catalina.core.StandardHostValve.invoke(StandardHostValve.java:141)
	at org.apache.catalina.valves.ErrorReportValve.invoke(ErrorReportValve.java:79)
	at org.apache.catalina.core.StandardEngineValve.invoke(StandardEngineValve.java:88)
	at org.apache.catalina.connector.CoyoteAdapter.service(CoyoteAdapter.java:502)
	at org.apache.coyote.http11.AbstractHttp11Processor.process(AbstractHttp11Processor.java:1132)
	at org.apache.coyote.AbstractProtocol$AbstractConnectionHandler.process(AbstractProtocol.java:684)
	at org.apache.tomcat.util.net.NioEndpoint$SocketProcessor.doRun(NioEndpoint.java:1539)
	at org.apache.tomcat.util.net.NioEndpoint$SocketProcessor.run(NioEndpoint.java:1495)
	at java.util.concurrent.ThreadPoolExecutor.runWorker(ThreadPoolExecutor.java:1142)
	at java.util.concurrent.ThreadPoolExecutor$Worker.run(ThreadPoolExecutor.java:617)
	at org.apache.tomcat.util.threads.TaskThread$WrappingRunnable.run(TaskThread.java:61)
	at java.lang.Thread.run(Thread.java:745)

28-Aug-2023 13:35:19.561 심각 [http-nio-8855-exec-312] org.apache.catalina.core.StandardWrapperValve.invoke Servlet.service() for servlet [appServlet] in context with path [] threw exception [Request processing failed; nested exception is org.springframework.dao.DataAccessResourceFailureException: 
### Error querying database.  Cause: com.microsoft.sqlserver.jdbc.SQLServerException: 연결 시간 초과 (Read failed)
### The error may exist in com/daejist/login/mapper/MesuringMapper.xml
### The error may involve defaultParameterMap
### The error occurred while setting parameters
### SQL: SELECT A.J_BNUM AS CAR_NO        , CAST(CASE WHEN A.KERATYPE = '입고' THEN A.SECONDWEIGHT ELSE A.FIRSTWEIGHT END AS NUMERIC) AS WEIGHT        , CASE WHEN A.KERATYPE = '입고' THEN A.MAIPCHER ELSE A.J_COMPANY END AS DEALER        , A.KERATYPE AS DEAL_GB        , CAST(A.JUNPYOID AS NUMERIC) AS JUNPYOID     FROM MESURING A    WHERE A.KERATYPE <> '직송'      AND (A.J_SERIAL = 0 OR A.J_SERIAL IS NULL)    ORDER BY SUN
### Cause: com.microsoft.sqlserver.jdbc.SQLServerException: 연결 시간 초과 (Read failed)
; 연결 시간 초과 (Read failed); nested exception is com.microsoft.sqlserver.jdbc.SQLServerException: 연결 시간 초과 (Read failed)] with root cause
 java.net.SocketException: 연결 시간 초과 (Read failed)
	at java.net.SocketInputStream.socketRead0(Native Method)
	at java.net.SocketInputStream.socketRead(SocketInputStream.java:116)
	at java.net.SocketInputStream.read(SocketInputStream.java:170)
	at java.net.SocketInputStream.read(SocketInputStream.java:141)
	at com.microsoft.sqlserver.jdbc.TDSChannel.read(IOBuffer.java:2054)
	at com.microsoft.sqlserver.jdbc.TDSReader.readPacket(IOBuffer.java:6596)
	at com.microsoft.sqlserver.jdbc.TDSCommand.startResponse(IOBuffer.java:7760)
	at com.microsoft.sqlserver.jdbc.SQLServerPreparedStatement.doExecutePreparedStatement(SQLServerPreparedStatement.java:600)
	at com.microsoft.sqlserver.jdbc.SQLServerPreparedStatement$PrepStmtExecCmd.doExecute(SQLServerPreparedStatement.java:524)
	at com.microsoft.sqlserver.jdbc.TDSCommand.execute(IOBuffer.java:7375)
	at com.microsoft.sqlserver.jdbc.SQLServerConnection.executeCommand(SQLServerConnection.java:3206)
	at com.microsoft.sqlserver.jdbc.SQLServerStatement.executeCommand(SQLServerStatement.java:247)
	at com.microsoft.sqlserver.jdbc.SQLServerStatement.executeStatement(SQLServerStatement.java:222)
	at com.microsoft.sqlserver.jdbc.SQLServerPreparedStatement.execute(SQLServerPreparedStatement.java:505)
	at org.apache.commons.dbcp.DelegatingPreparedStatement.execute(DelegatingPreparedStatement.java:172)
	at org.apache.commons.dbcp.DelegatingPreparedStatement.execute(DelegatingPreparedStatement.java:172)
	at org.apache.ibatis.executor.statement.PreparedStatementHandler.query(PreparedStatementHandler.java:64)
	at org.apache.ibatis.executor.statement.RoutingStatementHandler.query(RoutingStatementHandler.java:79)
	at org.apache.ibatis.executor.SimpleExecutor.doQuery(SimpleExecutor.java:63)
	at org.apache.ibatis.executor.BaseExecutor.queryFromDatabase(BaseExecutor.java:324)
	at org.apache.ibatis.executor.BaseExecutor.query(BaseExecutor.java:156)
	at org.apache.ibatis.executor.CachingExecutor.query(CachingExecutor.java:109)
	at org.apache.ibatis.executor.CachingExecutor.query(CachingExecutor.java:83)
	at org.apache.ibatis.session.defaults.DefaultSqlSession.selectList(DefaultSqlSession.java:147)
	at org.apache.ibatis.session.defaults.DefaultSqlSession.selectList(DefaultSqlSession.java:140)
	at sun.reflect.GeneratedMethodAccessor1287.invoke(Unknown Source)
	at sun.reflect.DelegatingMethodAccessorImpl.invoke(DelegatingMethodAccessorImpl.java:43)
	at java.lang.reflect.Method.invoke(Method.java:498)
	at org.mybatis.spring.SqlSessionTemplate$SqlSessionInterceptor.invoke(SqlSessionTemplate.java:426)
	at com.sun.proxy.$Proxy366.selectList(Unknown Source)
	at org.mybatis.spring.SqlSessionTemplate.selectList(SqlSessionTemplate.java:223)
	at org.apache.ibatis.binding.MapperMethod.executeForMany(MapperMethod.java:147)
	at org.apache.ibatis.binding.MapperMethod.execute(MapperMethod.java:80)
	at org.apache.ibatis.binding.MapperProxy.invoke(MapperProxy.java:57)
	at com.sun.proxy.$Proxy370.getList(Unknown Source)
	at com.daejist.login.service.MesuringServiceImp.getList(MesuringServiceImp.java:29)
	at com.daejist.login.controller.LoginController.InspectionGrid(LoginController.java:180)
	at sun.reflect.GeneratedMethodAccessor1307.invoke(Unknown Source)
	at sun.reflect.DelegatingMethodAccessorImpl.invoke(DelegatingMethodAccessorImpl.java:43)
	at java.lang.reflect.Method.invoke(Method.java:498)
	at org.springframework.web.method.support.InvocableHandlerMethod.doInvoke(InvocableHandlerMethod.java:190)
	at org.springframework.web.method.support.InvocableHandlerMethod.invokeForRequest(InvocableHandlerMethod.java:138)
	at org.springframework.web.servlet.mvc.method.annotation.ServletInvocableHandlerMethod.invokeAndHandle(ServletInvocableHandlerMethod.java:104)
	at org.springframework.web.servlet.mvc.method.annotation.RequestMappingHandlerAdapter.invokeHandlerMethod(RequestMappingHandlerAdapter.java:892)
	at org.springframework.web.servlet.mvc.method.annotation.RequestMappingHandlerAdapter.handleInternal(RequestMappingHandlerAdapter.java:797)
	at org.springframework.web.servlet.mvc.method.AbstractHandlerMethodAdapter.handle(AbstractHandlerMethodAdapter.java:87)
	at org.springframework.web.servlet.DispatcherServlet.doDispatch(DispatcherServlet.java:1039)
	at org.springframework.web.servlet.DispatcherServlet.doService(DispatcherServlet.java:942)
	at org.springframework.web.servlet.FrameworkServlet.processRequest(FrameworkServlet.java:1005)
	at org.springframework.web.servlet.FrameworkServlet.doGet(FrameworkServlet.java:897)
	at javax.servlet.http.HttpServlet.service(HttpServlet.java:622)
	at org.springframework.web.servlet.FrameworkServlet.service(FrameworkServlet.java:882)
	at javax.servlet.http.HttpServlet.service(HttpServlet.java:729)
	at org.apache.catalina.core.ApplicationFilterChain.internalDoFilter(ApplicationFilterChain.java:292)
	at org.apache.catalina.core.ApplicationFilterChain.doFilter(ApplicationFilterChain.java:207)
	at org.apache.tomcat.websocket.server.WsFilter.doFilter(WsFilter.java:52)
	at org.apache.catalina.core.ApplicationFilterChain.internalDoFilter(ApplicationFilterChain.java:240)
	at org.apache.catalina.core.ApplicationFilterChain.doFilter(ApplicationFilterChain.java:207)
	at org.springframework.web.filter.CharacterEncodingFilter.doFilterInternal(CharacterEncodingFilter.java:200)
	at org.springframework.web.filter.OncePerRequestFilter.doFilter(OncePerRequestFilter.java:118)
	at org.apache.catalina.core.ApplicationFilterChain.internalDoFilter(ApplicationFilterChain.java:240)
	at org.apache.catalina.core.ApplicationFilterChain.doFilter(ApplicationFilterChain.java:207)
	at org.apache.catalina.core.StandardWrapperValve.invoke(StandardWrapperValve.java:212)
	at org.apache.catalina.core.StandardContextValve.invoke(StandardContextValve.java:94)
	at org.apache.catalina.core.StandardHostValve.invoke(StandardHostValve.java:141)
	at org.apache.catalina.valves.ErrorReportValve.invoke(ErrorReportValve.java:79)
	at org.apache.catalina.core.StandardEngineValve.invoke(StandardEngineValve.java:88)
	at org.apache.catalina.connector.CoyoteAdapter.service(CoyoteAdapter.java:502)
	at org.apache.coyote.http11.AbstractHttp11Processor.process(AbstractHttp11Processor.java:1132)
	at org.apache.coyote.AbstractProtocol$AbstractConnectionHandler.process(AbstractProtocol.java:684)
	at org.apache.tomcat.util.net.NioEndpoint$SocketProcessor.doRun(NioEndpoint.java:1539)
	at org.apache.tomcat.util.net.NioEndpoint$SocketProcessor.run(NioEndpoint.java:1495)
	at java.util.concurrent.ThreadPoolExecutor.runWorker(ThreadPoolExecutor.java:1142)
	at java.util.concurrent.ThreadPoolExecutor$Worker.run(ThreadPoolExecutor.java:617)
	at org.apache.tomcat.util.threads.TaskThread$WrappingRunnable.run(TaskThread.java:61)
	at java.lang.Thread.run(Thread.java:745)

28-Aug-2023 13:35:20.579 심각 [http-nio-8855-exec-310] org.apache.catalina.core.StandardWrapperValve.invoke Servlet.service() for servlet [appServlet] in context with path [] threw exception [Request processing failed; nested exception is org.springframework.dao.DataAccessResourceFailureException: 
### Error querying database.  Cause: com.microsoft.sqlserver.jdbc.SQLServerException: 연결 시간 초과 (Read failed)
### The error may exist in com/daejist/login/mapper/LoginMapper.xml
### The error may involve defaultParameterMap
### The error occurred while setting parameters
### SQL: SELECT TOP 1 *         FROM ZUSRLST        WHERE SESSIONKEY = ?          AND SESSIONLIMIT > GETDATE()
### Cause: com.microsoft.sqlserver.jdbc.SQLServerException: 연결 시간 초과 (Read failed)
; 연결 시간 초과 (Read failed); nested exception is com.microsoft.sqlserver.jdbc.SQLServerException: 연결 시간 초과 (Read failed)] with root cause
 java.net.SocketException: 연결 시간 초과 (Read failed)
	at java.net.SocketInputStream.socketRead0(Native Method)
	at java.net.SocketInputStream.socketRead(SocketInputStream.java:116)
	at java.net.SocketInputStream.read(SocketInputStream.java:170)
	at java.net.SocketInputStream.read(SocketInputStream.java:141)
	at com.microsoft.sqlserver.jdbc.TDSChannel.read(IOBuffer.java:2054)
	at com.microsoft.sqlserver.jdbc.TDSReader.readPacket(IOBuffer.java:6596)
	at com.microsoft.sqlserver.jdbc.TDSCommand.startResponse(IOBuffer.java:7760)
	at com.microsoft.sqlserver.jdbc.SQLServerPreparedStatement.doExecutePreparedStatement(SQLServerPreparedStatement.java:600)
	at com.microsoft.sqlserver.jdbc.SQLServerPreparedStatement$PrepStmtExecCmd.doExecute(SQLServerPreparedStatement.java:524)
	at com.microsoft.sqlserver.jdbc.TDSCommand.execute(IOBuffer.java:7375)
	at com.microsoft.sqlserver.jdbc.SQLServerConnection.executeCommand(SQLServerConnection.java:3206)
	at com.microsoft.sqlserver.jdbc.SQLServerStatement.executeCommand(SQLServerStatement.java:247)
	at com.microsoft.sqlserver.jdbc.SQLServerStatement.executeStatement(SQLServerStatement.java:222)
	at com.microsoft.sqlserver.jdbc.SQLServerPreparedStatement.execute(SQLServerPreparedStatement.java:505)
	at org.apache.commons.dbcp.DelegatingPreparedStatement.execute(DelegatingPreparedStatement.java:172)
	at org.apache.commons.dbcp.DelegatingPreparedStatement.execute(DelegatingPreparedStatement.java:172)
	at org.apache.ibatis.executor.statement.PreparedStatementHandler.query(PreparedStatementHandler.java:64)
	at org.apache.ibatis.executor.statement.RoutingStatementHandler.query(RoutingStatementHandler.java:79)
	at org.apache.ibatis.executor.SimpleExecutor.doQuery(SimpleExecutor.java:63)
	at org.apache.ibatis.executor.BaseExecutor.queryFromDatabase(BaseExecutor.java:324)
	at org.apache.ibatis.executor.BaseExecutor.query(BaseExecutor.java:156)
	at org.apache.ibatis.executor.CachingExecutor.query(CachingExecutor.java:109)
	at org.apache.ibatis.executor.CachingExecutor.query(CachingExecutor.java:83)
	at org.apache.ibatis.session.defaults.DefaultSqlSession.selectList(DefaultSqlSession.java:147)
	at org.apache.ibatis.session.defaults.DefaultSqlSession.selectList(DefaultSqlSession.java:140)
	at org.apache.ibatis.session.defaults.DefaultSqlSession.selectOne(DefaultSqlSession.java:76)
	at sun.reflect.GeneratedMethodAccessor1266.invoke(Unknown Source)
	at sun.reflect.DelegatingMethodAccessorImpl.invoke(DelegatingMethodAccessorImpl.java:43)
	at java.lang.reflect.Method.invoke(Method.java:498)
	at org.mybatis.spring.SqlSessionTemplate$SqlSessionInterceptor.invoke(SqlSessionTemplate.java:426)
	at com.sun.proxy.$Proxy366.selectOne(Unknown Source)
	at org.mybatis.spring.SqlSessionTemplate.selectOne(SqlSessionTemplate.java:159)
	at org.apache.ibatis.binding.MapperMethod.execute(MapperMethod.java:87)
	at org.apache.ibatis.binding.MapperProxy.invoke(MapperProxy.java:57)
	at com.sun.proxy.$Proxy368.checkUserWithSessionKey(Unknown Source)
	at com.daejist.login.service.LoginServiceImp.checkUserWithSessionKey(LoginServiceImp.java:84)
	at com.daejist.login.controller.LoginController.getSessionInfo(LoginController.java:321)
	at sun.reflect.GeneratedMethodAccessor1293.invoke(Unknown Source)
	at sun.reflect.DelegatingMethodAccessorImpl.invoke(DelegatingMethodAccessorImpl.java:43)
	at java.lang.reflect.Method.invoke(Method.java:498)
	at org.springframework.web.method.support.InvocableHandlerMethod.doInvoke(InvocableHandlerMethod.java:190)
	at org.springframework.web.method.support.InvocableHandlerMethod.invokeForRequest(InvocableHandlerMethod.java:138)
	at org.springframework.web.servlet.mvc.method.annotation.ServletInvocableHandlerMethod.invokeAndHandle(ServletInvocableHandlerMethod.java:104)
	at org.springframework.web.servlet.mvc.method.annotation.RequestMappingHandlerAdapter.invokeHandlerMethod(RequestMappingHandlerAdapter.java:892)
	at org.springframework.web.servlet.mvc.method.annotation.RequestMappingHandlerAdapter.handleInternal(RequestMappingHandlerAdapter.java:797)
	at org.springframework.web.servlet.mvc.method.AbstractHandlerMethodAdapter.handle(AbstractHandlerMethodAdapter.java:87)
	at org.springframework.web.servlet.DispatcherServlet.doDispatch(DispatcherServlet.java:1039)
	at org.springframework.web.servlet.DispatcherServlet.doService(DispatcherServlet.java:942)
	at org.springframework.web.servlet.FrameworkServlet.processRequest(FrameworkServlet.java:1005)
	at org.springframework.web.servlet.FrameworkServlet.doPost(FrameworkServlet.java:908)
	at javax.servlet.http.HttpServlet.service(HttpServlet.java:648)
	at org.springframework.web.servlet.FrameworkServlet.service(FrameworkServlet.java:882)
	at javax.servlet.http.HttpServlet.service(HttpServlet.java:729)
	at org.apache.catalina.core.ApplicationFilterChain.internalDoFilter(ApplicationFilterChain.java:292)
	at org.apache.catalina.core.ApplicationFilterChain.doFilter(ApplicationFilterChain.java:207)
	at org.apache.tomcat.websocket.server.WsFilter.doFilter(WsFilter.java:52)
	at org.apache.catalina.core.ApplicationFilterChain.internalDoFilter(ApplicationFilterChain.java:240)
	at org.apache.catalina.core.ApplicationFilterChain.doFilter(ApplicationFilterChain.java:207)
	at org.springframework.web.filter.CharacterEncodingFilter.doFilterInternal(CharacterEncodingFilter.java:200)
	at org.springframework.web.filter.OncePerRequestFilter.doFilter(OncePerRequestFilter.java:118)
	at org.apache.catalina.core.ApplicationFilterChain.internalDoFilter(ApplicationFilterChain.java:240)
	at org.apache.catalina.core.ApplicationFilterChain.doFilter(ApplicationFilterChain.java:207)
	at org.apache.catalina.core.StandardWrapperValve.invoke(StandardWrapperValve.java:212)
	at org.apache.catalina.core.StandardContextValve.invoke(StandardContextValve.java:94)
	at org.apache.catalina.core.StandardHostValve.invoke(StandardHostValve.java:141)
	at org.apache.catalina.valves.ErrorReportValve.invoke(ErrorReportValve.java:79)
	at org.apache.catalina.core.StandardEngineValve.invoke(StandardEngineValve.java:88)
	at org.apache.catalina.connector.CoyoteAdapter.service(CoyoteAdapter.java:502)
	at org.apache.coyote.http11.AbstractHttp11Processor.process(AbstractHttp11Processor.java:1132)
	at org.apache.coyote.AbstractProtocol$AbstractConnectionHandler.process(AbstractProtocol.java:684)
	at org.apache.tomcat.util.net.NioEndpoint$SocketProcessor.doRun(NioEndpoint.java:1539)
	at org.apache.tomcat.util.net.NioEndpoint$SocketProcessor.run(NioEndpoint.java:1495)
	at java.util.concurrent.ThreadPoolExecutor.runWorker(ThreadPoolExecutor.java:1142)
	at java.util.concurrent.ThreadPoolExecutor$Worker.run(ThreadPoolExecutor.java:617)
	at org.apache.tomcat.util.threads.TaskThread$WrappingRunnable.run(TaskThread.java:61)
	at java.lang.Thread.run(Thread.java:745)

28-Aug-2023 13:35:26.338 심각 [http-nio-8855-exec-313] org.apache.catalina.core.StandardWrapperValve.invoke Servlet.service() for servlet [appServlet] in context with path [] threw exception [Request processing failed; nested exception is org.mybatis.spring.MyBatisSystemException: nested exception is org.apache.ibatis.exceptions.PersistenceException: 
### Error querying database.  Cause: org.springframework.jdbc.CannotGetJdbcConnectionException: Failed to obtain JDBC Connection; nested exception is com.microsoft.sqlserver.jdbc.SQLServerException: 호스트 61.32.101.234, 포트 1433에 대한 TCP/IP 연결에 실패했습니다. 오류: "connect timed out. 연결 속성을 확인하십시오. SQL Server의 인스턴스가 호스트에서 실행되고 있고 포트에서 TCP/IP 연결을 허용하고 있는지 확인하십시오. 또한 방화벽에서 포트로의 TCP 연결을 차단하지 않는지 확인하십시오.".
### The error may exist in com/daejist/login/mapper/LoginMapper.xml
### The error may involve com.daejist.login.mapper.LoginMapper.checkUserWithSessionKey
### The error occurred while executing a query
### Cause: org.springframework.jdbc.CannotGetJdbcConnectionException: Failed to obtain JDBC Connection; nested exception is com.microsoft.sqlserver.jdbc.SQLServerException: 호스트 61.32.101.234, 포트 1433에 대한 TCP/IP 연결에 실패했습니다. 오류: "connect timed out. 연결 속성을 확인하십시오. SQL Server의 인스턴스가 호스트에서 실행되고 있고 포트에서 TCP/IP 연결을 허용하고 있는지 확인하십시오. 또한 방화벽에서 포트로의 TCP 연결을 차단하지 않는지 확인하십시오.".] with root cause
 com.microsoft.sqlserver.jdbc.SQLServerException: 호스트 61.32.101.234, 포트 1433에 대한 TCP/IP 연결에 실패했습니다. 오류: "connect timed out. 연결 속성을 확인하십시오. SQL Server의 인스턴스가 호스트에서 실행되고 있고 포트에서 TCP/IP 연결을 허용하고 있는지 확인하십시오. 또한 방화벽에서 포트로의 TCP 연결을 차단하지 않는지 확인하십시오.".
	at com.microsoft.sqlserver.jdbc.SQLServerException.makeFromDriverError(SQLServerException.java:234)
	at com.microsoft.sqlserver.jdbc.SQLServerException.ConvertConnectExceptionToSQLServerException(SQLServerException.java:285)
	at com.microsoft.sqlserver.jdbc.SocketFinder.findSocket(IOBuffer.java:2462)
	at com.microsoft.sqlserver.jdbc.TDSChannel.open(IOBuffer.java:668)
	at com.microsoft.sqlserver.jdbc.SQLServerConnection.connectHelper(SQLServerConnection.java:2695)
	at com.microsoft.sqlserver.jdbc.SQLServerConnection.login(SQLServerConnection.java:2362)
	at com.microsoft.sqlserver.jdbc.SQLServerConnection.connectInternal(SQLServerConnection.java:2213)
	at com.microsoft.sqlserver.jdbc.SQLServerConnection.connect(SQLServerConnection.java:1276)
	at com.microsoft.sqlserver.jdbc.SQLServerDriver.connect(SQLServerDriver.java:861)
	at org.apache.commons.dbcp.DriverConnectionFactory.createConnection(DriverConnectionFactory.java:38)
	at org.apache.commons.dbcp.PoolableConnectionFactory.makeObject(PoolableConnectionFactory.java:582)
	at org.apache.commons.pool.impl.GenericObjectPool.borrowObject(GenericObjectPool.java:1148)
	at org.apache.commons.dbcp.PoolingDataSource.getConnection(PoolingDataSource.java:106)
	at org.apache.commons.dbcp.BasicDataSource.getConnection(BasicDataSource.java:1044)
	at org.springframework.jdbc.datasource.DataSourceUtils.fetchConnection(DataSourceUtils.java:157)
	at org.springframework.jdbc.datasource.DataSourceUtils.doGetConnection(DataSourceUtils.java:115)
	at org.springframework.jdbc.datasource.DataSourceUtils.getConnection(DataSourceUtils.java:78)
	at org.mybatis.spring.transaction.SpringManagedTransaction.openConnection(SpringManagedTransaction.java:80)
	at org.mybatis.spring.transaction.SpringManagedTransaction.getConnection(SpringManagedTransaction.java:67)
	at org.apache.ibatis.executor.BaseExecutor.getConnection(BaseExecutor.java:336)
	at org.apache.ibatis.executor.SimpleExecutor.prepareStatement(SimpleExecutor.java:85)
	at org.apache.ibatis.executor.SimpleExecutor.doQuery(SimpleExecutor.java:62)
	at org.apache.ibatis.executor.BaseExecutor.queryFromDatabase(BaseExecutor.java:324)
	at org.apache.ibatis.executor.BaseExecutor.query(BaseExecutor.java:156)
	at org.apache.ibatis.executor.CachingExecutor.query(CachingExecutor.java:109)
	at org.apache.ibatis.executor.CachingExecutor.query(CachingExecutor.java:83)
	at org.apache.ibatis.session.defaults.DefaultSqlSession.selectList(DefaultSqlSession.java:147)
	at org.apache.ibatis.session.defaults.DefaultSqlSession.selectList(DefaultSqlSession.java:140)
	at org.apache.ibatis.session.defaults.DefaultSqlSession.selectOne(DefaultSqlSession.java:76)
	at sun.reflect.GeneratedMethodAccessor1266.invoke(Unknown Source)
	at sun.reflect.DelegatingMethodAccessorImpl.invoke(DelegatingMethodAccessorImpl.java:43)
	at java.lang.reflect.Method.invoke(Method.java:498)
	at org.mybatis.spring.SqlSessionTemplate$SqlSessionInterceptor.invoke(SqlSessionTemplate.java:426)
	at com.sun.proxy.$Proxy366.selectOne(Unknown Source)
	at org.mybatis.spring.SqlSessionTemplate.selectOne(SqlSessionTemplate.java:159)
	at org.apache.ibatis.binding.MapperMethod.execute(MapperMethod.java:87)
	at org.apache.ibatis.binding.MapperProxy.invoke(MapperProxy.java:57)
	at com.sun.proxy.$Proxy368.checkUserWithSessionKey(Unknown Source)
	at com.daejist.login.service.LoginServiceImp.checkUserWithSessionKey(LoginServiceImp.java:84)
	at com.daejist.login.controller.LoginController.login(LoginController.java:75)
	at sun.reflect.GeneratedMethodAccessor1343.invoke(Unknown Source)
	at sun.reflect.DelegatingMethodAccessorImpl.invoke(DelegatingMethodAccessorImpl.java:43)
	at java.lang.reflect.Method.invoke(Method.java:498)
	at org.springframework.web.method.support.InvocableHandlerMethod.doInvoke(InvocableHandlerMethod.java:190)
	at org.springframework.web.method.support.InvocableHandlerMethod.invokeForRequest(InvocableHandlerMethod.java:138)
	at org.springframework.web.servlet.mvc.method.annotation.ServletInvocableHandlerMethod.invokeAndHandle(ServletInvocableHandlerMethod.java:104)
	at org.springframework.web.servlet.mvc.method.annotation.RequestMappingHandlerAdapter.invokeHandlerMethod(RequestMappingHandlerAdapter.java:892)
	at org.springframework.web.servlet.mvc.method.annotation.RequestMappingHandlerAdapter.handleInternal(RequestMappingHandlerAdapter.java:797)
	at org.springframework.web.servlet.mvc.method.AbstractHandlerMethodAdapter.handle(AbstractHandlerMethodAdapter.java:87)
	at org.springframework.web.servlet.DispatcherServlet.doDispatch(DispatcherServlet.java:1039)
	at org.springframework.web.servlet.DispatcherServlet.doService(DispatcherServlet.java:942)
	at org.springframework.web.servlet.FrameworkServlet.processRequest(FrameworkServlet.java:1005)
	at org.springframework.web.servlet.FrameworkServlet.doGet(FrameworkServlet.java:897)
	at javax.servlet.http.HttpServlet.service(HttpServlet.java:622)
	at org.springframework.web.servlet.FrameworkServlet.service(FrameworkServlet.java:882)
	at javax.servlet.http.HttpServlet.service(HttpServlet.java:729)
	at org.apache.catalina.core.ApplicationFilterChain.internalDoFilter(ApplicationFilterChain.java:292)
	at org.apache.catalina.core.ApplicationFilterChain.doFilter(ApplicationFilterChain.java:207)
	at org.apache.tomcat.websocket.server.WsFilter.doFilter(WsFilter.java:52)
	at org.apache.catalina.core.ApplicationFilterChain.internalDoFilter(ApplicationFilterChain.java:240)
	at org.apache.catalina.core.ApplicationFilterChain.doFilter(ApplicationFilterChain.java:207)
	at org.springframework.web.filter.CharacterEncodingFilter.doFilterInternal(CharacterEncodingFilter.java:200)
	at org.springframework.web.filter.OncePerRequestFilter.doFilter(OncePerRequestFilter.java:118)
	at org.apache.catalina.core.ApplicationFilterChain.internalDoFilter(ApplicationFilterChain.java:240)
	at org.apache.catalina.core.ApplicationFilterChain.doFilter(ApplicationFilterChain.java:207)
	at org.apache.catalina.core.StandardWrapperValve.invoke(StandardWrapperValve.java:212)
	at org.apache.catalina.core.StandardContextValve.invoke(StandardContextValve.java:94)
	at org.apache.catalina.core.StandardHostValve.invoke(StandardHostValve.java:141)
	at org.apache.catalina.valves.ErrorReportValve.invoke(ErrorReportValve.java:79)
	at org.apache.catalina.core.StandardEngineValve.invoke(StandardEngineValve.java:88)
	at org.apache.catalina.connector.CoyoteAdapter.service(CoyoteAdapter.java:502)
	at org.apache.coyote.http11.AbstractHttp11Processor.process(AbstractHttp11Processor.java:1132)
	at org.apache.coyote.AbstractProtocol$AbstractConnectionHandler.process(AbstractProtocol.java:684)
	at org.apache.tomcat.util.net.NioEndpoint$SocketProcessor.doRun(NioEndpoint.java:1539)
	at org.apache.tomcat.util.net.NioEndpoint$SocketProcessor.run(NioEndpoint.java:1495)
	at java.util.concurrent.ThreadPoolExecutor.runWorker(ThreadPoolExecutor.java:1142)
	at java.util.concurrent.ThreadPoolExecutor$Worker.run(ThreadPoolExecutor.java:617)
	at org.apache.tomcat.util.threads.TaskThread$WrappingRunnable.run(TaskThread.java:61)
	at java.lang.Thread.run(Thread.java:745)

28-Aug-2023 13:35:30.819 심각 [http-nio-8855-exec-314] org.apache.catalina.core.StandardWrapperValve.invoke Servlet.service() for servlet [appServlet] in context with path [] threw exception [Request processing failed; nested exception is org.springframework.dao.DataAccessResourceFailureException: 
### Error querying database.  Cause: com.microsoft.sqlserver.jdbc.SQLServerException: 연결 시간 초과 (Read failed)
### The error may exist in com/daejist/login/mapper/MesuringMapper.xml
### The error may involve defaultParameterMap
### The error occurred while setting parameters
### SQL: SELECT A.J_BNUM AS CAR_NO        , CAST(CASE WHEN A.KERATYPE = '입고' THEN A.SECONDWEIGHT ELSE A.FIRSTWEIGHT END AS NUMERIC) AS WEIGHT        , CASE WHEN A.KERATYPE = '입고' THEN A.MAIPCHER ELSE A.J_COMPANY END AS DEALER        , A.KERATYPE AS DEAL_GB        , CAST(A.JUNPYOID AS NUMERIC) AS JUNPYOID     FROM MESURING A    WHERE A.KERATYPE <> '직송'      AND (A.J_SERIAL = 0 OR A.J_SERIAL IS NULL)    ORDER BY SUN
### Cause: com.microsoft.sqlserver.jdbc.SQLServerException: 연결 시간 초과 (Read failed)
; 연결 시간 초과 (Read failed); nested exception is com.microsoft.sqlserver.jdbc.SQLServerException: 연결 시간 초과 (Read failed)] with root cause
 java.net.SocketException: 연결 시간 초과 (Read failed)
	at java.net.SocketInputStream.socketRead0(Native Method)
	at java.net.SocketInputStream.socketRead(SocketInputStream.java:116)
	at java.net.SocketInputStream.read(SocketInputStream.java:170)
	at java.net.SocketInputStream.read(SocketInputStream.java:141)
	at com.microsoft.sqlserver.jdbc.TDSChannel.read(IOBuffer.java:2054)
	at com.microsoft.sqlserver.jdbc.TDSReader.readPacket(IOBuffer.java:6596)
	at com.microsoft.sqlserver.jdbc.TDSCommand.startResponse(IOBuffer.java:7760)
	at com.microsoft.sqlserver.jdbc.SQLServerPreparedStatement.doExecutePreparedStatement(SQLServerPreparedStatement.java:600)
	at com.microsoft.sqlserver.jdbc.SQLServerPreparedStatement$PrepStmtExecCmd.doExecute(SQLServerPreparedStatement.java:524)
	at com.microsoft.sqlserver.jdbc.TDSCommand.execute(IOBuffer.java:7375)
	at com.microsoft.sqlserver.jdbc.SQLServerConnection.executeCommand(SQLServerConnection.java:3206)
	at com.microsoft.sqlserver.jdbc.SQLServerStatement.executeCommand(SQLServerStatement.java:247)
	at com.microsoft.sqlserver.jdbc.SQLServerStatement.executeStatement(SQLServerStatement.java:222)
	at com.microsoft.sqlserver.jdbc.SQLServerPreparedStatement.execute(SQLServerPreparedStatement.java:505)
	at org.apache.commons.dbcp.DelegatingPreparedStatement.execute(DelegatingPreparedStatement.java:172)
	at org.apache.commons.dbcp.DelegatingPreparedStatement.execute(DelegatingPreparedStatement.java:172)
	at org.apache.ibatis.executor.statement.PreparedStatementHandler.query(PreparedStatementHandler.java:64)
	at org.apache.ibatis.executor.statement.RoutingStatementHandler.query(RoutingStatementHandler.java:79)
	at org.apache.ibatis.executor.SimpleExecutor.doQuery(SimpleExecutor.java:63)
	at org.apache.ibatis.executor.BaseExecutor.queryFromDatabase(BaseExecutor.java:324)
	at org.apache.ibatis.executor.BaseExecutor.query(BaseExecutor.java:156)
	at org.apache.ibatis.executor.CachingExecutor.query(CachingExecutor.java:109)
	at org.apache.ibatis.executor.CachingExecutor.query(CachingExecutor.java:83)
	at org.apache.ibatis.session.defaults.DefaultSqlSession.selectList(DefaultSqlSession.java:147)
	at org.apache.ibatis.session.defaults.DefaultSqlSession.selectList(DefaultSqlSession.java:140)
	at sun.reflect.GeneratedMethodAccessor1287.invoke(Unknown Source)
	at sun.reflect.DelegatingMethodAccessorImpl.invoke(DelegatingMethodAccessorImpl.java:43)
	at java.lang.reflect.Method.invoke(Method.java:498)
	at org.mybatis.spring.SqlSessionTemplate$SqlSessionInterceptor.invoke(SqlSessionTemplate.java:426)
	at com.sun.proxy.$Proxy366.selectList(Unknown Source)
	at org.mybatis.spring.SqlSessionTemplate.selectList(SqlSessionTemplate.java:223)
	at org.apache.ibatis.binding.MapperMethod.executeForMany(MapperMethod.java:147)
	at org.apache.ibatis.binding.MapperMethod.execute(MapperMethod.java:80)
	at org.apache.ibatis.binding.MapperProxy.invoke(MapperProxy.java:57)
	at com.sun.proxy.$Proxy370.getList(Unknown Source)
	at com.daejist.login.service.MesuringServiceImp.getList(MesuringServiceImp.java:29)
	at com.daejist.login.controller.LoginController.InspectionGrid(LoginController.java:180)
	at sun.reflect.GeneratedMethodAccessor1307.invoke(Unknown Source)
	at sun.reflect.DelegatingMethodAccessorImpl.invoke(DelegatingMethodAccessorImpl.java:43)
	at java.lang.reflect.Method.invoke(Method.java:498)
	at org.springframework.web.method.support.InvocableHandlerMethod.doInvoke(InvocableHandlerMethod.java:190)
	at org.springframework.web.method.support.InvocableHandlerMethod.invokeForRequest(InvocableHandlerMethod.java:138)
	at org.springframework.web.servlet.mvc.method.annotation.ServletInvocableHandlerMethod.invokeAndHandle(ServletInvocableHandlerMethod.java:104)
	at org.springframework.web.servlet.mvc.method.annotation.RequestMappingHandlerAdapter.invokeHandlerMethod(RequestMappingHandlerAdapter.java:892)
	at org.springframework.web.servlet.mvc.method.annotation.RequestMappingHandlerAdapter.handleInternal(RequestMappingHandlerAdapter.java:797)
	at org.springframework.web.servlet.mvc.method.AbstractHandlerMethodAdapter.handle(AbstractHandlerMethodAdapter.java:87)
	at org.springframework.web.servlet.DispatcherServlet.doDispatch(DispatcherServlet.java:1039)
	at org.springframework.web.servlet.DispatcherServlet.doService(DispatcherServlet.java:942)
	at org.springframework.web.servlet.FrameworkServlet.processRequest(FrameworkServlet.java:1005)
	at org.springframework.web.servlet.FrameworkServlet.doGet(FrameworkServlet.java:897)
	at javax.servlet.http.HttpServlet.service(HttpServlet.java:622)
	at org.springframework.web.servlet.FrameworkServlet.service(FrameworkServlet.java:882)
	at javax.servlet.http.HttpServlet.service(HttpServlet.java:729)
	at org.apache.catalina.core.ApplicationFilterChain.internalDoFilter(ApplicationFilterChain.java:292)
	at org.apache.catalina.core.ApplicationFilterChain.doFilter(ApplicationFilterChain.java:207)
	at org.apache.tomcat.websocket.server.WsFilter.doFilter(WsFilter.java:52)
	at org.apache.catalina.core.ApplicationFilterChain.internalDoFilter(ApplicationFilterChain.java:240)
	at org.apache.catalina.core.ApplicationFilterChain.doFilter(ApplicationFilterChain.java:207)
	at org.springframework.web.filter.CharacterEncodingFilter.doFilterInternal(CharacterEncodingFilter.java:200)
	at org.springframework.web.filter.OncePerRequestFilter.doFilter(OncePerRequestFilter.java:118)
	at org.apache.catalina.core.ApplicationFilterChain.internalDoFilter(ApplicationFilterChain.java:240)
	at org.apache.catalina.core.ApplicationFilterChain.doFilter(ApplicationFilterChain.java:207)
	at org.apache.catalina.core.StandardWrapperValve.invoke(StandardWrapperValve.java:212)
	at org.apache.catalina.core.StandardContextValve.invoke(StandardContextValve.java:94)
	at org.apache.catalina.core.StandardHostValve.invoke(StandardHostValve.java:141)
	at org.apache.catalina.valves.ErrorReportValve.invoke(ErrorReportValve.java:79)
	at org.apache.catalina.core.StandardEngineValve.invoke(StandardEngineValve.java:88)
	at org.apache.catalina.connector.CoyoteAdapter.service(CoyoteAdapter.java:502)
	at org.apache.coyote.http11.AbstractHttp11Processor.process(AbstractHttp11Processor.java:1132)
	at org.apache.coyote.AbstractProtocol$AbstractConnectionHandler.process(AbstractProtocol.java:684)
	at org.apache.tomcat.util.net.NioEndpoint$SocketProcessor.doRun(NioEndpoint.java:1539)
	at org.apache.tomcat.util.net.NioEndpoint$SocketProcessor.run(NioEndpoint.java:1495)
	at java.util.concurrent.ThreadPoolExecutor.runWorker(ThreadPoolExecutor.java:1142)
	at java.util.concurrent.ThreadPoolExecutor$Worker.run(ThreadPoolExecutor.java:617)
	at org.apache.tomcat.util.threads.TaskThread$WrappingRunnable.run(TaskThread.java:61)
	at java.lang.Thread.run(Thread.java:745)

28-Aug-2023 13:35:53.200 심각 [http-nio-8855-exec-315] org.apache.catalina.core.StandardWrapperValve.invoke Servlet.service() for servlet [appServlet] in context with path [] threw exception [Request processing failed; nested exception is org.mybatis.spring.MyBatisSystemException: nested exception is org.apache.ibatis.exceptions.PersistenceException: 
### Error querying database.  Cause: org.springframework.jdbc.CannotGetJdbcConnectionException: Failed to obtain JDBC Connection; nested exception is com.microsoft.sqlserver.jdbc.SQLServerException: 호스트 61.32.101.234, 포트 1433에 대한 TCP/IP 연결에 실패했습니다. 오류: "connect timed out. 연결 속성을 확인하십시오. SQL Server의 인스턴스가 호스트에서 실행되고 있고 포트에서 TCP/IP 연결을 허용하고 있는지 확인하십시오. 또한 방화벽에서 포트로의 TCP 연결을 차단하지 않는지 확인하십시오.".
### The error may exist in com/daejist/login/mapper/LoginMapper.xml
### The error may involve com.daejist.login.mapper.LoginMapper.LoginMember
### The error occurred while executing a query
### Cause: org.springframework.jdbc.CannotGetJdbcConnectionException: Failed to obtain JDBC Connection; nested exception is com.microsoft.sqlserver.jdbc.SQLServerException: 호스트 61.32.101.234, 포트 1433에 대한 TCP/IP 연결에 실패했습니다. 오류: "connect timed out. 연결 속성을 확인하십시오. SQL Server의 인스턴스가 호스트에서 실행되고 있고 포트에서 TCP/IP 연결을 허용하고 있는지 확인하십시오. 또한 방화벽에서 포트로의 TCP 연결을 차단하지 않는지 확인하십시오.".] with root cause
 com.microsoft.sqlserver.jdbc.SQLServerException: 호스트 61.32.101.234, 포트 1433에 대한 TCP/IP 연결에 실패했습니다. 오류: "connect timed out. 연결 속성을 확인하십시오. SQL Server의 인스턴스가 호스트에서 실행되고 있고 포트에서 TCP/IP 연결을 허용하고 있는지 확인하십시오. 또한 방화벽에서 포트로의 TCP 연결을 차단하지 않는지 확인하십시오.".
	at com.microsoft.sqlserver.jdbc.SQLServerException.makeFromDriverError(SQLServerException.java:234)
	at com.microsoft.sqlserver.jdbc.SQLServerException.ConvertConnectExceptionToSQLServerException(SQLServerException.java:285)
	at com.microsoft.sqlserver.jdbc.SocketFinder.findSocket(IOBuffer.java:2462)
	at com.microsoft.sqlserver.jdbc.TDSChannel.open(IOBuffer.java:668)
	at com.microsoft.sqlserver.jdbc.SQLServerConnection.connectHelper(SQLServerConnection.java:2695)
	at com.microsoft.sqlserver.jdbc.SQLServerConnection.login(SQLServerConnection.java:2362)
	at com.microsoft.sqlserver.jdbc.SQLServerConnection.connectInternal(SQLServerConnection.java:2213)
	at com.microsoft.sqlserver.jdbc.SQLServerConnection.connect(SQLServerConnection.java:1276)
	at com.microsoft.sqlserver.jdbc.SQLServerDriver.connect(SQLServerDriver.java:861)
	at org.apache.commons.dbcp.DriverConnectionFactory.createConnection(DriverConnectionFactory.java:38)
	at org.apache.commons.dbcp.PoolableConnectionFactory.makeObject(PoolableConnectionFactory.java:582)
	at org.apache.commons.pool.impl.GenericObjectPool.borrowObject(GenericObjectPool.java:1148)
	at org.apache.commons.dbcp.PoolingDataSource.getConnection(PoolingDataSource.java:106)
	at org.apache.commons.dbcp.BasicDataSource.getConnection(BasicDataSource.java:1044)
	at org.springframework.jdbc.datasource.DataSourceUtils.fetchConnection(DataSourceUtils.java:157)
	at org.springframework.jdbc.datasource.DataSourceUtils.doGetConnection(DataSourceUtils.java:115)
	at org.springframework.jdbc.datasource.DataSourceUtils.getConnection(DataSourceUtils.java:78)
	at org.mybatis.spring.transaction.SpringManagedTransaction.openConnection(SpringManagedTransaction.java:80)
	at org.mybatis.spring.transaction.SpringManagedTransaction.getConnection(SpringManagedTransaction.java:67)
	at org.apache.ibatis.executor.BaseExecutor.getConnection(BaseExecutor.java:336)
	at org.apache.ibatis.executor.SimpleExecutor.prepareStatement(SimpleExecutor.java:85)
	at org.apache.ibatis.executor.SimpleExecutor.doQuery(SimpleExecutor.java:62)
	at org.apache.ibatis.executor.BaseExecutor.queryFromDatabase(BaseExecutor.java:324)
	at org.apache.ibatis.executor.BaseExecutor.query(BaseExecutor.java:156)
	at org.apache.ibatis.executor.CachingExecutor.query(CachingExecutor.java:109)
	at org.apache.ibatis.executor.CachingExecutor.query(CachingExecutor.java:83)
	at org.apache.ibatis.session.defaults.DefaultSqlSession.selectList(DefaultSqlSession.java:147)
	at org.apache.ibatis.session.defaults.DefaultSqlSession.selectList(DefaultSqlSession.java:140)
	at org.apache.ibatis.session.defaults.DefaultSqlSession.selectOne(DefaultSqlSession.java:76)
	at sun.reflect.GeneratedMethodAccessor1266.invoke(Unknown Source)
	at sun.reflect.DelegatingMethodAccessorImpl.invoke(DelegatingMethodAccessorImpl.java:43)
	at java.lang.reflect.Method.invoke(Method.java:498)
	at org.mybatis.spring.SqlSessionTemplate$SqlSessionInterceptor.invoke(SqlSessionTemplate.java:426)
	at com.sun.proxy.$Proxy366.selectOne(Unknown Source)
	at org.mybatis.spring.SqlSessionTemplate.selectOne(SqlSessionTemplate.java:159)
	at org.apache.ibatis.binding.MapperMethod.execute(MapperMethod.java:87)
	at org.apache.ibatis.binding.MapperProxy.invoke(MapperProxy.java:57)
	at com.sun.proxy.$Proxy368.LoginMember(Unknown Source)
	at com.daejist.login.service.LoginServiceImp.LoginCheck(LoginServiceImp.java:29)
	at com.daejist.login.controller.LoginController.getLogin(LoginController.java:98)
	at sun.reflect.GeneratedMethodAccessor1348.invoke(Unknown Source)
	at sun.reflect.DelegatingMethodAccessorImpl.invoke(DelegatingMethodAccessorImpl.java:43)
	at java.lang.reflect.Method.invoke(Method.java:498)
	at org.springframework.web.method.support.InvocableHandlerMethod.doInvoke(InvocableHandlerMethod.java:190)
	at org.springframework.web.method.support.InvocableHandlerMethod.invokeForRequest(InvocableHandlerMethod.java:138)
	at org.springframework.web.servlet.mvc.method.annotation.ServletInvocableHandlerMethod.invokeAndHandle(ServletInvocableHandlerMethod.java:104)
	at org.springframework.web.servlet.mvc.method.annotation.RequestMappingHandlerAdapter.invokeHandlerMethod(RequestMappingHandlerAdapter.java:892)
	at org.springframework.web.servlet.mvc.method.annotation.RequestMappingHandlerAdapter.handleInternal(RequestMappingHandlerAdapter.java:797)
	at org.springframework.web.servlet.mvc.method.AbstractHandlerMethodAdapter.handle(AbstractHandlerMethodAdapter.java:87)
	at org.springframework.web.servlet.DispatcherServlet.doDispatch(DispatcherServlet.java:1039)
	at org.springframework.web.servlet.DispatcherServlet.doService(DispatcherServlet.java:942)
	at org.springframework.web.servlet.FrameworkServlet.processRequest(FrameworkServlet.java:1005)
	at org.springframework.web.servlet.FrameworkServlet.doPost(FrameworkServlet.java:908)
	at javax.servlet.http.HttpServlet.service(HttpServlet.java:648)
	at org.springframework.web.servlet.FrameworkServlet.service(FrameworkServlet.java:882)
	at javax.servlet.http.HttpServlet.service(HttpServlet.java:729)
	at org.apache.catalina.core.ApplicationFilterChain.internalDoFilter(ApplicationFilterChain.java:292)
	at org.apache.catalina.core.ApplicationFilterChain.doFilter(ApplicationFilterChain.java:207)
	at org.apache.tomcat.websocket.server.WsFilter.doFilter(WsFilter.java:52)
	at org.apache.catalina.core.ApplicationFilterChain.internalDoFilter(ApplicationFilterChain.java:240)
	at org.apache.catalina.core.ApplicationFilterChain.doFilter(ApplicationFilterChain.java:207)
	at org.springframework.web.filter.CharacterEncodingFilter.doFilterInternal(CharacterEncodingFilter.java:200)
	at org.springframework.web.filter.OncePerRequestFilter.doFilter(OncePerRequestFilter.java:118)
	at org.apache.catalina.core.ApplicationFilterChain.internalDoFilter(ApplicationFilterChain.java:240)
	at org.apache.catalina.core.ApplicationFilterChain.doFilter(ApplicationFilterChain.java:207)
	at org.apache.catalina.core.StandardWrapperValve.invoke(StandardWrapperValve.java:212)
	at org.apache.catalina.core.StandardContextValve.invoke(StandardContextValve.java:94)
	at org.apache.catalina.core.StandardHostValve.invoke(StandardHostValve.java:141)
	at org.apache.catalina.valves.ErrorReportValve.invoke(ErrorReportValve.java:79)
	at org.apache.catalina.core.StandardEngineValve.invoke(StandardEngineValve.java:88)
	at org.apache.catalina.connector.CoyoteAdapter.service(CoyoteAdapter.java:502)
	at org.apache.coyote.http11.AbstractHttp11Processor.process(AbstractHttp11Processor.java:1132)
	at org.apache.coyote.AbstractProtocol$AbstractConnectionHandler.process(AbstractProtocol.java:684)
	at org.apache.tomcat.util.net.NioEndpoint$SocketProcessor.doRun(NioEndpoint.java:1539)
	at org.apache.tomcat.util.net.NioEndpoint$SocketProcessor.run(NioEndpoint.java:1495)
	at java.util.concurrent.ThreadPoolExecutor.runWorker(ThreadPoolExecutor.java:1142)
	at java.util.concurrent.ThreadPoolExecutor$Worker.run(ThreadPoolExecutor.java:617)
	at org.apache.tomcat.util.threads.TaskThread$WrappingRunnable.run(TaskThread.java:61)
	at java.lang.Thread.run(Thread.java:745)

28-Aug-2023 13:35:55.731 심각 [http-nio-8855-exec-317] org.apache.catalina.core.StandardWrapperValve.invoke Servlet.service() for servlet [appServlet] in context with path [] threw exception [Request processing failed; nested exception is org.mybatis.spring.MyBatisSystemException: nested exception is org.apache.ibatis.exceptions.PersistenceException: 
### Error querying database.  Cause: org.springframework.jdbc.CannotGetJdbcConnectionException: Failed to obtain JDBC Connection; nested exception is com.microsoft.sqlserver.jdbc.SQLServerException: 호스트 61.32.101.234, 포트 1433에 대한 TCP/IP 연결에 실패했습니다. 오류: "connect timed out. 연결 속성을 확인하십시오. SQL Server의 인스턴스가 호스트에서 실행되고 있고 포트에서 TCP/IP 연결을 허용하고 있는지 확인하십시오. 또한 방화벽에서 포트로의 TCP 연결을 차단하지 않는지 확인하십시오.".
### The error may exist in com/daejist/login/mapper/LoginMapper.xml
### The error may involve com.daejist.login.mapper.LoginMapper.LoginMember
### The error occurred while executing a query
### Cause: org.springframework.jdbc.CannotGetJdbcConnectionException: Failed to obtain JDBC Connection; nested exception is com.microsoft.sqlserver.jdbc.SQLServerException: 호스트 61.32.101.234, 포트 1433에 대한 TCP/IP 연결에 실패했습니다. 오류: "connect timed out. 연결 속성을 확인하십시오. SQL Server의 인스턴스가 호스트에서 실행되고 있고 포트에서 TCP/IP 연결을 허용하고 있는지 확인하십시오. 또한 방화벽에서 포트로의 TCP 연결을 차단하지 않는지 확인하십시오.".] with root cause
 com.microsoft.sqlserver.jdbc.SQLServerException: 호스트 61.32.101.234, 포트 1433에 대한 TCP/IP 연결에 실패했습니다. 오류: "connect timed out. 연결 속성을 확인하십시오. SQL Server의 인스턴스가 호스트에서 실행되고 있고 포트에서 TCP/IP 연결을 허용하고 있는지 확인하십시오. 또한 방화벽에서 포트로의 TCP 연결을 차단하지 않는지 확인하십시오.".
	at com.microsoft.sqlserver.jdbc.SQLServerException.makeFromDriverError(SQLServerException.java:234)
	at com.microsoft.sqlserver.jdbc.SQLServerException.ConvertConnectExceptionToSQLServerException(SQLServerException.java:285)
	at com.microsoft.sqlserver.jdbc.SocketFinder.findSocket(IOBuffer.java:2462)
	at com.microsoft.sqlserver.jdbc.TDSChannel.open(IOBuffer.java:668)
	at com.microsoft.sqlserver.jdbc.SQLServerConnection.connectHelper(SQLServerConnection.java:2695)
	at com.microsoft.sqlserver.jdbc.SQLServerConnection.login(SQLServerConnection.java:2362)
	at com.microsoft.sqlserver.jdbc.SQLServerConnection.connectInternal(SQLServerConnection.java:2213)
	at com.microsoft.sqlserver.jdbc.SQLServerConnection.connect(SQLServerConnection.java:1276)
	at com.microsoft.sqlserver.jdbc.SQLServerDriver.connect(SQLServerDriver.java:861)
	at org.apache.commons.dbcp.DriverConnectionFactory.createConnection(DriverConnectionFactory.java:38)
	at org.apache.commons.dbcp.PoolableConnectionFactory.makeObject(PoolableConnectionFactory.java:582)
	at org.apache.commons.pool.impl.GenericObjectPool.borrowObject(GenericObjectPool.java:1148)
	at org.apache.commons.dbcp.PoolingDataSource.getConnection(PoolingDataSource.java:106)
	at org.apache.commons.dbcp.BasicDataSource.getConnection(BasicDataSource.java:1044)
	at org.springframework.jdbc.datasource.DataSourceUtils.fetchConnection(DataSourceUtils.java:157)
	at org.springframework.jdbc.datasource.DataSourceUtils.doGetConnection(DataSourceUtils.java:115)
	at org.springframework.jdbc.datasource.DataSourceUtils.getConnection(DataSourceUtils.java:78)
	at org.mybatis.spring.transaction.SpringManagedTransaction.openConnection(SpringManagedTransaction.java:80)
	at org.mybatis.spring.transaction.SpringManagedTransaction.getConnection(SpringManagedTransaction.java:67)
	at org.apache.ibatis.executor.BaseExecutor.getConnection(BaseExecutor.java:336)
	at org.apache.ibatis.executor.SimpleExecutor.prepareStatement(SimpleExecutor.java:85)
	at org.apache.ibatis.executor.SimpleExecutor.doQuery(SimpleExecutor.java:62)
	at org.apache.ibatis.executor.BaseExecutor.queryFromDatabase(BaseExecutor.java:324)
	at org.apache.ibatis.executor.BaseExecutor.query(BaseExecutor.java:156)
	at org.apache.ibatis.executor.CachingExecutor.query(CachingExecutor.java:109)
	at org.apache.ibatis.executor.CachingExecutor.query(CachingExecutor.java:83)
	at org.apache.ibatis.session.defaults.DefaultSqlSession.selectList(DefaultSqlSession.java:147)
	at org.apache.ibatis.session.defaults.DefaultSqlSession.selectList(DefaultSqlSession.java:140)
	at org.apache.ibatis.session.defaults.DefaultSqlSession.selectOne(DefaultSqlSession.java:76)
	at sun.reflect.GeneratedMethodAccessor1266.invoke(Unknown Source)
	at sun.reflect.DelegatingMethodAccessorImpl.invoke(DelegatingMethodAccessorImpl.java:43)
	at java.lang.reflect.Method.invoke(Method.java:498)
	at org.mybatis.spring.SqlSessionTemplate$SqlSessionInterceptor.invoke(SqlSessionTemplate.java:426)
	at com.sun.proxy.$Proxy366.selectOne(Unknown Source)
	at org.mybatis.spring.SqlSessionTemplate.selectOne(SqlSessionTemplate.java:159)
	at org.apache.ibatis.binding.MapperMethod.execute(MapperMethod.java:87)
	at org.apache.ibatis.binding.MapperProxy.invoke(MapperProxy.java:57)
	at com.sun.proxy.$Proxy368.LoginMember(Unknown Source)
	at com.daejist.login.service.LoginServiceImp.LoginCheck(LoginServiceImp.java:29)
	at com.daejist.login.controller.LoginController.getLogin(LoginController.java:98)
	at sun.reflect.GeneratedMethodAccessor1348.invoke(Unknown Source)
	at sun.reflect.DelegatingMethodAccessorImpl.invoke(DelegatingMethodAccessorImpl.java:43)
	at java.lang.reflect.Method.invoke(Method.java:498)
	at org.springframework.web.method.support.InvocableHandlerMethod.doInvoke(InvocableHandlerMethod.java:190)
	at org.springframework.web.method.support.InvocableHandlerMethod.invokeForRequest(InvocableHandlerMethod.java:138)
	at org.springframework.web.servlet.mvc.method.annotation.ServletInvocableHandlerMethod.invokeAndHandle(ServletInvocableHandlerMethod.java:104)
	at org.springframework.web.servlet.mvc.method.annotation.RequestMappingHandlerAdapter.invokeHandlerMethod(RequestMappingHandlerAdapter.java:892)
	at org.springframework.web.servlet.mvc.method.annotation.RequestMappingHandlerAdapter.handleInternal(RequestMappingHandlerAdapter.java:797)
	at org.springframework.web.servlet.mvc.method.AbstractHandlerMethodAdapter.handle(AbstractHandlerMethodAdapter.java:87)
	at org.springframework.web.servlet.DispatcherServlet.doDispatch(DispatcherServlet.java:1039)
	at org.springframework.web.servlet.DispatcherServlet.doService(DispatcherServlet.java:942)
	at org.springframework.web.servlet.FrameworkServlet.processRequest(FrameworkServlet.java:1005)
	at org.springframework.web.servlet.FrameworkServlet.doPost(FrameworkServlet.java:908)
	at javax.servlet.http.HttpServlet.service(HttpServlet.java:648)
	at org.springframework.web.servlet.FrameworkServlet.service(FrameworkServlet.java:882)
	at javax.servlet.http.HttpServlet.service(HttpServlet.java:729)
	at org.apache.catalina.core.ApplicationFilterChain.internalDoFilter(ApplicationFilterChain.java:292)
	at org.apache.catalina.core.ApplicationFilterChain.doFilter(ApplicationFilterChain.java:207)
	at org.apache.tomcat.websocket.server.WsFilter.doFilter(WsFilter.java:52)
	at org.apache.catalina.core.ApplicationFilterChain.internalDoFilter(ApplicationFilterChain.java:240)
	at org.apache.catalina.core.ApplicationFilterChain.doFilter(ApplicationFilterChain.java:207)
	at org.springframework.web.filter.CharacterEncodingFilter.doFilterInternal(CharacterEncodingFilter.java:200)
	at org.springframework.web.filter.OncePerRequestFilter.doFilter(OncePerRequestFilter.java:118)
	at org.apache.catalina.core.ApplicationFilterChain.internalDoFilter(ApplicationFilterChain.java:240)
	at org.apache.catalina.core.ApplicationFilterChain.doFilter(ApplicationFilterChain.java:207)
	at org.apache.catalina.core.StandardWrapperValve.invoke(StandardWrapperValve.java:212)
	at org.apache.catalina.core.StandardContextValve.invoke(StandardContextValve.java:94)
	at org.apache.catalina.core.StandardHostValve.invoke(StandardHostValve.java:141)
	at org.apache.catalina.valves.ErrorReportValve.invoke(ErrorReportValve.java:79)
	at org.apache.catalina.core.StandardEngineValve.invoke(StandardEngineValve.java:88)
	at org.apache.catalina.connector.CoyoteAdapter.service(CoyoteAdapter.java:502)
	at org.apache.coyote.http11.AbstractHttp11Processor.process(AbstractHttp11Processor.java:1132)
	at org.apache.coyote.AbstractProtocol$AbstractConnectionHandler.process(AbstractProtocol.java:684)
	at org.apache.tomcat.util.net.NioEndpoint$SocketProcessor.doRun(NioEndpoint.java:1539)
	at org.apache.tomcat.util.net.NioEndpoint$SocketProcessor.run(NioEndpoint.java:1495)
	at java.util.concurrent.ThreadPoolExecutor.runWorker(ThreadPoolExecutor.java:1142)
	at java.util.concurrent.ThreadPoolExecutor$Worker.run(ThreadPoolExecutor.java:617)
	at org.apache.tomcat.util.threads.TaskThread$WrappingRunnable.run(TaskThread.java:61)
	at java.lang.Thread.run(Thread.java:745)

28-Aug-2023 13:35:57.888 심각 [http-nio-8855-exec-316] org.apache.catalina.core.StandardWrapperValve.invoke Servlet.service() for servlet [appServlet] in context with path [] threw exception [Request processing failed; nested exception is org.mybatis.spring.MyBatisSystemException: nested exception is org.apache.ibatis.exceptions.PersistenceException: 
### Error querying database.  Cause: org.springframework.jdbc.CannotGetJdbcConnectionException: Failed to obtain JDBC Connection; nested exception is com.microsoft.sqlserver.jdbc.SQLServerException: 호스트 61.32.101.234, 포트 1433에 대한 TCP/IP 연결에 실패했습니다. 오류: "connect timed out. 연결 속성을 확인하십시오. SQL Server의 인스턴스가 호스트에서 실행되고 있고 포트에서 TCP/IP 연결을 허용하고 있는지 확인하십시오. 또한 방화벽에서 포트로의 TCP 연결을 차단하지 않는지 확인하십시오.".
### The error may exist in com/daejist/login/mapper/LoginMapper.xml
### The error may involve com.daejist.login.mapper.LoginMapper.LoginMember
### The error occurred while executing a query
### Cause: org.springframework.jdbc.CannotGetJdbcConnectionException: Failed to obtain JDBC Connection; nested exception is com.microsoft.sqlserver.jdbc.SQLServerException: 호스트 61.32.101.234, 포트 1433에 대한 TCP/IP 연결에 실패했습니다. 오류: "connect timed out. 연결 속성을 확인하십시오. SQL Server의 인스턴스가 호스트에서 실행되고 있고 포트에서 TCP/IP 연결을 허용하고 있는지 확인하십시오. 또한 방화벽에서 포트로의 TCP 연결을 차단하지 않는지 확인하십시오.".] with root cause
 com.microsoft.sqlserver.jdbc.SQLServerException: 호스트 61.32.101.234, 포트 1433에 대한 TCP/IP 연결에 실패했습니다. 오류: "connect timed out. 연결 속성을 확인하십시오. SQL Server의 인스턴스가 호스트에서 실행되고 있고 포트에서 TCP/IP 연결을 허용하고 있는지 확인하십시오. 또한 방화벽에서 포트로의 TCP 연결을 차단하지 않는지 확인하십시오.".
	at com.microsoft.sqlserver.jdbc.SQLServerException.makeFromDriverError(SQLServerException.java:234)
	at com.microsoft.sqlserver.jdbc.SQLServerException.ConvertConnectExceptionToSQLServerException(SQLServerException.java:285)
	at com.microsoft.sqlserver.jdbc.SocketFinder.findSocket(IOBuffer.java:2462)
	at com.microsoft.sqlserver.jdbc.TDSChannel.open(IOBuffer.java:668)
	at com.microsoft.sqlserver.jdbc.SQLServerConnection.connectHelper(SQLServerConnection.java:2695)
	at com.microsoft.sqlserver.jdbc.SQLServerConnection.login(SQLServerConnection.java:2362)
	at com.microsoft.sqlserver.jdbc.SQLServerConnection.connectInternal(SQLServerConnection.java:2213)
	at com.microsoft.sqlserver.jdbc.SQLServerConnection.connect(SQLServerConnection.java:1276)
	at com.microsoft.sqlserver.jdbc.SQLServerDriver.connect(SQLServerDriver.java:861)
	at org.apache.commons.dbcp.DriverConnectionFactory.createConnection(DriverConnectionFactory.java:38)
	at org.apache.commons.dbcp.PoolableConnectionFactory.makeObject(PoolableConnectionFactory.java:582)
	at org.apache.commons.pool.impl.GenericObjectPool.borrowObject(GenericObjectPool.java:1148)
	at org.apache.commons.dbcp.PoolingDataSource.getConnection(PoolingDataSource.java:106)
	at org.apache.commons.dbcp.BasicDataSource.getConnection(BasicDataSource.java:1044)
	at org.springframework.jdbc.datasource.DataSourceUtils.fetchConnection(DataSourceUtils.java:157)
	at org.springframework.jdbc.datasource.DataSourceUtils.doGetConnection(DataSourceUtils.java:115)
	at org.springframework.jdbc.datasource.DataSourceUtils.getConnection(DataSourceUtils.java:78)
	at org.mybatis.spring.transaction.SpringManagedTransaction.openConnection(SpringManagedTransaction.java:80)
	at org.mybatis.spring.transaction.SpringManagedTransaction.getConnection(SpringManagedTransaction.java:67)
	at org.apache.ibatis.executor.BaseExecutor.getConnection(BaseExecutor.java:336)
	at org.apache.ibatis.executor.SimpleExecutor.prepareStatement(SimpleExecutor.java:85)
	at org.apache.ibatis.executor.SimpleExecutor.doQuery(SimpleExecutor.java:62)
	at org.apache.ibatis.executor.BaseExecutor.queryFromDatabase(BaseExecutor.java:324)
	at org.apache.ibatis.executor.BaseExecutor.query(BaseExecutor.java:156)
	at org.apache.ibatis.executor.CachingExecutor.query(CachingExecutor.java:109)
	at org.apache.ibatis.executor.CachingExecutor.query(CachingExecutor.java:83)
	at org.apache.ibatis.session.defaults.DefaultSqlSession.selectList(DefaultSqlSession.java:147)
	at org.apache.ibatis.session.defaults.DefaultSqlSession.selectList(DefaultSqlSession.java:140)
	at org.apache.ibatis.session.defaults.DefaultSqlSession.selectOne(DefaultSqlSession.java:76)
	at sun.reflect.GeneratedMethodAccessor1266.invoke(Unknown Source)
	at sun.reflect.DelegatingMethodAccessorImpl.invoke(DelegatingMethodAccessorImpl.java:43)
	at java.lang.reflect.Method.invoke(Method.java:498)
	at org.mybatis.spring.SqlSessionTemplate$SqlSessionInterceptor.invoke(SqlSessionTemplate.java:426)
	at com.sun.proxy.$Proxy366.selectOne(Unknown Source)
	at org.mybatis.spring.SqlSessionTemplate.selectOne(SqlSessionTemplate.java:159)
	at org.apache.ibatis.binding.MapperMethod.execute(MapperMethod.java:87)
	at org.apache.ibatis.binding.MapperProxy.invoke(MapperProxy.java:57)
	at com.sun.proxy.$Proxy368.LoginMember(Unknown Source)
	at com.daejist.login.service.LoginServiceImp.LoginCheck(LoginServiceImp.java:29)
	at com.daejist.login.controller.LoginController.getLogin(LoginController.java:98)
	at sun.reflect.GeneratedMethodAccessor1348.invoke(Unknown Source)
	at sun.reflect.DelegatingMethodAccessorImpl.invoke(DelegatingMethodAccessorImpl.java:43)
	at java.lang.reflect.Method.invoke(Method.java:498)
	at org.springframework.web.method.support.InvocableHandlerMethod.doInvoke(InvocableHandlerMethod.java:190)
	at org.springframework.web.method.support.InvocableHandlerMethod.invokeForRequest(InvocableHandlerMethod.java:138)
	at org.springframework.web.servlet.mvc.method.annotation.ServletInvocableHandlerMethod.invokeAndHandle(ServletInvocableHandlerMethod.java:104)
	at org.springframework.web.servlet.mvc.method.annotation.RequestMappingHandlerAdapter.invokeHandlerMethod(RequestMappingHandlerAdapter.java:892)
	at org.springframework.web.servlet.mvc.method.annotation.RequestMappingHandlerAdapter.handleInternal(RequestMappingHandlerAdapter.java:797)
	at org.springframework.web.servlet.mvc.method.AbstractHandlerMethodAdapter.handle(AbstractHandlerMethodAdapter.java:87)
	at org.springframework.web.servlet.DispatcherServlet.doDispatch(DispatcherServlet.java:1039)
	at org.springframework.web.servlet.DispatcherServlet.doService(DispatcherServlet.java:942)
	at org.springframework.web.servlet.FrameworkServlet.processRequest(FrameworkServlet.java:1005)
	at org.springframework.web.servlet.FrameworkServlet.doPost(FrameworkServlet.java:908)
	at javax.servlet.http.HttpServlet.service(HttpServlet.java:648)
	at org.springframework.web.servlet.FrameworkServlet.service(FrameworkServlet.java:882)
	at javax.servlet.http.HttpServlet.service(HttpServlet.java:729)
	at org.apache.catalina.core.ApplicationFilterChain.internalDoFilter(ApplicationFilterChain.java:292)
	at org.apache.catalina.core.ApplicationFilterChain.doFilter(ApplicationFilterChain.java:207)
	at org.apache.tomcat.websocket.server.WsFilter.doFilter(WsFilter.java:52)
	at org.apache.catalina.core.ApplicationFilterChain.internalDoFilter(ApplicationFilterChain.java:240)
	at org.apache.catalina.core.ApplicationFilterChain.doFilter(ApplicationFilterChain.java:207)
	at org.springframework.web.filter.CharacterEncodingFilter.doFilterInternal(CharacterEncodingFilter.java:200)
	at org.springframework.web.filter.OncePerRequestFilter.doFilter(OncePerRequestFilter.java:118)
	at org.apache.catalina.core.ApplicationFilterChain.internalDoFilter(ApplicationFilterChain.java:240)
	at org.apache.catalina.core.ApplicationFilterChain.doFilter(ApplicationFilterChain.java:207)
	at org.apache.catalina.core.StandardWrapperValve.invoke(StandardWrapperValve.java:212)
	at org.apache.catalina.core.StandardContextValve.invoke(StandardContextValve.java:94)
	at org.apache.catalina.core.StandardHostValve.invoke(StandardHostValve.java:141)
	at org.apache.catalina.valves.ErrorReportValve.invoke(ErrorReportValve.java:79)
	at org.apache.catalina.core.StandardEngineValve.invoke(StandardEngineValve.java:88)
	at org.apache.catalina.connector.CoyoteAdapter.service(CoyoteAdapter.java:502)
	at org.apache.coyote.http11.AbstractHttp11Processor.process(AbstractHttp11Processor.java:1132)
	at org.apache.coyote.AbstractProtocol$AbstractConnectionHandler.process(AbstractProtocol.java:684)
	at org.apache.tomcat.util.net.NioEndpoint$SocketProcessor.doRun(NioEndpoint.java:1539)
	at org.apache.tomcat.util.net.NioEndpoint$SocketProcessor.run(NioEndpoint.java:1495)
	at java.util.concurrent.ThreadPoolExecutor.runWorker(ThreadPoolExecutor.java:1142)
	at java.util.concurrent.ThreadPoolExecutor$Worker.run(ThreadPoolExecutor.java:617)
	at org.apache.tomcat.util.threads.TaskThread$WrappingRunnable.run(TaskThread.java:61)
	at java.lang.Thread.run(Thread.java:745)

28-Aug-2023 13:36:06.258 심각 [http-nio-8855-exec-318] org.apache.catalina.core.StandardWrapperValve.invoke Servlet.service() for servlet [appServlet] in context with path [] threw exception [Request processing failed; nested exception is org.mybatis.spring.MyBatisSystemException: nested exception is org.apache.ibatis.exceptions.PersistenceException: 
### Error querying database.  Cause: org.springframework.jdbc.CannotGetJdbcConnectionException: Failed to obtain JDBC Connection; nested exception is com.microsoft.sqlserver.jdbc.SQLServerException: 호스트 61.32.101.234, 포트 1433에 대한 TCP/IP 연결에 실패했습니다. 오류: "connect timed out. 연결 속성을 확인하십시오. SQL Server의 인스턴스가 호스트에서 실행되고 있고 포트에서 TCP/IP 연결을 허용하고 있는지 확인하십시오. 또한 방화벽에서 포트로의 TCP 연결을 차단하지 않는지 확인하십시오.".
### The error may exist in com/daejist/login/mapper/LoginMapper.xml
### The error may involve com.daejist.login.mapper.LoginMapper.LoginMember
### The error occurred while executing a query
### Cause: org.springframework.jdbc.CannotGetJdbcConnectionException: Failed to obtain JDBC Connection; nested exception is com.microsoft.sqlserver.jdbc.SQLServerException: 호스트 61.32.101.234, 포트 1433에 대한 TCP/IP 연결에 실패했습니다. 오류: "connect timed out. 연결 속성을 확인하십시오. SQL Server의 인스턴스가 호스트에서 실행되고 있고 포트에서 TCP/IP 연결을 허용하고 있는지 확인하십시오. 또한 방화벽에서 포트로의 TCP 연결을 차단하지 않는지 확인하십시오.".] with root cause
 com.microsoft.sqlserver.jdbc.SQLServerException: 호스트 61.32.101.234, 포트 1433에 대한 TCP/IP 연결에 실패했습니다. 오류: "connect timed out. 연결 속성을 확인하십시오. SQL Server의 인스턴스가 호스트에서 실행되고 있고 포트에서 TCP/IP 연결을 허용하고 있는지 확인하십시오. 또한 방화벽에서 포트로의 TCP 연결을 차단하지 않는지 확인하십시오.".
	at com.microsoft.sqlserver.jdbc.SQLServerException.makeFromDriverError(SQLServerException.java:234)
	at com.microsoft.sqlserver.jdbc.SQLServerException.ConvertConnectExceptionToSQLServerException(SQLServerException.java:285)
	at com.microsoft.sqlserver.jdbc.SocketFinder.findSocket(IOBuffer.java:2462)
	at com.microsoft.sqlserver.jdbc.TDSChannel.open(IOBuffer.java:668)
	at com.microsoft.sqlserver.jdbc.SQLServerConnection.connectHelper(SQLServerConnection.java:2695)
	at com.microsoft.sqlserver.jdbc.SQLServerConnection.login(SQLServerConnection.java:2362)
	at com.microsoft.sqlserver.jdbc.SQLServerConnection.connectInternal(SQLServerConnection.java:2213)
	at com.microsoft.sqlserver.jdbc.SQLServerConnection.connect(SQLServerConnection.java:1276)
	at com.microsoft.sqlserver.jdbc.SQLServerDriver.connect(SQLServerDriver.java:861)
	at org.apache.commons.dbcp.DriverConnectionFactory.createConnection(DriverConnectionFactory.java:38)
	at org.apache.commons.dbcp.PoolableConnectionFactory.makeObject(PoolableConnectionFactory.java:582)
	at org.apache.commons.pool.impl.GenericObjectPool.borrowObject(GenericObjectPool.java:1148)
	at org.apache.commons.dbcp.PoolingDataSource.getConnection(PoolingDataSource.java:106)
	at org.apache.commons.dbcp.BasicDataSource.getConnection(BasicDataSource.java:1044)
	at org.springframework.jdbc.datasource.DataSourceUtils.fetchConnection(DataSourceUtils.java:157)
	at org.springframework.jdbc.datasource.DataSourceUtils.doGetConnection(DataSourceUtils.java:115)
	at org.springframework.jdbc.datasource.DataSourceUtils.getConnection(DataSourceUtils.java:78)
	at org.mybatis.spring.transaction.SpringManagedTransaction.openConnection(SpringManagedTransaction.java:80)
	at org.mybatis.spring.transaction.SpringManagedTransaction.getConnection(SpringManagedTransaction.java:67)
	at org.apache.ibatis.executor.BaseExecutor.getConnection(BaseExecutor.java:336)
	at org.apache.ibatis.executor.SimpleExecutor.prepareStatement(SimpleExecutor.java:85)
	at org.apache.ibatis.executor.SimpleExecutor.doQuery(SimpleExecutor.java:62)
	at org.apache.ibatis.executor.BaseExecutor.queryFromDatabase(BaseExecutor.java:324)
	at org.apache.ibatis.executor.BaseExecutor.query(BaseExecutor.java:156)
	at org.apache.ibatis.executor.CachingExecutor.query(CachingExecutor.java:109)
	at org.apache.ibatis.executor.CachingExecutor.query(CachingExecutor.java:83)
	at org.apache.ibatis.session.defaults.DefaultSqlSession.selectList(DefaultSqlSession.java:147)
	at org.apache.ibatis.session.defaults.DefaultSqlSession.selectList(DefaultSqlSession.java:140)
	at org.apache.ibatis.session.defaults.DefaultSqlSession.selectOne(DefaultSqlSession.java:76)
	at sun.reflect.GeneratedMethodAccessor1266.invoke(Unknown Source)
	at sun.reflect.DelegatingMethodAccessorImpl.invoke(DelegatingMethodAccessorImpl.java:43)
	at java.lang.reflect.Method.invoke(Method.java:498)
	at org.mybatis.spring.SqlSessionTemplate$SqlSessionInterceptor.invoke(SqlSessionTemplate.java:426)
	at com.sun.proxy.$Proxy366.selectOne(Unknown Source)
	at org.mybatis.spring.SqlSessionTemplate.selectOne(SqlSessionTemplate.java:159)
	at org.apache.ibatis.binding.MapperMethod.execute(MapperMethod.java:87)
	at org.apache.ibatis.binding.MapperProxy.invoke(MapperProxy.java:57)
	at com.sun.proxy.$Proxy368.LoginMember(Unknown Source)
	at com.daejist.login.service.LoginServiceImp.LoginCheck(LoginServiceImp.java:29)
	at com.daejist.login.controller.LoginController.getLogin(LoginController.java:98)
	at sun.reflect.GeneratedMethodAccessor1348.invoke(Unknown Source)
	at sun.reflect.DelegatingMethodAccessorImpl.invoke(DelegatingMethodAccessorImpl.java:43)
	at java.lang.reflect.Method.invoke(Method.java:498)
	at org.springframework.web.method.support.InvocableHandlerMethod.doInvoke(InvocableHandlerMethod.java:190)
	at org.springframework.web.method.support.InvocableHandlerMethod.invokeForRequest(InvocableHandlerMethod.java:138)
	at org.springframework.web.servlet.mvc.method.annotation.ServletInvocableHandlerMethod.invokeAndHandle(ServletInvocableHandlerMethod.java:104)
	at org.springframework.web.servlet.mvc.method.annotation.RequestMappingHandlerAdapter.invokeHandlerMethod(RequestMappingHandlerAdapter.java:892)
	at org.springframework.web.servlet.mvc.method.annotation.RequestMappingHandlerAdapter.handleInternal(RequestMappingHandlerAdapter.java:797)
	at org.springframework.web.servlet.mvc.method.AbstractHandlerMethodAdapter.handle(AbstractHandlerMethodAdapter.java:87)
	at org.springframework.web.servlet.DispatcherServlet.doDispatch(DispatcherServlet.java:1039)
	at org.springframework.web.servlet.DispatcherServlet.doService(DispatcherServlet.java:942)
	at org.springframework.web.servlet.FrameworkServlet.processRequest(FrameworkServlet.java:1005)
	at org.springframework.web.servlet.FrameworkServlet.doPost(FrameworkServlet.java:908)
	at javax.servlet.http.HttpServlet.service(HttpServlet.java:648)
	at org.springframework.web.servlet.FrameworkServlet.service(FrameworkServlet.java:882)
	at javax.servlet.http.HttpServlet.service(HttpServlet.java:729)
	at org.apache.catalina.core.ApplicationFilterChain.internalDoFilter(ApplicationFilterChain.java:292)
	at org.apache.catalina.core.ApplicationFilterChain.doFilter(ApplicationFilterChain.java:207)
	at org.apache.tomcat.websocket.server.WsFilter.doFilter(WsFilter.java:52)
	at org.apache.catalina.core.ApplicationFilterChain.internalDoFilter(ApplicationFilterChain.java:240)
	at org.apache.catalina.core.ApplicationFilterChain.doFilter(ApplicationFilterChain.java:207)
	at org.springframework.web.filter.CharacterEncodingFilter.doFilterInternal(CharacterEncodingFilter.java:200)
	at org.springframework.web.filter.OncePerRequestFilter.doFilter(OncePerRequestFilter.java:118)
	at org.apache.catalina.core.ApplicationFilterChain.internalDoFilter(ApplicationFilterChain.java:240)
	at org.apache.catalina.core.ApplicationFilterChain.doFilter(ApplicationFilterChain.java:207)
	at org.apache.catalina.core.StandardWrapperValve.invoke(StandardWrapperValve.java:212)
	at org.apache.catalina.core.StandardContextValve.invoke(StandardContextValve.java:94)
	at org.apache.catalina.core.StandardHostValve.invoke(StandardHostValve.java:141)
	at org.apache.catalina.valves.ErrorReportValve.invoke(ErrorReportValve.java:79)
	at org.apache.catalina.core.StandardEngineValve.invoke(StandardEngineValve.java:88)
	at org.apache.catalina.connector.CoyoteAdapter.service(CoyoteAdapter.java:502)
	at org.apache.coyote.http11.AbstractHttp11Processor.process(AbstractHttp11Processor.java:1132)
	at org.apache.coyote.AbstractProtocol$AbstractConnectionHandler.process(AbstractProtocol.java:684)
	at org.apache.tomcat.util.net.NioEndpoint$SocketProcessor.doRun(NioEndpoint.java:1539)
	at org.apache.tomcat.util.net.NioEndpoint$SocketProcessor.run(NioEndpoint.java:1495)
	at java.util.concurrent.ThreadPoolExecutor.runWorker(ThreadPoolExecutor.java:1142)
	at java.util.concurrent.ThreadPoolExecutor$Worker.run(ThreadPoolExecutor.java:617)
	at org.apache.tomcat.util.threads.TaskThread$WrappingRunnable.run(TaskThread.java:61)
	at java.lang.Thread.run(Thread.java:745)

28-Aug-2023 13:36:07.318 심각 [http-nio-8855-exec-312] org.apache.catalina.core.StandardWrapperValve.invoke Servlet.service() for servlet [appServlet] in context with path [] threw exception [Request processing failed; nested exception is org.mybatis.spring.MyBatisSystemException: nested exception is org.apache.ibatis.exceptions.PersistenceException: 
### Error querying database.  Cause: org.springframework.jdbc.CannotGetJdbcConnectionException: Failed to obtain JDBC Connection; nested exception is com.microsoft.sqlserver.jdbc.SQLServerException: 호스트 61.32.101.234, 포트 1433에 대한 TCP/IP 연결에 실패했습니다. 오류: "connect timed out. 연결 속성을 확인하십시오. SQL Server의 인스턴스가 호스트에서 실행되고 있고 포트에서 TCP/IP 연결을 허용하고 있는지 확인하십시오. 또한 방화벽에서 포트로의 TCP 연결을 차단하지 않는지 확인하십시오.".
### The error may exist in com/daejist/login/mapper/LoginMapper.xml
### The error may involve com.daejist.login.mapper.LoginMapper.LoginMember
### The error occurred while executing a query
### Cause: org.springframework.jdbc.CannotGetJdbcConnectionException: Failed to obtain JDBC Connection; nested exception is com.microsoft.sqlserver.jdbc.SQLServerException: 호스트 61.32.101.234, 포트 1433에 대한 TCP/IP 연결에 실패했습니다. 오류: "connect timed out. 연결 속성을 확인하십시오. SQL Server의 인스턴스가 호스트에서 실행되고 있고 포트에서 TCP/IP 연결을 허용하고 있는지 확인하십시오. 또한 방화벽에서 포트로의 TCP 연결을 차단하지 않는지 확인하십시오.".] with root cause
 com.microsoft.sqlserver.jdbc.SQLServerException: 호스트 61.32.101.234, 포트 1433에 대한 TCP/IP 연결에 실패했습니다. 오류: "connect timed out. 연결 속성을 확인하십시오. SQL Server의 인스턴스가 호스트에서 실행되고 있고 포트에서 TCP/IP 연결을 허용하고 있는지 확인하십시오. 또한 방화벽에서 포트로의 TCP 연결을 차단하지 않는지 확인하십시오.".
	at com.microsoft.sqlserver.jdbc.SQLServerException.makeFromDriverError(SQLServerException.java:234)
	at com.microsoft.sqlserver.jdbc.SQLServerException.ConvertConnectExceptionToSQLServerException(SQLServerException.java:285)
	at com.microsoft.sqlserver.jdbc.SocketFinder.findSocket(IOBuffer.java:2462)
	at com.microsoft.sqlserver.jdbc.TDSChannel.open(IOBuffer.java:668)
	at com.microsoft.sqlserver.jdbc.SQLServerConnection.connectHelper(SQLServerConnection.java:2695)
	at com.microsoft.sqlserver.jdbc.SQLServerConnection.login(SQLServerConnection.java:2362)
	at com.microsoft.sqlserver.jdbc.SQLServerConnection.connectInternal(SQLServerConnection.java:2213)
	at com.microsoft.sqlserver.jdbc.SQLServerConnection.connect(SQLServerConnection.java:1276)
	at com.microsoft.sqlserver.jdbc.SQLServerDriver.connect(SQLServerDriver.java:861)
	at org.apache.commons.dbcp.DriverConnectionFactory.createConnection(DriverConnectionFactory.java:38)
	at org.apache.commons.dbcp.PoolableConnectionFactory.makeObject(PoolableConnectionFactory.java:582)
	at org.apache.commons.pool.impl.GenericObjectPool.borrowObject(GenericObjectPool.java:1148)
	at org.apache.commons.dbcp.PoolingDataSource.getConnection(PoolingDataSource.java:106)
	at org.apache.commons.dbcp.BasicDataSource.getConnection(BasicDataSource.java:1044)
	at org.springframework.jdbc.datasource.DataSourceUtils.fetchConnection(DataSourceUtils.java:157)
	at org.springframework.jdbc.datasource.DataSourceUtils.doGetConnection(DataSourceUtils.java:115)
	at org.springframework.jdbc.datasource.DataSourceUtils.getConnection(DataSourceUtils.java:78)
	at org.mybatis.spring.transaction.SpringManagedTransaction.openConnection(SpringManagedTransaction.java:80)
	at org.mybatis.spring.transaction.SpringManagedTransaction.getConnection(SpringManagedTransaction.java:67)
	at org.apache.ibatis.executor.BaseExecutor.getConnection(BaseExecutor.java:336)
	at org.apache.ibatis.executor.SimpleExecutor.prepareStatement(SimpleExecutor.java:85)
	at org.apache.ibatis.executor.SimpleExecutor.doQuery(SimpleExecutor.java:62)
	at org.apache.ibatis.executor.BaseExecutor.queryFromDatabase(BaseExecutor.java:324)
	at org.apache.ibatis.executor.BaseExecutor.query(BaseExecutor.java:156)
	at org.apache.ibatis.executor.CachingExecutor.query(CachingExecutor.java:109)
	at org.apache.ibatis.executor.CachingExecutor.query(CachingExecutor.java:83)
	at org.apache.ibatis.session.defaults.DefaultSqlSession.selectList(DefaultSqlSession.java:147)
	at org.apache.ibatis.session.defaults.DefaultSqlSession.selectList(DefaultSqlSession.java:140)
	at org.apache.ibatis.session.defaults.DefaultSqlSession.selectOne(DefaultSqlSession.java:76)
	at sun.reflect.GeneratedMethodAccessor1266.invoke(Unknown Source)
	at sun.reflect.DelegatingMethodAccessorImpl.invoke(DelegatingMethodAccessorImpl.java:43)
	at java.lang.reflect.Method.invoke(Method.java:498)
	at org.mybatis.spring.SqlSessionTemplate$SqlSessionInterceptor.invoke(SqlSessionTemplate.java:426)
	at com.sun.proxy.$Proxy366.selectOne(Unknown Source)
	at org.mybatis.spring.SqlSessionTemplate.selectOne(SqlSessionTemplate.java:159)
	at org.apache.ibatis.binding.MapperMethod.execute(MapperMethod.java:87)
	at org.apache.ibatis.binding.MapperProxy.invoke(MapperProxy.java:57)
	at com.sun.proxy.$Proxy368.LoginMember(Unknown Source)
	at com.daejist.login.service.LoginServiceImp.LoginCheck(LoginServiceImp.java:29)
	at com.daejist.login.controller.LoginController.getLogin(LoginController.java:98)
	at sun.reflect.GeneratedMethodAccessor1348.invoke(Unknown Source)
	at sun.reflect.DelegatingMethodAccessorImpl.invoke(DelegatingMethodAccessorImpl.java:43)
	at java.lang.reflect.Method.invoke(Method.java:498)
	at org.springframework.web.method.support.InvocableHandlerMethod.doInvoke(InvocableHandlerMethod.java:190)
	at org.springframework.web.method.support.InvocableHandlerMethod.invokeForRequest(InvocableHandlerMethod.java:138)
	at org.springframework.web.servlet.mvc.method.annotation.ServletInvocableHandlerMethod.invokeAndHandle(ServletInvocableHandlerMethod.java:104)
	at org.springframework.web.servlet.mvc.method.annotation.RequestMappingHandlerAdapter.invokeHandlerMethod(RequestMappingHandlerAdapter.java:892)
	at org.springframework.web.servlet.mvc.method.annotation.RequestMappingHandlerAdapter.handleInternal(RequestMappingHandlerAdapter.java:797)
	at org.springframework.web.servlet.mvc.method.AbstractHandlerMethodAdapter.handle(AbstractHandlerMethodAdapter.java:87)
	at org.springframework.web.servlet.DispatcherServlet.doDispatch(DispatcherServlet.java:1039)
	at org.springframework.web.servlet.DispatcherServlet.doService(DispatcherServlet.java:942)
	at org.springframework.web.servlet.FrameworkServlet.processRequest(FrameworkServlet.java:1005)
	at org.springframework.web.servlet.FrameworkServlet.doPost(FrameworkServlet.java:908)
	at javax.servlet.http.HttpServlet.service(HttpServlet.java:648)
	at org.springframework.web.servlet.FrameworkServlet.service(FrameworkServlet.java:882)
	at javax.servlet.http.HttpServlet.service(HttpServlet.java:729)
	at org.apache.catalina.core.ApplicationFilterChain.internalDoFilter(ApplicationFilterChain.java:292)
	at org.apache.catalina.core.ApplicationFilterChain.doFilter(ApplicationFilterChain.java:207)
	at org.apache.tomcat.websocket.server.WsFilter.doFilter(WsFilter.java:52)
	at org.apache.catalina.core.ApplicationFilterChain.internalDoFilter(ApplicationFilterChain.java:240)
	at org.apache.catalina.core.ApplicationFilterChain.doFilter(ApplicationFilterChain.java:207)
	at org.springframework.web.filter.CharacterEncodingFilter.doFilterInternal(CharacterEncodingFilter.java:200)
	at org.springframework.web.filter.OncePerRequestFilter.doFilter(OncePerRequestFilter.java:118)
	at org.apache.catalina.core.ApplicationFilterChain.internalDoFilter(ApplicationFilterChain.java:240)
	at org.apache.catalina.core.ApplicationFilterChain.doFilter(ApplicationFilterChain.java:207)
	at org.apache.catalina.core.StandardWrapperValve.invoke(StandardWrapperValve.java:212)
	at org.apache.catalina.core.StandardContextValve.invoke(StandardContextValve.java:94)
	at org.apache.catalina.core.StandardHostValve.invoke(StandardHostValve.java:141)
	at org.apache.catalina.valves.ErrorReportValve.invoke(ErrorReportValve.java:79)
	at org.apache.catalina.core.StandardEngineValve.invoke(StandardEngineValve.java:88)
	at org.apache.catalina.connector.CoyoteAdapter.service(CoyoteAdapter.java:502)
	at org.apache.coyote.http11.AbstractHttp11Processor.process(AbstractHttp11Processor.java:1132)
	at org.apache.coyote.AbstractProtocol$AbstractConnectionHandler.process(AbstractProtocol.java:684)
	at org.apache.tomcat.util.net.NioEndpoint$SocketProcessor.doRun(NioEndpoint.java:1539)
	at org.apache.tomcat.util.net.NioEndpoint$SocketProcessor.run(NioEndpoint.java:1495)
	at java.util.concurrent.ThreadPoolExecutor.runWorker(ThreadPoolExecutor.java:1142)
	at java.util.concurrent.ThreadPoolExecutor$Worker.run(ThreadPoolExecutor.java:617)
	at org.apache.tomcat.util.threads.TaskThread$WrappingRunnable.run(TaskThread.java:61)
	at java.lang.Thread.run(Thread.java:745)

28-Aug-2023 13:40:00.332 심각 [http-nio-8855-exec-310] org.apache.catalina.core.StandardWrapperValve.invoke Servlet.service() for servlet [appServlet] in context with path [] threw exception [Request processing failed; nested exception is org.mybatis.spring.MyBatisSystemException: nested exception is org.apache.ibatis.exceptions.PersistenceException: 
### Error querying database.  Cause: org.springframework.jdbc.CannotGetJdbcConnectionException: Failed to obtain JDBC Connection; nested exception is com.microsoft.sqlserver.jdbc.SQLServerException: 호스트 61.32.101.234, 포트 1433에 대한 TCP/IP 연결에 실패했습니다. 오류: "connect timed out. 연결 속성을 확인하십시오. SQL Server의 인스턴스가 호스트에서 실행되고 있고 포트에서 TCP/IP 연결을 허용하고 있는지 확인하십시오. 또한 방화벽에서 포트로의 TCP 연결을 차단하지 않는지 확인하십시오.".
### The error may exist in com/daejist/login/mapper/LoginMapper.xml
### The error may involve com.daejist.login.mapper.LoginMapper.checkUserWithSessionKey
### The error occurred while executing a query
### Cause: org.springframework.jdbc.CannotGetJdbcConnectionException: Failed to obtain JDBC Connection; nested exception is com.microsoft.sqlserver.jdbc.SQLServerException: 호스트 61.32.101.234, 포트 1433에 대한 TCP/IP 연결에 실패했습니다. 오류: "connect timed out. 연결 속성을 확인하십시오. SQL Server의 인스턴스가 호스트에서 실행되고 있고 포트에서 TCP/IP 연결을 허용하고 있는지 확인하십시오. 또한 방화벽에서 포트로의 TCP 연결을 차단하지 않는지 확인하십시오.".] with root cause
 com.microsoft.sqlserver.jdbc.SQLServerException: 호스트 61.32.101.234, 포트 1433에 대한 TCP/IP 연결에 실패했습니다. 오류: "connect timed out. 연결 속성을 확인하십시오. SQL Server의 인스턴스가 호스트에서 실행되고 있고 포트에서 TCP/IP 연결을 허용하고 있는지 확인하십시오. 또한 방화벽에서 포트로의 TCP 연결을 차단하지 않는지 확인하십시오.".
	at com.microsoft.sqlserver.jdbc.SQLServerException.makeFromDriverError(SQLServerException.java:234)
	at com.microsoft.sqlserver.jdbc.SQLServerException.ConvertConnectExceptionToSQLServerException(SQLServerException.java:285)
	at com.microsoft.sqlserver.jdbc.SocketFinder.findSocket(IOBuffer.java:2462)
	at com.microsoft.sqlserver.jdbc.TDSChannel.open(IOBuffer.java:668)
	at com.microsoft.sqlserver.jdbc.SQLServerConnection.connectHelper(SQLServerConnection.java:2695)
	at com.microsoft.sqlserver.jdbc.SQLServerConnection.login(SQLServerConnection.java:2362)
	at com.microsoft.sqlserver.jdbc.SQLServerConnection.connectInternal(SQLServerConnection.java:2213)
	at com.microsoft.sqlserver.jdbc.SQLServerConnection.connect(SQLServerConnection.java:1276)
	at com.microsoft.sqlserver.jdbc.SQLServerDriver.connect(SQLServerDriver.java:861)
	at org.apache.commons.dbcp.DriverConnectionFactory.createConnection(DriverConnectionFactory.java:38)
	at org.apache.commons.dbcp.PoolableConnectionFactory.makeObject(PoolableConnectionFactory.java:582)
	at org.apache.commons.pool.impl.GenericObjectPool.borrowObject(GenericObjectPool.java:1148)
	at org.apache.commons.dbcp.PoolingDataSource.getConnection(PoolingDataSource.java:106)
	at org.apache.commons.dbcp.BasicDataSource.getConnection(BasicDataSource.java:1044)
	at org.springframework.jdbc.datasource.DataSourceUtils.fetchConnection(DataSourceUtils.java:157)
	at org.springframework.jdbc.datasource.DataSourceUtils.doGetConnection(DataSourceUtils.java:115)
	at org.springframework.jdbc.datasource.DataSourceUtils.getConnection(DataSourceUtils.java:78)
	at org.mybatis.spring.transaction.SpringManagedTransaction.openConnection(SpringManagedTransaction.java:80)
	at org.mybatis.spring.transaction.SpringManagedTransaction.getConnection(SpringManagedTransaction.java:67)
	at org.apache.ibatis.executor.BaseExecutor.getConnection(BaseExecutor.java:336)
	at org.apache.ibatis.executor.SimpleExecutor.prepareStatement(SimpleExecutor.java:85)
	at org.apache.ibatis.executor.SimpleExecutor.doQuery(SimpleExecutor.java:62)
	at org.apache.ibatis.executor.BaseExecutor.queryFromDatabase(BaseExecutor.java:324)
	at org.apache.ibatis.executor.BaseExecutor.query(BaseExecutor.java:156)
	at org.apache.ibatis.executor.CachingExecutor.query(CachingExecutor.java:109)
	at org.apache.ibatis.executor.CachingExecutor.query(CachingExecutor.java:83)
	at org.apache.ibatis.session.defaults.DefaultSqlSession.selectList(DefaultSqlSession.java:147)
	at org.apache.ibatis.session.defaults.DefaultSqlSession.selectList(DefaultSqlSession.java:140)
	at org.apache.ibatis.session.defaults.DefaultSqlSession.selectOne(DefaultSqlSession.java:76)
	at sun.reflect.GeneratedMethodAccessor1266.invoke(Unknown Source)
	at sun.reflect.DelegatingMethodAccessorImpl.invoke(DelegatingMethodAccessorImpl.java:43)
	at java.lang.reflect.Method.invoke(Method.java:498)
	at org.mybatis.spring.SqlSessionTemplate$SqlSessionInterceptor.invoke(SqlSessionTemplate.java:426)
	at com.sun.proxy.$Proxy366.selectOne(Unknown Source)
	at org.mybatis.spring.SqlSessionTemplate.selectOne(SqlSessionTemplate.java:159)
	at org.apache.ibatis.binding.MapperMethod.execute(MapperMethod.java:87)
	at org.apache.ibatis.binding.MapperProxy.invoke(MapperProxy.java:57)
	at com.sun.proxy.$Proxy368.checkUserWithSessionKey(Unknown Source)
	at com.daejist.login.service.LoginServiceImp.checkUserWithSessionKey(LoginServiceImp.java:84)
	at com.daejist.login.controller.LoginController.login(LoginController.java:75)
	at sun.reflect.GeneratedMethodAccessor1343.invoke(Unknown Source)
	at sun.reflect.DelegatingMethodAccessorImpl.invoke(DelegatingMethodAccessorImpl.java:43)
	at java.lang.reflect.Method.invoke(Method.java:498)
	at org.springframework.web.method.support.InvocableHandlerMethod.doInvoke(InvocableHandlerMethod.java:190)
	at org.springframework.web.method.support.InvocableHandlerMethod.invokeForRequest(InvocableHandlerMethod.java:138)
	at org.springframework.web.servlet.mvc.method.annotation.ServletInvocableHandlerMethod.invokeAndHandle(ServletInvocableHandlerMethod.java:104)
	at org.springframework.web.servlet.mvc.method.annotation.RequestMappingHandlerAdapter.invokeHandlerMethod(RequestMappingHandlerAdapter.java:892)
	at org.springframework.web.servlet.mvc.method.annotation.RequestMappingHandlerAdapter.handleInternal(RequestMappingHandlerAdapter.java:797)
	at org.springframework.web.servlet.mvc.method.AbstractHandlerMethodAdapter.handle(AbstractHandlerMethodAdapter.java:87)
	at org.springframework.web.servlet.DispatcherServlet.doDispatch(DispatcherServlet.java:1039)
	at org.springframework.web.servlet.DispatcherServlet.doService(DispatcherServlet.java:942)
	at org.springframework.web.servlet.FrameworkServlet.processRequest(FrameworkServlet.java:1005)
	at org.springframework.web.servlet.FrameworkServlet.doGet(FrameworkServlet.java:897)
	at javax.servlet.http.HttpServlet.service(HttpServlet.java:622)
	at org.springframework.web.servlet.FrameworkServlet.service(FrameworkServlet.java:882)
	at javax.servlet.http.HttpServlet.service(HttpServlet.java:729)
	at org.apache.catalina.core.ApplicationFilterChain.internalDoFilter(ApplicationFilterChain.java:292)
	at org.apache.catalina.core.ApplicationFilterChain.doFilter(ApplicationFilterChain.java:207)
	at org.apache.tomcat.websocket.server.WsFilter.doFilter(WsFilter.java:52)
	at org.apache.catalina.core.ApplicationFilterChain.internalDoFilter(ApplicationFilterChain.java:240)
	at org.apache.catalina.core.ApplicationFilterChain.doFilter(ApplicationFilterChain.java:207)
	at org.springframework.web.filter.CharacterEncodingFilter.doFilterInternal(CharacterEncodingFilter.java:200)
	at org.springframework.web.filter.OncePerRequestFilter.doFilter(OncePerRequestFilter.java:118)
	at org.apache.catalina.core.ApplicationFilterChain.internalDoFilter(ApplicationFilterChain.java:240)
	at org.apache.catalina.core.ApplicationFilterChain.doFilter(ApplicationFilterChain.java:207)
	at org.apache.catalina.core.StandardWrapperValve.invoke(StandardWrapperValve.java:212)
	at org.apache.catalina.core.StandardContextValve.invoke(StandardContextValve.java:94)
	at org.apache.catalina.core.StandardHostValve.invoke(StandardHostValve.java:141)
	at org.apache.catalina.valves.ErrorReportValve.invoke(ErrorReportValve.java:79)
	at org.apache.catalina.core.StandardEngineValve.invoke(StandardEngineValve.java:88)
	at org.apache.catalina.connector.CoyoteAdapter.service(CoyoteAdapter.java:502)
	at org.apache.coyote.http11.AbstractHttp11Processor.process(AbstractHttp11Processor.java:1132)
	at org.apache.coyote.AbstractProtocol$AbstractConnectionHandler.process(AbstractProtocol.java:684)
	at org.apache.tomcat.util.net.NioEndpoint$SocketProcessor.doRun(NioEndpoint.java:1539)
	at org.apache.tomcat.util.net.NioEndpoint$SocketProcessor.run(NioEndpoint.java:1495)
	at java.util.concurrent.ThreadPoolExecutor.runWorker(ThreadPoolExecutor.java:1142)
	at java.util.concurrent.ThreadPoolExecutor$Worker.run(ThreadPoolExecutor.java:617)
	at org.apache.tomcat.util.threads.TaskThread$WrappingRunnable.run(TaskThread.java:61)
	at java.lang.Thread.run(Thread.java:745)

28-Aug-2023 14:06:32.329 심각 [http-nio-8855-exec-319] org.apache.catalina.core.StandardWrapperValve.invoke Servlet.service() for servlet [appServlet] in context with path [] threw exception [Request processing failed; nested exception is org.mybatis.spring.MyBatisSystemException: nested exception is org.apache.ibatis.exceptions.PersistenceException: 
### Error querying database.  Cause: org.springframework.jdbc.CannotGetJdbcConnectionException: Failed to obtain JDBC Connection; nested exception is com.microsoft.sqlserver.jdbc.SQLServerException: 호스트 61.32.101.234, 포트 1433에 대한 TCP/IP 연결에 실패했습니다. 오류: "connect timed out. 연결 속성을 확인하십시오. SQL Server의 인스턴스가 호스트에서 실행되고 있고 포트에서 TCP/IP 연결을 허용하고 있는지 확인하십시오. 또한 방화벽에서 포트로의 TCP 연결을 차단하지 않는지 확인하십시오.".
### The error may exist in com/daejist/login/mapper/MesuringMapper.xml
### The error may involve com.daejist.login.mapper.MesuringMapper.getList
### The error occurred while executing a query
### Cause: org.springframework.jdbc.CannotGetJdbcConnectionException: Failed to obtain JDBC Connection; nested exception is com.microsoft.sqlserver.jdbc.SQLServerException: 호스트 61.32.101.234, 포트 1433에 대한 TCP/IP 연결에 실패했습니다. 오류: "connect timed out. 연결 속성을 확인하십시오. SQL Server의 인스턴스가 호스트에서 실행되고 있고 포트에서 TCP/IP 연결을 허용하고 있는지 확인하십시오. 또한 방화벽에서 포트로의 TCP 연결을 차단하지 않는지 확인하십시오.".] with root cause
 com.microsoft.sqlserver.jdbc.SQLServerException: 호스트 61.32.101.234, 포트 1433에 대한 TCP/IP 연결에 실패했습니다. 오류: "connect timed out. 연결 속성을 확인하십시오. SQL Server의 인스턴스가 호스트에서 실행되고 있고 포트에서 TCP/IP 연결을 허용하고 있는지 확인하십시오. 또한 방화벽에서 포트로의 TCP 연결을 차단하지 않는지 확인하십시오.".
	at com.microsoft.sqlserver.jdbc.SQLServerException.makeFromDriverError(SQLServerException.java:234)
	at com.microsoft.sqlserver.jdbc.SQLServerException.ConvertConnectExceptionToSQLServerException(SQLServerException.java:285)
	at com.microsoft.sqlserver.jdbc.SocketFinder.findSocket(IOBuffer.java:2462)
	at com.microsoft.sqlserver.jdbc.TDSChannel.open(IOBuffer.java:668)
	at com.microsoft.sqlserver.jdbc.SQLServerConnection.connectHelper(SQLServerConnection.java:2695)
	at com.microsoft.sqlserver.jdbc.SQLServerConnection.login(SQLServerConnection.java:2362)
	at com.microsoft.sqlserver.jdbc.SQLServerConnection.connectInternal(SQLServerConnection.java:2213)
	at com.microsoft.sqlserver.jdbc.SQLServerConnection.connect(SQLServerConnection.java:1276)
	at com.microsoft.sqlserver.jdbc.SQLServerDriver.connect(SQLServerDriver.java:861)
	at org.apache.commons.dbcp.DriverConnectionFactory.createConnection(DriverConnectionFactory.java:38)
	at org.apache.commons.dbcp.PoolableConnectionFactory.makeObject(PoolableConnectionFactory.java:582)
	at org.apache.commons.pool.impl.GenericObjectPool.borrowObject(GenericObjectPool.java:1148)
	at org.apache.commons.dbcp.PoolingDataSource.getConnection(PoolingDataSource.java:106)
	at org.apache.commons.dbcp.BasicDataSource.getConnection(BasicDataSource.java:1044)
	at org.springframework.jdbc.datasource.DataSourceUtils.fetchConnection(DataSourceUtils.java:157)
	at org.springframework.jdbc.datasource.DataSourceUtils.doGetConnection(DataSourceUtils.java:115)
	at org.springframework.jdbc.datasource.DataSourceUtils.getConnection(DataSourceUtils.java:78)
	at org.mybatis.spring.transaction.SpringManagedTransaction.openConnection(SpringManagedTransaction.java:80)
	at org.mybatis.spring.transaction.SpringManagedTransaction.getConnection(SpringManagedTransaction.java:67)
	at org.apache.ibatis.executor.BaseExecutor.getConnection(BaseExecutor.java:336)
	at org.apache.ibatis.executor.SimpleExecutor.prepareStatement(SimpleExecutor.java:85)
	at org.apache.ibatis.executor.SimpleExecutor.doQuery(SimpleExecutor.java:62)
	at org.apache.ibatis.executor.BaseExecutor.queryFromDatabase(BaseExecutor.java:324)
	at org.apache.ibatis.executor.BaseExecutor.query(BaseExecutor.java:156)
	at org.apache.ibatis.executor.CachingExecutor.query(CachingExecutor.java:109)
	at org.apache.ibatis.executor.CachingExecutor.query(CachingExecutor.java:83)
	at org.apache.ibatis.session.defaults.DefaultSqlSession.selectList(DefaultSqlSession.java:147)
	at org.apache.ibatis.session.defaults.DefaultSqlSession.selectList(DefaultSqlSession.java:140)
	at sun.reflect.GeneratedMethodAccessor1287.invoke(Unknown Source)
	at sun.reflect.DelegatingMethodAccessorImpl.invoke(DelegatingMethodAccessorImpl.java:43)
	at java.lang.reflect.Method.invoke(Method.java:498)
	at org.mybatis.spring.SqlSessionTemplate$SqlSessionInterceptor.invoke(SqlSessionTemplate.java:426)
	at com.sun.proxy.$Proxy366.selectList(Unknown Source)
	at org.mybatis.spring.SqlSessionTemplate.selectList(SqlSessionTemplate.java:223)
	at org.apache.ibatis.binding.MapperMethod.executeForMany(MapperMethod.java:147)
	at org.apache.ibatis.binding.MapperMethod.execute(MapperMethod.java:80)
	at org.apache.ibatis.binding.MapperProxy.invoke(MapperProxy.java:57)
	at com.sun.proxy.$Proxy370.getList(Unknown Source)
	at com.daejist.login.service.MesuringServiceImp.getList(MesuringServiceImp.java:29)
	at com.daejist.login.controller.LoginController.InspectionGrid(LoginController.java:180)
	at sun.reflect.GeneratedMethodAccessor1307.invoke(Unknown Source)
	at sun.reflect.DelegatingMethodAccessorImpl.invoke(DelegatingMethodAccessorImpl.java:43)
	at java.lang.reflect.Method.invoke(Method.java:498)
	at org.springframework.web.method.support.InvocableHandlerMethod.doInvoke(InvocableHandlerMethod.java:190)
	at org.springframework.web.method.support.InvocableHandlerMethod.invokeForRequest(InvocableHandlerMethod.java:138)
	at org.springframework.web.servlet.mvc.method.annotation.ServletInvocableHandlerMethod.invokeAndHandle(ServletInvocableHandlerMethod.java:104)
	at org.springframework.web.servlet.mvc.method.annotation.RequestMappingHandlerAdapter.invokeHandlerMethod(RequestMappingHandlerAdapter.java:892)
	at org.springframework.web.servlet.mvc.method.annotation.RequestMappingHandlerAdapter.handleInternal(RequestMappingHandlerAdapter.java:797)
	at org.springframework.web.servlet.mvc.method.AbstractHandlerMethodAdapter.handle(AbstractHandlerMethodAdapter.java:87)
	at org.springframework.web.servlet.DispatcherServlet.doDispatch(DispatcherServlet.java:1039)
	at org.springframework.web.servlet.DispatcherServlet.doService(DispatcherServlet.java:942)
	at org.springframework.web.servlet.FrameworkServlet.processRequest(FrameworkServlet.java:1005)
	at org.springframework.web.servlet.FrameworkServlet.doGet(FrameworkServlet.java:897)
	at javax.servlet.http.HttpServlet.service(HttpServlet.java:622)
	at org.springframework.web.servlet.FrameworkServlet.service(FrameworkServlet.java:882)
	at javax.servlet.http.HttpServlet.service(HttpServlet.java:729)
	at org.apache.catalina.core.ApplicationFilterChain.internalDoFilter(ApplicationFilterChain.java:292)
	at org.apache.catalina.core.ApplicationFilterChain.doFilter(ApplicationFilterChain.java:207)
	at org.apache.tomcat.websocket.server.WsFilter.doFilter(WsFilter.java:52)
	at org.apache.catalina.core.ApplicationFilterChain.internalDoFilter(ApplicationFilterChain.java:240)
	at org.apache.catalina.core.ApplicationFilterChain.doFilter(ApplicationFilterChain.java:207)
	at org.springframework.web.filter.CharacterEncodingFilter.doFilterInternal(CharacterEncodingFilter.java:200)
	at org.springframework.web.filter.OncePerRequestFilter.doFilter(OncePerRequestFilter.java:118)
	at org.apache.catalina.core.ApplicationFilterChain.internalDoFilter(ApplicationFilterChain.java:240)
	at org.apache.catalina.core.ApplicationFilterChain.doFilter(ApplicationFilterChain.java:207)
	at org.apache.catalina.core.StandardWrapperValve.invoke(StandardWrapperValve.java:212)
	at org.apache.catalina.core.StandardContextValve.invoke(StandardContextValve.java:94)
	at org.apache.catalina.core.StandardHostValve.invoke(StandardHostValve.java:141)
	at org.apache.catalina.valves.ErrorReportValve.invoke(ErrorReportValve.java:79)
	at org.apache.catalina.core.StandardEngineValve.invoke(StandardEngineValve.java:88)
	at org.apache.catalina.connector.CoyoteAdapter.service(CoyoteAdapter.java:502)
	at org.apache.coyote.http11.AbstractHttp11Processor.process(AbstractHttp11Processor.java:1132)
	at org.apache.coyote.AbstractProtocol$AbstractConnectionHandler.process(AbstractProtocol.java:684)
	at org.apache.tomcat.util.net.NioEndpoint$SocketProcessor.doRun(NioEndpoint.java:1539)
	at org.apache.tomcat.util.net.NioEndpoint$SocketProcessor.run(NioEndpoint.java:1495)
	at java.util.concurrent.ThreadPoolExecutor.runWorker(ThreadPoolExecutor.java:1142)
	at java.util.concurrent.ThreadPoolExecutor$Worker.run(ThreadPoolExecutor.java:617)
	at org.apache.tomcat.util.threads.TaskThread$WrappingRunnable.run(TaskThread.java:61)
	at java.lang.Thread.run(Thread.java:745)

28-Aug-2023 14:06:36.218 심각 [http-nio-8855-exec-312] org.apache.catalina.core.StandardWrapperValve.invoke Servlet.service() for servlet [appServlet] in context with path [] threw exception [Request processing failed; nested exception is org.mybatis.spring.MyBatisSystemException: nested exception is org.apache.ibatis.exceptions.PersistenceException: 
### Error querying database.  Cause: org.springframework.jdbc.CannotGetJdbcConnectionException: Failed to obtain JDBC Connection; nested exception is com.microsoft.sqlserver.jdbc.SQLServerException: 호스트 61.32.101.234, 포트 1433에 대한 TCP/IP 연결에 실패했습니다. 오류: "connect timed out. 연결 속성을 확인하십시오. SQL Server의 인스턴스가 호스트에서 실행되고 있고 포트에서 TCP/IP 연결을 허용하고 있는지 확인하십시오. 또한 방화벽에서 포트로의 TCP 연결을 차단하지 않는지 확인하십시오.".
### The error may exist in com/daejist/login/mapper/LoginMapper.xml
### The error may involve com.daejist.login.mapper.LoginMapper.LoginMember
### The error occurred while executing a query
### Cause: org.springframework.jdbc.CannotGetJdbcConnectionException: Failed to obtain JDBC Connection; nested exception is com.microsoft.sqlserver.jdbc.SQLServerException: 호스트 61.32.101.234, 포트 1433에 대한 TCP/IP 연결에 실패했습니다. 오류: "connect timed out. 연결 속성을 확인하십시오. SQL Server의 인스턴스가 호스트에서 실행되고 있고 포트에서 TCP/IP 연결을 허용하고 있는지 확인하십시오. 또한 방화벽에서 포트로의 TCP 연결을 차단하지 않는지 확인하십시오.".] with root cause
 com.microsoft.sqlserver.jdbc.SQLServerException: 호스트 61.32.101.234, 포트 1433에 대한 TCP/IP 연결에 실패했습니다. 오류: "connect timed out. 연결 속성을 확인하십시오. SQL Server의 인스턴스가 호스트에서 실행되고 있고 포트에서 TCP/IP 연결을 허용하고 있는지 확인하십시오. 또한 방화벽에서 포트로의 TCP 연결을 차단하지 않는지 확인하십시오.".
	at com.microsoft.sqlserver.jdbc.SQLServerException.makeFromDriverError(SQLServerException.java:234)
	at com.microsoft.sqlserver.jdbc.SQLServerException.ConvertConnectExceptionToSQLServerException(SQLServerException.java:285)
	at com.microsoft.sqlserver.jdbc.SocketFinder.findSocket(IOBuffer.java:2462)
	at com.microsoft.sqlserver.jdbc.TDSChannel.open(IOBuffer.java:668)
	at com.microsoft.sqlserver.jdbc.SQLServerConnection.connectHelper(SQLServerConnection.java:2695)
	at com.microsoft.sqlserver.jdbc.SQLServerConnection.login(SQLServerConnection.java:2362)
	at com.microsoft.sqlserver.jdbc.SQLServerConnection.connectInternal(SQLServerConnection.java:2213)
	at com.microsoft.sqlserver.jdbc.SQLServerConnection.connect(SQLServerConnection.java:1276)
	at com.microsoft.sqlserver.jdbc.SQLServerDriver.connect(SQLServerDriver.java:861)
	at org.apache.commons.dbcp.DriverConnectionFactory.createConnection(DriverConnectionFactory.java:38)
	at org.apache.commons.dbcp.PoolableConnectionFactory.makeObject(PoolableConnectionFactory.java:582)
	at org.apache.commons.pool.impl.GenericObjectPool.borrowObject(GenericObjectPool.java:1148)
	at org.apache.commons.dbcp.PoolingDataSource.getConnection(PoolingDataSource.java:106)
	at org.apache.commons.dbcp.BasicDataSource.getConnection(BasicDataSource.java:1044)
	at org.springframework.jdbc.datasource.DataSourceUtils.fetchConnection(DataSourceUtils.java:157)
	at org.springframework.jdbc.datasource.DataSourceUtils.doGetConnection(DataSourceUtils.java:115)
	at org.springframework.jdbc.datasource.DataSourceUtils.getConnection(DataSourceUtils.java:78)
	at org.mybatis.spring.transaction.SpringManagedTransaction.openConnection(SpringManagedTransaction.java:80)
	at org.mybatis.spring.transaction.SpringManagedTransaction.getConnection(SpringManagedTransaction.java:67)
	at org.apache.ibatis.executor.BaseExecutor.getConnection(BaseExecutor.java:336)
	at org.apache.ibatis.executor.SimpleExecutor.prepareStatement(SimpleExecutor.java:85)
	at org.apache.ibatis.executor.SimpleExecutor.doQuery(SimpleExecutor.java:62)
	at org.apache.ibatis.executor.BaseExecutor.queryFromDatabase(BaseExecutor.java:324)
	at org.apache.ibatis.executor.BaseExecutor.query(BaseExecutor.java:156)
	at org.apache.ibatis.executor.CachingExecutor.query(CachingExecutor.java:109)
	at org.apache.ibatis.executor.CachingExecutor.query(CachingExecutor.java:83)
	at org.apache.ibatis.session.defaults.DefaultSqlSession.selectList(DefaultSqlSession.java:147)
	at org.apache.ibatis.session.defaults.DefaultSqlSession.selectList(DefaultSqlSession.java:140)
	at org.apache.ibatis.session.defaults.DefaultSqlSession.selectOne(DefaultSqlSession.java:76)
	at sun.reflect.GeneratedMethodAccessor1266.invoke(Unknown Source)
	at sun.reflect.DelegatingMethodAccessorImpl.invoke(DelegatingMethodAccessorImpl.java:43)
	at java.lang.reflect.Method.invoke(Method.java:498)
	at org.mybatis.spring.SqlSessionTemplate$SqlSessionInterceptor.invoke(SqlSessionTemplate.java:426)
	at com.sun.proxy.$Proxy366.selectOne(Unknown Source)
	at org.mybatis.spring.SqlSessionTemplate.selectOne(SqlSessionTemplate.java:159)
	at org.apache.ibatis.binding.MapperMethod.execute(MapperMethod.java:87)
	at org.apache.ibatis.binding.MapperProxy.invoke(MapperProxy.java:57)
	at com.sun.proxy.$Proxy368.LoginMember(Unknown Source)
	at com.daejist.login.service.LoginServiceImp.LoginCheck(LoginServiceImp.java:29)
	at com.daejist.login.controller.LoginController.getLogin(LoginController.java:98)
	at sun.reflect.GeneratedMethodAccessor1348.invoke(Unknown Source)
	at sun.reflect.DelegatingMethodAccessorImpl.invoke(DelegatingMethodAccessorImpl.java:43)
	at java.lang.reflect.Method.invoke(Method.java:498)
	at org.springframework.web.method.support.InvocableHandlerMethod.doInvoke(InvocableHandlerMethod.java:190)
	at org.springframework.web.method.support.InvocableHandlerMethod.invokeForRequest(InvocableHandlerMethod.java:138)
	at org.springframework.web.servlet.mvc.method.annotation.ServletInvocableHandlerMethod.invokeAndHandle(ServletInvocableHandlerMethod.java:104)
	at org.springframework.web.servlet.mvc.method.annotation.RequestMappingHandlerAdapter.invokeHandlerMethod(RequestMappingHandlerAdapter.java:892)
	at org.springframework.web.servlet.mvc.method.annotation.RequestMappingHandlerAdapter.handleInternal(RequestMappingHandlerAdapter.java:797)
	at org.springframework.web.servlet.mvc.method.AbstractHandlerMethodAdapter.handle(AbstractHandlerMethodAdapter.java:87)
	at org.springframework.web.servlet.DispatcherServlet.doDispatch(DispatcherServlet.java:1039)
	at org.springframework.web.servlet.DispatcherServlet.doService(DispatcherServlet.java:942)
	at org.springframework.web.servlet.FrameworkServlet.processRequest(FrameworkServlet.java:1005)
	at org.springframework.web.servlet.FrameworkServlet.doPost(FrameworkServlet.java:908)
	at javax.servlet.http.HttpServlet.service(HttpServlet.java:648)
	at org.springframework.web.servlet.FrameworkServlet.service(FrameworkServlet.java:882)
	at javax.servlet.http.HttpServlet.service(HttpServlet.java:729)
	at org.apache.catalina.core.ApplicationFilterChain.internalDoFilter(ApplicationFilterChain.java:292)
	at org.apache.catalina.core.ApplicationFilterChain.doFilter(ApplicationFilterChain.java:207)
	at org.apache.tomcat.websocket.server.WsFilter.doFilter(WsFilter.java:52)
	at org.apache.catalina.core.ApplicationFilterChain.internalDoFilter(ApplicationFilterChain.java:240)
	at org.apache.catalina.core.ApplicationFilterChain.doFilter(ApplicationFilterChain.java:207)
	at org.springframework.web.filter.CharacterEncodingFilter.doFilterInternal(CharacterEncodingFilter.java:200)
	at org.springframework.web.filter.OncePerRequestFilter.doFilter(OncePerRequestFilter.java:118)
	at org.apache.catalina.core.ApplicationFilterChain.internalDoFilter(ApplicationFilterChain.java:240)
	at org.apache.catalina.core.ApplicationFilterChain.doFilter(ApplicationFilterChain.java:207)
	at org.apache.catalina.core.StandardWrapperValve.invoke(StandardWrapperValve.java:212)
	at org.apache.catalina.core.StandardContextValve.invoke(StandardContextValve.java:94)
	at org.apache.catalina.core.StandardHostValve.invoke(StandardHostValve.java:141)
	at org.apache.catalina.valves.ErrorReportValve.invoke(ErrorReportValve.java:79)
	at org.apache.catalina.core.StandardEngineValve.invoke(StandardEngineValve.java:88)
	at org.apache.catalina.connector.CoyoteAdapter.service(CoyoteAdapter.java:502)
	at org.apache.coyote.http11.AbstractHttp11Processor.process(AbstractHttp11Processor.java:1132)
	at org.apache.coyote.AbstractProtocol$AbstractConnectionHandler.process(AbstractProtocol.java:684)
	at org.apache.tomcat.util.net.NioEndpoint$SocketProcessor.doRun(NioEndpoint.java:1539)
	at org.apache.tomcat.util.net.NioEndpoint$SocketProcessor.run(NioEndpoint.java:1495)
	at java.util.concurrent.ThreadPoolExecutor.runWorker(ThreadPoolExecutor.java:1142)
	at java.util.concurrent.ThreadPoolExecutor$Worker.run(ThreadPoolExecutor.java:617)
	at org.apache.tomcat.util.threads.TaskThread$WrappingRunnable.run(TaskThread.java:61)
	at java.lang.Thread.run(Thread.java:745)

28-Aug-2023 14:06:38.619 심각 [http-nio-8855-exec-318] org.apache.catalina.core.StandardWrapperValve.invoke Servlet.service() for servlet [appServlet] in context with path [] threw exception [Request processing failed; nested exception is org.mybatis.spring.MyBatisSystemException: nested exception is org.apache.ibatis.exceptions.PersistenceException: 
### Error querying database.  Cause: org.springframework.jdbc.CannotGetJdbcConnectionException: Failed to obtain JDBC Connection; nested exception is com.microsoft.sqlserver.jdbc.SQLServerException: 호스트 61.32.101.234, 포트 1433에 대한 TCP/IP 연결에 실패했습니다. 오류: "connect timed out. 연결 속성을 확인하십시오. SQL Server의 인스턴스가 호스트에서 실행되고 있고 포트에서 TCP/IP 연결을 허용하고 있는지 확인하십시오. 또한 방화벽에서 포트로의 TCP 연결을 차단하지 않는지 확인하십시오.".
### The error may exist in com/daejist/login/mapper/LoginMapper.xml
### The error may involve com.daejist.login.mapper.LoginMapper.LoginMember
### The error occurred while executing a query
### Cause: org.springframework.jdbc.CannotGetJdbcConnectionException: Failed to obtain JDBC Connection; nested exception is com.microsoft.sqlserver.jdbc.SQLServerException: 호스트 61.32.101.234, 포트 1433에 대한 TCP/IP 연결에 실패했습니다. 오류: "connect timed out. 연결 속성을 확인하십시오. SQL Server의 인스턴스가 호스트에서 실행되고 있고 포트에서 TCP/IP 연결을 허용하고 있는지 확인하십시오. 또한 방화벽에서 포트로의 TCP 연결을 차단하지 않는지 확인하십시오.".] with root cause
 com.microsoft.sqlserver.jdbc.SQLServerException: 호스트 61.32.101.234, 포트 1433에 대한 TCP/IP 연결에 실패했습니다. 오류: "connect timed out. 연결 속성을 확인하십시오. SQL Server의 인스턴스가 호스트에서 실행되고 있고 포트에서 TCP/IP 연결을 허용하고 있는지 확인하십시오. 또한 방화벽에서 포트로의 TCP 연결을 차단하지 않는지 확인하십시오.".
	at com.microsoft.sqlserver.jdbc.SQLServerException.makeFromDriverError(SQLServerException.java:234)
	at com.microsoft.sqlserver.jdbc.SQLServerException.ConvertConnectExceptionToSQLServerException(SQLServerException.java:285)
	at com.microsoft.sqlserver.jdbc.SocketFinder.findSocket(IOBuffer.java:2462)
	at com.microsoft.sqlserver.jdbc.TDSChannel.open(IOBuffer.java:668)
	at com.microsoft.sqlserver.jdbc.SQLServerConnection.connectHelper(SQLServerConnection.java:2695)
	at com.microsoft.sqlserver.jdbc.SQLServerConnection.login(SQLServerConnection.java:2362)
	at com.microsoft.sqlserver.jdbc.SQLServerConnection.connectInternal(SQLServerConnection.java:2213)
	at com.microsoft.sqlserver.jdbc.SQLServerConnection.connect(SQLServerConnection.java:1276)
	at com.microsoft.sqlserver.jdbc.SQLServerDriver.connect(SQLServerDriver.java:861)
	at org.apache.commons.dbcp.DriverConnectionFactory.createConnection(DriverConnectionFactory.java:38)
	at org.apache.commons.dbcp.PoolableConnectionFactory.makeObject(PoolableConnectionFactory.java:582)
	at org.apache.commons.pool.impl.GenericObjectPool.borrowObject(GenericObjectPool.java:1148)
	at org.apache.commons.dbcp.PoolingDataSource.getConnection(PoolingDataSource.java:106)
	at org.apache.commons.dbcp.BasicDataSource.getConnection(BasicDataSource.java:1044)
	at org.springframework.jdbc.datasource.DataSourceUtils.fetchConnection(DataSourceUtils.java:157)
	at org.springframework.jdbc.datasource.DataSourceUtils.doGetConnection(DataSourceUtils.java:115)
	at org.springframework.jdbc.datasource.DataSourceUtils.getConnection(DataSourceUtils.java:78)
	at org.mybatis.spring.transaction.SpringManagedTransaction.openConnection(SpringManagedTransaction.java:80)
	at org.mybatis.spring.transaction.SpringManagedTransaction.getConnection(SpringManagedTransaction.java:67)
	at org.apache.ibatis.executor.BaseExecutor.getConnection(BaseExecutor.java:336)
	at org.apache.ibatis.executor.SimpleExecutor.prepareStatement(SimpleExecutor.java:85)
	at org.apache.ibatis.executor.SimpleExecutor.doQuery(SimpleExecutor.java:62)
	at org.apache.ibatis.executor.BaseExecutor.queryFromDatabase(BaseExecutor.java:324)
	at org.apache.ibatis.executor.BaseExecutor.query(BaseExecutor.java:156)
	at org.apache.ibatis.executor.CachingExecutor.query(CachingExecutor.java:109)
	at org.apache.ibatis.executor.CachingExecutor.query(CachingExecutor.java:83)
	at org.apache.ibatis.session.defaults.DefaultSqlSession.selectList(DefaultSqlSession.java:147)
	at org.apache.ibatis.session.defaults.DefaultSqlSession.selectList(DefaultSqlSession.java:140)
	at org.apache.ibatis.session.defaults.DefaultSqlSession.selectOne(DefaultSqlSession.java:76)
	at sun.reflect.GeneratedMethodAccessor1266.invoke(Unknown Source)
	at sun.reflect.DelegatingMethodAccessorImpl.invoke(DelegatingMethodAccessorImpl.java:43)
	at java.lang.reflect.Method.invoke(Method.java:498)
	at org.mybatis.spring.SqlSessionTemplate$SqlSessionInterceptor.invoke(SqlSessionTemplate.java:426)
	at com.sun.proxy.$Proxy366.selectOne(Unknown Source)
	at org.mybatis.spring.SqlSessionTemplate.selectOne(SqlSessionTemplate.java:159)
	at org.apache.ibatis.binding.MapperMethod.execute(MapperMethod.java:87)
	at org.apache.ibatis.binding.MapperProxy.invoke(MapperProxy.java:57)
	at com.sun.proxy.$Proxy368.LoginMember(Unknown Source)
	at com.daejist.login.service.LoginServiceImp.LoginCheck(LoginServiceImp.java:29)
	at com.daejist.login.controller.LoginController.getLogin(LoginController.java:98)
	at sun.reflect.GeneratedMethodAccessor1348.invoke(Unknown Source)
	at sun.reflect.DelegatingMethodAccessorImpl.invoke(DelegatingMethodAccessorImpl.java:43)
	at java.lang.reflect.Method.invoke(Method.java:498)
	at org.springframework.web.method.support.InvocableHandlerMethod.doInvoke(InvocableHandlerMethod.java:190)
	at org.springframework.web.method.support.InvocableHandlerMethod.invokeForRequest(InvocableHandlerMethod.java:138)
	at org.springframework.web.servlet.mvc.method.annotation.ServletInvocableHandlerMethod.invokeAndHandle(ServletInvocableHandlerMethod.java:104)
	at org.springframework.web.servlet.mvc.method.annotation.RequestMappingHandlerAdapter.invokeHandlerMethod(RequestMappingHandlerAdapter.java:892)
	at org.springframework.web.servlet.mvc.method.annotation.RequestMappingHandlerAdapter.handleInternal(RequestMappingHandlerAdapter.java:797)
	at org.springframework.web.servlet.mvc.method.AbstractHandlerMethodAdapter.handle(AbstractHandlerMethodAdapter.java:87)
	at org.springframework.web.servlet.DispatcherServlet.doDispatch(DispatcherServlet.java:1039)
	at org.springframework.web.servlet.DispatcherServlet.doService(DispatcherServlet.java:942)
	at org.springframework.web.servlet.FrameworkServlet.processRequest(FrameworkServlet.java:1005)
	at org.springframework.web.servlet.FrameworkServlet.doPost(FrameworkServlet.java:908)
	at javax.servlet.http.HttpServlet.service(HttpServlet.java:648)
	at org.springframework.web.servlet.FrameworkServlet.service(FrameworkServlet.java:882)
	at javax.servlet.http.HttpServlet.service(HttpServlet.java:729)
	at org.apache.catalina.core.ApplicationFilterChain.internalDoFilter(ApplicationFilterChain.java:292)
	at org.apache.catalina.core.ApplicationFilterChain.doFilter(ApplicationFilterChain.java:207)
	at org.apache.tomcat.websocket.server.WsFilter.doFilter(WsFilter.java:52)
	at org.apache.catalina.core.ApplicationFilterChain.internalDoFilter(ApplicationFilterChain.java:240)
	at org.apache.catalina.core.ApplicationFilterChain.doFilter(ApplicationFilterChain.java:207)
	at org.springframework.web.filter.CharacterEncodingFilter.doFilterInternal(CharacterEncodingFilter.java:200)
	at org.springframework.web.filter.OncePerRequestFilter.doFilter(OncePerRequestFilter.java:118)
	at org.apache.catalina.core.ApplicationFilterChain.internalDoFilter(ApplicationFilterChain.java:240)
	at org.apache.catalina.core.ApplicationFilterChain.doFilter(ApplicationFilterChain.java:207)
	at org.apache.catalina.core.StandardWrapperValve.invoke(StandardWrapperValve.java:212)
	at org.apache.catalina.core.StandardContextValve.invoke(StandardContextValve.java:94)
	at org.apache.catalina.core.StandardHostValve.invoke(StandardHostValve.java:141)
	at org.apache.catalina.valves.ErrorReportValve.invoke(ErrorReportValve.java:79)
	at org.apache.catalina.core.StandardEngineValve.invoke(StandardEngineValve.java:88)
	at org.apache.catalina.connector.CoyoteAdapter.service(CoyoteAdapter.java:502)
	at org.apache.coyote.http11.AbstractHttp11Processor.process(AbstractHttp11Processor.java:1132)
	at org.apache.coyote.AbstractProtocol$AbstractConnectionHandler.process(AbstractProtocol.java:684)
	at org.apache.tomcat.util.net.NioEndpoint$SocketProcessor.doRun(NioEndpoint.java:1539)
	at org.apache.tomcat.util.net.NioEndpoint$SocketProcessor.run(NioEndpoint.java:1495)
	at java.util.concurrent.ThreadPoolExecutor.runWorker(ThreadPoolExecutor.java:1142)
	at java.util.concurrent.ThreadPoolExecutor$Worker.run(ThreadPoolExecutor.java:617)
	at org.apache.tomcat.util.threads.TaskThread$WrappingRunnable.run(TaskThread.java:61)
	at java.lang.Thread.run(Thread.java:745)

28-Aug-2023 14:06:39.878 심각 [http-nio-8855-exec-320] org.apache.catalina.core.StandardWrapperValve.invoke Servlet.service() for servlet [appServlet] in context with path [] threw exception [Request processing failed; nested exception is org.mybatis.spring.MyBatisSystemException: nested exception is org.apache.ibatis.exceptions.PersistenceException: 
### Error querying database.  Cause: org.springframework.jdbc.CannotGetJdbcConnectionException: Failed to obtain JDBC Connection; nested exception is com.microsoft.sqlserver.jdbc.SQLServerException: 호스트 61.32.101.234, 포트 1433에 대한 TCP/IP 연결에 실패했습니다. 오류: "connect timed out. 연결 속성을 확인하십시오. SQL Server의 인스턴스가 호스트에서 실행되고 있고 포트에서 TCP/IP 연결을 허용하고 있는지 확인하십시오. 또한 방화벽에서 포트로의 TCP 연결을 차단하지 않는지 확인하십시오.".
### The error may exist in com/daejist/login/mapper/LoginMapper.xml
### The error may involve com.daejist.login.mapper.LoginMapper.LoginMember
### The error occurred while executing a query
### Cause: org.springframework.jdbc.CannotGetJdbcConnectionException: Failed to obtain JDBC Connection; nested exception is com.microsoft.sqlserver.jdbc.SQLServerException: 호스트 61.32.101.234, 포트 1433에 대한 TCP/IP 연결에 실패했습니다. 오류: "connect timed out. 연결 속성을 확인하십시오. SQL Server의 인스턴스가 호스트에서 실행되고 있고 포트에서 TCP/IP 연결을 허용하고 있는지 확인하십시오. 또한 방화벽에서 포트로의 TCP 연결을 차단하지 않는지 확인하십시오.".] with root cause
 com.microsoft.sqlserver.jdbc.SQLServerException: 호스트 61.32.101.234, 포트 1433에 대한 TCP/IP 연결에 실패했습니다. 오류: "connect timed out. 연결 속성을 확인하십시오. SQL Server의 인스턴스가 호스트에서 실행되고 있고 포트에서 TCP/IP 연결을 허용하고 있는지 확인하십시오. 또한 방화벽에서 포트로의 TCP 연결을 차단하지 않는지 확인하십시오.".
	at com.microsoft.sqlserver.jdbc.SQLServerException.makeFromDriverError(SQLServerException.java:234)
	at com.microsoft.sqlserver.jdbc.SQLServerException.ConvertConnectExceptionToSQLServerException(SQLServerException.java:285)
	at com.microsoft.sqlserver.jdbc.SocketFinder.findSocket(IOBuffer.java:2462)
	at com.microsoft.sqlserver.jdbc.TDSChannel.open(IOBuffer.java:668)
	at com.microsoft.sqlserver.jdbc.SQLServerConnection.connectHelper(SQLServerConnection.java:2695)
	at com.microsoft.sqlserver.jdbc.SQLServerConnection.login(SQLServerConnection.java:2362)
	at com.microsoft.sqlserver.jdbc.SQLServerConnection.connectInternal(SQLServerConnection.java:2213)
	at com.microsoft.sqlserver.jdbc.SQLServerConnection.connect(SQLServerConnection.java:1276)
	at com.microsoft.sqlserver.jdbc.SQLServerDriver.connect(SQLServerDriver.java:861)
	at org.apache.commons.dbcp.DriverConnectionFactory.createConnection(DriverConnectionFactory.java:38)
	at org.apache.commons.dbcp.PoolableConnectionFactory.makeObject(PoolableConnectionFactory.java:582)
	at org.apache.commons.pool.impl.GenericObjectPool.borrowObject(GenericObjectPool.java:1148)
	at org.apache.commons.dbcp.PoolingDataSource.getConnection(PoolingDataSource.java:106)
	at org.apache.commons.dbcp.BasicDataSource.getConnection(BasicDataSource.java:1044)
	at org.springframework.jdbc.datasource.DataSourceUtils.fetchConnection(DataSourceUtils.java:157)
	at org.springframework.jdbc.datasource.DataSourceUtils.doGetConnection(DataSourceUtils.java:115)
	at org.springframework.jdbc.datasource.DataSourceUtils.getConnection(DataSourceUtils.java:78)
	at org.mybatis.spring.transaction.SpringManagedTransaction.openConnection(SpringManagedTransaction.java:80)
	at org.mybatis.spring.transaction.SpringManagedTransaction.getConnection(SpringManagedTransaction.java:67)
	at org.apache.ibatis.executor.BaseExecutor.getConnection(BaseExecutor.java:336)
	at org.apache.ibatis.executor.SimpleExecutor.prepareStatement(SimpleExecutor.java:85)
	at org.apache.ibatis.executor.SimpleExecutor.doQuery(SimpleExecutor.java:62)
	at org.apache.ibatis.executor.BaseExecutor.queryFromDatabase(BaseExecutor.java:324)
	at org.apache.ibatis.executor.BaseExecutor.query(BaseExecutor.java:156)
	at org.apache.ibatis.executor.CachingExecutor.query(CachingExecutor.java:109)
	at org.apache.ibatis.executor.CachingExecutor.query(CachingExecutor.java:83)
	at org.apache.ibatis.session.defaults.DefaultSqlSession.selectList(DefaultSqlSession.java:147)
	at org.apache.ibatis.session.defaults.DefaultSqlSession.selectList(DefaultSqlSession.java:140)
	at org.apache.ibatis.session.defaults.DefaultSqlSession.selectOne(DefaultSqlSession.java:76)
	at sun.reflect.GeneratedMethodAccessor1266.invoke(Unknown Source)
	at sun.reflect.DelegatingMethodAccessorImpl.invoke(DelegatingMethodAccessorImpl.java:43)
	at java.lang.reflect.Method.invoke(Method.java:498)
	at org.mybatis.spring.SqlSessionTemplate$SqlSessionInterceptor.invoke(SqlSessionTemplate.java:426)
	at com.sun.proxy.$Proxy366.selectOne(Unknown Source)
	at org.mybatis.spring.SqlSessionTemplate.selectOne(SqlSessionTemplate.java:159)
	at org.apache.ibatis.binding.MapperMethod.execute(MapperMethod.java:87)
	at org.apache.ibatis.binding.MapperProxy.invoke(MapperProxy.java:57)
	at com.sun.proxy.$Proxy368.LoginMember(Unknown Source)
	at com.daejist.login.service.LoginServiceImp.LoginCheck(LoginServiceImp.java:29)
	at com.daejist.login.controller.LoginController.getLogin(LoginController.java:98)
	at sun.reflect.GeneratedMethodAccessor1348.invoke(Unknown Source)
	at sun.reflect.DelegatingMethodAccessorImpl.invoke(DelegatingMethodAccessorImpl.java:43)
	at java.lang.reflect.Method.invoke(Method.java:498)
	at org.springframework.web.method.support.InvocableHandlerMethod.doInvoke(InvocableHandlerMethod.java:190)
	at org.springframework.web.method.support.InvocableHandlerMethod.invokeForRequest(InvocableHandlerMethod.java:138)
	at org.springframework.web.servlet.mvc.method.annotation.ServletInvocableHandlerMethod.invokeAndHandle(ServletInvocableHandlerMethod.java:104)
	at org.springframework.web.servlet.mvc.method.annotation.RequestMappingHandlerAdapter.invokeHandlerMethod(RequestMappingHandlerAdapter.java:892)
	at org.springframework.web.servlet.mvc.method.annotation.RequestMappingHandlerAdapter.handleInternal(RequestMappingHandlerAdapter.java:797)
	at org.springframework.web.servlet.mvc.method.AbstractHandlerMethodAdapter.handle(AbstractHandlerMethodAdapter.java:87)
	at org.springframework.web.servlet.DispatcherServlet.doDispatch(DispatcherServlet.java:1039)
	at org.springframework.web.servlet.DispatcherServlet.doService(DispatcherServlet.java:942)
	at org.springframework.web.servlet.FrameworkServlet.processRequest(FrameworkServlet.java:1005)
	at org.springframework.web.servlet.FrameworkServlet.doPost(FrameworkServlet.java:908)
	at javax.servlet.http.HttpServlet.service(HttpServlet.java:648)
	at org.springframework.web.servlet.FrameworkServlet.service(FrameworkServlet.java:882)
	at javax.servlet.http.HttpServlet.service(HttpServlet.java:729)
	at org.apache.catalina.core.ApplicationFilterChain.internalDoFilter(ApplicationFilterChain.java:292)
	at org.apache.catalina.core.ApplicationFilterChain.doFilter(ApplicationFilterChain.java:207)
	at org.apache.tomcat.websocket.server.WsFilter.doFilter(WsFilter.java:52)
	at org.apache.catalina.core.ApplicationFilterChain.internalDoFilter(ApplicationFilterChain.java:240)
	at org.apache.catalina.core.ApplicationFilterChain.doFilter(ApplicationFilterChain.java:207)
	at org.springframework.web.filter.CharacterEncodingFilter.doFilterInternal(CharacterEncodingFilter.java:200)
	at org.springframework.web.filter.OncePerRequestFilter.doFilter(OncePerRequestFilter.java:118)
	at org.apache.catalina.core.ApplicationFilterChain.internalDoFilter(ApplicationFilterChain.java:240)
	at org.apache.catalina.core.ApplicationFilterChain.doFilter(ApplicationFilterChain.java:207)
	at org.apache.catalina.core.StandardWrapperValve.invoke(StandardWrapperValve.java:212)
	at org.apache.catalina.core.StandardContextValve.invoke(StandardContextValve.java:94)
	at org.apache.catalina.core.StandardHostValve.invoke(StandardHostValve.java:141)
	at org.apache.catalina.valves.ErrorReportValve.invoke(ErrorReportValve.java:79)
	at org.apache.catalina.core.StandardEngineValve.invoke(StandardEngineValve.java:88)
	at org.apache.catalina.connector.CoyoteAdapter.service(CoyoteAdapter.java:502)
	at org.apache.coyote.http11.AbstractHttp11Processor.process(AbstractHttp11Processor.java:1132)
	at org.apache.coyote.AbstractProtocol$AbstractConnectionHandler.process(AbstractProtocol.java:684)
	at org.apache.tomcat.util.net.NioEndpoint$SocketProcessor.doRun(NioEndpoint.java:1539)
	at org.apache.tomcat.util.net.NioEndpoint$SocketProcessor.run(NioEndpoint.java:1495)
	at java.util.concurrent.ThreadPoolExecutor.runWorker(ThreadPoolExecutor.java:1142)
	at java.util.concurrent.ThreadPoolExecutor$Worker.run(ThreadPoolExecutor.java:617)
	at org.apache.tomcat.util.threads.TaskThread$WrappingRunnable.run(TaskThread.java:61)
	at java.lang.Thread.run(Thread.java:745)

28-Aug-2023 14:06:40.591 심각 [http-nio-8855-exec-321] org.apache.catalina.core.StandardWrapperValve.invoke Servlet.service() for servlet [appServlet] in context with path [] threw exception [Request processing failed; nested exception is org.mybatis.spring.MyBatisSystemException: nested exception is org.apache.ibatis.exceptions.PersistenceException: 
### Error querying database.  Cause: org.springframework.jdbc.CannotGetJdbcConnectionException: Failed to obtain JDBC Connection; nested exception is com.microsoft.sqlserver.jdbc.SQLServerException: 호스트 61.32.101.234, 포트 1433에 대한 TCP/IP 연결에 실패했습니다. 오류: "connect timed out. 연결 속성을 확인하십시오. SQL Server의 인스턴스가 호스트에서 실행되고 있고 포트에서 TCP/IP 연결을 허용하고 있는지 확인하십시오. 또한 방화벽에서 포트로의 TCP 연결을 차단하지 않는지 확인하십시오.".
### The error may exist in com/daejist/login/mapper/LoginMapper.xml
### The error may involve com.daejist.login.mapper.LoginMapper.LoginMember
### The error occurred while executing a query
### Cause: org.springframework.jdbc.CannotGetJdbcConnectionException: Failed to obtain JDBC Connection; nested exception is com.microsoft.sqlserver.jdbc.SQLServerException: 호스트 61.32.101.234, 포트 1433에 대한 TCP/IP 연결에 실패했습니다. 오류: "connect timed out. 연결 속성을 확인하십시오. SQL Server의 인스턴스가 호스트에서 실행되고 있고 포트에서 TCP/IP 연결을 허용하고 있는지 확인하십시오. 또한 방화벽에서 포트로의 TCP 연결을 차단하지 않는지 확인하십시오.".] with root cause
 com.microsoft.sqlserver.jdbc.SQLServerException: 호스트 61.32.101.234, 포트 1433에 대한 TCP/IP 연결에 실패했습니다. 오류: "connect timed out. 연결 속성을 확인하십시오. SQL Server의 인스턴스가 호스트에서 실행되고 있고 포트에서 TCP/IP 연결을 허용하고 있는지 확인하십시오. 또한 방화벽에서 포트로의 TCP 연결을 차단하지 않는지 확인하십시오.".
	at com.microsoft.sqlserver.jdbc.SQLServerException.makeFromDriverError(SQLServerException.java:234)
	at com.microsoft.sqlserver.jdbc.SQLServerException.ConvertConnectExceptionToSQLServerException(SQLServerException.java:285)
	at com.microsoft.sqlserver.jdbc.SocketFinder.findSocket(IOBuffer.java:2462)
	at com.microsoft.sqlserver.jdbc.TDSChannel.open(IOBuffer.java:668)
	at com.microsoft.sqlserver.jdbc.SQLServerConnection.connectHelper(SQLServerConnection.java:2695)
	at com.microsoft.sqlserver.jdbc.SQLServerConnection.login(SQLServerConnection.java:2362)
	at com.microsoft.sqlserver.jdbc.SQLServerConnection.connectInternal(SQLServerConnection.java:2213)
	at com.microsoft.sqlserver.jdbc.SQLServerConnection.connect(SQLServerConnection.java:1276)
	at com.microsoft.sqlserver.jdbc.SQLServerDriver.connect(SQLServerDriver.java:861)
	at org.apache.commons.dbcp.DriverConnectionFactory.createConnection(DriverConnectionFactory.java:38)
	at org.apache.commons.dbcp.PoolableConnectionFactory.makeObject(PoolableConnectionFactory.java:582)
	at org.apache.commons.pool.impl.GenericObjectPool.borrowObject(GenericObjectPool.java:1148)
	at org.apache.commons.dbcp.PoolingDataSource.getConnection(PoolingDataSource.java:106)
	at org.apache.commons.dbcp.BasicDataSource.getConnection(BasicDataSource.java:1044)
	at org.springframework.jdbc.datasource.DataSourceUtils.fetchConnection(DataSourceUtils.java:157)
	at org.springframework.jdbc.datasource.DataSourceUtils.doGetConnection(DataSourceUtils.java:115)
	at org.springframework.jdbc.datasource.DataSourceUtils.getConnection(DataSourceUtils.java:78)
	at org.mybatis.spring.transaction.SpringManagedTransaction.openConnection(SpringManagedTransaction.java:80)
	at org.mybatis.spring.transaction.SpringManagedTransaction.getConnection(SpringManagedTransaction.java:67)
	at org.apache.ibatis.executor.BaseExecutor.getConnection(BaseExecutor.java:336)
	at org.apache.ibatis.executor.SimpleExecutor.prepareStatement(SimpleExecutor.java:85)
	at org.apache.ibatis.executor.SimpleExecutor.doQuery(SimpleExecutor.java:62)
	at org.apache.ibatis.executor.BaseExecutor.queryFromDatabase(BaseExecutor.java:324)
	at org.apache.ibatis.executor.BaseExecutor.query(BaseExecutor.java:156)
	at org.apache.ibatis.executor.CachingExecutor.query(CachingExecutor.java:109)
	at org.apache.ibatis.executor.CachingExecutor.query(CachingExecutor.java:83)
	at org.apache.ibatis.session.defaults.DefaultSqlSession.selectList(DefaultSqlSession.java:147)
	at org.apache.ibatis.session.defaults.DefaultSqlSession.selectList(DefaultSqlSession.java:140)
	at org.apache.ibatis.session.defaults.DefaultSqlSession.selectOne(DefaultSqlSession.java:76)
	at sun.reflect.GeneratedMethodAccessor1266.invoke(Unknown Source)
	at sun.reflect.DelegatingMethodAccessorImpl.invoke(DelegatingMethodAccessorImpl.java:43)
	at java.lang.reflect.Method.invoke(Method.java:498)
	at org.mybatis.spring.SqlSessionTemplate$SqlSessionInterceptor.invoke(SqlSessionTemplate.java:426)
	at com.sun.proxy.$Proxy366.selectOne(Unknown Source)
	at org.mybatis.spring.SqlSessionTemplate.selectOne(SqlSessionTemplate.java:159)
	at org.apache.ibatis.binding.MapperMethod.execute(MapperMethod.java:87)
	at org.apache.ibatis.binding.MapperProxy.invoke(MapperProxy.java:57)
	at com.sun.proxy.$Proxy368.LoginMember(Unknown Source)
	at com.daejist.login.service.LoginServiceImp.LoginCheck(LoginServiceImp.java:29)
	at com.daejist.login.controller.LoginController.getLogin(LoginController.java:98)
	at sun.reflect.GeneratedMethodAccessor1348.invoke(Unknown Source)
	at sun.reflect.DelegatingMethodAccessorImpl.invoke(DelegatingMethodAccessorImpl.java:43)
	at java.lang.reflect.Method.invoke(Method.java:498)
	at org.springframework.web.method.support.InvocableHandlerMethod.doInvoke(InvocableHandlerMethod.java:190)
	at org.springframework.web.method.support.InvocableHandlerMethod.invokeForRequest(InvocableHandlerMethod.java:138)
	at org.springframework.web.servlet.mvc.method.annotation.ServletInvocableHandlerMethod.invokeAndHandle(ServletInvocableHandlerMethod.java:104)
	at org.springframework.web.servlet.mvc.method.annotation.RequestMappingHandlerAdapter.invokeHandlerMethod(RequestMappingHandlerAdapter.java:892)
	at org.springframework.web.servlet.mvc.method.annotation.RequestMappingHandlerAdapter.handleInternal(RequestMappingHandlerAdapter.java:797)
	at org.springframework.web.servlet.mvc.method.AbstractHandlerMethodAdapter.handle(AbstractHandlerMethodAdapter.java:87)
	at org.springframework.web.servlet.DispatcherServlet.doDispatch(DispatcherServlet.java:1039)
	at org.springframework.web.servlet.DispatcherServlet.doService(DispatcherServlet.java:942)
	at org.springframework.web.servlet.FrameworkServlet.processRequest(FrameworkServlet.java:1005)
	at org.springframework.web.servlet.FrameworkServlet.doPost(FrameworkServlet.java:908)
	at javax.servlet.http.HttpServlet.service(HttpServlet.java:648)
	at org.springframework.web.servlet.FrameworkServlet.service(FrameworkServlet.java:882)
	at javax.servlet.http.HttpServlet.service(HttpServlet.java:729)
	at org.apache.catalina.core.ApplicationFilterChain.internalDoFilter(ApplicationFilterChain.java:292)
	at org.apache.catalina.core.ApplicationFilterChain.doFilter(ApplicationFilterChain.java:207)
	at org.apache.tomcat.websocket.server.WsFilter.doFilter(WsFilter.java:52)
	at org.apache.catalina.core.ApplicationFilterChain.internalDoFilter(ApplicationFilterChain.java:240)
	at org.apache.catalina.core.ApplicationFilterChain.doFilter(ApplicationFilterChain.java:207)
	at org.springframework.web.filter.CharacterEncodingFilter.doFilterInternal(CharacterEncodingFilter.java:200)
	at org.springframework.web.filter.OncePerRequestFilter.doFilter(OncePerRequestFilter.java:118)
	at org.apache.catalina.core.ApplicationFilterChain.internalDoFilter(ApplicationFilterChain.java:240)
	at org.apache.catalina.core.ApplicationFilterChain.doFilter(ApplicationFilterChain.java:207)
	at org.apache.catalina.core.StandardWrapperValve.invoke(StandardWrapperValve.java:212)
	at org.apache.catalina.core.StandardContextValve.invoke(StandardContextValve.java:94)
	at org.apache.catalina.core.StandardHostValve.invoke(StandardHostValve.java:141)
	at org.apache.catalina.valves.ErrorReportValve.invoke(ErrorReportValve.java:79)
	at org.apache.catalina.core.StandardEngineValve.invoke(StandardEngineValve.java:88)
	at org.apache.catalina.connector.CoyoteAdapter.service(CoyoteAdapter.java:502)
	at org.apache.coyote.http11.AbstractHttp11Processor.process(AbstractHttp11Processor.java:1132)
	at org.apache.coyote.AbstractProtocol$AbstractConnectionHandler.process(AbstractProtocol.java:684)
	at org.apache.tomcat.util.net.NioEndpoint$SocketProcessor.doRun(NioEndpoint.java:1539)
	at org.apache.tomcat.util.net.NioEndpoint$SocketProcessor.run(NioEndpoint.java:1495)
	at java.util.concurrent.ThreadPoolExecutor.runWorker(ThreadPoolExecutor.java:1142)
	at java.util.concurrent.ThreadPoolExecutor$Worker.run(ThreadPoolExecutor.java:617)
	at org.apache.tomcat.util.threads.TaskThread$WrappingRunnable.run(TaskThread.java:61)
	at java.lang.Thread.run(Thread.java:745)

28-Aug-2023 14:06:41.873 심각 [http-nio-8855-exec-322] org.apache.catalina.core.StandardWrapperValve.invoke Servlet.service() for servlet [appServlet] in context with path [] threw exception [Request processing failed; nested exception is org.mybatis.spring.MyBatisSystemException: nested exception is org.apache.ibatis.exceptions.PersistenceException: 
### Error querying database.  Cause: org.springframework.jdbc.CannotGetJdbcConnectionException: Failed to obtain JDBC Connection; nested exception is com.microsoft.sqlserver.jdbc.SQLServerException: 호스트 61.32.101.234, 포트 1433에 대한 TCP/IP 연결에 실패했습니다. 오류: "connect timed out. 연결 속성을 확인하십시오. SQL Server의 인스턴스가 호스트에서 실행되고 있고 포트에서 TCP/IP 연결을 허용하고 있는지 확인하십시오. 또한 방화벽에서 포트로의 TCP 연결을 차단하지 않는지 확인하십시오.".
### The error may exist in com/daejist/login/mapper/LoginMapper.xml
### The error may involve com.daejist.login.mapper.LoginMapper.LoginMember
### The error occurred while executing a query
### Cause: org.springframework.jdbc.CannotGetJdbcConnectionException: Failed to obtain JDBC Connection; nested exception is com.microsoft.sqlserver.jdbc.SQLServerException: 호스트 61.32.101.234, 포트 1433에 대한 TCP/IP 연결에 실패했습니다. 오류: "connect timed out. 연결 속성을 확인하십시오. SQL Server의 인스턴스가 호스트에서 실행되고 있고 포트에서 TCP/IP 연결을 허용하고 있는지 확인하십시오. 또한 방화벽에서 포트로의 TCP 연결을 차단하지 않는지 확인하십시오.".] with root cause
 com.microsoft.sqlserver.jdbc.SQLServerException: 호스트 61.32.101.234, 포트 1433에 대한 TCP/IP 연결에 실패했습니다. 오류: "connect timed out. 연결 속성을 확인하십시오. SQL Server의 인스턴스가 호스트에서 실행되고 있고 포트에서 TCP/IP 연결을 허용하고 있는지 확인하십시오. 또한 방화벽에서 포트로의 TCP 연결을 차단하지 않는지 확인하십시오.".
	at com.microsoft.sqlserver.jdbc.SQLServerException.makeFromDriverError(SQLServerException.java:234)
	at com.microsoft.sqlserver.jdbc.SQLServerException.ConvertConnectExceptionToSQLServerException(SQLServerException.java:285)
	at com.microsoft.sqlserver.jdbc.SocketFinder.findSocket(IOBuffer.java:2462)
	at com.microsoft.sqlserver.jdbc.TDSChannel.open(IOBuffer.java:668)
	at com.microsoft.sqlserver.jdbc.SQLServerConnection.connectHelper(SQLServerConnection.java:2695)
	at com.microsoft.sqlserver.jdbc.SQLServerConnection.login(SQLServerConnection.java:2362)
	at com.microsoft.sqlserver.jdbc.SQLServerConnection.connectInternal(SQLServerConnection.java:2213)
	at com.microsoft.sqlserver.jdbc.SQLServerConnection.connect(SQLServerConnection.java:1276)
	at com.microsoft.sqlserver.jdbc.SQLServerDriver.connect(SQLServerDriver.java:861)
	at org.apache.commons.dbcp.DriverConnectionFactory.createConnection(DriverConnectionFactory.java:38)
	at org.apache.commons.dbcp.PoolableConnectionFactory.makeObject(PoolableConnectionFactory.java:582)
	at org.apache.commons.pool.impl.GenericObjectPool.borrowObject(GenericObjectPool.java:1148)
	at org.apache.commons.dbcp.PoolingDataSource.getConnection(PoolingDataSource.java:106)
	at org.apache.commons.dbcp.BasicDataSource.getConnection(BasicDataSource.java:1044)
	at org.springframework.jdbc.datasource.DataSourceUtils.fetchConnection(DataSourceUtils.java:157)
	at org.springframework.jdbc.datasource.DataSourceUtils.doGetConnection(DataSourceUtils.java:115)
	at org.springframework.jdbc.datasource.DataSourceUtils.getConnection(DataSourceUtils.java:78)
	at org.mybatis.spring.transaction.SpringManagedTransaction.openConnection(SpringManagedTransaction.java:80)
	at org.mybatis.spring.transaction.SpringManagedTransaction.getConnection(SpringManagedTransaction.java:67)
	at org.apache.ibatis.executor.BaseExecutor.getConnection(BaseExecutor.java:336)
	at org.apache.ibatis.executor.SimpleExecutor.prepareStatement(SimpleExecutor.java:85)
	at org.apache.ibatis.executor.SimpleExecutor.doQuery(SimpleExecutor.java:62)
	at org.apache.ibatis.executor.BaseExecutor.queryFromDatabase(BaseExecutor.java:324)
	at org.apache.ibatis.executor.BaseExecutor.query(BaseExecutor.java:156)
	at org.apache.ibatis.executor.CachingExecutor.query(CachingExecutor.java:109)
	at org.apache.ibatis.executor.CachingExecutor.query(CachingExecutor.java:83)
	at org.apache.ibatis.session.defaults.DefaultSqlSession.selectList(DefaultSqlSession.java:147)
	at org.apache.ibatis.session.defaults.DefaultSqlSession.selectList(DefaultSqlSession.java:140)
	at org.apache.ibatis.session.defaults.DefaultSqlSession.selectOne(DefaultSqlSession.java:76)
	at sun.reflect.GeneratedMethodAccessor1266.invoke(Unknown Source)
	at sun.reflect.DelegatingMethodAccessorImpl.invoke(DelegatingMethodAccessorImpl.java:43)
	at java.lang.reflect.Method.invoke(Method.java:498)
	at org.mybatis.spring.SqlSessionTemplate$SqlSessionInterceptor.invoke(SqlSessionTemplate.java:426)
	at com.sun.proxy.$Proxy366.selectOne(Unknown Source)
	at org.mybatis.spring.SqlSessionTemplate.selectOne(SqlSessionTemplate.java:159)
	at org.apache.ibatis.binding.MapperMethod.execute(MapperMethod.java:87)
	at org.apache.ibatis.binding.MapperProxy.invoke(MapperProxy.java:57)
	at com.sun.proxy.$Proxy368.LoginMember(Unknown Source)
	at com.daejist.login.service.LoginServiceImp.LoginCheck(LoginServiceImp.java:29)
	at com.daejist.login.controller.LoginController.getLogin(LoginController.java:98)
	at sun.reflect.GeneratedMethodAccessor1348.invoke(Unknown Source)
	at sun.reflect.DelegatingMethodAccessorImpl.invoke(DelegatingMethodAccessorImpl.java:43)
	at java.lang.reflect.Method.invoke(Method.java:498)
	at org.springframework.web.method.support.InvocableHandlerMethod.doInvoke(InvocableHandlerMethod.java:190)
	at org.springframework.web.method.support.InvocableHandlerMethod.invokeForRequest(InvocableHandlerMethod.java:138)
	at org.springframework.web.servlet.mvc.method.annotation.ServletInvocableHandlerMethod.invokeAndHandle(ServletInvocableHandlerMethod.java:104)
	at org.springframework.web.servlet.mvc.method.annotation.RequestMappingHandlerAdapter.invokeHandlerMethod(RequestMappingHandlerAdapter.java:892)
	at org.springframework.web.servlet.mvc.method.annotation.RequestMappingHandlerAdapter.handleInternal(RequestMappingHandlerAdapter.java:797)
	at org.springframework.web.servlet.mvc.method.AbstractHandlerMethodAdapter.handle(AbstractHandlerMethodAdapter.java:87)
	at org.springframework.web.servlet.DispatcherServlet.doDispatch(DispatcherServlet.java:1039)
	at org.springframework.web.servlet.DispatcherServlet.doService(DispatcherServlet.java:942)
	at org.springframework.web.servlet.FrameworkServlet.processRequest(FrameworkServlet.java:1005)
	at org.springframework.web.servlet.FrameworkServlet.doPost(FrameworkServlet.java:908)
	at javax.servlet.http.HttpServlet.service(HttpServlet.java:648)
	at org.springframework.web.servlet.FrameworkServlet.service(FrameworkServlet.java:882)
	at javax.servlet.http.HttpServlet.service(HttpServlet.java:729)
	at org.apache.catalina.core.ApplicationFilterChain.internalDoFilter(ApplicationFilterChain.java:292)
	at org.apache.catalina.core.ApplicationFilterChain.doFilter(ApplicationFilterChain.java:207)
	at org.apache.tomcat.websocket.server.WsFilter.doFilter(WsFilter.java:52)
	at org.apache.catalina.core.ApplicationFilterChain.internalDoFilter(ApplicationFilterChain.java:240)
	at org.apache.catalina.core.ApplicationFilterChain.doFilter(ApplicationFilterChain.java:207)
	at org.springframework.web.filter.CharacterEncodingFilter.doFilterInternal(CharacterEncodingFilter.java:200)
	at org.springframework.web.filter.OncePerRequestFilter.doFilter(OncePerRequestFilter.java:118)
	at org.apache.catalina.core.ApplicationFilterChain.internalDoFilter(ApplicationFilterChain.java:240)
	at org.apache.catalina.core.ApplicationFilterChain.doFilter(ApplicationFilterChain.java:207)
	at org.apache.catalina.core.StandardWrapperValve.invoke(StandardWrapperValve.java:212)
	at org.apache.catalina.core.StandardContextValve.invoke(StandardContextValve.java:94)
	at org.apache.catalina.core.StandardHostValve.invoke(StandardHostValve.java:141)
	at org.apache.catalina.valves.ErrorReportValve.invoke(ErrorReportValve.java:79)
	at org.apache.catalina.core.StandardEngineValve.invoke(StandardEngineValve.java:88)
	at org.apache.catalina.connector.CoyoteAdapter.service(CoyoteAdapter.java:502)
	at org.apache.coyote.http11.AbstractHttp11Processor.process(AbstractHttp11Processor.java:1132)
	at org.apache.coyote.AbstractProtocol$AbstractConnectionHandler.process(AbstractProtocol.java:684)
	at org.apache.tomcat.util.net.NioEndpoint$SocketProcessor.doRun(NioEndpoint.java:1539)
	at org.apache.tomcat.util.net.NioEndpoint$SocketProcessor.run(NioEndpoint.java:1495)
	at java.util.concurrent.ThreadPoolExecutor.runWorker(ThreadPoolExecutor.java:1142)
	at java.util.concurrent.ThreadPoolExecutor$Worker.run(ThreadPoolExecutor.java:617)
	at org.apache.tomcat.util.threads.TaskThread$WrappingRunnable.run(TaskThread.java:61)
	at java.lang.Thread.run(Thread.java:745)

28-Aug-2023 14:06:45.478 심각 [http-nio-8855-exec-323] org.apache.catalina.core.StandardWrapperValve.invoke Servlet.service() for servlet [appServlet] in context with path [] threw exception [Request processing failed; nested exception is org.mybatis.spring.MyBatisSystemException: nested exception is org.apache.ibatis.exceptions.PersistenceException: 
### Error querying database.  Cause: org.springframework.jdbc.CannotGetJdbcConnectionException: Failed to obtain JDBC Connection; nested exception is com.microsoft.sqlserver.jdbc.SQLServerException: 호스트 61.32.101.234, 포트 1433에 대한 TCP/IP 연결에 실패했습니다. 오류: "connect timed out. 연결 속성을 확인하십시오. SQL Server의 인스턴스가 호스트에서 실행되고 있고 포트에서 TCP/IP 연결을 허용하고 있는지 확인하십시오. 또한 방화벽에서 포트로의 TCP 연결을 차단하지 않는지 확인하십시오.".
### The error may exist in com/daejist/login/mapper/LoginMapper.xml
### The error may involve com.daejist.login.mapper.LoginMapper.LoginMember
### The error occurred while executing a query
### Cause: org.springframework.jdbc.CannotGetJdbcConnectionException: Failed to obtain JDBC Connection; nested exception is com.microsoft.sqlserver.jdbc.SQLServerException: 호스트 61.32.101.234, 포트 1433에 대한 TCP/IP 연결에 실패했습니다. 오류: "connect timed out. 연결 속성을 확인하십시오. SQL Server의 인스턴스가 호스트에서 실행되고 있고 포트에서 TCP/IP 연결을 허용하고 있는지 확인하십시오. 또한 방화벽에서 포트로의 TCP 연결을 차단하지 않는지 확인하십시오.".] with root cause
 com.microsoft.sqlserver.jdbc.SQLServerException: 호스트 61.32.101.234, 포트 1433에 대한 TCP/IP 연결에 실패했습니다. 오류: "connect timed out. 연결 속성을 확인하십시오. SQL Server의 인스턴스가 호스트에서 실행되고 있고 포트에서 TCP/IP 연결을 허용하고 있는지 확인하십시오. 또한 방화벽에서 포트로의 TCP 연결을 차단하지 않는지 확인하십시오.".
	at com.microsoft.sqlserver.jdbc.SQLServerException.makeFromDriverError(SQLServerException.java:234)
	at com.microsoft.sqlserver.jdbc.SQLServerException.ConvertConnectExceptionToSQLServerException(SQLServerException.java:285)
	at com.microsoft.sqlserver.jdbc.SocketFinder.findSocket(IOBuffer.java:2462)
	at com.microsoft.sqlserver.jdbc.TDSChannel.open(IOBuffer.java:668)
	at com.microsoft.sqlserver.jdbc.SQLServerConnection.connectHelper(SQLServerConnection.java:2695)
	at com.microsoft.sqlserver.jdbc.SQLServerConnection.login(SQLServerConnection.java:2362)
	at com.microsoft.sqlserver.jdbc.SQLServerConnection.connectInternal(SQLServerConnection.java:2213)
	at com.microsoft.sqlserver.jdbc.SQLServerConnection.connect(SQLServerConnection.java:1276)
	at com.microsoft.sqlserver.jdbc.SQLServerDriver.connect(SQLServerDriver.java:861)
	at org.apache.commons.dbcp.DriverConnectionFactory.createConnection(DriverConnectionFactory.java:38)
	at org.apache.commons.dbcp.PoolableConnectionFactory.makeObject(PoolableConnectionFactory.java:582)
	at org.apache.commons.pool.impl.GenericObjectPool.borrowObject(GenericObjectPool.java:1148)
	at org.apache.commons.dbcp.PoolingDataSource.getConnection(PoolingDataSource.java:106)
	at org.apache.commons.dbcp.BasicDataSource.getConnection(BasicDataSource.java:1044)
	at org.springframework.jdbc.datasource.DataSourceUtils.fetchConnection(DataSourceUtils.java:157)
	at org.springframework.jdbc.datasource.DataSourceUtils.doGetConnection(DataSourceUtils.java:115)
	at org.springframework.jdbc.datasource.DataSourceUtils.getConnection(DataSourceUtils.java:78)
	at org.mybatis.spring.transaction.SpringManagedTransaction.openConnection(SpringManagedTransaction.java:80)
	at org.mybatis.spring.transaction.SpringManagedTransaction.getConnection(SpringManagedTransaction.java:67)
	at org.apache.ibatis.executor.BaseExecutor.getConnection(BaseExecutor.java:336)
	at org.apache.ibatis.executor.SimpleExecutor.prepareStatement(SimpleExecutor.java:85)
	at org.apache.ibatis.executor.SimpleExecutor.doQuery(SimpleExecutor.java:62)
	at org.apache.ibatis.executor.BaseExecutor.queryFromDatabase(BaseExecutor.java:324)
	at org.apache.ibatis.executor.BaseExecutor.query(BaseExecutor.java:156)
	at org.apache.ibatis.executor.CachingExecutor.query(CachingExecutor.java:109)
	at org.apache.ibatis.executor.CachingExecutor.query(CachingExecutor.java:83)
	at org.apache.ibatis.session.defaults.DefaultSqlSession.selectList(DefaultSqlSession.java:147)
	at org.apache.ibatis.session.defaults.DefaultSqlSession.selectList(DefaultSqlSession.java:140)
	at org.apache.ibatis.session.defaults.DefaultSqlSession.selectOne(DefaultSqlSession.java:76)
	at sun.reflect.GeneratedMethodAccessor1266.invoke(Unknown Source)
	at sun.reflect.DelegatingMethodAccessorImpl.invoke(DelegatingMethodAccessorImpl.java:43)
	at java.lang.reflect.Method.invoke(Method.java:498)
	at org.mybatis.spring.SqlSessionTemplate$SqlSessionInterceptor.invoke(SqlSessionTemplate.java:426)
	at com.sun.proxy.$Proxy366.selectOne(Unknown Source)
	at org.mybatis.spring.SqlSessionTemplate.selectOne(SqlSessionTemplate.java:159)
	at org.apache.ibatis.binding.MapperMethod.execute(MapperMethod.java:87)
	at org.apache.ibatis.binding.MapperProxy.invoke(MapperProxy.java:57)
	at com.sun.proxy.$Proxy368.LoginMember(Unknown Source)
	at com.daejist.login.service.LoginServiceImp.LoginCheck(LoginServiceImp.java:29)
	at com.daejist.login.controller.LoginController.getLogin(LoginController.java:98)
	at sun.reflect.GeneratedMethodAccessor1348.invoke(Unknown Source)
	at sun.reflect.DelegatingMethodAccessorImpl.invoke(DelegatingMethodAccessorImpl.java:43)
	at java.lang.reflect.Method.invoke(Method.java:498)
	at org.springframework.web.method.support.InvocableHandlerMethod.doInvoke(InvocableHandlerMethod.java:190)
	at org.springframework.web.method.support.InvocableHandlerMethod.invokeForRequest(InvocableHandlerMethod.java:138)
	at org.springframework.web.servlet.mvc.method.annotation.ServletInvocableHandlerMethod.invokeAndHandle(ServletInvocableHandlerMethod.java:104)
	at org.springframework.web.servlet.mvc.method.annotation.RequestMappingHandlerAdapter.invokeHandlerMethod(RequestMappingHandlerAdapter.java:892)
	at org.springframework.web.servlet.mvc.method.annotation.RequestMappingHandlerAdapter.handleInternal(RequestMappingHandlerAdapter.java:797)
	at org.springframework.web.servlet.mvc.method.AbstractHandlerMethodAdapter.handle(AbstractHandlerMethodAdapter.java:87)
	at org.springframework.web.servlet.DispatcherServlet.doDispatch(DispatcherServlet.java:1039)
	at org.springframework.web.servlet.DispatcherServlet.doService(DispatcherServlet.java:942)
	at org.springframework.web.servlet.FrameworkServlet.processRequest(FrameworkServlet.java:1005)
	at org.springframework.web.servlet.FrameworkServlet.doPost(FrameworkServlet.java:908)
	at javax.servlet.http.HttpServlet.service(HttpServlet.java:648)
	at org.springframework.web.servlet.FrameworkServlet.service(FrameworkServlet.java:882)
	at javax.servlet.http.HttpServlet.service(HttpServlet.java:729)
	at org.apache.catalina.core.ApplicationFilterChain.internalDoFilter(ApplicationFilterChain.java:292)
	at org.apache.catalina.core.ApplicationFilterChain.doFilter(ApplicationFilterChain.java:207)
	at org.apache.tomcat.websocket.server.WsFilter.doFilter(WsFilter.java:52)
	at org.apache.catalina.core.ApplicationFilterChain.internalDoFilter(ApplicationFilterChain.java:240)
	at org.apache.catalina.core.ApplicationFilterChain.doFilter(ApplicationFilterChain.java:207)
	at org.springframework.web.filter.CharacterEncodingFilter.doFilterInternal(CharacterEncodingFilter.java:200)
	at org.springframework.web.filter.OncePerRequestFilter.doFilter(OncePerRequestFilter.java:118)
	at org.apache.catalina.core.ApplicationFilterChain.internalDoFilter(ApplicationFilterChain.java:240)
	at org.apache.catalina.core.ApplicationFilterChain.doFilter(ApplicationFilterChain.java:207)
	at org.apache.catalina.core.StandardWrapperValve.invoke(StandardWrapperValve.java:212)
	at org.apache.catalina.core.StandardContextValve.invoke(StandardContextValve.java:94)
	at org.apache.catalina.core.StandardHostValve.invoke(StandardHostValve.java:141)
	at org.apache.catalina.valves.ErrorReportValve.invoke(ErrorReportValve.java:79)
	at org.apache.catalina.core.StandardEngineValve.invoke(StandardEngineValve.java:88)
	at org.apache.catalina.connector.CoyoteAdapter.service(CoyoteAdapter.java:502)
	at org.apache.coyote.http11.AbstractHttp11Processor.process(AbstractHttp11Processor.java:1132)
	at org.apache.coyote.AbstractProtocol$AbstractConnectionHandler.process(AbstractProtocol.java:684)
	at org.apache.tomcat.util.net.NioEndpoint$SocketProcessor.doRun(NioEndpoint.java:1539)
	at org.apache.tomcat.util.net.NioEndpoint$SocketProcessor.run(NioEndpoint.java:1495)
	at java.util.concurrent.ThreadPoolExecutor.runWorker(ThreadPoolExecutor.java:1142)
	at java.util.concurrent.ThreadPoolExecutor$Worker.run(ThreadPoolExecutor.java:617)
	at org.apache.tomcat.util.threads.TaskThread$WrappingRunnable.run(TaskThread.java:61)
	at java.lang.Thread.run(Thread.java:745)

28-Aug-2023 14:06:55.278 심각 [http-nio-8855-exec-324] org.apache.catalina.core.StandardWrapperValve.invoke Servlet.service() for servlet [appServlet] in context with path [] threw exception [Request processing failed; nested exception is org.mybatis.spring.MyBatisSystemException: nested exception is org.apache.ibatis.exceptions.PersistenceException: 
### Error querying database.  Cause: org.springframework.jdbc.CannotGetJdbcConnectionException: Failed to obtain JDBC Connection; nested exception is com.microsoft.sqlserver.jdbc.SQLServerException: 호스트 61.32.101.234, 포트 1433에 대한 TCP/IP 연결에 실패했습니다. 오류: "connect timed out. 연결 속성을 확인하십시오. SQL Server의 인스턴스가 호스트에서 실행되고 있고 포트에서 TCP/IP 연결을 허용하고 있는지 확인하십시오. 또한 방화벽에서 포트로의 TCP 연결을 차단하지 않는지 확인하십시오.".
### The error may exist in com/daejist/login/mapper/LoginMapper.xml
### The error may involve com.daejist.login.mapper.LoginMapper.LoginMember
### The error occurred while executing a query
### Cause: org.springframework.jdbc.CannotGetJdbcConnectionException: Failed to obtain JDBC Connection; nested exception is com.microsoft.sqlserver.jdbc.SQLServerException: 호스트 61.32.101.234, 포트 1433에 대한 TCP/IP 연결에 실패했습니다. 오류: "connect timed out. 연결 속성을 확인하십시오. SQL Server의 인스턴스가 호스트에서 실행되고 있고 포트에서 TCP/IP 연결을 허용하고 있는지 확인하십시오. 또한 방화벽에서 포트로의 TCP 연결을 차단하지 않는지 확인하십시오.".] with root cause
 com.microsoft.sqlserver.jdbc.SQLServerException: 호스트 61.32.101.234, 포트 1433에 대한 TCP/IP 연결에 실패했습니다. 오류: "connect timed out. 연결 속성을 확인하십시오. SQL Server의 인스턴스가 호스트에서 실행되고 있고 포트에서 TCP/IP 연결을 허용하고 있는지 확인하십시오. 또한 방화벽에서 포트로의 TCP 연결을 차단하지 않는지 확인하십시오.".
	at com.microsoft.sqlserver.jdbc.SQLServerException.makeFromDriverError(SQLServerException.java:234)
	at com.microsoft.sqlserver.jdbc.SQLServerException.ConvertConnectExceptionToSQLServerException(SQLServerException.java:285)
	at com.microsoft.sqlserver.jdbc.SocketFinder.findSocket(IOBuffer.java:2462)
	at com.microsoft.sqlserver.jdbc.TDSChannel.open(IOBuffer.java:668)
	at com.microsoft.sqlserver.jdbc.SQLServerConnection.connectHelper(SQLServerConnection.java:2695)
	at com.microsoft.sqlserver.jdbc.SQLServerConnection.login(SQLServerConnection.java:2362)
	at com.microsoft.sqlserver.jdbc.SQLServerConnection.connectInternal(SQLServerConnection.java:2213)
	at com.microsoft.sqlserver.jdbc.SQLServerConnection.connect(SQLServerConnection.java:1276)
	at com.microsoft.sqlserver.jdbc.SQLServerDriver.connect(SQLServerDriver.java:861)
	at org.apache.commons.dbcp.DriverConnectionFactory.createConnection(DriverConnectionFactory.java:38)
	at org.apache.commons.dbcp.PoolableConnectionFactory.makeObject(PoolableConnectionFactory.java:582)
	at org.apache.commons.pool.impl.GenericObjectPool.borrowObject(GenericObjectPool.java:1148)
	at org.apache.commons.dbcp.PoolingDataSource.getConnection(PoolingDataSource.java:106)
	at org.apache.commons.dbcp.BasicDataSource.getConnection(BasicDataSource.java:1044)
	at org.springframework.jdbc.datasource.DataSourceUtils.fetchConnection(DataSourceUtils.java:157)
	at org.springframework.jdbc.datasource.DataSourceUtils.doGetConnection(DataSourceUtils.java:115)
	at org.springframework.jdbc.datasource.DataSourceUtils.getConnection(DataSourceUtils.java:78)
	at org.mybatis.spring.transaction.SpringManagedTransaction.openConnection(SpringManagedTransaction.java:80)
	at org.mybatis.spring.transaction.SpringManagedTransaction.getConnection(SpringManagedTransaction.java:67)
	at org.apache.ibatis.executor.BaseExecutor.getConnection(BaseExecutor.java:336)
	at org.apache.ibatis.executor.SimpleExecutor.prepareStatement(SimpleExecutor.java:85)
	at org.apache.ibatis.executor.SimpleExecutor.doQuery(SimpleExecutor.java:62)
	at org.apache.ibatis.executor.BaseExecutor.queryFromDatabase(BaseExecutor.java:324)
	at org.apache.ibatis.executor.BaseExecutor.query(BaseExecutor.java:156)
	at org.apache.ibatis.executor.CachingExecutor.query(CachingExecutor.java:109)
	at org.apache.ibatis.executor.CachingExecutor.query(CachingExecutor.java:83)
	at org.apache.ibatis.session.defaults.DefaultSqlSession.selectList(DefaultSqlSession.java:147)
	at org.apache.ibatis.session.defaults.DefaultSqlSession.selectList(DefaultSqlSession.java:140)
	at org.apache.ibatis.session.defaults.DefaultSqlSession.selectOne(DefaultSqlSession.java:76)
	at sun.reflect.GeneratedMethodAccessor1266.invoke(Unknown Source)
	at sun.reflect.DelegatingMethodAccessorImpl.invoke(DelegatingMethodAccessorImpl.java:43)
	at java.lang.reflect.Method.invoke(Method.java:498)
	at org.mybatis.spring.SqlSessionTemplate$SqlSessionInterceptor.invoke(SqlSessionTemplate.java:426)
	at com.sun.proxy.$Proxy366.selectOne(Unknown Source)
	at org.mybatis.spring.SqlSessionTemplate.selectOne(SqlSessionTemplate.java:159)
	at org.apache.ibatis.binding.MapperMethod.execute(MapperMethod.java:87)
	at org.apache.ibatis.binding.MapperProxy.invoke(MapperProxy.java:57)
	at com.sun.proxy.$Proxy368.LoginMember(Unknown Source)
	at com.daejist.login.service.LoginServiceImp.LoginCheck(LoginServiceImp.java:29)
	at com.daejist.login.controller.LoginController.getLogin(LoginController.java:98)
	at sun.reflect.GeneratedMethodAccessor1348.invoke(Unknown Source)
	at sun.reflect.DelegatingMethodAccessorImpl.invoke(DelegatingMethodAccessorImpl.java:43)
	at java.lang.reflect.Method.invoke(Method.java:498)
	at org.springframework.web.method.support.InvocableHandlerMethod.doInvoke(InvocableHandlerMethod.java:190)
	at org.springframework.web.method.support.InvocableHandlerMethod.invokeForRequest(InvocableHandlerMethod.java:138)
	at org.springframework.web.servlet.mvc.method.annotation.ServletInvocableHandlerMethod.invokeAndHandle(ServletInvocableHandlerMethod.java:104)
	at org.springframework.web.servlet.mvc.method.annotation.RequestMappingHandlerAdapter.invokeHandlerMethod(RequestMappingHandlerAdapter.java:892)
	at org.springframework.web.servlet.mvc.method.annotation.RequestMappingHandlerAdapter.handleInternal(RequestMappingHandlerAdapter.java:797)
	at org.springframework.web.servlet.mvc.method.AbstractHandlerMethodAdapter.handle(AbstractHandlerMethodAdapter.java:87)
	at org.springframework.web.servlet.DispatcherServlet.doDispatch(DispatcherServlet.java:1039)
	at org.springframework.web.servlet.DispatcherServlet.doService(DispatcherServlet.java:942)
	at org.springframework.web.servlet.FrameworkServlet.processRequest(FrameworkServlet.java:1005)
	at org.springframework.web.servlet.FrameworkServlet.doPost(FrameworkServlet.java:908)
	at javax.servlet.http.HttpServlet.service(HttpServlet.java:648)
	at org.springframework.web.servlet.FrameworkServlet.service(FrameworkServlet.java:882)
	at javax.servlet.http.HttpServlet.service(HttpServlet.java:729)
	at org.apache.catalina.core.ApplicationFilterChain.internalDoFilter(ApplicationFilterChain.java:292)
	at org.apache.catalina.core.ApplicationFilterChain.doFilter(ApplicationFilterChain.java:207)
	at org.apache.tomcat.websocket.server.WsFilter.doFilter(WsFilter.java:52)
	at org.apache.catalina.core.ApplicationFilterChain.internalDoFilter(ApplicationFilterChain.java:240)
	at org.apache.catalina.core.ApplicationFilterChain.doFilter(ApplicationFilterChain.java:207)
	at org.springframework.web.filter.CharacterEncodingFilter.doFilterInternal(CharacterEncodingFilter.java:200)
	at org.springframework.web.filter.OncePerRequestFilter.doFilter(OncePerRequestFilter.java:118)
	at org.apache.catalina.core.ApplicationFilterChain.internalDoFilter(ApplicationFilterChain.java:240)
	at org.apache.catalina.core.ApplicationFilterChain.doFilter(ApplicationFilterChain.java:207)
	at org.apache.catalina.core.StandardWrapperValve.invoke(StandardWrapperValve.java:212)
	at org.apache.catalina.core.StandardContextValve.invoke(StandardContextValve.java:94)
	at org.apache.catalina.core.StandardHostValve.invoke(StandardHostValve.java:141)
	at org.apache.catalina.valves.ErrorReportValve.invoke(ErrorReportValve.java:79)
	at org.apache.catalina.core.StandardEngineValve.invoke(StandardEngineValve.java:88)
	at org.apache.catalina.connector.CoyoteAdapter.service(CoyoteAdapter.java:502)
	at org.apache.coyote.http11.AbstractHttp11Processor.process(AbstractHttp11Processor.java:1132)
	at org.apache.coyote.AbstractProtocol$AbstractConnectionHandler.process(AbstractProtocol.java:684)
	at org.apache.tomcat.util.net.NioEndpoint$SocketProcessor.doRun(NioEndpoint.java:1539)
	at org.apache.tomcat.util.net.NioEndpoint$SocketProcessor.run(NioEndpoint.java:1495)
	at java.util.concurrent.ThreadPoolExecutor.runWorker(ThreadPoolExecutor.java:1142)
	at java.util.concurrent.ThreadPoolExecutor$Worker.run(ThreadPoolExecutor.java:617)
	at org.apache.tomcat.util.threads.TaskThread$WrappingRunnable.run(TaskThread.java:61)
	at java.lang.Thread.run(Thread.java:745)

28-Aug-2023 14:12:37.543 심각 [http-nio-8855-exec-324] org.apache.catalina.core.StandardWrapperValve.invoke Servlet.service() for servlet [appServlet] in context with path [] threw exception [Request processing failed; nested exception is org.mybatis.spring.MyBatisSystemException: nested exception is org.apache.ibatis.exceptions.PersistenceException: 
### Error querying database.  Cause: org.springframework.jdbc.CannotGetJdbcConnectionException: Failed to obtain JDBC Connection; nested exception is com.microsoft.sqlserver.jdbc.SQLServerException: 호스트 61.32.101.234, 포트 1433에 대한 TCP/IP 연결에 실패했습니다. 오류: "connect timed out. 연결 속성을 확인하십시오. SQL Server의 인스턴스가 호스트에서 실행되고 있고 포트에서 TCP/IP 연결을 허용하고 있는지 확인하십시오. 또한 방화벽에서 포트로의 TCP 연결을 차단하지 않는지 확인하십시오.".
### The error may exist in com/daejist/login/mapper/LoginMapper.xml
### The error may involve com.daejist.login.mapper.LoginMapper.LoginMember
### The error occurred while executing a query
### Cause: org.springframework.jdbc.CannotGetJdbcConnectionException: Failed to obtain JDBC Connection; nested exception is com.microsoft.sqlserver.jdbc.SQLServerException: 호스트 61.32.101.234, 포트 1433에 대한 TCP/IP 연결에 실패했습니다. 오류: "connect timed out. 연결 속성을 확인하십시오. SQL Server의 인스턴스가 호스트에서 실행되고 있고 포트에서 TCP/IP 연결을 허용하고 있는지 확인하십시오. 또한 방화벽에서 포트로의 TCP 연결을 차단하지 않는지 확인하십시오.".] with root cause
 com.microsoft.sqlserver.jdbc.SQLServerException: 호스트 61.32.101.234, 포트 1433에 대한 TCP/IP 연결에 실패했습니다. 오류: "connect timed out. 연결 속성을 확인하십시오. SQL Server의 인스턴스가 호스트에서 실행되고 있고 포트에서 TCP/IP 연결을 허용하고 있는지 확인하십시오. 또한 방화벽에서 포트로의 TCP 연결을 차단하지 않는지 확인하십시오.".
	at com.microsoft.sqlserver.jdbc.SQLServerException.makeFromDriverError(SQLServerException.java:234)
	at com.microsoft.sqlserver.jdbc.SQLServerException.ConvertConnectExceptionToSQLServerException(SQLServerException.java:285)
	at com.microsoft.sqlserver.jdbc.SocketFinder.findSocket(IOBuffer.java:2462)
	at com.microsoft.sqlserver.jdbc.TDSChannel.open(IOBuffer.java:668)
	at com.microsoft.sqlserver.jdbc.SQLServerConnection.connectHelper(SQLServerConnection.java:2695)
	at com.microsoft.sqlserver.jdbc.SQLServerConnection.login(SQLServerConnection.java:2362)
	at com.microsoft.sqlserver.jdbc.SQLServerConnection.connectInternal(SQLServerConnection.java:2213)
	at com.microsoft.sqlserver.jdbc.SQLServerConnection.connect(SQLServerConnection.java:1276)
	at com.microsoft.sqlserver.jdbc.SQLServerDriver.connect(SQLServerDriver.java:861)
	at org.apache.commons.dbcp.DriverConnectionFactory.createConnection(DriverConnectionFactory.java:38)
	at org.apache.commons.dbcp.PoolableConnectionFactory.makeObject(PoolableConnectionFactory.java:582)
	at org.apache.commons.pool.impl.GenericObjectPool.borrowObject(GenericObjectPool.java:1148)
	at org.apache.commons.dbcp.PoolingDataSource.getConnection(PoolingDataSource.java:106)
	at org.apache.commons.dbcp.BasicDataSource.getConnection(BasicDataSource.java:1044)
	at org.springframework.jdbc.datasource.DataSourceUtils.fetchConnection(DataSourceUtils.java:157)
	at org.springframework.jdbc.datasource.DataSourceUtils.doGetConnection(DataSourceUtils.java:115)
	at org.springframework.jdbc.datasource.DataSourceUtils.getConnection(DataSourceUtils.java:78)
	at org.mybatis.spring.transaction.SpringManagedTransaction.openConnection(SpringManagedTransaction.java:80)
	at org.mybatis.spring.transaction.SpringManagedTransaction.getConnection(SpringManagedTransaction.java:67)
	at org.apache.ibatis.executor.BaseExecutor.getConnection(BaseExecutor.java:336)
	at org.apache.ibatis.executor.SimpleExecutor.prepareStatement(SimpleExecutor.java:85)
	at org.apache.ibatis.executor.SimpleExecutor.doQuery(SimpleExecutor.java:62)
	at org.apache.ibatis.executor.BaseExecutor.queryFromDatabase(BaseExecutor.java:324)
	at org.apache.ibatis.executor.BaseExecutor.query(BaseExecutor.java:156)
	at org.apache.ibatis.executor.CachingExecutor.query(CachingExecutor.java:109)
	at org.apache.ibatis.executor.CachingExecutor.query(CachingExecutor.java:83)
	at org.apache.ibatis.session.defaults.DefaultSqlSession.selectList(DefaultSqlSession.java:147)
	at org.apache.ibatis.session.defaults.DefaultSqlSession.selectList(DefaultSqlSession.java:140)
	at org.apache.ibatis.session.defaults.DefaultSqlSession.selectOne(DefaultSqlSession.java:76)
	at sun.reflect.GeneratedMethodAccessor1266.invoke(Unknown Source)
	at sun.reflect.DelegatingMethodAccessorImpl.invoke(DelegatingMethodAccessorImpl.java:43)
	at java.lang.reflect.Method.invoke(Method.java:498)
	at org.mybatis.spring.SqlSessionTemplate$SqlSessionInterceptor.invoke(SqlSessionTemplate.java:426)
	at com.sun.proxy.$Proxy366.selectOne(Unknown Source)
	at org.mybatis.spring.SqlSessionTemplate.selectOne(SqlSessionTemplate.java:159)
	at org.apache.ibatis.binding.MapperMethod.execute(MapperMethod.java:87)
	at org.apache.ibatis.binding.MapperProxy.invoke(MapperProxy.java:57)
	at com.sun.proxy.$Proxy368.LoginMember(Unknown Source)
	at com.daejist.login.service.LoginServiceImp.LoginCheck(LoginServiceImp.java:29)
	at com.daejist.login.controller.LoginController.getLogin(LoginController.java:98)
	at sun.reflect.GeneratedMethodAccessor1348.invoke(Unknown Source)
	at sun.reflect.DelegatingMethodAccessorImpl.invoke(DelegatingMethodAccessorImpl.java:43)
	at java.lang.reflect.Method.invoke(Method.java:498)
	at org.springframework.web.method.support.InvocableHandlerMethod.doInvoke(InvocableHandlerMethod.java:190)
	at org.springframework.web.method.support.InvocableHandlerMethod.invokeForRequest(InvocableHandlerMethod.java:138)
	at org.springframework.web.servlet.mvc.method.annotation.ServletInvocableHandlerMethod.invokeAndHandle(ServletInvocableHandlerMethod.java:104)
	at org.springframework.web.servlet.mvc.method.annotation.RequestMappingHandlerAdapter.invokeHandlerMethod(RequestMappingHandlerAdapter.java:892)
	at org.springframework.web.servlet.mvc.method.annotation.RequestMappingHandlerAdapter.handleInternal(RequestMappingHandlerAdapter.java:797)
	at org.springframework.web.servlet.mvc.method.AbstractHandlerMethodAdapter.handle(AbstractHandlerMethodAdapter.java:87)
	at org.springframework.web.servlet.DispatcherServlet.doDispatch(DispatcherServlet.java:1039)
	at org.springframework.web.servlet.DispatcherServlet.doService(DispatcherServlet.java:942)
	at org.springframework.web.servlet.FrameworkServlet.processRequest(FrameworkServlet.java:1005)
	at org.springframework.web.servlet.FrameworkServlet.doPost(FrameworkServlet.java:908)
	at javax.servlet.http.HttpServlet.service(HttpServlet.java:648)
	at org.springframework.web.servlet.FrameworkServlet.service(FrameworkServlet.java:882)
	at javax.servlet.http.HttpServlet.service(HttpServlet.java:729)
	at org.apache.catalina.core.ApplicationFilterChain.internalDoFilter(ApplicationFilterChain.java:292)
	at org.apache.catalina.core.ApplicationFilterChain.doFilter(ApplicationFilterChain.java:207)
	at org.apache.tomcat.websocket.server.WsFilter.doFilter(WsFilter.java:52)
	at org.apache.catalina.core.ApplicationFilterChain.internalDoFilter(ApplicationFilterChain.java:240)
	at org.apache.catalina.core.ApplicationFilterChain.doFilter(ApplicationFilterChain.java:207)
	at org.springframework.web.filter.CharacterEncodingFilter.doFilterInternal(CharacterEncodingFilter.java:200)
	at org.springframework.web.filter.OncePerRequestFilter.doFilter(OncePerRequestFilter.java:118)
	at org.apache.catalina.core.ApplicationFilterChain.internalDoFilter(ApplicationFilterChain.java:240)
	at org.apache.catalina.core.ApplicationFilterChain.doFilter(ApplicationFilterChain.java:207)
	at org.apache.catalina.core.StandardWrapperValve.invoke(StandardWrapperValve.java:212)
	at org.apache.catalina.core.StandardContextValve.invoke(StandardContextValve.java:94)
	at org.apache.catalina.core.StandardHostValve.invoke(StandardHostValve.java:141)
	at org.apache.catalina.valves.ErrorReportValve.invoke(ErrorReportValve.java:79)
	at org.apache.catalina.core.StandardEngineValve.invoke(StandardEngineValve.java:88)
	at org.apache.catalina.connector.CoyoteAdapter.service(CoyoteAdapter.java:502)
	at org.apache.coyote.http11.AbstractHttp11Processor.process(AbstractHttp11Processor.java:1132)
	at org.apache.coyote.AbstractProtocol$AbstractConnectionHandler.process(AbstractProtocol.java:684)
	at org.apache.tomcat.util.net.NioEndpoint$SocketProcessor.doRun(NioEndpoint.java:1539)
	at org.apache.tomcat.util.net.NioEndpoint$SocketProcessor.run(NioEndpoint.java:1495)
	at java.util.concurrent.ThreadPoolExecutor.runWorker(ThreadPoolExecutor.java:1142)
	at java.util.concurrent.ThreadPoolExecutor$Worker.run(ThreadPoolExecutor.java:617)
	at org.apache.tomcat.util.threads.TaskThread$WrappingRunnable.run(TaskThread.java:61)
	at java.lang.Thread.run(Thread.java:745)

28-Aug-2023 14:13:11.824 심각 [http-nio-8855-exec-319] org.apache.catalina.core.StandardWrapperValve.invoke Servlet.service() for servlet [appServlet] in context with path [] threw exception [Request processing failed; nested exception is org.mybatis.spring.MyBatisSystemException: nested exception is org.apache.ibatis.exceptions.PersistenceException: 
### Error querying database.  Cause: org.springframework.jdbc.CannotGetJdbcConnectionException: Failed to obtain JDBC Connection; nested exception is com.microsoft.sqlserver.jdbc.SQLServerException: 호스트 61.32.101.234, 포트 1433에 대한 TCP/IP 연결에 실패했습니다. 오류: "connect timed out. 연결 속성을 확인하십시오. SQL Server의 인스턴스가 호스트에서 실행되고 있고 포트에서 TCP/IP 연결을 허용하고 있는지 확인하십시오. 또한 방화벽에서 포트로의 TCP 연결을 차단하지 않는지 확인하십시오.".
### The error may exist in com/daejist/login/mapper/LoginMapper.xml
### The error may involve com.daejist.login.mapper.LoginMapper.LoginMember
### The error occurred while executing a query
### Cause: org.springframework.jdbc.CannotGetJdbcConnectionException: Failed to obtain JDBC Connection; nested exception is com.microsoft.sqlserver.jdbc.SQLServerException: 호스트 61.32.101.234, 포트 1433에 대한 TCP/IP 연결에 실패했습니다. 오류: "connect timed out. 연결 속성을 확인하십시오. SQL Server의 인스턴스가 호스트에서 실행되고 있고 포트에서 TCP/IP 연결을 허용하고 있는지 확인하십시오. 또한 방화벽에서 포트로의 TCP 연결을 차단하지 않는지 확인하십시오.".] with root cause
 com.microsoft.sqlserver.jdbc.SQLServerException: 호스트 61.32.101.234, 포트 1433에 대한 TCP/IP 연결에 실패했습니다. 오류: "connect timed out. 연결 속성을 확인하십시오. SQL Server의 인스턴스가 호스트에서 실행되고 있고 포트에서 TCP/IP 연결을 허용하고 있는지 확인하십시오. 또한 방화벽에서 포트로의 TCP 연결을 차단하지 않는지 확인하십시오.".
	at com.microsoft.sqlserver.jdbc.SQLServerException.makeFromDriverError(SQLServerException.java:234)
	at com.microsoft.sqlserver.jdbc.SQLServerException.ConvertConnectExceptionToSQLServerException(SQLServerException.java:285)
	at com.microsoft.sqlserver.jdbc.SocketFinder.findSocket(IOBuffer.java:2462)
	at com.microsoft.sqlserver.jdbc.TDSChannel.open(IOBuffer.java:668)
	at com.microsoft.sqlserver.jdbc.SQLServerConnection.connectHelper(SQLServerConnection.java:2695)
	at com.microsoft.sqlserver.jdbc.SQLServerConnection.login(SQLServerConnection.java:2362)
	at com.microsoft.sqlserver.jdbc.SQLServerConnection.connectInternal(SQLServerConnection.java:2213)
	at com.microsoft.sqlserver.jdbc.SQLServerConnection.connect(SQLServerConnection.java:1276)
	at com.microsoft.sqlserver.jdbc.SQLServerDriver.connect(SQLServerDriver.java:861)
	at org.apache.commons.dbcp.DriverConnectionFactory.createConnection(DriverConnectionFactory.java:38)
	at org.apache.commons.dbcp.PoolableConnectionFactory.makeObject(PoolableConnectionFactory.java:582)
	at org.apache.commons.pool.impl.GenericObjectPool.borrowObject(GenericObjectPool.java:1148)
	at org.apache.commons.dbcp.PoolingDataSource.getConnection(PoolingDataSource.java:106)
	at org.apache.commons.dbcp.BasicDataSource.getConnection(BasicDataSource.java:1044)
	at org.springframework.jdbc.datasource.DataSourceUtils.fetchConnection(DataSourceUtils.java:157)
	at org.springframework.jdbc.datasource.DataSourceUtils.doGetConnection(DataSourceUtils.java:115)
	at org.springframework.jdbc.datasource.DataSourceUtils.getConnection(DataSourceUtils.java:78)
	at org.mybatis.spring.transaction.SpringManagedTransaction.openConnection(SpringManagedTransaction.java:80)
	at org.mybatis.spring.transaction.SpringManagedTransaction.getConnection(SpringManagedTransaction.java:67)
	at org.apache.ibatis.executor.BaseExecutor.getConnection(BaseExecutor.java:336)
	at org.apache.ibatis.executor.SimpleExecutor.prepareStatement(SimpleExecutor.java:85)
	at org.apache.ibatis.executor.SimpleExecutor.doQuery(SimpleExecutor.java:62)
	at org.apache.ibatis.executor.BaseExecutor.queryFromDatabase(BaseExecutor.java:324)
	at org.apache.ibatis.executor.BaseExecutor.query(BaseExecutor.java:156)
	at org.apache.ibatis.executor.CachingExecutor.query(CachingExecutor.java:109)
	at org.apache.ibatis.executor.CachingExecutor.query(CachingExecutor.java:83)
	at org.apache.ibatis.session.defaults.DefaultSqlSession.selectList(DefaultSqlSession.java:147)
	at org.apache.ibatis.session.defaults.DefaultSqlSession.selectList(DefaultSqlSession.java:140)
	at org.apache.ibatis.session.defaults.DefaultSqlSession.selectOne(DefaultSqlSession.java:76)
	at sun.reflect.GeneratedMethodAccessor1266.invoke(Unknown Source)
	at sun.reflect.DelegatingMethodAccessorImpl.invoke(DelegatingMethodAccessorImpl.java:43)
	at java.lang.reflect.Method.invoke(Method.java:498)
	at org.mybatis.spring.SqlSessionTemplate$SqlSessionInterceptor.invoke(SqlSessionTemplate.java:426)
	at com.sun.proxy.$Proxy366.selectOne(Unknown Source)
	at org.mybatis.spring.SqlSessionTemplate.selectOne(SqlSessionTemplate.java:159)
	at org.apache.ibatis.binding.MapperMethod.execute(MapperMethod.java:87)
	at org.apache.ibatis.binding.MapperProxy.invoke(MapperProxy.java:57)
	at com.sun.proxy.$Proxy368.LoginMember(Unknown Source)
	at com.daejist.login.service.LoginServiceImp.LoginCheck(LoginServiceImp.java:29)
	at com.daejist.login.controller.LoginController.getLogin(LoginController.java:98)
	at sun.reflect.GeneratedMethodAccessor1348.invoke(Unknown Source)
	at sun.reflect.DelegatingMethodAccessorImpl.invoke(DelegatingMethodAccessorImpl.java:43)
	at java.lang.reflect.Method.invoke(Method.java:498)
	at org.springframework.web.method.support.InvocableHandlerMethod.doInvoke(InvocableHandlerMethod.java:190)
	at org.springframework.web.method.support.InvocableHandlerMethod.invokeForRequest(InvocableHandlerMethod.java:138)
	at org.springframework.web.servlet.mvc.method.annotation.ServletInvocableHandlerMethod.invokeAndHandle(ServletInvocableHandlerMethod.java:104)
	at org.springframework.web.servlet.mvc.method.annotation.RequestMappingHandlerAdapter.invokeHandlerMethod(RequestMappingHandlerAdapter.java:892)
	at org.springframework.web.servlet.mvc.method.annotation.RequestMappingHandlerAdapter.handleInternal(RequestMappingHandlerAdapter.java:797)
	at org.springframework.web.servlet.mvc.method.AbstractHandlerMethodAdapter.handle(AbstractHandlerMethodAdapter.java:87)
	at org.springframework.web.servlet.DispatcherServlet.doDispatch(DispatcherServlet.java:1039)
	at org.springframework.web.servlet.DispatcherServlet.doService(DispatcherServlet.java:942)
	at org.springframework.web.servlet.FrameworkServlet.processRequest(FrameworkServlet.java:1005)
	at org.springframework.web.servlet.FrameworkServlet.doPost(FrameworkServlet.java:908)
	at javax.servlet.http.HttpServlet.service(HttpServlet.java:648)
	at org.springframework.web.servlet.FrameworkServlet.service(FrameworkServlet.java:882)
	at javax.servlet.http.HttpServlet.service(HttpServlet.java:729)
	at org.apache.catalina.core.ApplicationFilterChain.internalDoFilter(ApplicationFilterChain.java:292)
	at org.apache.catalina.core.ApplicationFilterChain.doFilter(ApplicationFilterChain.java:207)
	at org.apache.tomcat.websocket.server.WsFilter.doFilter(WsFilter.java:52)
	at org.apache.catalina.core.ApplicationFilterChain.internalDoFilter(ApplicationFilterChain.java:240)
	at org.apache.catalina.core.ApplicationFilterChain.doFilter(ApplicationFilterChain.java:207)
	at org.springframework.web.filter.CharacterEncodingFilter.doFilterInternal(CharacterEncodingFilter.java:200)
	at org.springframework.web.filter.OncePerRequestFilter.doFilter(OncePerRequestFilter.java:118)
	at org.apache.catalina.core.ApplicationFilterChain.internalDoFilter(ApplicationFilterChain.java:240)
	at org.apache.catalina.core.ApplicationFilterChain.doFilter(ApplicationFilterChain.java:207)
	at org.apache.catalina.core.StandardWrapperValve.invoke(StandardWrapperValve.java:212)
	at org.apache.catalina.core.StandardContextValve.invoke(StandardContextValve.java:94)
	at org.apache.catalina.core.StandardHostValve.invoke(StandardHostValve.java:141)
	at org.apache.catalina.valves.ErrorReportValve.invoke(ErrorReportValve.java:79)
	at org.apache.catalina.core.StandardEngineValve.invoke(StandardEngineValve.java:88)
	at org.apache.catalina.connector.CoyoteAdapter.service(CoyoteAdapter.java:502)
	at org.apache.coyote.http11.AbstractHttp11Processor.process(AbstractHttp11Processor.java:1132)
	at org.apache.coyote.AbstractProtocol$AbstractConnectionHandler.process(AbstractProtocol.java:684)
	at org.apache.tomcat.util.net.NioEndpoint$SocketProcessor.doRun(NioEndpoint.java:1539)
	at org.apache.tomcat.util.net.NioEndpoint$SocketProcessor.run(NioEndpoint.java:1495)
	at java.util.concurrent.ThreadPoolExecutor.runWorker(ThreadPoolExecutor.java:1142)
	at java.util.concurrent.ThreadPoolExecutor$Worker.run(ThreadPoolExecutor.java:617)
	at org.apache.tomcat.util.threads.TaskThread$WrappingRunnable.run(TaskThread.java:61)
	at java.lang.Thread.run(Thread.java:745)

28-Aug-2023 14:13:24.439 심각 [http-nio-8855-exec-312] org.apache.catalina.core.StandardWrapperValve.invoke Servlet.service() for servlet [appServlet] in context with path [] threw exception [Request processing failed; nested exception is org.mybatis.spring.MyBatisSystemException: nested exception is org.apache.ibatis.exceptions.PersistenceException: 
### Error querying database.  Cause: org.springframework.jdbc.CannotGetJdbcConnectionException: Failed to obtain JDBC Connection; nested exception is com.microsoft.sqlserver.jdbc.SQLServerException: 호스트 61.32.101.234, 포트 1433에 대한 TCP/IP 연결에 실패했습니다. 오류: "connect timed out. 연결 속성을 확인하십시오. SQL Server의 인스턴스가 호스트에서 실행되고 있고 포트에서 TCP/IP 연결을 허용하고 있는지 확인하십시오. 또한 방화벽에서 포트로의 TCP 연결을 차단하지 않는지 확인하십시오.".
### The error may exist in com/daejist/login/mapper/LoginMapper.xml
### The error may involve com.daejist.login.mapper.LoginMapper.LoginMember
### The error occurred while executing a query
### Cause: org.springframework.jdbc.CannotGetJdbcConnectionException: Failed to obtain JDBC Connection; nested exception is com.microsoft.sqlserver.jdbc.SQLServerException: 호스트 61.32.101.234, 포트 1433에 대한 TCP/IP 연결에 실패했습니다. 오류: "connect timed out. 연결 속성을 확인하십시오. SQL Server의 인스턴스가 호스트에서 실행되고 있고 포트에서 TCP/IP 연결을 허용하고 있는지 확인하십시오. 또한 방화벽에서 포트로의 TCP 연결을 차단하지 않는지 확인하십시오.".] with root cause
 com.microsoft.sqlserver.jdbc.SQLServerException: 호스트 61.32.101.234, 포트 1433에 대한 TCP/IP 연결에 실패했습니다. 오류: "connect timed out. 연결 속성을 확인하십시오. SQL Server의 인스턴스가 호스트에서 실행되고 있고 포트에서 TCP/IP 연결을 허용하고 있는지 확인하십시오. 또한 방화벽에서 포트로의 TCP 연결을 차단하지 않는지 확인하십시오.".
	at com.microsoft.sqlserver.jdbc.SQLServerException.makeFromDriverError(SQLServerException.java:234)
	at com.microsoft.sqlserver.jdbc.SQLServerException.ConvertConnectExceptionToSQLServerException(SQLServerException.java:285)
	at com.microsoft.sqlserver.jdbc.SocketFinder.findSocket(IOBuffer.java:2462)
	at com.microsoft.sqlserver.jdbc.TDSChannel.open(IOBuffer.java:668)
	at com.microsoft.sqlserver.jdbc.SQLServerConnection.connectHelper(SQLServerConnection.java:2695)
	at com.microsoft.sqlserver.jdbc.SQLServerConnection.login(SQLServerConnection.java:2362)
	at com.microsoft.sqlserver.jdbc.SQLServerConnection.connectInternal(SQLServerConnection.java:2213)
	at com.microsoft.sqlserver.jdbc.SQLServerConnection.connect(SQLServerConnection.java:1276)
	at com.microsoft.sqlserver.jdbc.SQLServerDriver.connect(SQLServerDriver.java:861)
	at org.apache.commons.dbcp.DriverConnectionFactory.createConnection(DriverConnectionFactory.java:38)
	at org.apache.commons.dbcp.PoolableConnectionFactory.makeObject(PoolableConnectionFactory.java:582)
	at org.apache.commons.pool.impl.GenericObjectPool.borrowObject(GenericObjectPool.java:1148)
	at org.apache.commons.dbcp.PoolingDataSource.getConnection(PoolingDataSource.java:106)
	at org.apache.commons.dbcp.BasicDataSource.getConnection(BasicDataSource.java:1044)
	at org.springframework.jdbc.datasource.DataSourceUtils.fetchConnection(DataSourceUtils.java:157)
	at org.springframework.jdbc.datasource.DataSourceUtils.doGetConnection(DataSourceUtils.java:115)
	at org.springframework.jdbc.datasource.DataSourceUtils.getConnection(DataSourceUtils.java:78)
	at org.mybatis.spring.transaction.SpringManagedTransaction.openConnection(SpringManagedTransaction.java:80)
	at org.mybatis.spring.transaction.SpringManagedTransaction.getConnection(SpringManagedTransaction.java:67)
	at org.apache.ibatis.executor.BaseExecutor.getConnection(BaseExecutor.java:336)
	at org.apache.ibatis.executor.SimpleExecutor.prepareStatement(SimpleExecutor.java:85)
	at org.apache.ibatis.executor.SimpleExecutor.doQuery(SimpleExecutor.java:62)
	at org.apache.ibatis.executor.BaseExecutor.queryFromDatabase(BaseExecutor.java:324)
	at org.apache.ibatis.executor.BaseExecutor.query(BaseExecutor.java:156)
	at org.apache.ibatis.executor.CachingExecutor.query(CachingExecutor.java:109)
	at org.apache.ibatis.executor.CachingExecutor.query(CachingExecutor.java:83)
	at org.apache.ibatis.session.defaults.DefaultSqlSession.selectList(DefaultSqlSession.java:147)
	at org.apache.ibatis.session.defaults.DefaultSqlSession.selectList(DefaultSqlSession.java:140)
	at org.apache.ibatis.session.defaults.DefaultSqlSession.selectOne(DefaultSqlSession.java:76)
	at sun.reflect.GeneratedMethodAccessor1266.invoke(Unknown Source)
	at sun.reflect.DelegatingMethodAccessorImpl.invoke(DelegatingMethodAccessorImpl.java:43)
	at java.lang.reflect.Method.invoke(Method.java:498)
	at org.mybatis.spring.SqlSessionTemplate$SqlSessionInterceptor.invoke(SqlSessionTemplate.java:426)
	at com.sun.proxy.$Proxy366.selectOne(Unknown Source)
	at org.mybatis.spring.SqlSessionTemplate.selectOne(SqlSessionTemplate.java:159)
	at org.apache.ibatis.binding.MapperMethod.execute(MapperMethod.java:87)
	at org.apache.ibatis.binding.MapperProxy.invoke(MapperProxy.java:57)
	at com.sun.proxy.$Proxy368.LoginMember(Unknown Source)
	at com.daejist.login.service.LoginServiceImp.LoginCheck(LoginServiceImp.java:29)
	at com.daejist.login.controller.LoginController.getLogin(LoginController.java:98)
	at sun.reflect.GeneratedMethodAccessor1348.invoke(Unknown Source)
	at sun.reflect.DelegatingMethodAccessorImpl.invoke(DelegatingMethodAccessorImpl.java:43)
	at java.lang.reflect.Method.invoke(Method.java:498)
	at org.springframework.web.method.support.InvocableHandlerMethod.doInvoke(InvocableHandlerMethod.java:190)
	at org.springframework.web.method.support.InvocableHandlerMethod.invokeForRequest(InvocableHandlerMethod.java:138)
	at org.springframework.web.servlet.mvc.method.annotation.ServletInvocableHandlerMethod.invokeAndHandle(ServletInvocableHandlerMethod.java:104)
	at org.springframework.web.servlet.mvc.method.annotation.RequestMappingHandlerAdapter.invokeHandlerMethod(RequestMappingHandlerAdapter.java:892)
	at org.springframework.web.servlet.mvc.method.annotation.RequestMappingHandlerAdapter.handleInternal(RequestMappingHandlerAdapter.java:797)
	at org.springframework.web.servlet.mvc.method.AbstractHandlerMethodAdapter.handle(AbstractHandlerMethodAdapter.java:87)
	at org.springframework.web.servlet.DispatcherServlet.doDispatch(DispatcherServlet.java:1039)
	at org.springframework.web.servlet.DispatcherServlet.doService(DispatcherServlet.java:942)
	at org.springframework.web.servlet.FrameworkServlet.processRequest(FrameworkServlet.java:1005)
	at org.springframework.web.servlet.FrameworkServlet.doPost(FrameworkServlet.java:908)
	at javax.servlet.http.HttpServlet.service(HttpServlet.java:648)
	at org.springframework.web.servlet.FrameworkServlet.service(FrameworkServlet.java:882)
	at javax.servlet.http.HttpServlet.service(HttpServlet.java:729)
	at org.apache.catalina.core.ApplicationFilterChain.internalDoFilter(ApplicationFilterChain.java:292)
	at org.apache.catalina.core.ApplicationFilterChain.doFilter(ApplicationFilterChain.java:207)
	at org.apache.tomcat.websocket.server.WsFilter.doFilter(WsFilter.java:52)
	at org.apache.catalina.core.ApplicationFilterChain.internalDoFilter(ApplicationFilterChain.java:240)
	at org.apache.catalina.core.ApplicationFilterChain.doFilter(ApplicationFilterChain.java:207)
	at org.springframework.web.filter.CharacterEncodingFilter.doFilterInternal(CharacterEncodingFilter.java:200)
	at org.springframework.web.filter.OncePerRequestFilter.doFilter(OncePerRequestFilter.java:118)
	at org.apache.catalina.core.ApplicationFilterChain.internalDoFilter(ApplicationFilterChain.java:240)
	at org.apache.catalina.core.ApplicationFilterChain.doFilter(ApplicationFilterChain.java:207)
	at org.apache.catalina.core.StandardWrapperValve.invoke(StandardWrapperValve.java:212)
	at org.apache.catalina.core.StandardContextValve.invoke(StandardContextValve.java:94)
	at org.apache.catalina.core.StandardHostValve.invoke(StandardHostValve.java:141)
	at org.apache.catalina.valves.ErrorReportValve.invoke(ErrorReportValve.java:79)
	at org.apache.catalina.core.StandardEngineValve.invoke(StandardEngineValve.java:88)
	at org.apache.catalina.connector.CoyoteAdapter.service(CoyoteAdapter.java:502)
	at org.apache.coyote.http11.AbstractHttp11Processor.process(AbstractHttp11Processor.java:1132)
	at org.apache.coyote.AbstractProtocol$AbstractConnectionHandler.process(AbstractProtocol.java:684)
	at org.apache.tomcat.util.net.NioEndpoint$SocketProcessor.doRun(NioEndpoint.java:1539)
	at org.apache.tomcat.util.net.NioEndpoint$SocketProcessor.run(NioEndpoint.java:1495)
	at java.util.concurrent.ThreadPoolExecutor.runWorker(ThreadPoolExecutor.java:1142)
	at java.util.concurrent.ThreadPoolExecutor$Worker.run(ThreadPoolExecutor.java:617)
	at org.apache.tomcat.util.threads.TaskThread$WrappingRunnable.run(TaskThread.java:61)
	at java.lang.Thread.run(Thread.java:745)

28-Aug-2023 14:13:26.299 심각 [http-nio-8855-exec-313] org.apache.catalina.core.StandardWrapperValve.invoke Servlet.service() for servlet [appServlet] in context with path [] threw exception [Request processing failed; nested exception is org.mybatis.spring.MyBatisSystemException: nested exception is org.apache.ibatis.exceptions.PersistenceException: 
### Error querying database.  Cause: org.springframework.jdbc.CannotGetJdbcConnectionException: Failed to obtain JDBC Connection; nested exception is com.microsoft.sqlserver.jdbc.SQLServerException: 호스트 61.32.101.234, 포트 1433에 대한 TCP/IP 연결에 실패했습니다. 오류: "connect timed out. 연결 속성을 확인하십시오. SQL Server의 인스턴스가 호스트에서 실행되고 있고 포트에서 TCP/IP 연결을 허용하고 있는지 확인하십시오. 또한 방화벽에서 포트로의 TCP 연결을 차단하지 않는지 확인하십시오.".
### The error may exist in com/daejist/login/mapper/LoginMapper.xml
### The error may involve com.daejist.login.mapper.LoginMapper.LoginMember
### The error occurred while executing a query
### Cause: org.springframework.jdbc.CannotGetJdbcConnectionException: Failed to obtain JDBC Connection; nested exception is com.microsoft.sqlserver.jdbc.SQLServerException: 호스트 61.32.101.234, 포트 1433에 대한 TCP/IP 연결에 실패했습니다. 오류: "connect timed out. 연결 속성을 확인하십시오. SQL Server의 인스턴스가 호스트에서 실행되고 있고 포트에서 TCP/IP 연결을 허용하고 있는지 확인하십시오. 또한 방화벽에서 포트로의 TCP 연결을 차단하지 않는지 확인하십시오.".] with root cause
 com.microsoft.sqlserver.jdbc.SQLServerException: 호스트 61.32.101.234, 포트 1433에 대한 TCP/IP 연결에 실패했습니다. 오류: "connect timed out. 연결 속성을 확인하십시오. SQL Server의 인스턴스가 호스트에서 실행되고 있고 포트에서 TCP/IP 연결을 허용하고 있는지 확인하십시오. 또한 방화벽에서 포트로의 TCP 연결을 차단하지 않는지 확인하십시오.".
	at com.microsoft.sqlserver.jdbc.SQLServerException.makeFromDriverError(SQLServerException.java:234)
	at com.microsoft.sqlserver.jdbc.SQLServerException.ConvertConnectExceptionToSQLServerException(SQLServerException.java:285)
	at com.microsoft.sqlserver.jdbc.SocketFinder.findSocket(IOBuffer.java:2462)
	at com.microsoft.sqlserver.jdbc.TDSChannel.open(IOBuffer.java:668)
	at com.microsoft.sqlserver.jdbc.SQLServerConnection.connectHelper(SQLServerConnection.java:2695)
	at com.microsoft.sqlserver.jdbc.SQLServerConnection.login(SQLServerConnection.java:2362)
	at com.microsoft.sqlserver.jdbc.SQLServerConnection.connectInternal(SQLServerConnection.java:2213)
	at com.microsoft.sqlserver.jdbc.SQLServerConnection.connect(SQLServerConnection.java:1276)
	at com.microsoft.sqlserver.jdbc.SQLServerDriver.connect(SQLServerDriver.java:861)
	at org.apache.commons.dbcp.DriverConnectionFactory.createConnection(DriverConnectionFactory.java:38)
	at org.apache.commons.dbcp.PoolableConnectionFactory.makeObject(PoolableConnectionFactory.java:582)
	at org.apache.commons.pool.impl.GenericObjectPool.borrowObject(GenericObjectPool.java:1148)
	at org.apache.commons.dbcp.PoolingDataSource.getConnection(PoolingDataSource.java:106)
	at org.apache.commons.dbcp.BasicDataSource.getConnection(BasicDataSource.java:1044)
	at org.springframework.jdbc.datasource.DataSourceUtils.fetchConnection(DataSourceUtils.java:157)
	at org.springframework.jdbc.datasource.DataSourceUtils.doGetConnection(DataSourceUtils.java:115)
	at org.springframework.jdbc.datasource.DataSourceUtils.getConnection(DataSourceUtils.java:78)
	at org.mybatis.spring.transaction.SpringManagedTransaction.openConnection(SpringManagedTransaction.java:80)
	at org.mybatis.spring.transaction.SpringManagedTransaction.getConnection(SpringManagedTransaction.java:67)
	at org.apache.ibatis.executor.BaseExecutor.getConnection(BaseExecutor.java:336)
	at org.apache.ibatis.executor.SimpleExecutor.prepareStatement(SimpleExecutor.java:85)
	at org.apache.ibatis.executor.SimpleExecutor.doQuery(SimpleExecutor.java:62)
	at org.apache.ibatis.executor.BaseExecutor.queryFromDatabase(BaseExecutor.java:324)
	at org.apache.ibatis.executor.BaseExecutor.query(BaseExecutor.java:156)
	at org.apache.ibatis.executor.CachingExecutor.query(CachingExecutor.java:109)
	at org.apache.ibatis.executor.CachingExecutor.query(CachingExecutor.java:83)
	at org.apache.ibatis.session.defaults.DefaultSqlSession.selectList(DefaultSqlSession.java:147)
	at org.apache.ibatis.session.defaults.DefaultSqlSession.selectList(DefaultSqlSession.java:140)
	at org.apache.ibatis.session.defaults.DefaultSqlSession.selectOne(DefaultSqlSession.java:76)
	at sun.reflect.GeneratedMethodAccessor1266.invoke(Unknown Source)
	at sun.reflect.DelegatingMethodAccessorImpl.invoke(DelegatingMethodAccessorImpl.java:43)
	at java.lang.reflect.Method.invoke(Method.java:498)
	at org.mybatis.spring.SqlSessionTemplate$SqlSessionInterceptor.invoke(SqlSessionTemplate.java:426)
	at com.sun.proxy.$Proxy366.selectOne(Unknown Source)
	at org.mybatis.spring.SqlSessionTemplate.selectOne(SqlSessionTemplate.java:159)
	at org.apache.ibatis.binding.MapperMethod.execute(MapperMethod.java:87)
	at org.apache.ibatis.binding.MapperProxy.invoke(MapperProxy.java:57)
	at com.sun.proxy.$Proxy368.LoginMember(Unknown Source)
	at com.daejist.login.service.LoginServiceImp.LoginCheck(LoginServiceImp.java:29)
	at com.daejist.login.controller.LoginController.getLogin(LoginController.java:98)
	at sun.reflect.GeneratedMethodAccessor1348.invoke(Unknown Source)
	at sun.reflect.DelegatingMethodAccessorImpl.invoke(DelegatingMethodAccessorImpl.java:43)
	at java.lang.reflect.Method.invoke(Method.java:498)
	at org.springframework.web.method.support.InvocableHandlerMethod.doInvoke(InvocableHandlerMethod.java:190)
	at org.springframework.web.method.support.InvocableHandlerMethod.invokeForRequest(InvocableHandlerMethod.java:138)
	at org.springframework.web.servlet.mvc.method.annotation.ServletInvocableHandlerMethod.invokeAndHandle(ServletInvocableHandlerMethod.java:104)
	at org.springframework.web.servlet.mvc.method.annotation.RequestMappingHandlerAdapter.invokeHandlerMethod(RequestMappingHandlerAdapter.java:892)
	at org.springframework.web.servlet.mvc.method.annotation.RequestMappingHandlerAdapter.handleInternal(RequestMappingHandlerAdapter.java:797)
	at org.springframework.web.servlet.mvc.method.AbstractHandlerMethodAdapter.handle(AbstractHandlerMethodAdapter.java:87)
	at org.springframework.web.servlet.DispatcherServlet.doDispatch(DispatcherServlet.java:1039)
	at org.springframework.web.servlet.DispatcherServlet.doService(DispatcherServlet.java:942)
	at org.springframework.web.servlet.FrameworkServlet.processRequest(FrameworkServlet.java:1005)
	at org.springframework.web.servlet.FrameworkServlet.doPost(FrameworkServlet.java:908)
	at javax.servlet.http.HttpServlet.service(HttpServlet.java:648)
	at org.springframework.web.servlet.FrameworkServlet.service(FrameworkServlet.java:882)
	at javax.servlet.http.HttpServlet.service(HttpServlet.java:729)
	at org.apache.catalina.core.ApplicationFilterChain.internalDoFilter(ApplicationFilterChain.java:292)
	at org.apache.catalina.core.ApplicationFilterChain.doFilter(ApplicationFilterChain.java:207)
	at org.apache.tomcat.websocket.server.WsFilter.doFilter(WsFilter.java:52)
	at org.apache.catalina.core.ApplicationFilterChain.internalDoFilter(ApplicationFilterChain.java:240)
	at org.apache.catalina.core.ApplicationFilterChain.doFilter(ApplicationFilterChain.java:207)
	at org.springframework.web.filter.CharacterEncodingFilter.doFilterInternal(CharacterEncodingFilter.java:200)
	at org.springframework.web.filter.OncePerRequestFilter.doFilter(OncePerRequestFilter.java:118)
	at org.apache.catalina.core.ApplicationFilterChain.internalDoFilter(ApplicationFilterChain.java:240)
	at org.apache.catalina.core.ApplicationFilterChain.doFilter(ApplicationFilterChain.java:207)
	at org.apache.catalina.core.StandardWrapperValve.invoke(StandardWrapperValve.java:212)
	at org.apache.catalina.core.StandardContextValve.invoke(StandardContextValve.java:94)
	at org.apache.catalina.core.StandardHostValve.invoke(StandardHostValve.java:141)
	at org.apache.catalina.valves.ErrorReportValve.invoke(ErrorReportValve.java:79)
	at org.apache.catalina.core.StandardEngineValve.invoke(StandardEngineValve.java:88)
	at org.apache.catalina.connector.CoyoteAdapter.service(CoyoteAdapter.java:502)
	at org.apache.coyote.http11.AbstractHttp11Processor.process(AbstractHttp11Processor.java:1132)
	at org.apache.coyote.AbstractProtocol$AbstractConnectionHandler.process(AbstractProtocol.java:684)
	at org.apache.tomcat.util.net.NioEndpoint$SocketProcessor.doRun(NioEndpoint.java:1539)
	at org.apache.tomcat.util.net.NioEndpoint$SocketProcessor.run(NioEndpoint.java:1495)
	at java.util.concurrent.ThreadPoolExecutor.runWorker(ThreadPoolExecutor.java:1142)
	at java.util.concurrent.ThreadPoolExecutor$Worker.run(ThreadPoolExecutor.java:617)
	at org.apache.tomcat.util.threads.TaskThread$WrappingRunnable.run(TaskThread.java:61)
	at java.lang.Thread.run(Thread.java:745)

28-Aug-2023 14:13:27.641 심각 [http-nio-8855-exec-318] org.apache.catalina.core.StandardWrapperValve.invoke Servlet.service() for servlet [appServlet] in context with path [] threw exception [Request processing failed; nested exception is org.mybatis.spring.MyBatisSystemException: nested exception is org.apache.ibatis.exceptions.PersistenceException: 
### Error querying database.  Cause: org.springframework.jdbc.CannotGetJdbcConnectionException: Failed to obtain JDBC Connection; nested exception is com.microsoft.sqlserver.jdbc.SQLServerException: 호스트 61.32.101.234, 포트 1433에 대한 TCP/IP 연결에 실패했습니다. 오류: "connect timed out. 연결 속성을 확인하십시오. SQL Server의 인스턴스가 호스트에서 실행되고 있고 포트에서 TCP/IP 연결을 허용하고 있는지 확인하십시오. 또한 방화벽에서 포트로의 TCP 연결을 차단하지 않는지 확인하십시오.".
### The error may exist in com/daejist/login/mapper/LoginMapper.xml
### The error may involve com.daejist.login.mapper.LoginMapper.LoginMember
### The error occurred while executing a query
### Cause: org.springframework.jdbc.CannotGetJdbcConnectionException: Failed to obtain JDBC Connection; nested exception is com.microsoft.sqlserver.jdbc.SQLServerException: 호스트 61.32.101.234, 포트 1433에 대한 TCP/IP 연결에 실패했습니다. 오류: "connect timed out. 연결 속성을 확인하십시오. SQL Server의 인스턴스가 호스트에서 실행되고 있고 포트에서 TCP/IP 연결을 허용하고 있는지 확인하십시오. 또한 방화벽에서 포트로의 TCP 연결을 차단하지 않는지 확인하십시오.".] with root cause
 com.microsoft.sqlserver.jdbc.SQLServerException: 호스트 61.32.101.234, 포트 1433에 대한 TCP/IP 연결에 실패했습니다. 오류: "connect timed out. 연결 속성을 확인하십시오. SQL Server의 인스턴스가 호스트에서 실행되고 있고 포트에서 TCP/IP 연결을 허용하고 있는지 확인하십시오. 또한 방화벽에서 포트로의 TCP 연결을 차단하지 않는지 확인하십시오.".
	at com.microsoft.sqlserver.jdbc.SQLServerException.makeFromDriverError(SQLServerException.java:234)
	at com.microsoft.sqlserver.jdbc.SQLServerException.ConvertConnectExceptionToSQLServerException(SQLServerException.java:285)
	at com.microsoft.sqlserver.jdbc.SocketFinder.findSocket(IOBuffer.java:2462)
	at com.microsoft.sqlserver.jdbc.TDSChannel.open(IOBuffer.java:668)
	at com.microsoft.sqlserver.jdbc.SQLServerConnection.connectHelper(SQLServerConnection.java:2695)
	at com.microsoft.sqlserver.jdbc.SQLServerConnection.login(SQLServerConnection.java:2362)
	at com.microsoft.sqlserver.jdbc.SQLServerConnection.connectInternal(SQLServerConnection.java:2213)
	at com.microsoft.sqlserver.jdbc.SQLServerConnection.connect(SQLServerConnection.java:1276)
	at com.microsoft.sqlserver.jdbc.SQLServerDriver.connect(SQLServerDriver.java:861)
	at org.apache.commons.dbcp.DriverConnectionFactory.createConnection(DriverConnectionFactory.java:38)
	at org.apache.commons.dbcp.PoolableConnectionFactory.makeObject(PoolableConnectionFactory.java:582)
	at org.apache.commons.pool.impl.GenericObjectPool.borrowObject(GenericObjectPool.java:1148)
	at org.apache.commons.dbcp.PoolingDataSource.getConnection(PoolingDataSource.java:106)
	at org.apache.commons.dbcp.BasicDataSource.getConnection(BasicDataSource.java:1044)
	at org.springframework.jdbc.datasource.DataSourceUtils.fetchConnection(DataSourceUtils.java:157)
	at org.springframework.jdbc.datasource.DataSourceUtils.doGetConnection(DataSourceUtils.java:115)
	at org.springframework.jdbc.datasource.DataSourceUtils.getConnection(DataSourceUtils.java:78)
	at org.mybatis.spring.transaction.SpringManagedTransaction.openConnection(SpringManagedTransaction.java:80)
	at org.mybatis.spring.transaction.SpringManagedTransaction.getConnection(SpringManagedTransaction.java:67)
	at org.apache.ibatis.executor.BaseExecutor.getConnection(BaseExecutor.java:336)
	at org.apache.ibatis.executor.SimpleExecutor.prepareStatement(SimpleExecutor.java:85)
	at org.apache.ibatis.executor.SimpleExecutor.doQuery(SimpleExecutor.java:62)
	at org.apache.ibatis.executor.BaseExecutor.queryFromDatabase(BaseExecutor.java:324)
	at org.apache.ibatis.executor.BaseExecutor.query(BaseExecutor.java:156)
	at org.apache.ibatis.executor.CachingExecutor.query(CachingExecutor.java:109)
	at org.apache.ibatis.executor.CachingExecutor.query(CachingExecutor.java:83)
	at org.apache.ibatis.session.defaults.DefaultSqlSession.selectList(DefaultSqlSession.java:147)
	at org.apache.ibatis.session.defaults.DefaultSqlSession.selectList(DefaultSqlSession.java:140)
	at org.apache.ibatis.session.defaults.DefaultSqlSession.selectOne(DefaultSqlSession.java:76)
	at sun.reflect.GeneratedMethodAccessor1266.invoke(Unknown Source)
	at sun.reflect.DelegatingMethodAccessorImpl.invoke(DelegatingMethodAccessorImpl.java:43)
	at java.lang.reflect.Method.invoke(Method.java:498)
	at org.mybatis.spring.SqlSessionTemplate$SqlSessionInterceptor.invoke(SqlSessionTemplate.java:426)
	at com.sun.proxy.$Proxy366.selectOne(Unknown Source)
	at org.mybatis.spring.SqlSessionTemplate.selectOne(SqlSessionTemplate.java:159)
	at org.apache.ibatis.binding.MapperMethod.execute(MapperMethod.java:87)
	at org.apache.ibatis.binding.MapperProxy.invoke(MapperProxy.java:57)
	at com.sun.proxy.$Proxy368.LoginMember(Unknown Source)
	at com.daejist.login.service.LoginServiceImp.LoginCheck(LoginServiceImp.java:29)
	at com.daejist.login.controller.LoginController.getLogin(LoginController.java:98)
	at sun.reflect.GeneratedMethodAccessor1348.invoke(Unknown Source)
	at sun.reflect.DelegatingMethodAccessorImpl.invoke(DelegatingMethodAccessorImpl.java:43)
	at java.lang.reflect.Method.invoke(Method.java:498)
	at org.springframework.web.method.support.InvocableHandlerMethod.doInvoke(InvocableHandlerMethod.java:190)
	at org.springframework.web.method.support.InvocableHandlerMethod.invokeForRequest(InvocableHandlerMethod.java:138)
	at org.springframework.web.servlet.mvc.method.annotation.ServletInvocableHandlerMethod.invokeAndHandle(ServletInvocableHandlerMethod.java:104)
	at org.springframework.web.servlet.mvc.method.annotation.RequestMappingHandlerAdapter.invokeHandlerMethod(RequestMappingHandlerAdapter.java:892)
	at org.springframework.web.servlet.mvc.method.annotation.RequestMappingHandlerAdapter.handleInternal(RequestMappingHandlerAdapter.java:797)
	at org.springframework.web.servlet.mvc.method.AbstractHandlerMethodAdapter.handle(AbstractHandlerMethodAdapter.java:87)
	at org.springframework.web.servlet.DispatcherServlet.doDispatch(DispatcherServlet.java:1039)
	at org.springframework.web.servlet.DispatcherServlet.doService(DispatcherServlet.java:942)
	at org.springframework.web.servlet.FrameworkServlet.processRequest(FrameworkServlet.java:1005)
	at org.springframework.web.servlet.FrameworkServlet.doPost(FrameworkServlet.java:908)
	at javax.servlet.http.HttpServlet.service(HttpServlet.java:648)
	at org.springframework.web.servlet.FrameworkServlet.service(FrameworkServlet.java:882)
	at javax.servlet.http.HttpServlet.service(HttpServlet.java:729)
	at org.apache.catalina.core.ApplicationFilterChain.internalDoFilter(ApplicationFilterChain.java:292)
	at org.apache.catalina.core.ApplicationFilterChain.doFilter(ApplicationFilterChain.java:207)
	at org.apache.tomcat.websocket.server.WsFilter.doFilter(WsFilter.java:52)
	at org.apache.catalina.core.ApplicationFilterChain.internalDoFilter(ApplicationFilterChain.java:240)
	at org.apache.catalina.core.ApplicationFilterChain.doFilter(ApplicationFilterChain.java:207)
	at org.springframework.web.filter.CharacterEncodingFilter.doFilterInternal(CharacterEncodingFilter.java:200)
	at org.springframework.web.filter.OncePerRequestFilter.doFilter(OncePerRequestFilter.java:118)
	at org.apache.catalina.core.ApplicationFilterChain.internalDoFilter(ApplicationFilterChain.java:240)
	at org.apache.catalina.core.ApplicationFilterChain.doFilter(ApplicationFilterChain.java:207)
	at org.apache.catalina.core.StandardWrapperValve.invoke(StandardWrapperValve.java:212)
	at org.apache.catalina.core.StandardContextValve.invoke(StandardContextValve.java:94)
	at org.apache.catalina.core.StandardHostValve.invoke(StandardHostValve.java:141)
	at org.apache.catalina.valves.ErrorReportValve.invoke(ErrorReportValve.java:79)
	at org.apache.catalina.core.StandardEngineValve.invoke(StandardEngineValve.java:88)
	at org.apache.catalina.connector.CoyoteAdapter.service(CoyoteAdapter.java:502)
	at org.apache.coyote.http11.AbstractHttp11Processor.process(AbstractHttp11Processor.java:1132)
	at org.apache.coyote.AbstractProtocol$AbstractConnectionHandler.process(AbstractProtocol.java:684)
	at org.apache.tomcat.util.net.NioEndpoint$SocketProcessor.doRun(NioEndpoint.java:1539)
	at org.apache.tomcat.util.net.NioEndpoint$SocketProcessor.run(NioEndpoint.java:1495)
	at java.util.concurrent.ThreadPoolExecutor.runWorker(ThreadPoolExecutor.java:1142)
	at java.util.concurrent.ThreadPoolExecutor$Worker.run(ThreadPoolExecutor.java:617)
	at org.apache.tomcat.util.threads.TaskThread$WrappingRunnable.run(TaskThread.java:61)
	at java.lang.Thread.run(Thread.java:745)

28-Aug-2023 14:13:28.849 심각 [http-nio-8855-exec-320] org.apache.catalina.core.StandardWrapperValve.invoke Servlet.service() for servlet [appServlet] in context with path [] threw exception [Request processing failed; nested exception is org.mybatis.spring.MyBatisSystemException: nested exception is org.apache.ibatis.exceptions.PersistenceException: 
### Error querying database.  Cause: org.springframework.jdbc.CannotGetJdbcConnectionException: Failed to obtain JDBC Connection; nested exception is com.microsoft.sqlserver.jdbc.SQLServerException: 호스트 61.32.101.234, 포트 1433에 대한 TCP/IP 연결에 실패했습니다. 오류: "connect timed out. 연결 속성을 확인하십시오. SQL Server의 인스턴스가 호스트에서 실행되고 있고 포트에서 TCP/IP 연결을 허용하고 있는지 확인하십시오. 또한 방화벽에서 포트로의 TCP 연결을 차단하지 않는지 확인하십시오.".
### The error may exist in com/daejist/login/mapper/LoginMapper.xml
### The error may involve com.daejist.login.mapper.LoginMapper.LoginMember
### The error occurred while executing a query
### Cause: org.springframework.jdbc.CannotGetJdbcConnectionException: Failed to obtain JDBC Connection; nested exception is com.microsoft.sqlserver.jdbc.SQLServerException: 호스트 61.32.101.234, 포트 1433에 대한 TCP/IP 연결에 실패했습니다. 오류: "connect timed out. 연결 속성을 확인하십시오. SQL Server의 인스턴스가 호스트에서 실행되고 있고 포트에서 TCP/IP 연결을 허용하고 있는지 확인하십시오. 또한 방화벽에서 포트로의 TCP 연결을 차단하지 않는지 확인하십시오.".] with root cause
 com.microsoft.sqlserver.jdbc.SQLServerException: 호스트 61.32.101.234, 포트 1433에 대한 TCP/IP 연결에 실패했습니다. 오류: "connect timed out. 연결 속성을 확인하십시오. SQL Server의 인스턴스가 호스트에서 실행되고 있고 포트에서 TCP/IP 연결을 허용하고 있는지 확인하십시오. 또한 방화벽에서 포트로의 TCP 연결을 차단하지 않는지 확인하십시오.".
	at com.microsoft.sqlserver.jdbc.SQLServerException.makeFromDriverError(SQLServerException.java:234)
	at com.microsoft.sqlserver.jdbc.SQLServerException.ConvertConnectExceptionToSQLServerException(SQLServerException.java:285)
	at com.microsoft.sqlserver.jdbc.SocketFinder.findSocket(IOBuffer.java:2462)
	at com.microsoft.sqlserver.jdbc.TDSChannel.open(IOBuffer.java:668)
	at com.microsoft.sqlserver.jdbc.SQLServerConnection.connectHelper(SQLServerConnection.java:2695)
	at com.microsoft.sqlserver.jdbc.SQLServerConnection.login(SQLServerConnection.java:2362)
	at com.microsoft.sqlserver.jdbc.SQLServerConnection.connectInternal(SQLServerConnection.java:2213)
	at com.microsoft.sqlserver.jdbc.SQLServerConnection.connect(SQLServerConnection.java:1276)
	at com.microsoft.sqlserver.jdbc.SQLServerDriver.connect(SQLServerDriver.java:861)
	at org.apache.commons.dbcp.DriverConnectionFactory.createConnection(DriverConnectionFactory.java:38)
	at org.apache.commons.dbcp.PoolableConnectionFactory.makeObject(PoolableConnectionFactory.java:582)
	at org.apache.commons.pool.impl.GenericObjectPool.borrowObject(GenericObjectPool.java:1148)
	at org.apache.commons.dbcp.PoolingDataSource.getConnection(PoolingDataSource.java:106)
	at org.apache.commons.dbcp.BasicDataSource.getConnection(BasicDataSource.java:1044)
	at org.springframework.jdbc.datasource.DataSourceUtils.fetchConnection(DataSourceUtils.java:157)
	at org.springframework.jdbc.datasource.DataSourceUtils.doGetConnection(DataSourceUtils.java:115)
	at org.springframework.jdbc.datasource.DataSourceUtils.getConnection(DataSourceUtils.java:78)
	at org.mybatis.spring.transaction.SpringManagedTransaction.openConnection(SpringManagedTransaction.java:80)
	at org.mybatis.spring.transaction.SpringManagedTransaction.getConnection(SpringManagedTransaction.java:67)
	at org.apache.ibatis.executor.BaseExecutor.getConnection(BaseExecutor.java:336)
	at org.apache.ibatis.executor.SimpleExecutor.prepareStatement(SimpleExecutor.java:85)
	at org.apache.ibatis.executor.SimpleExecutor.doQuery(SimpleExecutor.java:62)
	at org.apache.ibatis.executor.BaseExecutor.queryFromDatabase(BaseExecutor.java:324)
	at org.apache.ibatis.executor.BaseExecutor.query(BaseExecutor.java:156)
	at org.apache.ibatis.executor.CachingExecutor.query(CachingExecutor.java:109)
	at org.apache.ibatis.executor.CachingExecutor.query(CachingExecutor.java:83)
	at org.apache.ibatis.session.defaults.DefaultSqlSession.selectList(DefaultSqlSession.java:147)
	at org.apache.ibatis.session.defaults.DefaultSqlSession.selectList(DefaultSqlSession.java:140)
	at org.apache.ibatis.session.defaults.DefaultSqlSession.selectOne(DefaultSqlSession.java:76)
	at sun.reflect.GeneratedMethodAccessor1266.invoke(Unknown Source)
	at sun.reflect.DelegatingMethodAccessorImpl.invoke(DelegatingMethodAccessorImpl.java:43)
	at java.lang.reflect.Method.invoke(Method.java:498)
	at org.mybatis.spring.SqlSessionTemplate$SqlSessionInterceptor.invoke(SqlSessionTemplate.java:426)
	at com.sun.proxy.$Proxy366.selectOne(Unknown Source)
	at org.mybatis.spring.SqlSessionTemplate.selectOne(SqlSessionTemplate.java:159)
	at org.apache.ibatis.binding.MapperMethod.execute(MapperMethod.java:87)
	at org.apache.ibatis.binding.MapperProxy.invoke(MapperProxy.java:57)
	at com.sun.proxy.$Proxy368.LoginMember(Unknown Source)
	at com.daejist.login.service.LoginServiceImp.LoginCheck(LoginServiceImp.java:29)
	at com.daejist.login.controller.LoginController.getLogin(LoginController.java:98)
	at sun.reflect.GeneratedMethodAccessor1348.invoke(Unknown Source)
	at sun.reflect.DelegatingMethodAccessorImpl.invoke(DelegatingMethodAccessorImpl.java:43)
	at java.lang.reflect.Method.invoke(Method.java:498)
	at org.springframework.web.method.support.InvocableHandlerMethod.doInvoke(InvocableHandlerMethod.java:190)
	at org.springframework.web.method.support.InvocableHandlerMethod.invokeForRequest(InvocableHandlerMethod.java:138)
	at org.springframework.web.servlet.mvc.method.annotation.ServletInvocableHandlerMethod.invokeAndHandle(ServletInvocableHandlerMethod.java:104)
	at org.springframework.web.servlet.mvc.method.annotation.RequestMappingHandlerAdapter.invokeHandlerMethod(RequestMappingHandlerAdapter.java:892)
	at org.springframework.web.servlet.mvc.method.annotation.RequestMappingHandlerAdapter.handleInternal(RequestMappingHandlerAdapter.java:797)
	at org.springframework.web.servlet.mvc.method.AbstractHandlerMethodAdapter.handle(AbstractHandlerMethodAdapter.java:87)
	at org.springframework.web.servlet.DispatcherServlet.doDispatch(DispatcherServlet.java:1039)
	at org.springframework.web.servlet.DispatcherServlet.doService(DispatcherServlet.java:942)
	at org.springframework.web.servlet.FrameworkServlet.processRequest(FrameworkServlet.java:1005)
	at org.springframework.web.servlet.FrameworkServlet.doPost(FrameworkServlet.java:908)
	at javax.servlet.http.HttpServlet.service(HttpServlet.java:648)
	at org.springframework.web.servlet.FrameworkServlet.service(FrameworkServlet.java:882)
	at javax.servlet.http.HttpServlet.service(HttpServlet.java:729)
	at org.apache.catalina.core.ApplicationFilterChain.internalDoFilter(ApplicationFilterChain.java:292)
	at org.apache.catalina.core.ApplicationFilterChain.doFilter(ApplicationFilterChain.java:207)
	at org.apache.tomcat.websocket.server.WsFilter.doFilter(WsFilter.java:52)
	at org.apache.catalina.core.ApplicationFilterChain.internalDoFilter(ApplicationFilterChain.java:240)
	at org.apache.catalina.core.ApplicationFilterChain.doFilter(ApplicationFilterChain.java:207)
	at org.springframework.web.filter.CharacterEncodingFilter.doFilterInternal(CharacterEncodingFilter.java:200)
	at org.springframework.web.filter.OncePerRequestFilter.doFilter(OncePerRequestFilter.java:118)
	at org.apache.catalina.core.ApplicationFilterChain.internalDoFilter(ApplicationFilterChain.java:240)
	at org.apache.catalina.core.ApplicationFilterChain.doFilter(ApplicationFilterChain.java:207)
	at org.apache.catalina.core.StandardWrapperValve.invoke(StandardWrapperValve.java:212)
	at org.apache.catalina.core.StandardContextValve.invoke(StandardContextValve.java:94)
	at org.apache.catalina.core.StandardHostValve.invoke(StandardHostValve.java:141)
	at org.apache.catalina.valves.ErrorReportValve.invoke(ErrorReportValve.java:79)
	at org.apache.catalina.core.StandardEngineValve.invoke(StandardEngineValve.java:88)
	at org.apache.catalina.connector.CoyoteAdapter.service(CoyoteAdapter.java:502)
	at org.apache.coyote.http11.AbstractHttp11Processor.process(AbstractHttp11Processor.java:1132)
	at org.apache.coyote.AbstractProtocol$AbstractConnectionHandler.process(AbstractProtocol.java:684)
	at org.apache.tomcat.util.net.NioEndpoint$SocketProcessor.doRun(NioEndpoint.java:1539)
	at org.apache.tomcat.util.net.NioEndpoint$SocketProcessor.run(NioEndpoint.java:1495)
	at java.util.concurrent.ThreadPoolExecutor.runWorker(ThreadPoolExecutor.java:1142)
	at java.util.concurrent.ThreadPoolExecutor$Worker.run(ThreadPoolExecutor.java:617)
	at org.apache.tomcat.util.threads.TaskThread$WrappingRunnable.run(TaskThread.java:61)
	at java.lang.Thread.run(Thread.java:745)

28-Aug-2023 14:13:34.838 심각 [http-nio-8855-exec-323] org.apache.catalina.core.StandardWrapperValve.invoke Servlet.service() for servlet [appServlet] in context with path [] threw exception [Request processing failed; nested exception is org.mybatis.spring.MyBatisSystemException: nested exception is org.apache.ibatis.exceptions.PersistenceException: 
### Error querying database.  Cause: org.springframework.jdbc.CannotGetJdbcConnectionException: Failed to obtain JDBC Connection; nested exception is com.microsoft.sqlserver.jdbc.SQLServerException: 호스트 61.32.101.234, 포트 1433에 대한 TCP/IP 연결에 실패했습니다. 오류: "connect timed out. 연결 속성을 확인하십시오. SQL Server의 인스턴스가 호스트에서 실행되고 있고 포트에서 TCP/IP 연결을 허용하고 있는지 확인하십시오. 또한 방화벽에서 포트로의 TCP 연결을 차단하지 않는지 확인하십시오.".
### The error may exist in com/daejist/login/mapper/LoginMapper.xml
### The error may involve com.daejist.login.mapper.LoginMapper.LoginMember
### The error occurred while executing a query
### Cause: org.springframework.jdbc.CannotGetJdbcConnectionException: Failed to obtain JDBC Connection; nested exception is com.microsoft.sqlserver.jdbc.SQLServerException: 호스트 61.32.101.234, 포트 1433에 대한 TCP/IP 연결에 실패했습니다. 오류: "connect timed out. 연결 속성을 확인하십시오. SQL Server의 인스턴스가 호스트에서 실행되고 있고 포트에서 TCP/IP 연결을 허용하고 있는지 확인하십시오. 또한 방화벽에서 포트로의 TCP 연결을 차단하지 않는지 확인하십시오.".] with root cause
 com.microsoft.sqlserver.jdbc.SQLServerException: 호스트 61.32.101.234, 포트 1433에 대한 TCP/IP 연결에 실패했습니다. 오류: "connect timed out. 연결 속성을 확인하십시오. SQL Server의 인스턴스가 호스트에서 실행되고 있고 포트에서 TCP/IP 연결을 허용하고 있는지 확인하십시오. 또한 방화벽에서 포트로의 TCP 연결을 차단하지 않는지 확인하십시오.".
	at com.microsoft.sqlserver.jdbc.SQLServerException.makeFromDriverError(SQLServerException.java:234)
	at com.microsoft.sqlserver.jdbc.SQLServerException.ConvertConnectExceptionToSQLServerException(SQLServerException.java:285)
	at com.microsoft.sqlserver.jdbc.SocketFinder.findSocket(IOBuffer.java:2462)
	at com.microsoft.sqlserver.jdbc.TDSChannel.open(IOBuffer.java:668)
	at com.microsoft.sqlserver.jdbc.SQLServerConnection.connectHelper(SQLServerConnection.java:2695)
	at com.microsoft.sqlserver.jdbc.SQLServerConnection.login(SQLServerConnection.java:2362)
	at com.microsoft.sqlserver.jdbc.SQLServerConnection.connectInternal(SQLServerConnection.java:2213)
	at com.microsoft.sqlserver.jdbc.SQLServerConnection.connect(SQLServerConnection.java:1276)
	at com.microsoft.sqlserver.jdbc.SQLServerDriver.connect(SQLServerDriver.java:861)
	at org.apache.commons.dbcp.DriverConnectionFactory.createConnection(DriverConnectionFactory.java:38)
	at org.apache.commons.dbcp.PoolableConnectionFactory.makeObject(PoolableConnectionFactory.java:582)
	at org.apache.commons.pool.impl.GenericObjectPool.borrowObject(GenericObjectPool.java:1148)
	at org.apache.commons.dbcp.PoolingDataSource.getConnection(PoolingDataSource.java:106)
	at org.apache.commons.dbcp.BasicDataSource.getConnection(BasicDataSource.java:1044)
	at org.springframework.jdbc.datasource.DataSourceUtils.fetchConnection(DataSourceUtils.java:157)
	at org.springframework.jdbc.datasource.DataSourceUtils.doGetConnection(DataSourceUtils.java:115)
	at org.springframework.jdbc.datasource.DataSourceUtils.getConnection(DataSourceUtils.java:78)
	at org.mybatis.spring.transaction.SpringManagedTransaction.openConnection(SpringManagedTransaction.java:80)
	at org.mybatis.spring.transaction.SpringManagedTransaction.getConnection(SpringManagedTransaction.java:67)
	at org.apache.ibatis.executor.BaseExecutor.getConnection(BaseExecutor.java:336)
	at org.apache.ibatis.executor.SimpleExecutor.prepareStatement(SimpleExecutor.java:85)
	at org.apache.ibatis.executor.SimpleExecutor.doQuery(SimpleExecutor.java:62)
	at org.apache.ibatis.executor.BaseExecutor.queryFromDatabase(BaseExecutor.java:324)
	at org.apache.ibatis.executor.BaseExecutor.query(BaseExecutor.java:156)
	at org.apache.ibatis.executor.CachingExecutor.query(CachingExecutor.java:109)
	at org.apache.ibatis.executor.CachingExecutor.query(CachingExecutor.java:83)
	at org.apache.ibatis.session.defaults.DefaultSqlSession.selectList(DefaultSqlSession.java:147)
	at org.apache.ibatis.session.defaults.DefaultSqlSession.selectList(DefaultSqlSession.java:140)
	at org.apache.ibatis.session.defaults.DefaultSqlSession.selectOne(DefaultSqlSession.java:76)
	at sun.reflect.GeneratedMethodAccessor1266.invoke(Unknown Source)
	at sun.reflect.DelegatingMethodAccessorImpl.invoke(DelegatingMethodAccessorImpl.java:43)
	at java.lang.reflect.Method.invoke(Method.java:498)
	at org.mybatis.spring.SqlSessionTemplate$SqlSessionInterceptor.invoke(SqlSessionTemplate.java:426)
	at com.sun.proxy.$Proxy366.selectOne(Unknown Source)
	at org.mybatis.spring.SqlSessionTemplate.selectOne(SqlSessionTemplate.java:159)
	at org.apache.ibatis.binding.MapperMethod.execute(MapperMethod.java:87)
	at org.apache.ibatis.binding.MapperProxy.invoke(MapperProxy.java:57)
	at com.sun.proxy.$Proxy368.LoginMember(Unknown Source)
	at com.daejist.login.service.LoginServiceImp.LoginCheck(LoginServiceImp.java:29)
	at com.daejist.login.controller.LoginController.getLogin(LoginController.java:98)
	at sun.reflect.GeneratedMethodAccessor1348.invoke(Unknown Source)
	at sun.reflect.DelegatingMethodAccessorImpl.invoke(DelegatingMethodAccessorImpl.java:43)
	at java.lang.reflect.Method.invoke(Method.java:498)
	at org.springframework.web.method.support.InvocableHandlerMethod.doInvoke(InvocableHandlerMethod.java:190)
	at org.springframework.web.method.support.InvocableHandlerMethod.invokeForRequest(InvocableHandlerMethod.java:138)
	at org.springframework.web.servlet.mvc.method.annotation.ServletInvocableHandlerMethod.invokeAndHandle(ServletInvocableHandlerMethod.java:104)
	at org.springframework.web.servlet.mvc.method.annotation.RequestMappingHandlerAdapter.invokeHandlerMethod(RequestMappingHandlerAdapter.java:892)
	at org.springframework.web.servlet.mvc.method.annotation.RequestMappingHandlerAdapter.handleInternal(RequestMappingHandlerAdapter.java:797)
	at org.springframework.web.servlet.mvc.method.AbstractHandlerMethodAdapter.handle(AbstractHandlerMethodAdapter.java:87)
	at org.springframework.web.servlet.DispatcherServlet.doDispatch(DispatcherServlet.java:1039)
	at org.springframework.web.servlet.DispatcherServlet.doService(DispatcherServlet.java:942)
	at org.springframework.web.servlet.FrameworkServlet.processRequest(FrameworkServlet.java:1005)
	at org.springframework.web.servlet.FrameworkServlet.doPost(FrameworkServlet.java:908)
	at javax.servlet.http.HttpServlet.service(HttpServlet.java:648)
	at org.springframework.web.servlet.FrameworkServlet.service(FrameworkServlet.java:882)
	at javax.servlet.http.HttpServlet.service(HttpServlet.java:729)
	at org.apache.catalina.core.ApplicationFilterChain.internalDoFilter(ApplicationFilterChain.java:292)
	at org.apache.catalina.core.ApplicationFilterChain.doFilter(ApplicationFilterChain.java:207)
	at org.apache.tomcat.websocket.server.WsFilter.doFilter(WsFilter.java:52)
	at org.apache.catalina.core.ApplicationFilterChain.internalDoFilter(ApplicationFilterChain.java:240)
	at org.apache.catalina.core.ApplicationFilterChain.doFilter(ApplicationFilterChain.java:207)
	at org.springframework.web.filter.CharacterEncodingFilter.doFilterInternal(CharacterEncodingFilter.java:200)
	at org.springframework.web.filter.OncePerRequestFilter.doFilter(OncePerRequestFilter.java:118)
	at org.apache.catalina.core.ApplicationFilterChain.internalDoFilter(ApplicationFilterChain.java:240)
	at org.apache.catalina.core.ApplicationFilterChain.doFilter(ApplicationFilterChain.java:207)
	at org.apache.catalina.core.StandardWrapperValve.invoke(StandardWrapperValve.java:212)
	at org.apache.catalina.core.StandardContextValve.invoke(StandardContextValve.java:94)
	at org.apache.catalina.core.StandardHostValve.invoke(StandardHostValve.java:141)
	at org.apache.catalina.valves.ErrorReportValve.invoke(ErrorReportValve.java:79)
	at org.apache.catalina.core.StandardEngineValve.invoke(StandardEngineValve.java:88)
	at org.apache.catalina.connector.CoyoteAdapter.service(CoyoteAdapter.java:502)
	at org.apache.coyote.http11.AbstractHttp11Processor.process(AbstractHttp11Processor.java:1132)
	at org.apache.coyote.AbstractProtocol$AbstractConnectionHandler.process(AbstractProtocol.java:684)
	at org.apache.tomcat.util.net.NioEndpoint$SocketProcessor.doRun(NioEndpoint.java:1539)
	at org.apache.tomcat.util.net.NioEndpoint$SocketProcessor.run(NioEndpoint.java:1495)
	at java.util.concurrent.ThreadPoolExecutor.runWorker(ThreadPoolExecutor.java:1142)
	at java.util.concurrent.ThreadPoolExecutor$Worker.run(ThreadPoolExecutor.java:617)
	at org.apache.tomcat.util.threads.TaskThread$WrappingRunnable.run(TaskThread.java:61)
	at java.lang.Thread.run(Thread.java:745)

28-Aug-2023 14:13:41.043 심각 [http-nio-8855-exec-322] org.apache.catalina.core.StandardWrapperValve.invoke Servlet.service() for servlet [appServlet] in context with path [] threw exception [Request processing failed; nested exception is org.mybatis.spring.MyBatisSystemException: nested exception is org.apache.ibatis.exceptions.PersistenceException: 
### Error querying database.  Cause: org.springframework.jdbc.CannotGetJdbcConnectionException: Failed to obtain JDBC Connection; nested exception is com.microsoft.sqlserver.jdbc.SQLServerException: 호스트 61.32.101.234, 포트 1433에 대한 TCP/IP 연결에 실패했습니다. 오류: "connect timed out. 연결 속성을 확인하십시오. SQL Server의 인스턴스가 호스트에서 실행되고 있고 포트에서 TCP/IP 연결을 허용하고 있는지 확인하십시오. 또한 방화벽에서 포트로의 TCP 연결을 차단하지 않는지 확인하십시오.".
### The error may exist in com/daejist/login/mapper/LoginMapper.xml
### The error may involve com.daejist.login.mapper.LoginMapper.LoginMember
### The error occurred while executing a query
### Cause: org.springframework.jdbc.CannotGetJdbcConnectionException: Failed to obtain JDBC Connection; nested exception is com.microsoft.sqlserver.jdbc.SQLServerException: 호스트 61.32.101.234, 포트 1433에 대한 TCP/IP 연결에 실패했습니다. 오류: "connect timed out. 연결 속성을 확인하십시오. SQL Server의 인스턴스가 호스트에서 실행되고 있고 포트에서 TCP/IP 연결을 허용하고 있는지 확인하십시오. 또한 방화벽에서 포트로의 TCP 연결을 차단하지 않는지 확인하십시오.".] with root cause
 com.microsoft.sqlserver.jdbc.SQLServerException: 호스트 61.32.101.234, 포트 1433에 대한 TCP/IP 연결에 실패했습니다. 오류: "connect timed out. 연결 속성을 확인하십시오. SQL Server의 인스턴스가 호스트에서 실행되고 있고 포트에서 TCP/IP 연결을 허용하고 있는지 확인하십시오. 또한 방화벽에서 포트로의 TCP 연결을 차단하지 않는지 확인하십시오.".
	at com.microsoft.sqlserver.jdbc.SQLServerException.makeFromDriverError(SQLServerException.java:234)
	at com.microsoft.sqlserver.jdbc.SQLServerException.ConvertConnectExceptionToSQLServerException(SQLServerException.java:285)
	at com.microsoft.sqlserver.jdbc.SocketFinder.findSocket(IOBuffer.java:2462)
	at com.microsoft.sqlserver.jdbc.TDSChannel.open(IOBuffer.java:668)
	at com.microsoft.sqlserver.jdbc.SQLServerConnection.connectHelper(SQLServerConnection.java:2695)
	at com.microsoft.sqlserver.jdbc.SQLServerConnection.login(SQLServerConnection.java:2362)
	at com.microsoft.sqlserver.jdbc.SQLServerConnection.connectInternal(SQLServerConnection.java:2213)
	at com.microsoft.sqlserver.jdbc.SQLServerConnection.connect(SQLServerConnection.java:1276)
	at com.microsoft.sqlserver.jdbc.SQLServerDriver.connect(SQLServerDriver.java:861)
	at org.apache.commons.dbcp.DriverConnectionFactory.createConnection(DriverConnectionFactory.java:38)
	at org.apache.commons.dbcp.PoolableConnectionFactory.makeObject(PoolableConnectionFactory.java:582)
	at org.apache.commons.pool.impl.GenericObjectPool.borrowObject(GenericObjectPool.java:1148)
	at org.apache.commons.dbcp.PoolingDataSource.getConnection(PoolingDataSource.java:106)
	at org.apache.commons.dbcp.BasicDataSource.getConnection(BasicDataSource.java:1044)
	at org.springframework.jdbc.datasource.DataSourceUtils.fetchConnection(DataSourceUtils.java:157)
	at org.springframework.jdbc.datasource.DataSourceUtils.doGetConnection(DataSourceUtils.java:115)
	at org.springframework.jdbc.datasource.DataSourceUtils.getConnection(DataSourceUtils.java:78)
	at org.mybatis.spring.transaction.SpringManagedTransaction.openConnection(SpringManagedTransaction.java:80)
	at org.mybatis.spring.transaction.SpringManagedTransaction.getConnection(SpringManagedTransaction.java:67)
	at org.apache.ibatis.executor.BaseExecutor.getConnection(BaseExecutor.java:336)
	at org.apache.ibatis.executor.SimpleExecutor.prepareStatement(SimpleExecutor.java:85)
	at org.apache.ibatis.executor.SimpleExecutor.doQuery(SimpleExecutor.java:62)
	at org.apache.ibatis.executor.BaseExecutor.queryFromDatabase(BaseExecutor.java:324)
	at org.apache.ibatis.executor.BaseExecutor.query(BaseExecutor.java:156)
	at org.apache.ibatis.executor.CachingExecutor.query(CachingExecutor.java:109)
	at org.apache.ibatis.executor.CachingExecutor.query(CachingExecutor.java:83)
	at org.apache.ibatis.session.defaults.DefaultSqlSession.selectList(DefaultSqlSession.java:147)
	at org.apache.ibatis.session.defaults.DefaultSqlSession.selectList(DefaultSqlSession.java:140)
	at org.apache.ibatis.session.defaults.DefaultSqlSession.selectOne(DefaultSqlSession.java:76)
	at sun.reflect.GeneratedMethodAccessor1266.invoke(Unknown Source)
	at sun.reflect.DelegatingMethodAccessorImpl.invoke(DelegatingMethodAccessorImpl.java:43)
	at java.lang.reflect.Method.invoke(Method.java:498)
	at org.mybatis.spring.SqlSessionTemplate$SqlSessionInterceptor.invoke(SqlSessionTemplate.java:426)
	at com.sun.proxy.$Proxy366.selectOne(Unknown Source)
	at org.mybatis.spring.SqlSessionTemplate.selectOne(SqlSessionTemplate.java:159)
	at org.apache.ibatis.binding.MapperMethod.execute(MapperMethod.java:87)
	at org.apache.ibatis.binding.MapperProxy.invoke(MapperProxy.java:57)
	at com.sun.proxy.$Proxy368.LoginMember(Unknown Source)
	at com.daejist.login.service.LoginServiceImp.LoginCheck(LoginServiceImp.java:29)
	at com.daejist.login.controller.LoginController.getLogin(LoginController.java:98)
	at sun.reflect.GeneratedMethodAccessor1348.invoke(Unknown Source)
	at sun.reflect.DelegatingMethodAccessorImpl.invoke(DelegatingMethodAccessorImpl.java:43)
	at java.lang.reflect.Method.invoke(Method.java:498)
	at org.springframework.web.method.support.InvocableHandlerMethod.doInvoke(InvocableHandlerMethod.java:190)
	at org.springframework.web.method.support.InvocableHandlerMethod.invokeForRequest(InvocableHandlerMethod.java:138)
	at org.springframework.web.servlet.mvc.method.annotation.ServletInvocableHandlerMethod.invokeAndHandle(ServletInvocableHandlerMethod.java:104)
	at org.springframework.web.servlet.mvc.method.annotation.RequestMappingHandlerAdapter.invokeHandlerMethod(RequestMappingHandlerAdapter.java:892)
	at org.springframework.web.servlet.mvc.method.annotation.RequestMappingHandlerAdapter.handleInternal(RequestMappingHandlerAdapter.java:797)
	at org.springframework.web.servlet.mvc.method.AbstractHandlerMethodAdapter.handle(AbstractHandlerMethodAdapter.java:87)
	at org.springframework.web.servlet.DispatcherServlet.doDispatch(DispatcherServlet.java:1039)
	at org.springframework.web.servlet.DispatcherServlet.doService(DispatcherServlet.java:942)
	at org.springframework.web.servlet.FrameworkServlet.processRequest(FrameworkServlet.java:1005)
	at org.springframework.web.servlet.FrameworkServlet.doPost(FrameworkServlet.java:908)
	at javax.servlet.http.HttpServlet.service(HttpServlet.java:648)
	at org.springframework.web.servlet.FrameworkServlet.service(FrameworkServlet.java:882)
	at javax.servlet.http.HttpServlet.service(HttpServlet.java:729)
	at org.apache.catalina.core.ApplicationFilterChain.internalDoFilter(ApplicationFilterChain.java:292)
	at org.apache.catalina.core.ApplicationFilterChain.doFilter(ApplicationFilterChain.java:207)
	at org.apache.tomcat.websocket.server.WsFilter.doFilter(WsFilter.java:52)
	at org.apache.catalina.core.ApplicationFilterChain.internalDoFilter(ApplicationFilterChain.java:240)
	at org.apache.catalina.core.ApplicationFilterChain.doFilter(ApplicationFilterChain.java:207)
	at org.springframework.web.filter.CharacterEncodingFilter.doFilterInternal(CharacterEncodingFilter.java:200)
	at org.springframework.web.filter.OncePerRequestFilter.doFilter(OncePerRequestFilter.java:118)
	at org.apache.catalina.core.ApplicationFilterChain.internalDoFilter(ApplicationFilterChain.java:240)
	at org.apache.catalina.core.ApplicationFilterChain.doFilter(ApplicationFilterChain.java:207)
	at org.apache.catalina.core.StandardWrapperValve.invoke(StandardWrapperValve.java:212)
	at org.apache.catalina.core.StandardContextValve.invoke(StandardContextValve.java:94)
	at org.apache.catalina.core.StandardHostValve.invoke(StandardHostValve.java:141)
	at org.apache.catalina.valves.ErrorReportValve.invoke(ErrorReportValve.java:79)
	at org.apache.catalina.core.StandardEngineValve.invoke(StandardEngineValve.java:88)
	at org.apache.catalina.connector.CoyoteAdapter.service(CoyoteAdapter.java:502)
	at org.apache.coyote.http11.AbstractHttp11Processor.process(AbstractHttp11Processor.java:1132)
	at org.apache.coyote.AbstractProtocol$AbstractConnectionHandler.process(AbstractProtocol.java:684)
	at org.apache.tomcat.util.net.NioEndpoint$SocketProcessor.doRun(NioEndpoint.java:1539)
	at org.apache.tomcat.util.net.NioEndpoint$SocketProcessor.run(NioEndpoint.java:1495)
	at java.util.concurrent.ThreadPoolExecutor.runWorker(ThreadPoolExecutor.java:1142)
	at java.util.concurrent.ThreadPoolExecutor$Worker.run(ThreadPoolExecutor.java:617)
	at org.apache.tomcat.util.threads.TaskThread$WrappingRunnable.run(TaskThread.java:61)
	at java.lang.Thread.run(Thread.java:745)

28-Aug-2023 14:13:42.248 심각 [http-nio-8855-exec-310] org.apache.catalina.core.StandardWrapperValve.invoke Servlet.service() for servlet [appServlet] in context with path [] threw exception [Request processing failed; nested exception is org.mybatis.spring.MyBatisSystemException: nested exception is org.apache.ibatis.exceptions.PersistenceException: 
### Error querying database.  Cause: org.springframework.jdbc.CannotGetJdbcConnectionException: Failed to obtain JDBC Connection; nested exception is com.microsoft.sqlserver.jdbc.SQLServerException: 호스트 61.32.101.234, 포트 1433에 대한 TCP/IP 연결에 실패했습니다. 오류: "connect timed out. 연결 속성을 확인하십시오. SQL Server의 인스턴스가 호스트에서 실행되고 있고 포트에서 TCP/IP 연결을 허용하고 있는지 확인하십시오. 또한 방화벽에서 포트로의 TCP 연결을 차단하지 않는지 확인하십시오.".
### The error may exist in com/daejist/login/mapper/LoginMapper.xml
### The error may involve com.daejist.login.mapper.LoginMapper.LoginMember
### The error occurred while executing a query
### Cause: org.springframework.jdbc.CannotGetJdbcConnectionException: Failed to obtain JDBC Connection; nested exception is com.microsoft.sqlserver.jdbc.SQLServerException: 호스트 61.32.101.234, 포트 1433에 대한 TCP/IP 연결에 실패했습니다. 오류: "connect timed out. 연결 속성을 확인하십시오. SQL Server의 인스턴스가 호스트에서 실행되고 있고 포트에서 TCP/IP 연결을 허용하고 있는지 확인하십시오. 또한 방화벽에서 포트로의 TCP 연결을 차단하지 않는지 확인하십시오.".] with root cause
 com.microsoft.sqlserver.jdbc.SQLServerException: 호스트 61.32.101.234, 포트 1433에 대한 TCP/IP 연결에 실패했습니다. 오류: "connect timed out. 연결 속성을 확인하십시오. SQL Server의 인스턴스가 호스트에서 실행되고 있고 포트에서 TCP/IP 연결을 허용하고 있는지 확인하십시오. 또한 방화벽에서 포트로의 TCP 연결을 차단하지 않는지 확인하십시오.".
	at com.microsoft.sqlserver.jdbc.SQLServerException.makeFromDriverError(SQLServerException.java:234)
	at com.microsoft.sqlserver.jdbc.SQLServerException.ConvertConnectExceptionToSQLServerException(SQLServerException.java:285)
	at com.microsoft.sqlserver.jdbc.SocketFinder.findSocket(IOBuffer.java:2462)
	at com.microsoft.sqlserver.jdbc.TDSChannel.open(IOBuffer.java:668)
	at com.microsoft.sqlserver.jdbc.SQLServerConnection.connectHelper(SQLServerConnection.java:2695)
	at com.microsoft.sqlserver.jdbc.SQLServerConnection.login(SQLServerConnection.java:2362)
	at com.microsoft.sqlserver.jdbc.SQLServerConnection.connectInternal(SQLServerConnection.java:2213)
	at com.microsoft.sqlserver.jdbc.SQLServerConnection.connect(SQLServerConnection.java:1276)
	at com.microsoft.sqlserver.jdbc.SQLServerDriver.connect(SQLServerDriver.java:861)
	at org.apache.commons.dbcp.DriverConnectionFactory.createConnection(DriverConnectionFactory.java:38)
	at org.apache.commons.dbcp.PoolableConnectionFactory.makeObject(PoolableConnectionFactory.java:582)
	at org.apache.commons.pool.impl.GenericObjectPool.borrowObject(GenericObjectPool.java:1148)
	at org.apache.commons.dbcp.PoolingDataSource.getConnection(PoolingDataSource.java:106)
	at org.apache.commons.dbcp.BasicDataSource.getConnection(BasicDataSource.java:1044)
	at org.springframework.jdbc.datasource.DataSourceUtils.fetchConnection(DataSourceUtils.java:157)
	at org.springframework.jdbc.datasource.DataSourceUtils.doGetConnection(DataSourceUtils.java:115)
	at org.springframework.jdbc.datasource.DataSourceUtils.getConnection(DataSourceUtils.java:78)
	at org.mybatis.spring.transaction.SpringManagedTransaction.openConnection(SpringManagedTransaction.java:80)
	at org.mybatis.spring.transaction.SpringManagedTransaction.getConnection(SpringManagedTransaction.java:67)
	at org.apache.ibatis.executor.BaseExecutor.getConnection(BaseExecutor.java:336)
	at org.apache.ibatis.executor.SimpleExecutor.prepareStatement(SimpleExecutor.java:85)
	at org.apache.ibatis.executor.SimpleExecutor.doQuery(SimpleExecutor.java:62)
	at org.apache.ibatis.executor.BaseExecutor.queryFromDatabase(BaseExecutor.java:324)
	at org.apache.ibatis.executor.BaseExecutor.query(BaseExecutor.java:156)
	at org.apache.ibatis.executor.CachingExecutor.query(CachingExecutor.java:109)
	at org.apache.ibatis.executor.CachingExecutor.query(CachingExecutor.java:83)
	at org.apache.ibatis.session.defaults.DefaultSqlSession.selectList(DefaultSqlSession.java:147)
	at org.apache.ibatis.session.defaults.DefaultSqlSession.selectList(DefaultSqlSession.java:140)
	at org.apache.ibatis.session.defaults.DefaultSqlSession.selectOne(DefaultSqlSession.java:76)
	at sun.reflect.GeneratedMethodAccessor1266.invoke(Unknown Source)
	at sun.reflect.DelegatingMethodAccessorImpl.invoke(DelegatingMethodAccessorImpl.java:43)
	at java.lang.reflect.Method.invoke(Method.java:498)
	at org.mybatis.spring.SqlSessionTemplate$SqlSessionInterceptor.invoke(SqlSessionTemplate.java:426)
	at com.sun.proxy.$Proxy366.selectOne(Unknown Source)
	at org.mybatis.spring.SqlSessionTemplate.selectOne(SqlSessionTemplate.java:159)
	at org.apache.ibatis.binding.MapperMethod.execute(MapperMethod.java:87)
	at org.apache.ibatis.binding.MapperProxy.invoke(MapperProxy.java:57)
	at com.sun.proxy.$Proxy368.LoginMember(Unknown Source)
	at com.daejist.login.service.LoginServiceImp.LoginCheck(LoginServiceImp.java:29)
	at com.daejist.login.controller.LoginController.getLogin(LoginController.java:98)
	at sun.reflect.GeneratedMethodAccessor1348.invoke(Unknown Source)
	at sun.reflect.DelegatingMethodAccessorImpl.invoke(DelegatingMethodAccessorImpl.java:43)
	at java.lang.reflect.Method.invoke(Method.java:498)
	at org.springframework.web.method.support.InvocableHandlerMethod.doInvoke(InvocableHandlerMethod.java:190)
	at org.springframework.web.method.support.InvocableHandlerMethod.invokeForRequest(InvocableHandlerMethod.java:138)
	at org.springframework.web.servlet.mvc.method.annotation.ServletInvocableHandlerMethod.invokeAndHandle(ServletInvocableHandlerMethod.java:104)
	at org.springframework.web.servlet.mvc.method.annotation.RequestMappingHandlerAdapter.invokeHandlerMethod(RequestMappingHandlerAdapter.java:892)
	at org.springframework.web.servlet.mvc.method.annotation.RequestMappingHandlerAdapter.handleInternal(RequestMappingHandlerAdapter.java:797)
	at org.springframework.web.servlet.mvc.method.AbstractHandlerMethodAdapter.handle(AbstractHandlerMethodAdapter.java:87)
	at org.springframework.web.servlet.DispatcherServlet.doDispatch(DispatcherServlet.java:1039)
	at org.springframework.web.servlet.DispatcherServlet.doService(DispatcherServlet.java:942)
	at org.springframework.web.servlet.FrameworkServlet.processRequest(FrameworkServlet.java:1005)
	at org.springframework.web.servlet.FrameworkServlet.doPost(FrameworkServlet.java:908)
	at javax.servlet.http.HttpServlet.service(HttpServlet.java:648)
	at org.springframework.web.servlet.FrameworkServlet.service(FrameworkServlet.java:882)
	at javax.servlet.http.HttpServlet.service(HttpServlet.java:729)
	at org.apache.catalina.core.ApplicationFilterChain.internalDoFilter(ApplicationFilterChain.java:292)
	at org.apache.catalina.core.ApplicationFilterChain.doFilter(ApplicationFilterChain.java:207)
	at org.apache.tomcat.websocket.server.WsFilter.doFilter(WsFilter.java:52)
	at org.apache.catalina.core.ApplicationFilterChain.internalDoFilter(ApplicationFilterChain.java:240)
	at org.apache.catalina.core.ApplicationFilterChain.doFilter(ApplicationFilterChain.java:207)
	at org.springframework.web.filter.CharacterEncodingFilter.doFilterInternal(CharacterEncodingFilter.java:200)
	at org.springframework.web.filter.OncePerRequestFilter.doFilter(OncePerRequestFilter.java:118)
	at org.apache.catalina.core.ApplicationFilterChain.internalDoFilter(ApplicationFilterChain.java:240)
	at org.apache.catalina.core.ApplicationFilterChain.doFilter(ApplicationFilterChain.java:207)
	at org.apache.catalina.core.StandardWrapperValve.invoke(StandardWrapperValve.java:212)
	at org.apache.catalina.core.StandardContextValve.invoke(StandardContextValve.java:94)
	at org.apache.catalina.core.StandardHostValve.invoke(StandardHostValve.java:141)
	at org.apache.catalina.valves.ErrorReportValve.invoke(ErrorReportValve.java:79)
	at org.apache.catalina.core.StandardEngineValve.invoke(StandardEngineValve.java:88)
	at org.apache.catalina.connector.CoyoteAdapter.service(CoyoteAdapter.java:502)
	at org.apache.coyote.http11.AbstractHttp11Processor.process(AbstractHttp11Processor.java:1132)
	at org.apache.coyote.AbstractProtocol$AbstractConnectionHandler.process(AbstractProtocol.java:684)
	at org.apache.tomcat.util.net.NioEndpoint$SocketProcessor.doRun(NioEndpoint.java:1539)
	at org.apache.tomcat.util.net.NioEndpoint$SocketProcessor.run(NioEndpoint.java:1495)
	at java.util.concurrent.ThreadPoolExecutor.runWorker(ThreadPoolExecutor.java:1142)
	at java.util.concurrent.ThreadPoolExecutor$Worker.run(ThreadPoolExecutor.java:617)
	at org.apache.tomcat.util.threads.TaskThread$WrappingRunnable.run(TaskThread.java:61)
	at java.lang.Thread.run(Thread.java:745)

28-Aug-2023 14:13:42.696 심각 [http-nio-8855-exec-324] org.apache.catalina.core.StandardWrapperValve.invoke Servlet.service() for servlet [appServlet] in context with path [] threw exception [Request processing failed; nested exception is org.mybatis.spring.MyBatisSystemException: nested exception is org.apache.ibatis.exceptions.PersistenceException: 
### Error querying database.  Cause: org.springframework.jdbc.CannotGetJdbcConnectionException: Failed to obtain JDBC Connection; nested exception is com.microsoft.sqlserver.jdbc.SQLServerException: 호스트 61.32.101.234, 포트 1433에 대한 TCP/IP 연결에 실패했습니다. 오류: "connect timed out. 연결 속성을 확인하십시오. SQL Server의 인스턴스가 호스트에서 실행되고 있고 포트에서 TCP/IP 연결을 허용하고 있는지 확인하십시오. 또한 방화벽에서 포트로의 TCP 연결을 차단하지 않는지 확인하십시오.".
### The error may exist in com/daejist/login/mapper/LoginMapper.xml
### The error may involve com.daejist.login.mapper.LoginMapper.LoginMember
### The error occurred while executing a query
### Cause: org.springframework.jdbc.CannotGetJdbcConnectionException: Failed to obtain JDBC Connection; nested exception is com.microsoft.sqlserver.jdbc.SQLServerException: 호스트 61.32.101.234, 포트 1433에 대한 TCP/IP 연결에 실패했습니다. 오류: "connect timed out. 연결 속성을 확인하십시오. SQL Server의 인스턴스가 호스트에서 실행되고 있고 포트에서 TCP/IP 연결을 허용하고 있는지 확인하십시오. 또한 방화벽에서 포트로의 TCP 연결을 차단하지 않는지 확인하십시오.".] with root cause
 com.microsoft.sqlserver.jdbc.SQLServerException: 호스트 61.32.101.234, 포트 1433에 대한 TCP/IP 연결에 실패했습니다. 오류: "connect timed out. 연결 속성을 확인하십시오. SQL Server의 인스턴스가 호스트에서 실행되고 있고 포트에서 TCP/IP 연결을 허용하고 있는지 확인하십시오. 또한 방화벽에서 포트로의 TCP 연결을 차단하지 않는지 확인하십시오.".
	at com.microsoft.sqlserver.jdbc.SQLServerException.makeFromDriverError(SQLServerException.java:234)
	at com.microsoft.sqlserver.jdbc.SQLServerException.ConvertConnectExceptionToSQLServerException(SQLServerException.java:285)
	at com.microsoft.sqlserver.jdbc.SocketFinder.findSocket(IOBuffer.java:2462)
	at com.microsoft.sqlserver.jdbc.TDSChannel.open(IOBuffer.java:668)
	at com.microsoft.sqlserver.jdbc.SQLServerConnection.connectHelper(SQLServerConnection.java:2695)
	at com.microsoft.sqlserver.jdbc.SQLServerConnection.login(SQLServerConnection.java:2362)
	at com.microsoft.sqlserver.jdbc.SQLServerConnection.connectInternal(SQLServerConnection.java:2213)
	at com.microsoft.sqlserver.jdbc.SQLServerConnection.connect(SQLServerConnection.java:1276)
	at com.microsoft.sqlserver.jdbc.SQLServerDriver.connect(SQLServerDriver.java:861)
	at org.apache.commons.dbcp.DriverConnectionFactory.createConnection(DriverConnectionFactory.java:38)
	at org.apache.commons.dbcp.PoolableConnectionFactory.makeObject(PoolableConnectionFactory.java:582)
	at org.apache.commons.pool.impl.GenericObjectPool.borrowObject(GenericObjectPool.java:1148)
	at org.apache.commons.dbcp.PoolingDataSource.getConnection(PoolingDataSource.java:106)
	at org.apache.commons.dbcp.BasicDataSource.getConnection(BasicDataSource.java:1044)
	at org.springframework.jdbc.datasource.DataSourceUtils.fetchConnection(DataSourceUtils.java:157)
	at org.springframework.jdbc.datasource.DataSourceUtils.doGetConnection(DataSourceUtils.java:115)
	at org.springframework.jdbc.datasource.DataSourceUtils.getConnection(DataSourceUtils.java:78)
	at org.mybatis.spring.transaction.SpringManagedTransaction.openConnection(SpringManagedTransaction.java:80)
	at org.mybatis.spring.transaction.SpringManagedTransaction.getConnection(SpringManagedTransaction.java:67)
	at org.apache.ibatis.executor.BaseExecutor.getConnection(BaseExecutor.java:336)
	at org.apache.ibatis.executor.SimpleExecutor.prepareStatement(SimpleExecutor.java:85)
	at org.apache.ibatis.executor.SimpleExecutor.doQuery(SimpleExecutor.java:62)
	at org.apache.ibatis.executor.BaseExecutor.queryFromDatabase(BaseExecutor.java:324)
	at org.apache.ibatis.executor.BaseExecutor.query(BaseExecutor.java:156)
	at org.apache.ibatis.executor.CachingExecutor.query(CachingExecutor.java:109)
	at org.apache.ibatis.executor.CachingExecutor.query(CachingExecutor.java:83)
	at org.apache.ibatis.session.defaults.DefaultSqlSession.selectList(DefaultSqlSession.java:147)
	at org.apache.ibatis.session.defaults.DefaultSqlSession.selectList(DefaultSqlSession.java:140)
	at org.apache.ibatis.session.defaults.DefaultSqlSession.selectOne(DefaultSqlSession.java:76)
	at sun.reflect.GeneratedMethodAccessor1266.invoke(Unknown Source)
	at sun.reflect.DelegatingMethodAccessorImpl.invoke(DelegatingMethodAccessorImpl.java:43)
	at java.lang.reflect.Method.invoke(Method.java:498)
	at org.mybatis.spring.SqlSessionTemplate$SqlSessionInterceptor.invoke(SqlSessionTemplate.java:426)
	at com.sun.proxy.$Proxy366.selectOne(Unknown Source)
	at org.mybatis.spring.SqlSessionTemplate.selectOne(SqlSessionTemplate.java:159)
	at org.apache.ibatis.binding.MapperMethod.execute(MapperMethod.java:87)
	at org.apache.ibatis.binding.MapperProxy.invoke(MapperProxy.java:57)
	at com.sun.proxy.$Proxy368.LoginMember(Unknown Source)
	at com.daejist.login.service.LoginServiceImp.LoginCheck(LoginServiceImp.java:29)
	at com.daejist.login.controller.LoginController.getLogin(LoginController.java:98)
	at sun.reflect.GeneratedMethodAccessor1348.invoke(Unknown Source)
	at sun.reflect.DelegatingMethodAccessorImpl.invoke(DelegatingMethodAccessorImpl.java:43)
	at java.lang.reflect.Method.invoke(Method.java:498)
	at org.springframework.web.method.support.InvocableHandlerMethod.doInvoke(InvocableHandlerMethod.java:190)
	at org.springframework.web.method.support.InvocableHandlerMethod.invokeForRequest(InvocableHandlerMethod.java:138)
	at org.springframework.web.servlet.mvc.method.annotation.ServletInvocableHandlerMethod.invokeAndHandle(ServletInvocableHandlerMethod.java:104)
	at org.springframework.web.servlet.mvc.method.annotation.RequestMappingHandlerAdapter.invokeHandlerMethod(RequestMappingHandlerAdapter.java:892)
	at org.springframework.web.servlet.mvc.method.annotation.RequestMappingHandlerAdapter.handleInternal(RequestMappingHandlerAdapter.java:797)
	at org.springframework.web.servlet.mvc.method.AbstractHandlerMethodAdapter.handle(AbstractHandlerMethodAdapter.java:87)
	at org.springframework.web.servlet.DispatcherServlet.doDispatch(DispatcherServlet.java:1039)
	at org.springframework.web.servlet.DispatcherServlet.doService(DispatcherServlet.java:942)
	at org.springframework.web.servlet.FrameworkServlet.processRequest(FrameworkServlet.java:1005)
	at org.springframework.web.servlet.FrameworkServlet.doPost(FrameworkServlet.java:908)
	at javax.servlet.http.HttpServlet.service(HttpServlet.java:648)
	at org.springframework.web.servlet.FrameworkServlet.service(FrameworkServlet.java:882)
	at javax.servlet.http.HttpServlet.service(HttpServlet.java:729)
	at org.apache.catalina.core.ApplicationFilterChain.internalDoFilter(ApplicationFilterChain.java:292)
	at org.apache.catalina.core.ApplicationFilterChain.doFilter(ApplicationFilterChain.java:207)
	at org.apache.tomcat.websocket.server.WsFilter.doFilter(WsFilter.java:52)
	at org.apache.catalina.core.ApplicationFilterChain.internalDoFilter(ApplicationFilterChain.java:240)
	at org.apache.catalina.core.ApplicationFilterChain.doFilter(ApplicationFilterChain.java:207)
	at org.springframework.web.filter.CharacterEncodingFilter.doFilterInternal(CharacterEncodingFilter.java:200)
	at org.springframework.web.filter.OncePerRequestFilter.doFilter(OncePerRequestFilter.java:118)
	at org.apache.catalina.core.ApplicationFilterChain.internalDoFilter(ApplicationFilterChain.java:240)
	at org.apache.catalina.core.ApplicationFilterChain.doFilter(ApplicationFilterChain.java:207)
	at org.apache.catalina.core.StandardWrapperValve.invoke(StandardWrapperValve.java:212)
	at org.apache.catalina.core.StandardContextValve.invoke(StandardContextValve.java:94)
	at org.apache.catalina.core.StandardHostValve.invoke(StandardHostValve.java:141)
	at org.apache.catalina.valves.ErrorReportValve.invoke(ErrorReportValve.java:79)
	at org.apache.catalina.core.StandardEngineValve.invoke(StandardEngineValve.java:88)
	at org.apache.catalina.connector.CoyoteAdapter.service(CoyoteAdapter.java:502)
	at org.apache.coyote.http11.AbstractHttp11Processor.process(AbstractHttp11Processor.java:1132)
	at org.apache.coyote.AbstractProtocol$AbstractConnectionHandler.process(AbstractProtocol.java:684)
	at org.apache.tomcat.util.net.NioEndpoint$SocketProcessor.doRun(NioEndpoint.java:1539)
	at org.apache.tomcat.util.net.NioEndpoint$SocketProcessor.run(NioEndpoint.java:1495)
	at java.util.concurrent.ThreadPoolExecutor.runWorker(ThreadPoolExecutor.java:1142)
	at java.util.concurrent.ThreadPoolExecutor$Worker.run(ThreadPoolExecutor.java:617)
	at org.apache.tomcat.util.threads.TaskThread$WrappingRunnable.run(TaskThread.java:61)
	at java.lang.Thread.run(Thread.java:745)

28-Aug-2023 14:51:03.778 심각 [http-nio-8855-exec-313] org.apache.catalina.core.StandardWrapperValve.invoke Servlet.service() for servlet [appServlet] in context with path [] threw exception [Request processing failed; nested exception is org.mybatis.spring.MyBatisSystemException: nested exception is org.apache.ibatis.exceptions.PersistenceException: 
### Error querying database.  Cause: org.springframework.jdbc.CannotGetJdbcConnectionException: Failed to obtain JDBC Connection; nested exception is com.microsoft.sqlserver.jdbc.SQLServerException: 호스트 61.32.101.234, 포트 1433에 대한 TCP/IP 연결에 실패했습니다. 오류: "connect timed out. 연결 속성을 확인하십시오. SQL Server의 인스턴스가 호스트에서 실행되고 있고 포트에서 TCP/IP 연결을 허용하고 있는지 확인하십시오. 또한 방화벽에서 포트로의 TCP 연결을 차단하지 않는지 확인하십시오.".
### The error may exist in com/daejist/login/mapper/MesuringMapper.xml
### The error may involve com.daejist.login.mapper.MesuringMapper.getList
### The error occurred while executing a query
### Cause: org.springframework.jdbc.CannotGetJdbcConnectionException: Failed to obtain JDBC Connection; nested exception is com.microsoft.sqlserver.jdbc.SQLServerException: 호스트 61.32.101.234, 포트 1433에 대한 TCP/IP 연결에 실패했습니다. 오류: "connect timed out. 연결 속성을 확인하십시오. SQL Server의 인스턴스가 호스트에서 실행되고 있고 포트에서 TCP/IP 연결을 허용하고 있는지 확인하십시오. 또한 방화벽에서 포트로의 TCP 연결을 차단하지 않는지 확인하십시오.".] with root cause
 com.microsoft.sqlserver.jdbc.SQLServerException: 호스트 61.32.101.234, 포트 1433에 대한 TCP/IP 연결에 실패했습니다. 오류: "connect timed out. 연결 속성을 확인하십시오. SQL Server의 인스턴스가 호스트에서 실행되고 있고 포트에서 TCP/IP 연결을 허용하고 있는지 확인하십시오. 또한 방화벽에서 포트로의 TCP 연결을 차단하지 않는지 확인하십시오.".
	at com.microsoft.sqlserver.jdbc.SQLServerException.makeFromDriverError(SQLServerException.java:234)
	at com.microsoft.sqlserver.jdbc.SQLServerException.ConvertConnectExceptionToSQLServerException(SQLServerException.java:285)
	at com.microsoft.sqlserver.jdbc.SocketFinder.findSocket(IOBuffer.java:2462)
	at com.microsoft.sqlserver.jdbc.TDSChannel.open(IOBuffer.java:668)
	at com.microsoft.sqlserver.jdbc.SQLServerConnection.connectHelper(SQLServerConnection.java:2695)
	at com.microsoft.sqlserver.jdbc.SQLServerConnection.login(SQLServerConnection.java:2362)
	at com.microsoft.sqlserver.jdbc.SQLServerConnection.connectInternal(SQLServerConnection.java:2213)
	at com.microsoft.sqlserver.jdbc.SQLServerConnection.connect(SQLServerConnection.java:1276)
	at com.microsoft.sqlserver.jdbc.SQLServerDriver.connect(SQLServerDriver.java:861)
	at org.apache.commons.dbcp.DriverConnectionFactory.createConnection(DriverConnectionFactory.java:38)
	at org.apache.commons.dbcp.PoolableConnectionFactory.makeObject(PoolableConnectionFactory.java:582)
	at org.apache.commons.pool.impl.GenericObjectPool.borrowObject(GenericObjectPool.java:1148)
	at org.apache.commons.dbcp.PoolingDataSource.getConnection(PoolingDataSource.java:106)
	at org.apache.commons.dbcp.BasicDataSource.getConnection(BasicDataSource.java:1044)
	at org.springframework.jdbc.datasource.DataSourceUtils.fetchConnection(DataSourceUtils.java:157)
	at org.springframework.jdbc.datasource.DataSourceUtils.doGetConnection(DataSourceUtils.java:115)
	at org.springframework.jdbc.datasource.DataSourceUtils.getConnection(DataSourceUtils.java:78)
	at org.mybatis.spring.transaction.SpringManagedTransaction.openConnection(SpringManagedTransaction.java:80)
	at org.mybatis.spring.transaction.SpringManagedTransaction.getConnection(SpringManagedTransaction.java:67)
	at org.apache.ibatis.executor.BaseExecutor.getConnection(BaseExecutor.java:336)
	at org.apache.ibatis.executor.SimpleExecutor.prepareStatement(SimpleExecutor.java:85)
	at org.apache.ibatis.executor.SimpleExecutor.doQuery(SimpleExecutor.java:62)
	at org.apache.ibatis.executor.BaseExecutor.queryFromDatabase(BaseExecutor.java:324)
	at org.apache.ibatis.executor.BaseExecutor.query(BaseExecutor.java:156)
	at org.apache.ibatis.executor.CachingExecutor.query(CachingExecutor.java:109)
	at org.apache.ibatis.executor.CachingExecutor.query(CachingExecutor.java:83)
	at org.apache.ibatis.session.defaults.DefaultSqlSession.selectList(DefaultSqlSession.java:147)
	at org.apache.ibatis.session.defaults.DefaultSqlSession.selectList(DefaultSqlSession.java:140)
	at sun.reflect.GeneratedMethodAccessor1287.invoke(Unknown Source)
	at sun.reflect.DelegatingMethodAccessorImpl.invoke(DelegatingMethodAccessorImpl.java:43)
	at java.lang.reflect.Method.invoke(Method.java:498)
	at org.mybatis.spring.SqlSessionTemplate$SqlSessionInterceptor.invoke(SqlSessionTemplate.java:426)
	at com.sun.proxy.$Proxy366.selectList(Unknown Source)
	at org.mybatis.spring.SqlSessionTemplate.selectList(SqlSessionTemplate.java:223)
	at org.apache.ibatis.binding.MapperMethod.executeForMany(MapperMethod.java:147)
	at org.apache.ibatis.binding.MapperMethod.execute(MapperMethod.java:80)
	at org.apache.ibatis.binding.MapperProxy.invoke(MapperProxy.java:57)
	at com.sun.proxy.$Proxy370.getList(Unknown Source)
	at com.daejist.login.service.MesuringServiceImp.getList(MesuringServiceImp.java:29)
	at com.daejist.login.controller.LoginController.InspectionGrid(LoginController.java:180)
	at sun.reflect.GeneratedMethodAccessor1307.invoke(Unknown Source)
	at sun.reflect.DelegatingMethodAccessorImpl.invoke(DelegatingMethodAccessorImpl.java:43)
	at java.lang.reflect.Method.invoke(Method.java:498)
	at org.springframework.web.method.support.InvocableHandlerMethod.doInvoke(InvocableHandlerMethod.java:190)
	at org.springframework.web.method.support.InvocableHandlerMethod.invokeForRequest(InvocableHandlerMethod.java:138)
	at org.springframework.web.servlet.mvc.method.annotation.ServletInvocableHandlerMethod.invokeAndHandle(ServletInvocableHandlerMethod.java:104)
	at org.springframework.web.servlet.mvc.method.annotation.RequestMappingHandlerAdapter.invokeHandlerMethod(RequestMappingHandlerAdapter.java:892)
	at org.springframework.web.servlet.mvc.method.annotation.RequestMappingHandlerAdapter.handleInternal(RequestMappingHandlerAdapter.java:797)
	at org.springframework.web.servlet.mvc.method.AbstractHandlerMethodAdapter.handle(AbstractHandlerMethodAdapter.java:87)
	at org.springframework.web.servlet.DispatcherServlet.doDispatch(DispatcherServlet.java:1039)
	at org.springframework.web.servlet.DispatcherServlet.doService(DispatcherServlet.java:942)
	at org.springframework.web.servlet.FrameworkServlet.processRequest(FrameworkServlet.java:1005)
	at org.springframework.web.servlet.FrameworkServlet.doGet(FrameworkServlet.java:897)
	at javax.servlet.http.HttpServlet.service(HttpServlet.java:622)
	at org.springframework.web.servlet.FrameworkServlet.service(FrameworkServlet.java:882)
	at javax.servlet.http.HttpServlet.service(HttpServlet.java:729)
	at org.apache.catalina.core.ApplicationFilterChain.internalDoFilter(ApplicationFilterChain.java:292)
	at org.apache.catalina.core.ApplicationFilterChain.doFilter(ApplicationFilterChain.java:207)
	at org.apache.tomcat.websocket.server.WsFilter.doFilter(WsFilter.java:52)
	at org.apache.catalina.core.ApplicationFilterChain.internalDoFilter(ApplicationFilterChain.java:240)
	at org.apache.catalina.core.ApplicationFilterChain.doFilter(ApplicationFilterChain.java:207)
	at org.springframework.web.filter.CharacterEncodingFilter.doFilterInternal(CharacterEncodingFilter.java:200)
	at org.springframework.web.filter.OncePerRequestFilter.doFilter(OncePerRequestFilter.java:118)
	at org.apache.catalina.core.ApplicationFilterChain.internalDoFilter(ApplicationFilterChain.java:240)
	at org.apache.catalina.core.ApplicationFilterChain.doFilter(ApplicationFilterChain.java:207)
	at org.apache.catalina.core.StandardWrapperValve.invoke(StandardWrapperValve.java:212)
	at org.apache.catalina.core.StandardContextValve.invoke(StandardContextValve.java:94)
	at org.apache.catalina.core.StandardHostValve.invoke(StandardHostValve.java:141)
	at org.apache.catalina.valves.ErrorReportValve.invoke(ErrorReportValve.java:79)
	at org.apache.catalina.core.StandardEngineValve.invoke(StandardEngineValve.java:88)
	at org.apache.catalina.connector.CoyoteAdapter.service(CoyoteAdapter.java:502)
	at org.apache.coyote.http11.AbstractHttp11Processor.process(AbstractHttp11Processor.java:1132)
	at org.apache.coyote.AbstractProtocol$AbstractConnectionHandler.process(AbstractProtocol.java:684)
	at org.apache.tomcat.util.net.NioEndpoint$SocketProcessor.doRun(NioEndpoint.java:1539)
	at org.apache.tomcat.util.net.NioEndpoint$SocketProcessor.run(NioEndpoint.java:1495)
	at java.util.concurrent.ThreadPoolExecutor.runWorker(ThreadPoolExecutor.java:1142)
	at java.util.concurrent.ThreadPoolExecutor$Worker.run(ThreadPoolExecutor.java:617)
	at org.apache.tomcat.util.threads.TaskThread$WrappingRunnable.run(TaskThread.java:61)
	at java.lang.Thread.run(Thread.java:745)

28-Aug-2023 14:52:41.313 심각 [http-nio-8855-exec-323] org.apache.catalina.core.StandardWrapperValve.invoke Servlet.service() for servlet [appServlet] in context with path [] threw exception [Request processing failed; nested exception is org.mybatis.spring.MyBatisSystemException: nested exception is org.apache.ibatis.exceptions.PersistenceException: 
### Error querying database.  Cause: org.springframework.jdbc.CannotGetJdbcConnectionException: Failed to obtain JDBC Connection; nested exception is com.microsoft.sqlserver.jdbc.SQLServerException: 호스트 61.32.101.234, 포트 1433에 대한 TCP/IP 연결에 실패했습니다. 오류: "connect timed out. 연결 속성을 확인하십시오. SQL Server의 인스턴스가 호스트에서 실행되고 있고 포트에서 TCP/IP 연결을 허용하고 있는지 확인하십시오. 또한 방화벽에서 포트로의 TCP 연결을 차단하지 않는지 확인하십시오.".
### The error may exist in com/daejist/login/mapper/MesuringMapper.xml
### The error may involve com.daejist.login.mapper.MesuringMapper.getList
### The error occurred while executing a query
### Cause: org.springframework.jdbc.CannotGetJdbcConnectionException: Failed to obtain JDBC Connection; nested exception is com.microsoft.sqlserver.jdbc.SQLServerException: 호스트 61.32.101.234, 포트 1433에 대한 TCP/IP 연결에 실패했습니다. 오류: "connect timed out. 연결 속성을 확인하십시오. SQL Server의 인스턴스가 호스트에서 실행되고 있고 포트에서 TCP/IP 연결을 허용하고 있는지 확인하십시오. 또한 방화벽에서 포트로의 TCP 연결을 차단하지 않는지 확인하십시오.".] with root cause
 com.microsoft.sqlserver.jdbc.SQLServerException: 호스트 61.32.101.234, 포트 1433에 대한 TCP/IP 연결에 실패했습니다. 오류: "connect timed out. 연결 속성을 확인하십시오. SQL Server의 인스턴스가 호스트에서 실행되고 있고 포트에서 TCP/IP 연결을 허용하고 있는지 확인하십시오. 또한 방화벽에서 포트로의 TCP 연결을 차단하지 않는지 확인하십시오.".
	at com.microsoft.sqlserver.jdbc.SQLServerException.makeFromDriverError(SQLServerException.java:234)
	at com.microsoft.sqlserver.jdbc.SQLServerException.ConvertConnectExceptionToSQLServerException(SQLServerException.java:285)
	at com.microsoft.sqlserver.jdbc.SocketFinder.findSocket(IOBuffer.java:2462)
	at com.microsoft.sqlserver.jdbc.TDSChannel.open(IOBuffer.java:668)
	at com.microsoft.sqlserver.jdbc.SQLServerConnection.connectHelper(SQLServerConnection.java:2695)
	at com.microsoft.sqlserver.jdbc.SQLServerConnection.login(SQLServerConnection.java:2362)
	at com.microsoft.sqlserver.jdbc.SQLServerConnection.connectInternal(SQLServerConnection.java:2213)
	at com.microsoft.sqlserver.jdbc.SQLServerConnection.connect(SQLServerConnection.java:1276)
	at com.microsoft.sqlserver.jdbc.SQLServerDriver.connect(SQLServerDriver.java:861)
	at org.apache.commons.dbcp.DriverConnectionFactory.createConnection(DriverConnectionFactory.java:38)
	at org.apache.commons.dbcp.PoolableConnectionFactory.makeObject(PoolableConnectionFactory.java:582)
	at org.apache.commons.pool.impl.GenericObjectPool.borrowObject(GenericObjectPool.java:1148)
	at org.apache.commons.dbcp.PoolingDataSource.getConnection(PoolingDataSource.java:106)
	at org.apache.commons.dbcp.BasicDataSource.getConnection(BasicDataSource.java:1044)
	at org.springframework.jdbc.datasource.DataSourceUtils.fetchConnection(DataSourceUtils.java:157)
	at org.springframework.jdbc.datasource.DataSourceUtils.doGetConnection(DataSourceUtils.java:115)
	at org.springframework.jdbc.datasource.DataSourceUtils.getConnection(DataSourceUtils.java:78)
	at org.mybatis.spring.transaction.SpringManagedTransaction.openConnection(SpringManagedTransaction.java:80)
	at org.mybatis.spring.transaction.SpringManagedTransaction.getConnection(SpringManagedTransaction.java:67)
	at org.apache.ibatis.executor.BaseExecutor.getConnection(BaseExecutor.java:336)
	at org.apache.ibatis.executor.SimpleExecutor.prepareStatement(SimpleExecutor.java:85)
	at org.apache.ibatis.executor.SimpleExecutor.doQuery(SimpleExecutor.java:62)
	at org.apache.ibatis.executor.BaseExecutor.queryFromDatabase(BaseExecutor.java:324)
	at org.apache.ibatis.executor.BaseExecutor.query(BaseExecutor.java:156)
	at org.apache.ibatis.executor.CachingExecutor.query(CachingExecutor.java:109)
	at org.apache.ibatis.executor.CachingExecutor.query(CachingExecutor.java:83)
	at org.apache.ibatis.session.defaults.DefaultSqlSession.selectList(DefaultSqlSession.java:147)
	at org.apache.ibatis.session.defaults.DefaultSqlSession.selectList(DefaultSqlSession.java:140)
	at sun.reflect.GeneratedMethodAccessor1287.invoke(Unknown Source)
	at sun.reflect.DelegatingMethodAccessorImpl.invoke(DelegatingMethodAccessorImpl.java:43)
	at java.lang.reflect.Method.invoke(Method.java:498)
	at org.mybatis.spring.SqlSessionTemplate$SqlSessionInterceptor.invoke(SqlSessionTemplate.java:426)
	at com.sun.proxy.$Proxy366.selectList(Unknown Source)
	at org.mybatis.spring.SqlSessionTemplate.selectList(SqlSessionTemplate.java:223)
	at org.apache.ibatis.binding.MapperMethod.executeForMany(MapperMethod.java:147)
	at org.apache.ibatis.binding.MapperMethod.execute(MapperMethod.java:80)
	at org.apache.ibatis.binding.MapperProxy.invoke(MapperProxy.java:57)
	at com.sun.proxy.$Proxy370.getList(Unknown Source)
	at com.daejist.login.service.MesuringServiceImp.getList(MesuringServiceImp.java:29)
	at com.daejist.login.controller.LoginController.InspectionGrid(LoginController.java:180)
	at sun.reflect.GeneratedMethodAccessor1307.invoke(Unknown Source)
	at sun.reflect.DelegatingMethodAccessorImpl.invoke(DelegatingMethodAccessorImpl.java:43)
	at java.lang.reflect.Method.invoke(Method.java:498)
	at org.springframework.web.method.support.InvocableHandlerMethod.doInvoke(InvocableHandlerMethod.java:190)
	at org.springframework.web.method.support.InvocableHandlerMethod.invokeForRequest(InvocableHandlerMethod.java:138)
	at org.springframework.web.servlet.mvc.method.annotation.ServletInvocableHandlerMethod.invokeAndHandle(ServletInvocableHandlerMethod.java:104)
	at org.springframework.web.servlet.mvc.method.annotation.RequestMappingHandlerAdapter.invokeHandlerMethod(RequestMappingHandlerAdapter.java:892)
	at org.springframework.web.servlet.mvc.method.annotation.RequestMappingHandlerAdapter.handleInternal(RequestMappingHandlerAdapter.java:797)
	at org.springframework.web.servlet.mvc.method.AbstractHandlerMethodAdapter.handle(AbstractHandlerMethodAdapter.java:87)
	at org.springframework.web.servlet.DispatcherServlet.doDispatch(DispatcherServlet.java:1039)
	at org.springframework.web.servlet.DispatcherServlet.doService(DispatcherServlet.java:942)
	at org.springframework.web.servlet.FrameworkServlet.processRequest(FrameworkServlet.java:1005)
	at org.springframework.web.servlet.FrameworkServlet.doGet(FrameworkServlet.java:897)
	at javax.servlet.http.HttpServlet.service(HttpServlet.java:622)
	at org.springframework.web.servlet.FrameworkServlet.service(FrameworkServlet.java:882)
	at javax.servlet.http.HttpServlet.service(HttpServlet.java:729)
	at org.apache.catalina.core.ApplicationFilterChain.internalDoFilter(ApplicationFilterChain.java:292)
	at org.apache.catalina.core.ApplicationFilterChain.doFilter(ApplicationFilterChain.java:207)
	at org.apache.tomcat.websocket.server.WsFilter.doFilter(WsFilter.java:52)
	at org.apache.catalina.core.ApplicationFilterChain.internalDoFilter(ApplicationFilterChain.java:240)
	at org.apache.catalina.core.ApplicationFilterChain.doFilter(ApplicationFilterChain.java:207)
	at org.springframework.web.filter.CharacterEncodingFilter.doFilterInternal(CharacterEncodingFilter.java:200)
	at org.springframework.web.filter.OncePerRequestFilter.doFilter(OncePerRequestFilter.java:118)
	at org.apache.catalina.core.ApplicationFilterChain.internalDoFilter(ApplicationFilterChain.java:240)
	at org.apache.catalina.core.ApplicationFilterChain.doFilter(ApplicationFilterChain.java:207)
	at org.apache.catalina.core.StandardWrapperValve.invoke(StandardWrapperValve.java:212)
	at org.apache.catalina.core.StandardContextValve.invoke(StandardContextValve.java:94)
	at org.apache.catalina.core.StandardHostValve.invoke(StandardHostValve.java:141)
	at org.apache.catalina.valves.ErrorReportValve.invoke(ErrorReportValve.java:79)
	at org.apache.catalina.core.StandardEngineValve.invoke(StandardEngineValve.java:88)
	at org.apache.catalina.connector.CoyoteAdapter.service(CoyoteAdapter.java:502)
	at org.apache.coyote.http11.AbstractHttp11Processor.process(AbstractHttp11Processor.java:1132)
	at org.apache.coyote.AbstractProtocol$AbstractConnectionHandler.process(AbstractProtocol.java:684)
	at org.apache.tomcat.util.net.NioEndpoint$SocketProcessor.doRun(NioEndpoint.java:1539)
	at org.apache.tomcat.util.net.NioEndpoint$SocketProcessor.run(NioEndpoint.java:1495)
	at java.util.concurrent.ThreadPoolExecutor.runWorker(ThreadPoolExecutor.java:1142)
	at java.util.concurrent.ThreadPoolExecutor$Worker.run(ThreadPoolExecutor.java:617)
	at org.apache.tomcat.util.threads.TaskThread$WrappingRunnable.run(TaskThread.java:61)
	at java.lang.Thread.run(Thread.java:745)

28-Aug-2023 14:53:53.261 심각 [http-nio-8855-exec-310] org.apache.catalina.core.StandardWrapperValve.invoke Servlet.service() for servlet [appServlet] in context with path [] threw exception [Request processing failed; nested exception is org.mybatis.spring.MyBatisSystemException: nested exception is org.apache.ibatis.exceptions.PersistenceException: 
### Error querying database.  Cause: org.springframework.jdbc.CannotGetJdbcConnectionException: Failed to obtain JDBC Connection; nested exception is com.microsoft.sqlserver.jdbc.SQLServerException: 호스트 61.32.101.234, 포트 1433에 대한 TCP/IP 연결에 실패했습니다. 오류: "connect timed out. 연결 속성을 확인하십시오. SQL Server의 인스턴스가 호스트에서 실행되고 있고 포트에서 TCP/IP 연결을 허용하고 있는지 확인하십시오. 또한 방화벽에서 포트로의 TCP 연결을 차단하지 않는지 확인하십시오.".
### The error may exist in com/daejist/login/mapper/LoginMapper.xml
### The error may involve com.daejist.login.mapper.LoginMapper.checkUserWithSessionKey
### The error occurred while executing a query
### Cause: org.springframework.jdbc.CannotGetJdbcConnectionException: Failed to obtain JDBC Connection; nested exception is com.microsoft.sqlserver.jdbc.SQLServerException: 호스트 61.32.101.234, 포트 1433에 대한 TCP/IP 연결에 실패했습니다. 오류: "connect timed out. 연결 속성을 확인하십시오. SQL Server의 인스턴스가 호스트에서 실행되고 있고 포트에서 TCP/IP 연결을 허용하고 있는지 확인하십시오. 또한 방화벽에서 포트로의 TCP 연결을 차단하지 않는지 확인하십시오.".] with root cause
 com.microsoft.sqlserver.jdbc.SQLServerException: 호스트 61.32.101.234, 포트 1433에 대한 TCP/IP 연결에 실패했습니다. 오류: "connect timed out. 연결 속성을 확인하십시오. SQL Server의 인스턴스가 호스트에서 실행되고 있고 포트에서 TCP/IP 연결을 허용하고 있는지 확인하십시오. 또한 방화벽에서 포트로의 TCP 연결을 차단하지 않는지 확인하십시오.".
	at com.microsoft.sqlserver.jdbc.SQLServerException.makeFromDriverError(SQLServerException.java:234)
	at com.microsoft.sqlserver.jdbc.SQLServerException.ConvertConnectExceptionToSQLServerException(SQLServerException.java:285)
	at com.microsoft.sqlserver.jdbc.SocketFinder.findSocket(IOBuffer.java:2462)
	at com.microsoft.sqlserver.jdbc.TDSChannel.open(IOBuffer.java:668)
	at com.microsoft.sqlserver.jdbc.SQLServerConnection.connectHelper(SQLServerConnection.java:2695)
	at com.microsoft.sqlserver.jdbc.SQLServerConnection.login(SQLServerConnection.java:2362)
	at com.microsoft.sqlserver.jdbc.SQLServerConnection.connectInternal(SQLServerConnection.java:2213)
	at com.microsoft.sqlserver.jdbc.SQLServerConnection.connect(SQLServerConnection.java:1276)
	at com.microsoft.sqlserver.jdbc.SQLServerDriver.connect(SQLServerDriver.java:861)
	at org.apache.commons.dbcp.DriverConnectionFactory.createConnection(DriverConnectionFactory.java:38)
	at org.apache.commons.dbcp.PoolableConnectionFactory.makeObject(PoolableConnectionFactory.java:582)
	at org.apache.commons.pool.impl.GenericObjectPool.borrowObject(GenericObjectPool.java:1148)
	at org.apache.commons.dbcp.PoolingDataSource.getConnection(PoolingDataSource.java:106)
	at org.apache.commons.dbcp.BasicDataSource.getConnection(BasicDataSource.java:1044)
	at org.springframework.jdbc.datasource.DataSourceUtils.fetchConnection(DataSourceUtils.java:157)
	at org.springframework.jdbc.datasource.DataSourceUtils.doGetConnection(DataSourceUtils.java:115)
	at org.springframework.jdbc.datasource.DataSourceUtils.getConnection(DataSourceUtils.java:78)
	at org.mybatis.spring.transaction.SpringManagedTransaction.openConnection(SpringManagedTransaction.java:80)
	at org.mybatis.spring.transaction.SpringManagedTransaction.getConnection(SpringManagedTransaction.java:67)
	at org.apache.ibatis.executor.BaseExecutor.getConnection(BaseExecutor.java:336)
	at org.apache.ibatis.executor.SimpleExecutor.prepareStatement(SimpleExecutor.java:85)
	at org.apache.ibatis.executor.SimpleExecutor.doQuery(SimpleExecutor.java:62)
	at org.apache.ibatis.executor.BaseExecutor.queryFromDatabase(BaseExecutor.java:324)
	at org.apache.ibatis.executor.BaseExecutor.query(BaseExecutor.java:156)
	at org.apache.ibatis.executor.CachingExecutor.query(CachingExecutor.java:109)
	at org.apache.ibatis.executor.CachingExecutor.query(CachingExecutor.java:83)
	at org.apache.ibatis.session.defaults.DefaultSqlSession.selectList(DefaultSqlSession.java:147)
	at org.apache.ibatis.session.defaults.DefaultSqlSession.selectList(DefaultSqlSession.java:140)
	at org.apache.ibatis.session.defaults.DefaultSqlSession.selectOne(DefaultSqlSession.java:76)
	at sun.reflect.GeneratedMethodAccessor1266.invoke(Unknown Source)
	at sun.reflect.DelegatingMethodAccessorImpl.invoke(DelegatingMethodAccessorImpl.java:43)
	at java.lang.reflect.Method.invoke(Method.java:498)
	at org.mybatis.spring.SqlSessionTemplate$SqlSessionInterceptor.invoke(SqlSessionTemplate.java:426)
	at com.sun.proxy.$Proxy366.selectOne(Unknown Source)
	at org.mybatis.spring.SqlSessionTemplate.selectOne(SqlSessionTemplate.java:159)
	at org.apache.ibatis.binding.MapperMethod.execute(MapperMethod.java:87)
	at org.apache.ibatis.binding.MapperProxy.invoke(MapperProxy.java:57)
	at com.sun.proxy.$Proxy368.checkUserWithSessionKey(Unknown Source)
	at com.daejist.login.service.LoginServiceImp.checkUserWithSessionKey(LoginServiceImp.java:84)
	at com.daejist.login.controller.LoginController.login(LoginController.java:75)
	at sun.reflect.GeneratedMethodAccessor1343.invoke(Unknown Source)
	at sun.reflect.DelegatingMethodAccessorImpl.invoke(DelegatingMethodAccessorImpl.java:43)
	at java.lang.reflect.Method.invoke(Method.java:498)
	at org.springframework.web.method.support.InvocableHandlerMethod.doInvoke(InvocableHandlerMethod.java:190)
	at org.springframework.web.method.support.InvocableHandlerMethod.invokeForRequest(InvocableHandlerMethod.java:138)
	at org.springframework.web.servlet.mvc.method.annotation.ServletInvocableHandlerMethod.invokeAndHandle(ServletInvocableHandlerMethod.java:104)
	at org.springframework.web.servlet.mvc.method.annotation.RequestMappingHandlerAdapter.invokeHandlerMethod(RequestMappingHandlerAdapter.java:892)
	at org.springframework.web.servlet.mvc.method.annotation.RequestMappingHandlerAdapter.handleInternal(RequestMappingHandlerAdapter.java:797)
	at org.springframework.web.servlet.mvc.method.AbstractHandlerMethodAdapter.handle(AbstractHandlerMethodAdapter.java:87)
	at org.springframework.web.servlet.DispatcherServlet.doDispatch(DispatcherServlet.java:1039)
	at org.springframework.web.servlet.DispatcherServlet.doService(DispatcherServlet.java:942)
	at org.springframework.web.servlet.FrameworkServlet.processRequest(FrameworkServlet.java:1005)
	at org.springframework.web.servlet.FrameworkServlet.doGet(FrameworkServlet.java:897)
	at javax.servlet.http.HttpServlet.service(HttpServlet.java:622)
	at org.springframework.web.servlet.FrameworkServlet.service(FrameworkServlet.java:882)
	at javax.servlet.http.HttpServlet.service(HttpServlet.java:729)
	at org.apache.catalina.core.ApplicationFilterChain.internalDoFilter(ApplicationFilterChain.java:292)
	at org.apache.catalina.core.ApplicationFilterChain.doFilter(ApplicationFilterChain.java:207)
	at org.apache.tomcat.websocket.server.WsFilter.doFilter(WsFilter.java:52)
	at org.apache.catalina.core.ApplicationFilterChain.internalDoFilter(ApplicationFilterChain.java:240)
	at org.apache.catalina.core.ApplicationFilterChain.doFilter(ApplicationFilterChain.java:207)
	at org.springframework.web.filter.CharacterEncodingFilter.doFilterInternal(CharacterEncodingFilter.java:200)
	at org.springframework.web.filter.OncePerRequestFilter.doFilter(OncePerRequestFilter.java:118)
	at org.apache.catalina.core.ApplicationFilterChain.internalDoFilter(ApplicationFilterChain.java:240)
	at org.apache.catalina.core.ApplicationFilterChain.doFilter(ApplicationFilterChain.java:207)
	at org.apache.catalina.core.StandardWrapperValve.invoke(StandardWrapperValve.java:212)
	at org.apache.catalina.core.StandardContextValve.invoke(StandardContextValve.java:94)
	at org.apache.catalina.core.StandardHostValve.invoke(StandardHostValve.java:141)
	at org.apache.catalina.valves.ErrorReportValve.invoke(ErrorReportValve.java:79)
	at org.apache.catalina.core.StandardEngineValve.invoke(StandardEngineValve.java:88)
	at org.apache.catalina.connector.CoyoteAdapter.service(CoyoteAdapter.java:502)
	at org.apache.coyote.http11.AbstractHttp11Processor.process(AbstractHttp11Processor.java:1132)
	at org.apache.coyote.AbstractProtocol$AbstractConnectionHandler.process(AbstractProtocol.java:684)
	at org.apache.tomcat.util.net.NioEndpoint$SocketProcessor.doRun(NioEndpoint.java:1539)
	at org.apache.tomcat.util.net.NioEndpoint$SocketProcessor.run(NioEndpoint.java:1495)
	at java.util.concurrent.ThreadPoolExecutor.runWorker(ThreadPoolExecutor.java:1142)
	at java.util.concurrent.ThreadPoolExecutor$Worker.run(ThreadPoolExecutor.java:617)
	at org.apache.tomcat.util.threads.TaskThread$WrappingRunnable.run(TaskThread.java:61)
	at java.lang.Thread.run(Thread.java:745)

28-Aug-2023 14:53:58.733 심각 [http-nio-8855-exec-324] org.apache.catalina.core.StandardWrapperValve.invoke Servlet.service() for servlet [appServlet] in context with path [] threw exception [Request processing failed; nested exception is org.mybatis.spring.MyBatisSystemException: nested exception is org.apache.ibatis.exceptions.PersistenceException: 
### Error querying database.  Cause: org.springframework.jdbc.CannotGetJdbcConnectionException: Failed to obtain JDBC Connection; nested exception is com.microsoft.sqlserver.jdbc.SQLServerException: 호스트 61.32.101.234, 포트 1433에 대한 TCP/IP 연결에 실패했습니다. 오류: "connect timed out. 연결 속성을 확인하십시오. SQL Server의 인스턴스가 호스트에서 실행되고 있고 포트에서 TCP/IP 연결을 허용하고 있는지 확인하십시오. 또한 방화벽에서 포트로의 TCP 연결을 차단하지 않는지 확인하십시오.".
### The error may exist in com/daejist/login/mapper/LoginMapper.xml
### The error may involve com.daejist.login.mapper.LoginMapper.checkUserWithSessionKey
### The error occurred while executing a query
### Cause: org.springframework.jdbc.CannotGetJdbcConnectionException: Failed to obtain JDBC Connection; nested exception is com.microsoft.sqlserver.jdbc.SQLServerException: 호스트 61.32.101.234, 포트 1433에 대한 TCP/IP 연결에 실패했습니다. 오류: "connect timed out. 연결 속성을 확인하십시오. SQL Server의 인스턴스가 호스트에서 실행되고 있고 포트에서 TCP/IP 연결을 허용하고 있는지 확인하십시오. 또한 방화벽에서 포트로의 TCP 연결을 차단하지 않는지 확인하십시오.".] with root cause
 com.microsoft.sqlserver.jdbc.SQLServerException: 호스트 61.32.101.234, 포트 1433에 대한 TCP/IP 연결에 실패했습니다. 오류: "connect timed out. 연결 속성을 확인하십시오. SQL Server의 인스턴스가 호스트에서 실행되고 있고 포트에서 TCP/IP 연결을 허용하고 있는지 확인하십시오. 또한 방화벽에서 포트로의 TCP 연결을 차단하지 않는지 확인하십시오.".
	at com.microsoft.sqlserver.jdbc.SQLServerException.makeFromDriverError(SQLServerException.java:234)
	at com.microsoft.sqlserver.jdbc.SQLServerException.ConvertConnectExceptionToSQLServerException(SQLServerException.java:285)
	at com.microsoft.sqlserver.jdbc.SocketFinder.findSocket(IOBuffer.java:2462)
	at com.microsoft.sqlserver.jdbc.TDSChannel.open(IOBuffer.java:668)
	at com.microsoft.sqlserver.jdbc.SQLServerConnection.connectHelper(SQLServerConnection.java:2695)
	at com.microsoft.sqlserver.jdbc.SQLServerConnection.login(SQLServerConnection.java:2362)
	at com.microsoft.sqlserver.jdbc.SQLServerConnection.connectInternal(SQLServerConnection.java:2213)
	at com.microsoft.sqlserver.jdbc.SQLServerConnection.connect(SQLServerConnection.java:1276)
	at com.microsoft.sqlserver.jdbc.SQLServerDriver.connect(SQLServerDriver.java:861)
	at org.apache.commons.dbcp.DriverConnectionFactory.createConnection(DriverConnectionFactory.java:38)
	at org.apache.commons.dbcp.PoolableConnectionFactory.makeObject(PoolableConnectionFactory.java:582)
	at org.apache.commons.pool.impl.GenericObjectPool.borrowObject(GenericObjectPool.java:1148)
	at org.apache.commons.dbcp.PoolingDataSource.getConnection(PoolingDataSource.java:106)
	at org.apache.commons.dbcp.BasicDataSource.getConnection(BasicDataSource.java:1044)
	at org.springframework.jdbc.datasource.DataSourceUtils.fetchConnection(DataSourceUtils.java:157)
	at org.springframework.jdbc.datasource.DataSourceUtils.doGetConnection(DataSourceUtils.java:115)
	at org.springframework.jdbc.datasource.DataSourceUtils.getConnection(DataSourceUtils.java:78)
	at org.mybatis.spring.transaction.SpringManagedTransaction.openConnection(SpringManagedTransaction.java:80)
	at org.mybatis.spring.transaction.SpringManagedTransaction.getConnection(SpringManagedTransaction.java:67)
	at org.apache.ibatis.executor.BaseExecutor.getConnection(BaseExecutor.java:336)
	at org.apache.ibatis.executor.SimpleExecutor.prepareStatement(SimpleExecutor.java:85)
	at org.apache.ibatis.executor.SimpleExecutor.doQuery(SimpleExecutor.java:62)
	at org.apache.ibatis.executor.BaseExecutor.queryFromDatabase(BaseExecutor.java:324)
	at org.apache.ibatis.executor.BaseExecutor.query(BaseExecutor.java:156)
	at org.apache.ibatis.executor.CachingExecutor.query(CachingExecutor.java:109)
	at org.apache.ibatis.executor.CachingExecutor.query(CachingExecutor.java:83)
	at org.apache.ibatis.session.defaults.DefaultSqlSession.selectList(DefaultSqlSession.java:147)
	at org.apache.ibatis.session.defaults.DefaultSqlSession.selectList(DefaultSqlSession.java:140)
	at org.apache.ibatis.session.defaults.DefaultSqlSession.selectOne(DefaultSqlSession.java:76)
	at sun.reflect.GeneratedMethodAccessor1266.invoke(Unknown Source)
	at sun.reflect.DelegatingMethodAccessorImpl.invoke(DelegatingMethodAccessorImpl.java:43)
	at java.lang.reflect.Method.invoke(Method.java:498)
	at org.mybatis.spring.SqlSessionTemplate$SqlSessionInterceptor.invoke(SqlSessionTemplate.java:426)
	at com.sun.proxy.$Proxy366.selectOne(Unknown Source)
	at org.mybatis.spring.SqlSessionTemplate.selectOne(SqlSessionTemplate.java:159)
	at org.apache.ibatis.binding.MapperMethod.execute(MapperMethod.java:87)
	at org.apache.ibatis.binding.MapperProxy.invoke(MapperProxy.java:57)
	at com.sun.proxy.$Proxy368.checkUserWithSessionKey(Unknown Source)
	at com.daejist.login.service.LoginServiceImp.checkUserWithSessionKey(LoginServiceImp.java:84)
	at com.daejist.login.controller.LoginController.login(LoginController.java:75)
	at sun.reflect.GeneratedMethodAccessor1343.invoke(Unknown Source)
	at sun.reflect.DelegatingMethodAccessorImpl.invoke(DelegatingMethodAccessorImpl.java:43)
	at java.lang.reflect.Method.invoke(Method.java:498)
	at org.springframework.web.method.support.InvocableHandlerMethod.doInvoke(InvocableHandlerMethod.java:190)
	at org.springframework.web.method.support.InvocableHandlerMethod.invokeForRequest(InvocableHandlerMethod.java:138)
	at org.springframework.web.servlet.mvc.method.annotation.ServletInvocableHandlerMethod.invokeAndHandle(ServletInvocableHandlerMethod.java:104)
	at org.springframework.web.servlet.mvc.method.annotation.RequestMappingHandlerAdapter.invokeHandlerMethod(RequestMappingHandlerAdapter.java:892)
	at org.springframework.web.servlet.mvc.method.annotation.RequestMappingHandlerAdapter.handleInternal(RequestMappingHandlerAdapter.java:797)
	at org.springframework.web.servlet.mvc.method.AbstractHandlerMethodAdapter.handle(AbstractHandlerMethodAdapter.java:87)
	at org.springframework.web.servlet.DispatcherServlet.doDispatch(DispatcherServlet.java:1039)
	at org.springframework.web.servlet.DispatcherServlet.doService(DispatcherServlet.java:942)
	at org.springframework.web.servlet.FrameworkServlet.processRequest(FrameworkServlet.java:1005)
	at org.springframework.web.servlet.FrameworkServlet.doGet(FrameworkServlet.java:897)
	at javax.servlet.http.HttpServlet.service(HttpServlet.java:622)
	at org.springframework.web.servlet.FrameworkServlet.service(FrameworkServlet.java:882)
	at javax.servlet.http.HttpServlet.service(HttpServlet.java:729)
	at org.apache.catalina.core.ApplicationFilterChain.internalDoFilter(ApplicationFilterChain.java:292)
	at org.apache.catalina.core.ApplicationFilterChain.doFilter(ApplicationFilterChain.java:207)
	at org.apache.tomcat.websocket.server.WsFilter.doFilter(WsFilter.java:52)
	at org.apache.catalina.core.ApplicationFilterChain.internalDoFilter(ApplicationFilterChain.java:240)
	at org.apache.catalina.core.ApplicationFilterChain.doFilter(ApplicationFilterChain.java:207)
	at org.springframework.web.filter.CharacterEncodingFilter.doFilterInternal(CharacterEncodingFilter.java:200)
	at org.springframework.web.filter.OncePerRequestFilter.doFilter(OncePerRequestFilter.java:118)
	at org.apache.catalina.core.ApplicationFilterChain.internalDoFilter(ApplicationFilterChain.java:240)
	at org.apache.catalina.core.ApplicationFilterChain.doFilter(ApplicationFilterChain.java:207)
	at org.apache.catalina.core.StandardWrapperValve.invoke(StandardWrapperValve.java:212)
	at org.apache.catalina.core.StandardContextValve.invoke(StandardContextValve.java:94)
	at org.apache.catalina.core.StandardHostValve.invoke(StandardHostValve.java:141)
	at org.apache.catalina.valves.ErrorReportValve.invoke(ErrorReportValve.java:79)
	at org.apache.catalina.core.StandardEngineValve.invoke(StandardEngineValve.java:88)
	at org.apache.catalina.connector.CoyoteAdapter.service(CoyoteAdapter.java:502)
	at org.apache.coyote.http11.AbstractHttp11Processor.process(AbstractHttp11Processor.java:1132)
	at org.apache.coyote.AbstractProtocol$AbstractConnectionHandler.process(AbstractProtocol.java:684)
	at org.apache.tomcat.util.net.NioEndpoint$SocketProcessor.doRun(NioEndpoint.java:1539)
	at org.apache.tomcat.util.net.NioEndpoint$SocketProcessor.run(NioEndpoint.java:1495)
	at java.util.concurrent.ThreadPoolExecutor.runWorker(ThreadPoolExecutor.java:1142)
	at java.util.concurrent.ThreadPoolExecutor$Worker.run(ThreadPoolExecutor.java:617)
	at org.apache.tomcat.util.threads.TaskThread$WrappingRunnable.run(TaskThread.java:61)
	at java.lang.Thread.run(Thread.java:745)

28-Aug-2023 14:54:53.617 심각 [http-nio-8855-exec-318] org.apache.catalina.core.StandardWrapperValve.invoke Servlet.service() for servlet [appServlet] in context with path [] threw exception [Request processing failed; nested exception is org.mybatis.spring.MyBatisSystemException: nested exception is org.apache.ibatis.exceptions.PersistenceException: 
### Error querying database.  Cause: org.springframework.jdbc.CannotGetJdbcConnectionException: Failed to obtain JDBC Connection; nested exception is com.microsoft.sqlserver.jdbc.SQLServerException: 호스트 61.32.101.234, 포트 1433에 대한 TCP/IP 연결에 실패했습니다. 오류: "connect timed out. 연결 속성을 확인하십시오. SQL Server의 인스턴스가 호스트에서 실행되고 있고 포트에서 TCP/IP 연결을 허용하고 있는지 확인하십시오. 또한 방화벽에서 포트로의 TCP 연결을 차단하지 않는지 확인하십시오.".
### The error may exist in com/daejist/login/mapper/MesuringMapper.xml
### The error may involve com.daejist.login.mapper.MesuringMapper.getList
### The error occurred while executing a query
### Cause: org.springframework.jdbc.CannotGetJdbcConnectionException: Failed to obtain JDBC Connection; nested exception is com.microsoft.sqlserver.jdbc.SQLServerException: 호스트 61.32.101.234, 포트 1433에 대한 TCP/IP 연결에 실패했습니다. 오류: "connect timed out. 연결 속성을 확인하십시오. SQL Server의 인스턴스가 호스트에서 실행되고 있고 포트에서 TCP/IP 연결을 허용하고 있는지 확인하십시오. 또한 방화벽에서 포트로의 TCP 연결을 차단하지 않는지 확인하십시오.".] with root cause
 com.microsoft.sqlserver.jdbc.SQLServerException: 호스트 61.32.101.234, 포트 1433에 대한 TCP/IP 연결에 실패했습니다. 오류: "connect timed out. 연결 속성을 확인하십시오. SQL Server의 인스턴스가 호스트에서 실행되고 있고 포트에서 TCP/IP 연결을 허용하고 있는지 확인하십시오. 또한 방화벽에서 포트로의 TCP 연결을 차단하지 않는지 확인하십시오.".
	at com.microsoft.sqlserver.jdbc.SQLServerException.makeFromDriverError(SQLServerException.java:234)
	at com.microsoft.sqlserver.jdbc.SQLServerException.ConvertConnectExceptionToSQLServerException(SQLServerException.java:285)
	at com.microsoft.sqlserver.jdbc.SocketFinder.findSocket(IOBuffer.java:2462)
	at com.microsoft.sqlserver.jdbc.TDSChannel.open(IOBuffer.java:668)
	at com.microsoft.sqlserver.jdbc.SQLServerConnection.connectHelper(SQLServerConnection.java:2695)
	at com.microsoft.sqlserver.jdbc.SQLServerConnection.login(SQLServerConnection.java:2362)
	at com.microsoft.sqlserver.jdbc.SQLServerConnection.connectInternal(SQLServerConnection.java:2213)
	at com.microsoft.sqlserver.jdbc.SQLServerConnection.connect(SQLServerConnection.java:1276)
	at com.microsoft.sqlserver.jdbc.SQLServerDriver.connect(SQLServerDriver.java:861)
	at org.apache.commons.dbcp.DriverConnectionFactory.createConnection(DriverConnectionFactory.java:38)
	at org.apache.commons.dbcp.PoolableConnectionFactory.makeObject(PoolableConnectionFactory.java:582)
	at org.apache.commons.pool.impl.GenericObjectPool.borrowObject(GenericObjectPool.java:1148)
	at org.apache.commons.dbcp.PoolingDataSource.getConnection(PoolingDataSource.java:106)
	at org.apache.commons.dbcp.BasicDataSource.getConnection(BasicDataSource.java:1044)
	at org.springframework.jdbc.datasource.DataSourceUtils.fetchConnection(DataSourceUtils.java:157)
	at org.springframework.jdbc.datasource.DataSourceUtils.doGetConnection(DataSourceUtils.java:115)
	at org.springframework.jdbc.datasource.DataSourceUtils.getConnection(DataSourceUtils.java:78)
	at org.mybatis.spring.transaction.SpringManagedTransaction.openConnection(SpringManagedTransaction.java:80)
	at org.mybatis.spring.transaction.SpringManagedTransaction.getConnection(SpringManagedTransaction.java:67)
	at org.apache.ibatis.executor.BaseExecutor.getConnection(BaseExecutor.java:336)
	at org.apache.ibatis.executor.SimpleExecutor.prepareStatement(SimpleExecutor.java:85)
	at org.apache.ibatis.executor.SimpleExecutor.doQuery(SimpleExecutor.java:62)
	at org.apache.ibatis.executor.BaseExecutor.queryFromDatabase(BaseExecutor.java:324)
	at org.apache.ibatis.executor.BaseExecutor.query(BaseExecutor.java:156)
	at org.apache.ibatis.executor.CachingExecutor.query(CachingExecutor.java:109)
	at org.apache.ibatis.executor.CachingExecutor.query(CachingExecutor.java:83)
	at org.apache.ibatis.session.defaults.DefaultSqlSession.selectList(DefaultSqlSession.java:147)
	at org.apache.ibatis.session.defaults.DefaultSqlSession.selectList(DefaultSqlSession.java:140)
	at sun.reflect.GeneratedMethodAccessor1287.invoke(Unknown Source)
	at sun.reflect.DelegatingMethodAccessorImpl.invoke(DelegatingMethodAccessorImpl.java:43)
	at java.lang.reflect.Method.invoke(Method.java:498)
	at org.mybatis.spring.SqlSessionTemplate$SqlSessionInterceptor.invoke(SqlSessionTemplate.java:426)
	at com.sun.proxy.$Proxy366.selectList(Unknown Source)
	at org.mybatis.spring.SqlSessionTemplate.selectList(SqlSessionTemplate.java:223)
	at org.apache.ibatis.binding.MapperMethod.executeForMany(MapperMethod.java:147)
	at org.apache.ibatis.binding.MapperMethod.execute(MapperMethod.java:80)
	at org.apache.ibatis.binding.MapperProxy.invoke(MapperProxy.java:57)
	at com.sun.proxy.$Proxy370.getList(Unknown Source)
	at com.daejist.login.service.MesuringServiceImp.getList(MesuringServiceImp.java:29)
	at com.daejist.login.controller.LoginController.InspectionGrid(LoginController.java:180)
	at sun.reflect.GeneratedMethodAccessor1307.invoke(Unknown Source)
	at sun.reflect.DelegatingMethodAccessorImpl.invoke(DelegatingMethodAccessorImpl.java:43)
	at java.lang.reflect.Method.invoke(Method.java:498)
	at org.springframework.web.method.support.InvocableHandlerMethod.doInvoke(InvocableHandlerMethod.java:190)
	at org.springframework.web.method.support.InvocableHandlerMethod.invokeForRequest(InvocableHandlerMethod.java:138)
	at org.springframework.web.servlet.mvc.method.annotation.ServletInvocableHandlerMethod.invokeAndHandle(ServletInvocableHandlerMethod.java:104)
	at org.springframework.web.servlet.mvc.method.annotation.RequestMappingHandlerAdapter.invokeHandlerMethod(RequestMappingHandlerAdapter.java:892)
	at org.springframework.web.servlet.mvc.method.annotation.RequestMappingHandlerAdapter.handleInternal(RequestMappingHandlerAdapter.java:797)
	at org.springframework.web.servlet.mvc.method.AbstractHandlerMethodAdapter.handle(AbstractHandlerMethodAdapter.java:87)
	at org.springframework.web.servlet.DispatcherServlet.doDispatch(DispatcherServlet.java:1039)
	at org.springframework.web.servlet.DispatcherServlet.doService(DispatcherServlet.java:942)
	at org.springframework.web.servlet.FrameworkServlet.processRequest(FrameworkServlet.java:1005)
	at org.springframework.web.servlet.FrameworkServlet.doGet(FrameworkServlet.java:897)
	at javax.servlet.http.HttpServlet.service(HttpServlet.java:622)
	at org.springframework.web.servlet.FrameworkServlet.service(FrameworkServlet.java:882)
	at javax.servlet.http.HttpServlet.service(HttpServlet.java:729)
	at org.apache.catalina.core.ApplicationFilterChain.internalDoFilter(ApplicationFilterChain.java:292)
	at org.apache.catalina.core.ApplicationFilterChain.doFilter(ApplicationFilterChain.java:207)
	at org.apache.tomcat.websocket.server.WsFilter.doFilter(WsFilter.java:52)
	at org.apache.catalina.core.ApplicationFilterChain.internalDoFilter(ApplicationFilterChain.java:240)
	at org.apache.catalina.core.ApplicationFilterChain.doFilter(ApplicationFilterChain.java:207)
	at org.springframework.web.filter.CharacterEncodingFilter.doFilterInternal(CharacterEncodingFilter.java:200)
	at org.springframework.web.filter.OncePerRequestFilter.doFilter(OncePerRequestFilter.java:118)
	at org.apache.catalina.core.ApplicationFilterChain.internalDoFilter(ApplicationFilterChain.java:240)
	at org.apache.catalina.core.ApplicationFilterChain.doFilter(ApplicationFilterChain.java:207)
	at org.apache.catalina.core.StandardWrapperValve.invoke(StandardWrapperValve.java:212)
	at org.apache.catalina.core.StandardContextValve.invoke(StandardContextValve.java:94)
	at org.apache.catalina.core.StandardHostValve.invoke(StandardHostValve.java:141)
	at org.apache.catalina.valves.ErrorReportValve.invoke(ErrorReportValve.java:79)
	at org.apache.catalina.core.StandardEngineValve.invoke(StandardEngineValve.java:88)
	at org.apache.catalina.connector.CoyoteAdapter.service(CoyoteAdapter.java:502)
	at org.apache.coyote.http11.AbstractHttp11Processor.process(AbstractHttp11Processor.java:1132)
	at org.apache.coyote.AbstractProtocol$AbstractConnectionHandler.process(AbstractProtocol.java:684)
	at org.apache.tomcat.util.net.NioEndpoint$SocketProcessor.doRun(NioEndpoint.java:1539)
	at org.apache.tomcat.util.net.NioEndpoint$SocketProcessor.run(NioEndpoint.java:1495)
	at java.util.concurrent.ThreadPoolExecutor.runWorker(ThreadPoolExecutor.java:1142)
	at java.util.concurrent.ThreadPoolExecutor$Worker.run(ThreadPoolExecutor.java:617)
	at org.apache.tomcat.util.threads.TaskThread$WrappingRunnable.run(TaskThread.java:61)
	at java.lang.Thread.run(Thread.java:745)

28-Aug-2023 15:15:26.993 심각 [http-nio-8855-exec-323] org.apache.catalina.core.StandardWrapperValve.invoke Servlet.service() for servlet [appServlet] in context with path [] threw exception [Request processing failed; nested exception is org.mybatis.spring.MyBatisSystemException: nested exception is org.apache.ibatis.exceptions.PersistenceException: 
### Error querying database.  Cause: org.springframework.jdbc.CannotGetJdbcConnectionException: Failed to obtain JDBC Connection; nested exception is com.microsoft.sqlserver.jdbc.SQLServerException: 호스트 61.32.101.234, 포트 1433에 대한 TCP/IP 연결에 실패했습니다. 오류: "connect timed out. 연결 속성을 확인하십시오. SQL Server의 인스턴스가 호스트에서 실행되고 있고 포트에서 TCP/IP 연결을 허용하고 있는지 확인하십시오. 또한 방화벽에서 포트로의 TCP 연결을 차단하지 않는지 확인하십시오.".
### The error may exist in com/daejist/login/mapper/LoginMapper.xml
### The error may involve com.daejist.login.mapper.LoginMapper.checkUserWithSessionKey
### The error occurred while executing a query
### Cause: org.springframework.jdbc.CannotGetJdbcConnectionException: Failed to obtain JDBC Connection; nested exception is com.microsoft.sqlserver.jdbc.SQLServerException: 호스트 61.32.101.234, 포트 1433에 대한 TCP/IP 연결에 실패했습니다. 오류: "connect timed out. 연결 속성을 확인하십시오. SQL Server의 인스턴스가 호스트에서 실행되고 있고 포트에서 TCP/IP 연결을 허용하고 있는지 확인하십시오. 또한 방화벽에서 포트로의 TCP 연결을 차단하지 않는지 확인하십시오.".] with root cause
 com.microsoft.sqlserver.jdbc.SQLServerException: 호스트 61.32.101.234, 포트 1433에 대한 TCP/IP 연결에 실패했습니다. 오류: "connect timed out. 연결 속성을 확인하십시오. SQL Server의 인스턴스가 호스트에서 실행되고 있고 포트에서 TCP/IP 연결을 허용하고 있는지 확인하십시오. 또한 방화벽에서 포트로의 TCP 연결을 차단하지 않는지 확인하십시오.".
	at com.microsoft.sqlserver.jdbc.SQLServerException.makeFromDriverError(SQLServerException.java:234)
	at com.microsoft.sqlserver.jdbc.SQLServerException.ConvertConnectExceptionToSQLServerException(SQLServerException.java:285)
	at com.microsoft.sqlserver.jdbc.SocketFinder.findSocket(IOBuffer.java:2462)
	at com.microsoft.sqlserver.jdbc.TDSChannel.open(IOBuffer.java:668)
	at com.microsoft.sqlserver.jdbc.SQLServerConnection.connectHelper(SQLServerConnection.java:2695)
	at com.microsoft.sqlserver.jdbc.SQLServerConnection.login(SQLServerConnection.java:2362)
	at com.microsoft.sqlserver.jdbc.SQLServerConnection.connectInternal(SQLServerConnection.java:2213)
	at com.microsoft.sqlserver.jdbc.SQLServerConnection.connect(SQLServerConnection.java:1276)
	at com.microsoft.sqlserver.jdbc.SQLServerDriver.connect(SQLServerDriver.java:861)
	at org.apache.commons.dbcp.DriverConnectionFactory.createConnection(DriverConnectionFactory.java:38)
	at org.apache.commons.dbcp.PoolableConnectionFactory.makeObject(PoolableConnectionFactory.java:582)
	at org.apache.commons.pool.impl.GenericObjectPool.borrowObject(GenericObjectPool.java:1148)
	at org.apache.commons.dbcp.PoolingDataSource.getConnection(PoolingDataSource.java:106)
	at org.apache.commons.dbcp.BasicDataSource.getConnection(BasicDataSource.java:1044)
	at org.springframework.jdbc.datasource.DataSourceUtils.fetchConnection(DataSourceUtils.java:157)
	at org.springframework.jdbc.datasource.DataSourceUtils.doGetConnection(DataSourceUtils.java:115)
	at org.springframework.jdbc.datasource.DataSourceUtils.getConnection(DataSourceUtils.java:78)
	at org.mybatis.spring.transaction.SpringManagedTransaction.openConnection(SpringManagedTransaction.java:80)
	at org.mybatis.spring.transaction.SpringManagedTransaction.getConnection(SpringManagedTransaction.java:67)
	at org.apache.ibatis.executor.BaseExecutor.getConnection(BaseExecutor.java:336)
	at org.apache.ibatis.executor.SimpleExecutor.prepareStatement(SimpleExecutor.java:85)
	at org.apache.ibatis.executor.SimpleExecutor.doQuery(SimpleExecutor.java:62)
	at org.apache.ibatis.executor.BaseExecutor.queryFromDatabase(BaseExecutor.java:324)
	at org.apache.ibatis.executor.BaseExecutor.query(BaseExecutor.java:156)
	at org.apache.ibatis.executor.CachingExecutor.query(CachingExecutor.java:109)
	at org.apache.ibatis.executor.CachingExecutor.query(CachingExecutor.java:83)
	at org.apache.ibatis.session.defaults.DefaultSqlSession.selectList(DefaultSqlSession.java:147)
	at org.apache.ibatis.session.defaults.DefaultSqlSession.selectList(DefaultSqlSession.java:140)
	at org.apache.ibatis.session.defaults.DefaultSqlSession.selectOne(DefaultSqlSession.java:76)
	at sun.reflect.GeneratedMethodAccessor1266.invoke(Unknown Source)
	at sun.reflect.DelegatingMethodAccessorImpl.invoke(DelegatingMethodAccessorImpl.java:43)
	at java.lang.reflect.Method.invoke(Method.java:498)
	at org.mybatis.spring.SqlSessionTemplate$SqlSessionInterceptor.invoke(SqlSessionTemplate.java:426)
	at com.sun.proxy.$Proxy366.selectOne(Unknown Source)
	at org.mybatis.spring.SqlSessionTemplate.selectOne(SqlSessionTemplate.java:159)
	at org.apache.ibatis.binding.MapperMethod.execute(MapperMethod.java:87)
	at org.apache.ibatis.binding.MapperProxy.invoke(MapperProxy.java:57)
	at com.sun.proxy.$Proxy368.checkUserWithSessionKey(Unknown Source)
	at com.daejist.login.service.LoginServiceImp.checkUserWithSessionKey(LoginServiceImp.java:84)
	at com.daejist.login.controller.LoginController.login(LoginController.java:75)
	at sun.reflect.GeneratedMethodAccessor1343.invoke(Unknown Source)
	at sun.reflect.DelegatingMethodAccessorImpl.invoke(DelegatingMethodAccessorImpl.java:43)
	at java.lang.reflect.Method.invoke(Method.java:498)
	at org.springframework.web.method.support.InvocableHandlerMethod.doInvoke(InvocableHandlerMethod.java:190)
	at org.springframework.web.method.support.InvocableHandlerMethod.invokeForRequest(InvocableHandlerMethod.java:138)
	at org.springframework.web.servlet.mvc.method.annotation.ServletInvocableHandlerMethod.invokeAndHandle(ServletInvocableHandlerMethod.java:104)
	at org.springframework.web.servlet.mvc.method.annotation.RequestMappingHandlerAdapter.invokeHandlerMethod(RequestMappingHandlerAdapter.java:892)
	at org.springframework.web.servlet.mvc.method.annotation.RequestMappingHandlerAdapter.handleInternal(RequestMappingHandlerAdapter.java:797)
	at org.springframework.web.servlet.mvc.method.AbstractHandlerMethodAdapter.handle(AbstractHandlerMethodAdapter.java:87)
	at org.springframework.web.servlet.DispatcherServlet.doDispatch(DispatcherServlet.java:1039)
	at org.springframework.web.servlet.DispatcherServlet.doService(DispatcherServlet.java:942)
	at org.springframework.web.servlet.FrameworkServlet.processRequest(FrameworkServlet.java:1005)
	at org.springframework.web.servlet.FrameworkServlet.doGet(FrameworkServlet.java:897)
	at javax.servlet.http.HttpServlet.service(HttpServlet.java:622)
	at org.springframework.web.servlet.FrameworkServlet.service(FrameworkServlet.java:882)
	at javax.servlet.http.HttpServlet.service(HttpServlet.java:729)
	at org.apache.catalina.core.ApplicationFilterChain.internalDoFilter(ApplicationFilterChain.java:292)
	at org.apache.catalina.core.ApplicationFilterChain.doFilter(ApplicationFilterChain.java:207)
	at org.apache.tomcat.websocket.server.WsFilter.doFilter(WsFilter.java:52)
	at org.apache.catalina.core.ApplicationFilterChain.internalDoFilter(ApplicationFilterChain.java:240)
	at org.apache.catalina.core.ApplicationFilterChain.doFilter(ApplicationFilterChain.java:207)
	at org.springframework.web.filter.CharacterEncodingFilter.doFilterInternal(CharacterEncodingFilter.java:200)
	at org.springframework.web.filter.OncePerRequestFilter.doFilter(OncePerRequestFilter.java:118)
	at org.apache.catalina.core.ApplicationFilterChain.internalDoFilter(ApplicationFilterChain.java:240)
	at org.apache.catalina.core.ApplicationFilterChain.doFilter(ApplicationFilterChain.java:207)
	at org.apache.catalina.core.StandardWrapperValve.invoke(StandardWrapperValve.java:212)
	at org.apache.catalina.core.StandardContextValve.invoke(StandardContextValve.java:94)
	at org.apache.catalina.core.StandardHostValve.invoke(StandardHostValve.java:141)
	at org.apache.catalina.valves.ErrorReportValve.invoke(ErrorReportValve.java:79)
	at org.apache.catalina.core.StandardEngineValve.invoke(StandardEngineValve.java:88)
	at org.apache.catalina.connector.CoyoteAdapter.service(CoyoteAdapter.java:502)
	at org.apache.coyote.http11.AbstractHttp11Processor.process(AbstractHttp11Processor.java:1132)
	at org.apache.coyote.AbstractProtocol$AbstractConnectionHandler.process(AbstractProtocol.java:684)
	at org.apache.tomcat.util.net.NioEndpoint$SocketProcessor.doRun(NioEndpoint.java:1539)
	at org.apache.tomcat.util.net.NioEndpoint$SocketProcessor.run(NioEndpoint.java:1495)
	at java.util.concurrent.ThreadPoolExecutor.runWorker(ThreadPoolExecutor.java:1142)
	at java.util.concurrent.ThreadPoolExecutor$Worker.run(ThreadPoolExecutor.java:617)
	at org.apache.tomcat.util.threads.TaskThread$WrappingRunnable.run(TaskThread.java:61)
	at java.lang.Thread.run(Thread.java:745)

28-Aug-2023 15:18:58.159 심각 [http-nio-8855-exec-320] org.apache.catalina.core.StandardWrapperValve.invoke Servlet.service() for servlet [appServlet] in context with path [] threw exception [Request processing failed; nested exception is org.mybatis.spring.MyBatisSystemException: nested exception is org.apache.ibatis.exceptions.PersistenceException: 
### Error querying database.  Cause: org.springframework.jdbc.CannotGetJdbcConnectionException: Failed to obtain JDBC Connection; nested exception is com.microsoft.sqlserver.jdbc.SQLServerException: 호스트 61.32.101.234, 포트 1433에 대한 TCP/IP 연결에 실패했습니다. 오류: "connect timed out. 연결 속성을 확인하십시오. SQL Server의 인스턴스가 호스트에서 실행되고 있고 포트에서 TCP/IP 연결을 허용하고 있는지 확인하십시오. 또한 방화벽에서 포트로의 TCP 연결을 차단하지 않는지 확인하십시오.".
### The error may exist in com/daejist/login/mapper/LoginMapper.xml
### The error may involve com.daejist.login.mapper.LoginMapper.checkUserWithSessionKey
### The error occurred while executing a query
### Cause: org.springframework.jdbc.CannotGetJdbcConnectionException: Failed to obtain JDBC Connection; nested exception is com.microsoft.sqlserver.jdbc.SQLServerException: 호스트 61.32.101.234, 포트 1433에 대한 TCP/IP 연결에 실패했습니다. 오류: "connect timed out. 연결 속성을 확인하십시오. SQL Server의 인스턴스가 호스트에서 실행되고 있고 포트에서 TCP/IP 연결을 허용하고 있는지 확인하십시오. 또한 방화벽에서 포트로의 TCP 연결을 차단하지 않는지 확인하십시오.".] with root cause
 com.microsoft.sqlserver.jdbc.SQLServerException: 호스트 61.32.101.234, 포트 1433에 대한 TCP/IP 연결에 실패했습니다. 오류: "connect timed out. 연결 속성을 확인하십시오. SQL Server의 인스턴스가 호스트에서 실행되고 있고 포트에서 TCP/IP 연결을 허용하고 있는지 확인하십시오. 또한 방화벽에서 포트로의 TCP 연결을 차단하지 않는지 확인하십시오.".
	at com.microsoft.sqlserver.jdbc.SQLServerException.makeFromDriverError(SQLServerException.java:234)
	at com.microsoft.sqlserver.jdbc.SQLServerException.ConvertConnectExceptionToSQLServerException(SQLServerException.java:285)
	at com.microsoft.sqlserver.jdbc.SocketFinder.findSocket(IOBuffer.java:2462)
	at com.microsoft.sqlserver.jdbc.TDSChannel.open(IOBuffer.java:668)
	at com.microsoft.sqlserver.jdbc.SQLServerConnection.connectHelper(SQLServerConnection.java:2695)
	at com.microsoft.sqlserver.jdbc.SQLServerConnection.login(SQLServerConnection.java:2362)
	at com.microsoft.sqlserver.jdbc.SQLServerConnection.connectInternal(SQLServerConnection.java:2213)
	at com.microsoft.sqlserver.jdbc.SQLServerConnection.connect(SQLServerConnection.java:1276)
	at com.microsoft.sqlserver.jdbc.SQLServerDriver.connect(SQLServerDriver.java:861)
	at org.apache.commons.dbcp.DriverConnectionFactory.createConnection(DriverConnectionFactory.java:38)
	at org.apache.commons.dbcp.PoolableConnectionFactory.makeObject(PoolableConnectionFactory.java:582)
	at org.apache.commons.pool.impl.GenericObjectPool.borrowObject(GenericObjectPool.java:1148)
	at org.apache.commons.dbcp.PoolingDataSource.getConnection(PoolingDataSource.java:106)
	at org.apache.commons.dbcp.BasicDataSource.getConnection(BasicDataSource.java:1044)
	at org.springframework.jdbc.datasource.DataSourceUtils.fetchConnection(DataSourceUtils.java:157)
	at org.springframework.jdbc.datasource.DataSourceUtils.doGetConnection(DataSourceUtils.java:115)
	at org.springframework.jdbc.datasource.DataSourceUtils.getConnection(DataSourceUtils.java:78)
	at org.mybatis.spring.transaction.SpringManagedTransaction.openConnection(SpringManagedTransaction.java:80)
	at org.mybatis.spring.transaction.SpringManagedTransaction.getConnection(SpringManagedTransaction.java:67)
	at org.apache.ibatis.executor.BaseExecutor.getConnection(BaseExecutor.java:336)
	at org.apache.ibatis.executor.SimpleExecutor.prepareStatement(SimpleExecutor.java:85)
	at org.apache.ibatis.executor.SimpleExecutor.doQuery(SimpleExecutor.java:62)
	at org.apache.ibatis.executor.BaseExecutor.queryFromDatabase(BaseExecutor.java:324)
	at org.apache.ibatis.executor.BaseExecutor.query(BaseExecutor.java:156)
	at org.apache.ibatis.executor.CachingExecutor.query(CachingExecutor.java:109)
	at org.apache.ibatis.executor.CachingExecutor.query(CachingExecutor.java:83)
	at org.apache.ibatis.session.defaults.DefaultSqlSession.selectList(DefaultSqlSession.java:147)
	at org.apache.ibatis.session.defaults.DefaultSqlSession.selectList(DefaultSqlSession.java:140)
	at org.apache.ibatis.session.defaults.DefaultSqlSession.selectOne(DefaultSqlSession.java:76)
	at sun.reflect.GeneratedMethodAccessor1266.invoke(Unknown Source)
	at sun.reflect.DelegatingMethodAccessorImpl.invoke(DelegatingMethodAccessorImpl.java:43)
	at java.lang.reflect.Method.invoke(Method.java:498)
	at org.mybatis.spring.SqlSessionTemplate$SqlSessionInterceptor.invoke(SqlSessionTemplate.java:426)
	at com.sun.proxy.$Proxy366.selectOne(Unknown Source)
	at org.mybatis.spring.SqlSessionTemplate.selectOne(SqlSessionTemplate.java:159)
	at org.apache.ibatis.binding.MapperMethod.execute(MapperMethod.java:87)
	at org.apache.ibatis.binding.MapperProxy.invoke(MapperProxy.java:57)
	at com.sun.proxy.$Proxy368.checkUserWithSessionKey(Unknown Source)
	at com.daejist.login.service.LoginServiceImp.checkUserWithSessionKey(LoginServiceImp.java:84)
	at com.daejist.login.controller.LoginController.login(LoginController.java:75)
	at sun.reflect.GeneratedMethodAccessor1343.invoke(Unknown Source)
	at sun.reflect.DelegatingMethodAccessorImpl.invoke(DelegatingMethodAccessorImpl.java:43)
	at java.lang.reflect.Method.invoke(Method.java:498)
	at org.springframework.web.method.support.InvocableHandlerMethod.doInvoke(InvocableHandlerMethod.java:190)
	at org.springframework.web.method.support.InvocableHandlerMethod.invokeForRequest(InvocableHandlerMethod.java:138)
	at org.springframework.web.servlet.mvc.method.annotation.ServletInvocableHandlerMethod.invokeAndHandle(ServletInvocableHandlerMethod.java:104)
	at org.springframework.web.servlet.mvc.method.annotation.RequestMappingHandlerAdapter.invokeHandlerMethod(RequestMappingHandlerAdapter.java:892)
	at org.springframework.web.servlet.mvc.method.annotation.RequestMappingHandlerAdapter.handleInternal(RequestMappingHandlerAdapter.java:797)
	at org.springframework.web.servlet.mvc.method.AbstractHandlerMethodAdapter.handle(AbstractHandlerMethodAdapter.java:87)
	at org.springframework.web.servlet.DispatcherServlet.doDispatch(DispatcherServlet.java:1039)
	at org.springframework.web.servlet.DispatcherServlet.doService(DispatcherServlet.java:942)
	at org.springframework.web.servlet.FrameworkServlet.processRequest(FrameworkServlet.java:1005)
	at org.springframework.web.servlet.FrameworkServlet.doGet(FrameworkServlet.java:897)
	at javax.servlet.http.HttpServlet.service(HttpServlet.java:622)
	at org.springframework.web.servlet.FrameworkServlet.service(FrameworkServlet.java:882)
	at javax.servlet.http.HttpServlet.service(HttpServlet.java:729)
	at org.apache.catalina.core.ApplicationFilterChain.internalDoFilter(ApplicationFilterChain.java:292)
	at org.apache.catalina.core.ApplicationFilterChain.doFilter(ApplicationFilterChain.java:207)
	at org.apache.tomcat.websocket.server.WsFilter.doFilter(WsFilter.java:52)
	at org.apache.catalina.core.ApplicationFilterChain.internalDoFilter(ApplicationFilterChain.java:240)
	at org.apache.catalina.core.ApplicationFilterChain.doFilter(ApplicationFilterChain.java:207)
	at org.springframework.web.filter.CharacterEncodingFilter.doFilterInternal(CharacterEncodingFilter.java:200)
	at org.springframework.web.filter.OncePerRequestFilter.doFilter(OncePerRequestFilter.java:118)
	at org.apache.catalina.core.ApplicationFilterChain.internalDoFilter(ApplicationFilterChain.java:240)
	at org.apache.catalina.core.ApplicationFilterChain.doFilter(ApplicationFilterChain.java:207)
	at org.apache.catalina.core.StandardWrapperValve.invoke(StandardWrapperValve.java:212)
	at org.apache.catalina.core.StandardContextValve.invoke(StandardContextValve.java:94)
	at org.apache.catalina.core.StandardHostValve.invoke(StandardHostValve.java:141)
	at org.apache.catalina.valves.ErrorReportValve.invoke(ErrorReportValve.java:79)
	at org.apache.catalina.core.StandardEngineValve.invoke(StandardEngineValve.java:88)
	at org.apache.catalina.connector.CoyoteAdapter.service(CoyoteAdapter.java:502)
	at org.apache.coyote.http11.AbstractHttp11Processor.process(AbstractHttp11Processor.java:1132)
	at org.apache.coyote.AbstractProtocol$AbstractConnectionHandler.process(AbstractProtocol.java:684)
	at org.apache.tomcat.util.net.NioEndpoint$SocketProcessor.doRun(NioEndpoint.java:1539)
	at org.apache.tomcat.util.net.NioEndpoint$SocketProcessor.run(NioEndpoint.java:1495)
	at java.util.concurrent.ThreadPoolExecutor.runWorker(ThreadPoolExecutor.java:1142)
	at java.util.concurrent.ThreadPoolExecutor$Worker.run(ThreadPoolExecutor.java:617)
	at org.apache.tomcat.util.threads.TaskThread$WrappingRunnable.run(TaskThread.java:61)
	at java.lang.Thread.run(Thread.java:745)

28-Aug-2023 15:25:54.553 심각 [http-nio-8855-exec-310] org.apache.catalina.core.StandardWrapperValve.invoke Servlet.service() for servlet [appServlet] in context with path [] threw exception [Request processing failed; nested exception is org.mybatis.spring.MyBatisSystemException: nested exception is org.apache.ibatis.exceptions.PersistenceException: 
### Error querying database.  Cause: org.springframework.jdbc.CannotGetJdbcConnectionException: Failed to obtain JDBC Connection; nested exception is com.microsoft.sqlserver.jdbc.SQLServerException: 호스트 61.32.101.234, 포트 1433에 대한 TCP/IP 연결에 실패했습니다. 오류: "connect timed out. 연결 속성을 확인하십시오. SQL Server의 인스턴스가 호스트에서 실행되고 있고 포트에서 TCP/IP 연결을 허용하고 있는지 확인하십시오. 또한 방화벽에서 포트로의 TCP 연결을 차단하지 않는지 확인하십시오.".
### The error may exist in com/daejist/login/mapper/LoginMapper.xml
### The error may involve com.daejist.login.mapper.LoginMapper.checkUserWithSessionKey
### The error occurred while executing a query
### Cause: org.springframework.jdbc.CannotGetJdbcConnectionException: Failed to obtain JDBC Connection; nested exception is com.microsoft.sqlserver.jdbc.SQLServerException: 호스트 61.32.101.234, 포트 1433에 대한 TCP/IP 연결에 실패했습니다. 오류: "connect timed out. 연결 속성을 확인하십시오. SQL Server의 인스턴스가 호스트에서 실행되고 있고 포트에서 TCP/IP 연결을 허용하고 있는지 확인하십시오. 또한 방화벽에서 포트로의 TCP 연결을 차단하지 않는지 확인하십시오.".] with root cause
 com.microsoft.sqlserver.jdbc.SQLServerException: 호스트 61.32.101.234, 포트 1433에 대한 TCP/IP 연결에 실패했습니다. 오류: "connect timed out. 연결 속성을 확인하십시오. SQL Server의 인스턴스가 호스트에서 실행되고 있고 포트에서 TCP/IP 연결을 허용하고 있는지 확인하십시오. 또한 방화벽에서 포트로의 TCP 연결을 차단하지 않는지 확인하십시오.".
	at com.microsoft.sqlserver.jdbc.SQLServerException.makeFromDriverError(SQLServerException.java:234)
	at com.microsoft.sqlserver.jdbc.SQLServerException.ConvertConnectExceptionToSQLServerException(SQLServerException.java:285)
	at com.microsoft.sqlserver.jdbc.SocketFinder.findSocket(IOBuffer.java:2462)
	at com.microsoft.sqlserver.jdbc.TDSChannel.open(IOBuffer.java:668)
	at com.microsoft.sqlserver.jdbc.SQLServerConnection.connectHelper(SQLServerConnection.java:2695)
	at com.microsoft.sqlserver.jdbc.SQLServerConnection.login(SQLServerConnection.java:2362)
	at com.microsoft.sqlserver.jdbc.SQLServerConnection.connectInternal(SQLServerConnection.java:2213)
	at com.microsoft.sqlserver.jdbc.SQLServerConnection.connect(SQLServerConnection.java:1276)
	at com.microsoft.sqlserver.jdbc.SQLServerDriver.connect(SQLServerDriver.java:861)
	at org.apache.commons.dbcp.DriverConnectionFactory.createConnection(DriverConnectionFactory.java:38)
	at org.apache.commons.dbcp.PoolableConnectionFactory.makeObject(PoolableConnectionFactory.java:582)
	at org.apache.commons.pool.impl.GenericObjectPool.borrowObject(GenericObjectPool.java:1148)
	at org.apache.commons.dbcp.PoolingDataSource.getConnection(PoolingDataSource.java:106)
	at org.apache.commons.dbcp.BasicDataSource.getConnection(BasicDataSource.java:1044)
	at org.springframework.jdbc.datasource.DataSourceUtils.fetchConnection(DataSourceUtils.java:157)
	at org.springframework.jdbc.datasource.DataSourceUtils.doGetConnection(DataSourceUtils.java:115)
	at org.springframework.jdbc.datasource.DataSourceUtils.getConnection(DataSourceUtils.java:78)
	at org.mybatis.spring.transaction.SpringManagedTransaction.openConnection(SpringManagedTransaction.java:80)
	at org.mybatis.spring.transaction.SpringManagedTransaction.getConnection(SpringManagedTransaction.java:67)
	at org.apache.ibatis.executor.BaseExecutor.getConnection(BaseExecutor.java:336)
	at org.apache.ibatis.executor.SimpleExecutor.prepareStatement(SimpleExecutor.java:85)
	at org.apache.ibatis.executor.SimpleExecutor.doQuery(SimpleExecutor.java:62)
	at org.apache.ibatis.executor.BaseExecutor.queryFromDatabase(BaseExecutor.java:324)
	at org.apache.ibatis.executor.BaseExecutor.query(BaseExecutor.java:156)
	at org.apache.ibatis.executor.CachingExecutor.query(CachingExecutor.java:109)
	at org.apache.ibatis.executor.CachingExecutor.query(CachingExecutor.java:83)
	at org.apache.ibatis.session.defaults.DefaultSqlSession.selectList(DefaultSqlSession.java:147)
	at org.apache.ibatis.session.defaults.DefaultSqlSession.selectList(DefaultSqlSession.java:140)
	at org.apache.ibatis.session.defaults.DefaultSqlSession.selectOne(DefaultSqlSession.java:76)
	at sun.reflect.GeneratedMethodAccessor1266.invoke(Unknown Source)
	at sun.reflect.DelegatingMethodAccessorImpl.invoke(DelegatingMethodAccessorImpl.java:43)
	at java.lang.reflect.Method.invoke(Method.java:498)
	at org.mybatis.spring.SqlSessionTemplate$SqlSessionInterceptor.invoke(SqlSessionTemplate.java:426)
	at com.sun.proxy.$Proxy366.selectOne(Unknown Source)
	at org.mybatis.spring.SqlSessionTemplate.selectOne(SqlSessionTemplate.java:159)
	at org.apache.ibatis.binding.MapperMethod.execute(MapperMethod.java:87)
	at org.apache.ibatis.binding.MapperProxy.invoke(MapperProxy.java:57)
	at com.sun.proxy.$Proxy368.checkUserWithSessionKey(Unknown Source)
	at com.daejist.login.service.LoginServiceImp.checkUserWithSessionKey(LoginServiceImp.java:84)
	at com.daejist.login.controller.LoginController.login(LoginController.java:75)
	at sun.reflect.GeneratedMethodAccessor1343.invoke(Unknown Source)
	at sun.reflect.DelegatingMethodAccessorImpl.invoke(DelegatingMethodAccessorImpl.java:43)
	at java.lang.reflect.Method.invoke(Method.java:498)
	at org.springframework.web.method.support.InvocableHandlerMethod.doInvoke(InvocableHandlerMethod.java:190)
	at org.springframework.web.method.support.InvocableHandlerMethod.invokeForRequest(InvocableHandlerMethod.java:138)
	at org.springframework.web.servlet.mvc.method.annotation.ServletInvocableHandlerMethod.invokeAndHandle(ServletInvocableHandlerMethod.java:104)
	at org.springframework.web.servlet.mvc.method.annotation.RequestMappingHandlerAdapter.invokeHandlerMethod(RequestMappingHandlerAdapter.java:892)
	at org.springframework.web.servlet.mvc.method.annotation.RequestMappingHandlerAdapter.handleInternal(RequestMappingHandlerAdapter.java:797)
	at org.springframework.web.servlet.mvc.method.AbstractHandlerMethodAdapter.handle(AbstractHandlerMethodAdapter.java:87)
	at org.springframework.web.servlet.DispatcherServlet.doDispatch(DispatcherServlet.java:1039)
	at org.springframework.web.servlet.DispatcherServlet.doService(DispatcherServlet.java:942)
	at org.springframework.web.servlet.FrameworkServlet.processRequest(FrameworkServlet.java:1005)
	at org.springframework.web.servlet.FrameworkServlet.doGet(FrameworkServlet.java:897)
	at javax.servlet.http.HttpServlet.service(HttpServlet.java:622)
	at org.springframework.web.servlet.FrameworkServlet.service(FrameworkServlet.java:882)
	at javax.servlet.http.HttpServlet.service(HttpServlet.java:729)
	at org.apache.catalina.core.ApplicationFilterChain.internalDoFilter(ApplicationFilterChain.java:292)
	at org.apache.catalina.core.ApplicationFilterChain.doFilter(ApplicationFilterChain.java:207)
	at org.apache.tomcat.websocket.server.WsFilter.doFilter(WsFilter.java:52)
	at org.apache.catalina.core.ApplicationFilterChain.internalDoFilter(ApplicationFilterChain.java:240)
	at org.apache.catalina.core.ApplicationFilterChain.doFilter(ApplicationFilterChain.java:207)
	at org.springframework.web.filter.CharacterEncodingFilter.doFilterInternal(CharacterEncodingFilter.java:200)
	at org.springframework.web.filter.OncePerRequestFilter.doFilter(OncePerRequestFilter.java:118)
	at org.apache.catalina.core.ApplicationFilterChain.internalDoFilter(ApplicationFilterChain.java:240)
	at org.apache.catalina.core.ApplicationFilterChain.doFilter(ApplicationFilterChain.java:207)
	at org.apache.catalina.core.StandardWrapperValve.invoke(StandardWrapperValve.java:212)
	at org.apache.catalina.core.StandardContextValve.invoke(StandardContextValve.java:94)
	at org.apache.catalina.core.StandardHostValve.invoke(StandardHostValve.java:141)
	at org.apache.catalina.valves.ErrorReportValve.invoke(ErrorReportValve.java:79)
	at org.apache.catalina.core.StandardEngineValve.invoke(StandardEngineValve.java:88)
	at org.apache.catalina.connector.CoyoteAdapter.service(CoyoteAdapter.java:502)
	at org.apache.coyote.http11.AbstractHttp11Processor.process(AbstractHttp11Processor.java:1132)
	at org.apache.coyote.AbstractProtocol$AbstractConnectionHandler.process(AbstractProtocol.java:684)
	at org.apache.tomcat.util.net.NioEndpoint$SocketProcessor.doRun(NioEndpoint.java:1539)
	at org.apache.tomcat.util.net.NioEndpoint$SocketProcessor.run(NioEndpoint.java:1495)
	at java.util.concurrent.ThreadPoolExecutor.runWorker(ThreadPoolExecutor.java:1142)
	at java.util.concurrent.ThreadPoolExecutor$Worker.run(ThreadPoolExecutor.java:617)
	at org.apache.tomcat.util.threads.TaskThread$WrappingRunnable.run(TaskThread.java:61)
	at java.lang.Thread.run(Thread.java:745)

28-Aug-2023 15:28:39.497 심각 [http-nio-8855-exec-324] org.apache.catalina.core.StandardWrapperValve.invoke Servlet.service() for servlet [appServlet] in context with path [] threw exception [Request processing failed; nested exception is org.mybatis.spring.MyBatisSystemException: nested exception is org.apache.ibatis.exceptions.PersistenceException: 
### Error querying database.  Cause: org.springframework.jdbc.CannotGetJdbcConnectionException: Failed to obtain JDBC Connection; nested exception is com.microsoft.sqlserver.jdbc.SQLServerException: 호스트 61.32.101.234, 포트 1433에 대한 TCP/IP 연결에 실패했습니다. 오류: "connect timed out. 연결 속성을 확인하십시오. SQL Server의 인스턴스가 호스트에서 실행되고 있고 포트에서 TCP/IP 연결을 허용하고 있는지 확인하십시오. 또한 방화벽에서 포트로의 TCP 연결을 차단하지 않는지 확인하십시오.".
### The error may exist in com/daejist/login/mapper/LoginMapper.xml
### The error may involve com.daejist.login.mapper.LoginMapper.checkUserWithSessionKey
### The error occurred while executing a query
### Cause: org.springframework.jdbc.CannotGetJdbcConnectionException: Failed to obtain JDBC Connection; nested exception is com.microsoft.sqlserver.jdbc.SQLServerException: 호스트 61.32.101.234, 포트 1433에 대한 TCP/IP 연결에 실패했습니다. 오류: "connect timed out. 연결 속성을 확인하십시오. SQL Server의 인스턴스가 호스트에서 실행되고 있고 포트에서 TCP/IP 연결을 허용하고 있는지 확인하십시오. 또한 방화벽에서 포트로의 TCP 연결을 차단하지 않는지 확인하십시오.".] with root cause
 com.microsoft.sqlserver.jdbc.SQLServerException: 호스트 61.32.101.234, 포트 1433에 대한 TCP/IP 연결에 실패했습니다. 오류: "connect timed out. 연결 속성을 확인하십시오. SQL Server의 인스턴스가 호스트에서 실행되고 있고 포트에서 TCP/IP 연결을 허용하고 있는지 확인하십시오. 또한 방화벽에서 포트로의 TCP 연결을 차단하지 않는지 확인하십시오.".
	at com.microsoft.sqlserver.jdbc.SQLServerException.makeFromDriverError(SQLServerException.java:234)
	at com.microsoft.sqlserver.jdbc.SQLServerException.ConvertConnectExceptionToSQLServerException(SQLServerException.java:285)
	at com.microsoft.sqlserver.jdbc.SocketFinder.findSocket(IOBuffer.java:2462)
	at com.microsoft.sqlserver.jdbc.TDSChannel.open(IOBuffer.java:668)
	at com.microsoft.sqlserver.jdbc.SQLServerConnection.connectHelper(SQLServerConnection.java:2695)
	at com.microsoft.sqlserver.jdbc.SQLServerConnection.login(SQLServerConnection.java:2362)
	at com.microsoft.sqlserver.jdbc.SQLServerConnection.connectInternal(SQLServerConnection.java:2213)
	at com.microsoft.sqlserver.jdbc.SQLServerConnection.connect(SQLServerConnection.java:1276)
	at com.microsoft.sqlserver.jdbc.SQLServerDriver.connect(SQLServerDriver.java:861)
	at org.apache.commons.dbcp.DriverConnectionFactory.createConnection(DriverConnectionFactory.java:38)
	at org.apache.commons.dbcp.PoolableConnectionFactory.makeObject(PoolableConnectionFactory.java:582)
	at org.apache.commons.pool.impl.GenericObjectPool.borrowObject(GenericObjectPool.java:1148)
	at org.apache.commons.dbcp.PoolingDataSource.getConnection(PoolingDataSource.java:106)
	at org.apache.commons.dbcp.BasicDataSource.getConnection(BasicDataSource.java:1044)
	at org.springframework.jdbc.datasource.DataSourceUtils.fetchConnection(DataSourceUtils.java:157)
	at org.springframework.jdbc.datasource.DataSourceUtils.doGetConnection(DataSourceUtils.java:115)
	at org.springframework.jdbc.datasource.DataSourceUtils.getConnection(DataSourceUtils.java:78)
	at org.mybatis.spring.transaction.SpringManagedTransaction.openConnection(SpringManagedTransaction.java:80)
	at org.mybatis.spring.transaction.SpringManagedTransaction.getConnection(SpringManagedTransaction.java:67)
	at org.apache.ibatis.executor.BaseExecutor.getConnection(BaseExecutor.java:336)
	at org.apache.ibatis.executor.SimpleExecutor.prepareStatement(SimpleExecutor.java:85)
	at org.apache.ibatis.executor.SimpleExecutor.doQuery(SimpleExecutor.java:62)
	at org.apache.ibatis.executor.BaseExecutor.queryFromDatabase(BaseExecutor.java:324)
	at org.apache.ibatis.executor.BaseExecutor.query(BaseExecutor.java:156)
	at org.apache.ibatis.executor.CachingExecutor.query(CachingExecutor.java:109)
	at org.apache.ibatis.executor.CachingExecutor.query(CachingExecutor.java:83)
	at org.apache.ibatis.session.defaults.DefaultSqlSession.selectList(DefaultSqlSession.java:147)
	at org.apache.ibatis.session.defaults.DefaultSqlSession.selectList(DefaultSqlSession.java:140)
	at org.apache.ibatis.session.defaults.DefaultSqlSession.selectOne(DefaultSqlSession.java:76)
	at sun.reflect.GeneratedMethodAccessor1266.invoke(Unknown Source)
	at sun.reflect.DelegatingMethodAccessorImpl.invoke(DelegatingMethodAccessorImpl.java:43)
	at java.lang.reflect.Method.invoke(Method.java:498)
	at org.mybatis.spring.SqlSessionTemplate$SqlSessionInterceptor.invoke(SqlSessionTemplate.java:426)
	at com.sun.proxy.$Proxy366.selectOne(Unknown Source)
	at org.mybatis.spring.SqlSessionTemplate.selectOne(SqlSessionTemplate.java:159)
	at org.apache.ibatis.binding.MapperMethod.execute(MapperMethod.java:87)
	at org.apache.ibatis.binding.MapperProxy.invoke(MapperProxy.java:57)
	at com.sun.proxy.$Proxy368.checkUserWithSessionKey(Unknown Source)
	at com.daejist.login.service.LoginServiceImp.checkUserWithSessionKey(LoginServiceImp.java:84)
	at com.daejist.login.controller.LoginController.login(LoginController.java:75)
	at sun.reflect.GeneratedMethodAccessor1343.invoke(Unknown Source)
	at sun.reflect.DelegatingMethodAccessorImpl.invoke(DelegatingMethodAccessorImpl.java:43)
	at java.lang.reflect.Method.invoke(Method.java:498)
	at org.springframework.web.method.support.InvocableHandlerMethod.doInvoke(InvocableHandlerMethod.java:190)
	at org.springframework.web.method.support.InvocableHandlerMethod.invokeForRequest(InvocableHandlerMethod.java:138)
	at org.springframework.web.servlet.mvc.method.annotation.ServletInvocableHandlerMethod.invokeAndHandle(ServletInvocableHandlerMethod.java:104)
	at org.springframework.web.servlet.mvc.method.annotation.RequestMappingHandlerAdapter.invokeHandlerMethod(RequestMappingHandlerAdapter.java:892)
	at org.springframework.web.servlet.mvc.method.annotation.RequestMappingHandlerAdapter.handleInternal(RequestMappingHandlerAdapter.java:797)
	at org.springframework.web.servlet.mvc.method.AbstractHandlerMethodAdapter.handle(AbstractHandlerMethodAdapter.java:87)
	at org.springframework.web.servlet.DispatcherServlet.doDispatch(DispatcherServlet.java:1039)
	at org.springframework.web.servlet.DispatcherServlet.doService(DispatcherServlet.java:942)
	at org.springframework.web.servlet.FrameworkServlet.processRequest(FrameworkServlet.java:1005)
	at org.springframework.web.servlet.FrameworkServlet.doGet(FrameworkServlet.java:897)
	at javax.servlet.http.HttpServlet.service(HttpServlet.java:622)
	at org.springframework.web.servlet.FrameworkServlet.service(FrameworkServlet.java:882)
	at javax.servlet.http.HttpServlet.service(HttpServlet.java:729)
	at org.apache.catalina.core.ApplicationFilterChain.internalDoFilter(ApplicationFilterChain.java:292)
	at org.apache.catalina.core.ApplicationFilterChain.doFilter(ApplicationFilterChain.java:207)
	at org.apache.tomcat.websocket.server.WsFilter.doFilter(WsFilter.java:52)
	at org.apache.catalina.core.ApplicationFilterChain.internalDoFilter(ApplicationFilterChain.java:240)
	at org.apache.catalina.core.ApplicationFilterChain.doFilter(ApplicationFilterChain.java:207)
	at org.springframework.web.filter.CharacterEncodingFilter.doFilterInternal(CharacterEncodingFilter.java:200)
	at org.springframework.web.filter.OncePerRequestFilter.doFilter(OncePerRequestFilter.java:118)
	at org.apache.catalina.core.ApplicationFilterChain.internalDoFilter(ApplicationFilterChain.java:240)
	at org.apache.catalina.core.ApplicationFilterChain.doFilter(ApplicationFilterChain.java:207)
	at org.apache.catalina.core.StandardWrapperValve.invoke(StandardWrapperValve.java:212)
	at org.apache.catalina.core.StandardContextValve.invoke(StandardContextValve.java:94)
	at org.apache.catalina.core.StandardHostValve.invoke(StandardHostValve.java:141)
	at org.apache.catalina.valves.ErrorReportValve.invoke(ErrorReportValve.java:79)
	at org.apache.catalina.core.StandardEngineValve.invoke(StandardEngineValve.java:88)
	at org.apache.catalina.connector.CoyoteAdapter.service(CoyoteAdapter.java:502)
	at org.apache.coyote.http11.AbstractHttp11Processor.process(AbstractHttp11Processor.java:1132)
	at org.apache.coyote.AbstractProtocol$AbstractConnectionHandler.process(AbstractProtocol.java:684)
	at org.apache.tomcat.util.net.NioEndpoint$SocketProcessor.doRun(NioEndpoint.java:1539)
	at org.apache.tomcat.util.net.NioEndpoint$SocketProcessor.run(NioEndpoint.java:1495)
	at java.util.concurrent.ThreadPoolExecutor.runWorker(ThreadPoolExecutor.java:1142)
	at java.util.concurrent.ThreadPoolExecutor$Worker.run(ThreadPoolExecutor.java:617)
	at org.apache.tomcat.util.threads.TaskThread$WrappingRunnable.run(TaskThread.java:61)
	at java.lang.Thread.run(Thread.java:745)

28-Aug-2023 15:34:16.860 심각 [http-nio-8855-exec-321] org.apache.catalina.core.StandardWrapperValve.invoke Servlet.service() for servlet [appServlet] in context with path [] threw exception [Request processing failed; nested exception is org.mybatis.spring.MyBatisSystemException: nested exception is org.apache.ibatis.exceptions.PersistenceException: 
### Error querying database.  Cause: org.springframework.jdbc.CannotGetJdbcConnectionException: Failed to obtain JDBC Connection; nested exception is com.microsoft.sqlserver.jdbc.SQLServerException: 호스트 61.32.101.234, 포트 1433에 대한 TCP/IP 연결에 실패했습니다. 오류: "connect timed out. 연결 속성을 확인하십시오. SQL Server의 인스턴스가 호스트에서 실행되고 있고 포트에서 TCP/IP 연결을 허용하고 있는지 확인하십시오. 또한 방화벽에서 포트로의 TCP 연결을 차단하지 않는지 확인하십시오.".
### The error may exist in com/daejist/login/mapper/MesuringMapper.xml
### The error may involve com.daejist.login.mapper.MesuringMapper.getList
### The error occurred while executing a query
### Cause: org.springframework.jdbc.CannotGetJdbcConnectionException: Failed to obtain JDBC Connection; nested exception is com.microsoft.sqlserver.jdbc.SQLServerException: 호스트 61.32.101.234, 포트 1433에 대한 TCP/IP 연결에 실패했습니다. 오류: "connect timed out. 연결 속성을 확인하십시오. SQL Server의 인스턴스가 호스트에서 실행되고 있고 포트에서 TCP/IP 연결을 허용하고 있는지 확인하십시오. 또한 방화벽에서 포트로의 TCP 연결을 차단하지 않는지 확인하십시오.".] with root cause
 com.microsoft.sqlserver.jdbc.SQLServerException: 호스트 61.32.101.234, 포트 1433에 대한 TCP/IP 연결에 실패했습니다. 오류: "connect timed out. 연결 속성을 확인하십시오. SQL Server의 인스턴스가 호스트에서 실행되고 있고 포트에서 TCP/IP 연결을 허용하고 있는지 확인하십시오. 또한 방화벽에서 포트로의 TCP 연결을 차단하지 않는지 확인하십시오.".
	at com.microsoft.sqlserver.jdbc.SQLServerException.makeFromDriverError(SQLServerException.java:234)
	at com.microsoft.sqlserver.jdbc.SQLServerException.ConvertConnectExceptionToSQLServerException(SQLServerException.java:285)
	at com.microsoft.sqlserver.jdbc.SocketFinder.findSocket(IOBuffer.java:2462)
	at com.microsoft.sqlserver.jdbc.TDSChannel.open(IOBuffer.java:668)
	at com.microsoft.sqlserver.jdbc.SQLServerConnection.connectHelper(SQLServerConnection.java:2695)
	at com.microsoft.sqlserver.jdbc.SQLServerConnection.login(SQLServerConnection.java:2362)
	at com.microsoft.sqlserver.jdbc.SQLServerConnection.connectInternal(SQLServerConnection.java:2213)
	at com.microsoft.sqlserver.jdbc.SQLServerConnection.connect(SQLServerConnection.java:1276)
	at com.microsoft.sqlserver.jdbc.SQLServerDriver.connect(SQLServerDriver.java:861)
	at org.apache.commons.dbcp.DriverConnectionFactory.createConnection(DriverConnectionFactory.java:38)
	at org.apache.commons.dbcp.PoolableConnectionFactory.makeObject(PoolableConnectionFactory.java:582)
	at org.apache.commons.pool.impl.GenericObjectPool.borrowObject(GenericObjectPool.java:1148)
	at org.apache.commons.dbcp.PoolingDataSource.getConnection(PoolingDataSource.java:106)
	at org.apache.commons.dbcp.BasicDataSource.getConnection(BasicDataSource.java:1044)
	at org.springframework.jdbc.datasource.DataSourceUtils.fetchConnection(DataSourceUtils.java:157)
	at org.springframework.jdbc.datasource.DataSourceUtils.doGetConnection(DataSourceUtils.java:115)
	at org.springframework.jdbc.datasource.DataSourceUtils.getConnection(DataSourceUtils.java:78)
	at org.mybatis.spring.transaction.SpringManagedTransaction.openConnection(SpringManagedTransaction.java:80)
	at org.mybatis.spring.transaction.SpringManagedTransaction.getConnection(SpringManagedTransaction.java:67)
	at org.apache.ibatis.executor.BaseExecutor.getConnection(BaseExecutor.java:336)
	at org.apache.ibatis.executor.SimpleExecutor.prepareStatement(SimpleExecutor.java:85)
	at org.apache.ibatis.executor.SimpleExecutor.doQuery(SimpleExecutor.java:62)
	at org.apache.ibatis.executor.BaseExecutor.queryFromDatabase(BaseExecutor.java:324)
	at org.apache.ibatis.executor.BaseExecutor.query(BaseExecutor.java:156)
	at org.apache.ibatis.executor.CachingExecutor.query(CachingExecutor.java:109)
	at org.apache.ibatis.executor.CachingExecutor.query(CachingExecutor.java:83)
	at org.apache.ibatis.session.defaults.DefaultSqlSession.selectList(DefaultSqlSession.java:147)
	at org.apache.ibatis.session.defaults.DefaultSqlSession.selectList(DefaultSqlSession.java:140)
	at sun.reflect.GeneratedMethodAccessor1287.invoke(Unknown Source)
	at sun.reflect.DelegatingMethodAccessorImpl.invoke(DelegatingMethodAccessorImpl.java:43)
	at java.lang.reflect.Method.invoke(Method.java:498)
	at org.mybatis.spring.SqlSessionTemplate$SqlSessionInterceptor.invoke(SqlSessionTemplate.java:426)
	at com.sun.proxy.$Proxy366.selectList(Unknown Source)
	at org.mybatis.spring.SqlSessionTemplate.selectList(SqlSessionTemplate.java:223)
	at org.apache.ibatis.binding.MapperMethod.executeForMany(MapperMethod.java:147)
	at org.apache.ibatis.binding.MapperMethod.execute(MapperMethod.java:80)
	at org.apache.ibatis.binding.MapperProxy.invoke(MapperProxy.java:57)
	at com.sun.proxy.$Proxy370.getList(Unknown Source)
	at com.daejist.login.service.MesuringServiceImp.getList(MesuringServiceImp.java:29)
	at com.daejist.login.controller.LoginController.InspectionGrid(LoginController.java:180)
	at sun.reflect.GeneratedMethodAccessor1307.invoke(Unknown Source)
	at sun.reflect.DelegatingMethodAccessorImpl.invoke(DelegatingMethodAccessorImpl.java:43)
	at java.lang.reflect.Method.invoke(Method.java:498)
	at org.springframework.web.method.support.InvocableHandlerMethod.doInvoke(InvocableHandlerMethod.java:190)
	at org.springframework.web.method.support.InvocableHandlerMethod.invokeForRequest(InvocableHandlerMethod.java:138)
	at org.springframework.web.servlet.mvc.method.annotation.ServletInvocableHandlerMethod.invokeAndHandle(ServletInvocableHandlerMethod.java:104)
	at org.springframework.web.servlet.mvc.method.annotation.RequestMappingHandlerAdapter.invokeHandlerMethod(RequestMappingHandlerAdapter.java:892)
	at org.springframework.web.servlet.mvc.method.annotation.RequestMappingHandlerAdapter.handleInternal(RequestMappingHandlerAdapter.java:797)
	at org.springframework.web.servlet.mvc.method.AbstractHandlerMethodAdapter.handle(AbstractHandlerMethodAdapter.java:87)
	at org.springframework.web.servlet.DispatcherServlet.doDispatch(DispatcherServlet.java:1039)
	at org.springframework.web.servlet.DispatcherServlet.doService(DispatcherServlet.java:942)
	at org.springframework.web.servlet.FrameworkServlet.processRequest(FrameworkServlet.java:1005)
	at org.springframework.web.servlet.FrameworkServlet.doGet(FrameworkServlet.java:897)
	at javax.servlet.http.HttpServlet.service(HttpServlet.java:622)
	at org.springframework.web.servlet.FrameworkServlet.service(FrameworkServlet.java:882)
	at javax.servlet.http.HttpServlet.service(HttpServlet.java:729)
	at org.apache.catalina.core.ApplicationFilterChain.internalDoFilter(ApplicationFilterChain.java:292)
	at org.apache.catalina.core.ApplicationFilterChain.doFilter(ApplicationFilterChain.java:207)
	at org.apache.tomcat.websocket.server.WsFilter.doFilter(WsFilter.java:52)
	at org.apache.catalina.core.ApplicationFilterChain.internalDoFilter(ApplicationFilterChain.java:240)
	at org.apache.catalina.core.ApplicationFilterChain.doFilter(ApplicationFilterChain.java:207)
	at org.springframework.web.filter.CharacterEncodingFilter.doFilterInternal(CharacterEncodingFilter.java:200)
	at org.springframework.web.filter.OncePerRequestFilter.doFilter(OncePerRequestFilter.java:118)
	at org.apache.catalina.core.ApplicationFilterChain.internalDoFilter(ApplicationFilterChain.java:240)
	at org.apache.catalina.core.ApplicationFilterChain.doFilter(ApplicationFilterChain.java:207)
	at org.apache.catalina.core.StandardWrapperValve.invoke(StandardWrapperValve.java:212)
	at org.apache.catalina.core.StandardContextValve.invoke(StandardContextValve.java:94)
	at org.apache.catalina.core.StandardHostValve.invoke(StandardHostValve.java:141)
	at org.apache.catalina.valves.ErrorReportValve.invoke(ErrorReportValve.java:79)
	at org.apache.catalina.core.StandardEngineValve.invoke(StandardEngineValve.java:88)
	at org.apache.catalina.connector.CoyoteAdapter.service(CoyoteAdapter.java:502)
	at org.apache.coyote.http11.AbstractHttp11Processor.process(AbstractHttp11Processor.java:1132)
	at org.apache.coyote.AbstractProtocol$AbstractConnectionHandler.process(AbstractProtocol.java:684)
	at org.apache.tomcat.util.net.NioEndpoint$SocketProcessor.doRun(NioEndpoint.java:1539)
	at org.apache.tomcat.util.net.NioEndpoint$SocketProcessor.run(NioEndpoint.java:1495)
	at java.util.concurrent.ThreadPoolExecutor.runWorker(ThreadPoolExecutor.java:1142)
	at java.util.concurrent.ThreadPoolExecutor$Worker.run(ThreadPoolExecutor.java:617)
	at org.apache.tomcat.util.threads.TaskThread$WrappingRunnable.run(TaskThread.java:61)
	at java.lang.Thread.run(Thread.java:745)

28-Aug-2023 15:49:46.787 심각 [http-nio-8855-exec-312] org.apache.catalina.core.StandardWrapperValve.invoke Servlet.service() for servlet [appServlet] in context with path [] threw exception [Request processing failed; nested exception is org.mybatis.spring.MyBatisSystemException: nested exception is org.apache.ibatis.exceptions.PersistenceException: 
### Error querying database.  Cause: org.springframework.jdbc.CannotGetJdbcConnectionException: Failed to obtain JDBC Connection; nested exception is com.microsoft.sqlserver.jdbc.SQLServerException: 호스트 61.32.101.234, 포트 1433에 대한 TCP/IP 연결에 실패했습니다. 오류: "connect timed out. 연결 속성을 확인하십시오. SQL Server의 인스턴스가 호스트에서 실행되고 있고 포트에서 TCP/IP 연결을 허용하고 있는지 확인하십시오. 또한 방화벽에서 포트로의 TCP 연결을 차단하지 않는지 확인하십시오.".
### The error may exist in com/daejist/login/mapper/MesuringMapper.xml
### The error may involve com.daejist.login.mapper.MesuringMapper.getList
### The error occurred while executing a query
### Cause: org.springframework.jdbc.CannotGetJdbcConnectionException: Failed to obtain JDBC Connection; nested exception is com.microsoft.sqlserver.jdbc.SQLServerException: 호스트 61.32.101.234, 포트 1433에 대한 TCP/IP 연결에 실패했습니다. 오류: "connect timed out. 연결 속성을 확인하십시오. SQL Server의 인스턴스가 호스트에서 실행되고 있고 포트에서 TCP/IP 연결을 허용하고 있는지 확인하십시오. 또한 방화벽에서 포트로의 TCP 연결을 차단하지 않는지 확인하십시오.".] with root cause
 com.microsoft.sqlserver.jdbc.SQLServerException: 호스트 61.32.101.234, 포트 1433에 대한 TCP/IP 연결에 실패했습니다. 오류: "connect timed out. 연결 속성을 확인하십시오. SQL Server의 인스턴스가 호스트에서 실행되고 있고 포트에서 TCP/IP 연결을 허용하고 있는지 확인하십시오. 또한 방화벽에서 포트로의 TCP 연결을 차단하지 않는지 확인하십시오.".
	at com.microsoft.sqlserver.jdbc.SQLServerException.makeFromDriverError(SQLServerException.java:234)
	at com.microsoft.sqlserver.jdbc.SQLServerException.ConvertConnectExceptionToSQLServerException(SQLServerException.java:285)
	at com.microsoft.sqlserver.jdbc.SocketFinder.findSocket(IOBuffer.java:2462)
	at com.microsoft.sqlserver.jdbc.TDSChannel.open(IOBuffer.java:668)
	at com.microsoft.sqlserver.jdbc.SQLServerConnection.connectHelper(SQLServerConnection.java:2695)
	at com.microsoft.sqlserver.jdbc.SQLServerConnection.login(SQLServerConnection.java:2362)
	at com.microsoft.sqlserver.jdbc.SQLServerConnection.connectInternal(SQLServerConnection.java:2213)
	at com.microsoft.sqlserver.jdbc.SQLServerConnection.connect(SQLServerConnection.java:1276)
	at com.microsoft.sqlserver.jdbc.SQLServerDriver.connect(SQLServerDriver.java:861)
	at org.apache.commons.dbcp.DriverConnectionFactory.createConnection(DriverConnectionFactory.java:38)
	at org.apache.commons.dbcp.PoolableConnectionFactory.makeObject(PoolableConnectionFactory.java:582)
	at org.apache.commons.pool.impl.GenericObjectPool.borrowObject(GenericObjectPool.java:1148)
	at org.apache.commons.dbcp.PoolingDataSource.getConnection(PoolingDataSource.java:106)
	at org.apache.commons.dbcp.BasicDataSource.getConnection(BasicDataSource.java:1044)
	at org.springframework.jdbc.datasource.DataSourceUtils.fetchConnection(DataSourceUtils.java:157)
	at org.springframework.jdbc.datasource.DataSourceUtils.doGetConnection(DataSourceUtils.java:115)
	at org.springframework.jdbc.datasource.DataSourceUtils.getConnection(DataSourceUtils.java:78)
	at org.mybatis.spring.transaction.SpringManagedTransaction.openConnection(SpringManagedTransaction.java:80)
	at org.mybatis.spring.transaction.SpringManagedTransaction.getConnection(SpringManagedTransaction.java:67)
	at org.apache.ibatis.executor.BaseExecutor.getConnection(BaseExecutor.java:336)
	at org.apache.ibatis.executor.SimpleExecutor.prepareStatement(SimpleExecutor.java:85)
	at org.apache.ibatis.executor.SimpleExecutor.doQuery(SimpleExecutor.java:62)
	at org.apache.ibatis.executor.BaseExecutor.queryFromDatabase(BaseExecutor.java:324)
	at org.apache.ibatis.executor.BaseExecutor.query(BaseExecutor.java:156)
	at org.apache.ibatis.executor.CachingExecutor.query(CachingExecutor.java:109)
	at org.apache.ibatis.executor.CachingExecutor.query(CachingExecutor.java:83)
	at org.apache.ibatis.session.defaults.DefaultSqlSession.selectList(DefaultSqlSession.java:147)
	at org.apache.ibatis.session.defaults.DefaultSqlSession.selectList(DefaultSqlSession.java:140)
	at sun.reflect.GeneratedMethodAccessor1287.invoke(Unknown Source)
	at sun.reflect.DelegatingMethodAccessorImpl.invoke(DelegatingMethodAccessorImpl.java:43)
	at java.lang.reflect.Method.invoke(Method.java:498)
	at org.mybatis.spring.SqlSessionTemplate$SqlSessionInterceptor.invoke(SqlSessionTemplate.java:426)
	at com.sun.proxy.$Proxy366.selectList(Unknown Source)
	at org.mybatis.spring.SqlSessionTemplate.selectList(SqlSessionTemplate.java:223)
	at org.apache.ibatis.binding.MapperMethod.executeForMany(MapperMethod.java:147)
	at org.apache.ibatis.binding.MapperMethod.execute(MapperMethod.java:80)
	at org.apache.ibatis.binding.MapperProxy.invoke(MapperProxy.java:57)
	at com.sun.proxy.$Proxy370.getList(Unknown Source)
	at com.daejist.login.service.MesuringServiceImp.getList(MesuringServiceImp.java:29)
	at com.daejist.login.controller.LoginController.InspectionGrid(LoginController.java:180)
	at sun.reflect.GeneratedMethodAccessor1307.invoke(Unknown Source)
	at sun.reflect.DelegatingMethodAccessorImpl.invoke(DelegatingMethodAccessorImpl.java:43)
	at java.lang.reflect.Method.invoke(Method.java:498)
	at org.springframework.web.method.support.InvocableHandlerMethod.doInvoke(InvocableHandlerMethod.java:190)
	at org.springframework.web.method.support.InvocableHandlerMethod.invokeForRequest(InvocableHandlerMethod.java:138)
	at org.springframework.web.servlet.mvc.method.annotation.ServletInvocableHandlerMethod.invokeAndHandle(ServletInvocableHandlerMethod.java:104)
	at org.springframework.web.servlet.mvc.method.annotation.RequestMappingHandlerAdapter.invokeHandlerMethod(RequestMappingHandlerAdapter.java:892)
	at org.springframework.web.servlet.mvc.method.annotation.RequestMappingHandlerAdapter.handleInternal(RequestMappingHandlerAdapter.java:797)
	at org.springframework.web.servlet.mvc.method.AbstractHandlerMethodAdapter.handle(AbstractHandlerMethodAdapter.java:87)
	at org.springframework.web.servlet.DispatcherServlet.doDispatch(DispatcherServlet.java:1039)
	at org.springframework.web.servlet.DispatcherServlet.doService(DispatcherServlet.java:942)
	at org.springframework.web.servlet.FrameworkServlet.processRequest(FrameworkServlet.java:1005)
	at org.springframework.web.servlet.FrameworkServlet.doGet(FrameworkServlet.java:897)
	at javax.servlet.http.HttpServlet.service(HttpServlet.java:622)
	at org.springframework.web.servlet.FrameworkServlet.service(FrameworkServlet.java:882)
	at javax.servlet.http.HttpServlet.service(HttpServlet.java:729)
	at org.apache.catalina.core.ApplicationFilterChain.internalDoFilter(ApplicationFilterChain.java:292)
	at org.apache.catalina.core.ApplicationFilterChain.doFilter(ApplicationFilterChain.java:207)
	at org.apache.tomcat.websocket.server.WsFilter.doFilter(WsFilter.java:52)
	at org.apache.catalina.core.ApplicationFilterChain.internalDoFilter(ApplicationFilterChain.java:240)
	at org.apache.catalina.core.ApplicationFilterChain.doFilter(ApplicationFilterChain.java:207)
	at org.springframework.web.filter.CharacterEncodingFilter.doFilterInternal(CharacterEncodingFilter.java:200)
	at org.springframework.web.filter.OncePerRequestFilter.doFilter(OncePerRequestFilter.java:118)
	at org.apache.catalina.core.ApplicationFilterChain.internalDoFilter(ApplicationFilterChain.java:240)
	at org.apache.catalina.core.ApplicationFilterChain.doFilter(ApplicationFilterChain.java:207)
	at org.apache.catalina.core.StandardWrapperValve.invoke(StandardWrapperValve.java:212)
	at org.apache.catalina.core.StandardContextValve.invoke(StandardContextValve.java:94)
	at org.apache.catalina.core.StandardHostValve.invoke(StandardHostValve.java:141)
	at org.apache.catalina.valves.ErrorReportValve.invoke(ErrorReportValve.java:79)
	at org.apache.catalina.core.StandardEngineValve.invoke(StandardEngineValve.java:88)
	at org.apache.catalina.connector.CoyoteAdapter.service(CoyoteAdapter.java:502)
	at org.apache.coyote.http11.AbstractHttp11Processor.process(AbstractHttp11Processor.java:1132)
	at org.apache.coyote.AbstractProtocol$AbstractConnectionHandler.process(AbstractProtocol.java:684)
	at org.apache.tomcat.util.net.NioEndpoint$SocketProcessor.doRun(NioEndpoint.java:1539)
	at org.apache.tomcat.util.net.NioEndpoint$SocketProcessor.run(NioEndpoint.java:1495)
	at java.util.concurrent.ThreadPoolExecutor.runWorker(ThreadPoolExecutor.java:1142)
	at java.util.concurrent.ThreadPoolExecutor$Worker.run(ThreadPoolExecutor.java:617)
	at org.apache.tomcat.util.threads.TaskThread$WrappingRunnable.run(TaskThread.java:61)
	at java.lang.Thread.run(Thread.java:745)

