14-Aug-2026 16:18:54.735 정보 [ContainerBackgroundProcessor[StandardEngine[daejist7]]] org.apache.catalina.startup.HostConfig.reload Reloading context [/daejiM]
14-Aug-2026 16:18:54.735 정보 [ContainerBackgroundProcessor[StandardEngine[daejist7]]] org.apache.catalina.core.StandardContext.reload Reloading Context with name [/daejiM] has started
14-Aug-2026 16:18:54.738 정보 [ContainerBackgroundProcessor[StandardEngine[daejist7]]] org.apache.catalina.core.ApplicationContext.log Destroying Spring FrameworkServlet 'appServlet'
14-Aug-2026 16:18:54.753 정보 [ContainerBackgroundProcessor[StandardEngine[daejist7]]] org.apache.catalina.core.ApplicationContext.log Closing Spring root WebApplicationContext
14-Aug-2026 16:18:54.756 경고 [ContainerBackgroundProcessor[StandardEngine[daejist7]]] org.apache.catalina.loader.WebappClassLoaderBase.clearReferencesJdbc The web application [daejiM] registered the JDBC driver [com.microsoft.sqlserver.jdbc.SQLServerDriver] but failed to unregister it when the web application was stopped. To prevent a memory leak, the JDBC Driver has been forcibly unregistered.
14-Aug-2026 16:18:54.756 경고 [ContainerBackgroundProcessor[StandardEngine[daejist7]]] org.apache.catalina.loader.WebappClassLoaderBase.clearReferencesThreads The web application [daejiM] appears to have started a thread named [SeedGenerator Thread] but has failed to stop it. This is very likely to create a memory leak. Stack trace of thread:
 java.lang.Object.wait(Native Method)
 java.lang.Object.wait(Object.java:502)
 sun.security.provider.SeedGenerator$ThreadedSeedGenerator.run(SeedGenerator.java:334)
 java.lang.Thread.run(Thread.java:745)
14-Aug-2026 16:18:54.761 정보 [ContainerBackgroundProcessor[StandardEngine[daejist7]]] org.apache.catalina.startup.ExpandWar.expand An expanded directory [/daejist7/tomcat/webapps/daejiM] was found with a last modified time that did not match the associated WAR. It will be deleted.
14-Aug-2026 16:18:56.394 정보 [ContainerBackgroundProcessor[StandardEngine[daejist7]]] org.apache.catalina.core.ApplicationContext.log No Spring WebApplicationInitializer types detected on classpath
14-Aug-2026 16:18:56.399 정보 [ContainerBackgroundProcessor[StandardEngine[daejist7]]] org.apache.catalina.core.ApplicationContext.log Initializing Spring root WebApplicationContext
14-Aug-2026 16:18:57.059 정보 [ContainerBackgroundProcessor[StandardEngine[daejist7]]] org.apache.catalina.core.ApplicationContext.log Initializing Spring DispatcherServlet 'appServlet'
14-Aug-2026 16:18:57.378 정보 [ContainerBackgroundProcessor[StandardEngine[daejist7]]] org.apache.catalina.core.StandardContext.reload Reloading Context with name [/daejiM] is completed
14-Aug-2026 16:21:07.389 정보 [ContainerBackgroundProcessor[StandardEngine[daejist7]]] org.apache.catalina.startup.HostConfig.reload Reloading context [/daejiM]
14-Aug-2026 16:21:07.389 정보 [ContainerBackgroundProcessor[StandardEngine[daejist7]]] org.apache.catalina.core.StandardContext.reload Reloading Context with name [/daejiM] has started
14-Aug-2026 16:21:07.389 정보 [ContainerBackgroundProcessor[StandardEngine[daejist7]]] org.apache.catalina.core.ApplicationContext.log Destroying Spring FrameworkServlet 'appServlet'
14-Aug-2026 16:21:07.403 정보 [ContainerBackgroundProcessor[StandardEngine[daejist7]]] org.apache.catalina.core.ApplicationContext.log Closing Spring root WebApplicationContext
14-Aug-2026 16:21:07.408 심각 [ContainerBackgroundProcessor[StandardEngine[daejist7]]] org.apache.catalina.core.StandardContext.listenerStop Exception sending context destroyed event to listener instance of class org.springframework.web.context.ContextLoaderListener
 java.lang.IllegalStateException: java.util.zip.ZipException: error in opening zip file
	at org.apache.catalina.webresources.AbstractSingleArchiveResourceSet.getArchiveEntry(AbstractSingleArchiveResourceSet.java:100)
	at org.apache.catalina.webresources.AbstractArchiveResourceSet.getResource(AbstractArchiveResourceSet.java:265)
	at org.apache.catalina.webresources.StandardRoot.getResourceInternal(StandardRoot.java:281)
	at org.apache.catalina.webresources.Cache.getResource(Cache.java:62)
	at org.apache.catalina.webresources.StandardRoot.getResource(StandardRoot.java:216)
	at org.apache.catalina.webresources.StandardRoot.getClassLoaderResource(StandardRoot.java:225)
	at org.apache.catalina.loader.WebappClassLoaderBase.findResourceInternal(WebappClassLoaderBase.java:2541)
	at org.apache.catalina.loader.WebappClassLoaderBase.findClassInternal(WebappClassLoaderBase.java:2377)
	at org.apache.catalina.loader.WebappClassLoaderBase.findClass(WebappClassLoaderBase.java:855)
	at org.apache.catalina.loader.WebappClassLoaderBase.loadClass(WebappClassLoaderBase.java:1304)
	at org.apache.catalina.loader.WebappClassLoaderBase.loadClass(WebappClassLoaderBase.java:1163)
	at org.springframework.web.context.ContextLoaderListener.contextDestroyed(ContextLoaderListener.java:113)
	at org.apache.catalina.core.StandardContext.listenerStop(StandardContext.java:4908)
	at org.apache.catalina.core.StandardContext.stopInternal(StandardContext.java:5545)
	at org.apache.catalina.util.LifecycleBase.stop(LifecycleBase.java:221)
	at org.apache.catalina.core.StandardContext.reload(StandardContext.java:3861)
	at org.apache.catalina.startup.HostConfig.reload(HostConfig.java:1406)
	at org.apache.catalina.startup.HostConfig.checkResources(HostConfig.java:1379)
	at org.apache.catalina.startup.HostConfig.check(HostConfig.java:1615)
	at org.apache.catalina.startup.HostConfig.lifecycleEvent(HostConfig.java:318)
	at org.apache.catalina.util.LifecycleSupport.fireLifecycleEvent(LifecycleSupport.java:95)
	at org.apache.catalina.util.LifecycleBase.fireLifecycleEvent(LifecycleBase.java:90)
	at org.apache.catalina.core.ContainerBase.backgroundProcess(ContainerBase.java:1168)
	at org.apache.catalina.core.ContainerBase$ContainerBackgroundProcessor.processChildren(ContainerBase.java:1377)
	at org.apache.catalina.core.ContainerBase$ContainerBackgroundProcessor.processChildren(ContainerBase.java:1381)
	at org.apache.catalina.core.ContainerBase$ContainerBackgroundProcessor.run(ContainerBase.java:1349)
	at java.lang.Thread.run(Thread.java:745)
Caused by: java.util.zip.ZipException: error in opening zip file
	at java.util.zip.ZipFile.open(Native Method)
	at java.util.zip.ZipFile.<init>(ZipFile.java:219)
	at java.util.zip.ZipFile.<init>(ZipFile.java:149)
	at java.util.jar.JarFile.<init>(JarFile.java:166)
	at java.util.jar.JarFile.<init>(JarFile.java:130)
	at org.apache.tomcat.util.compat.JreCompat.jarFileNewInstance(JreCompat.java:170)
	at org.apache.tomcat.util.compat.JreCompat.jarFileNewInstance(JreCompat.java:155)
	at org.apache.catalina.webresources.AbstractArchiveResourceSet.openJarFile(AbstractArchiveResourceSet.java:316)
	at org.apache.catalina.webresources.AbstractSingleArchiveResourceSet.getArchiveEntry(AbstractSingleArchiveResourceSet.java:96)
	... 26 more

14-Aug-2026 16:21:07.410 경고 [ContainerBackgroundProcessor[StandardEngine[daejist7]]] org.apache.catalina.loader.WebappClassLoaderBase.clearReferencesJdbc The web application [daejiM] registered the JDBC driver [com.microsoft.sqlserver.jdbc.SQLServerDriver] but failed to unregister it when the web application was stopped. To prevent a memory leak, the JDBC Driver has been forcibly unregistered.
14-Aug-2026 16:21:07.411 정보 [ContainerBackgroundProcessor[StandardEngine[daejist7]]] org.apache.catalina.startup.ExpandWar.expand An expanded directory [/daejist7/tomcat/webapps/daejiM] was found with a last modified time that did not match the associated WAR. It will be deleted.
14-Aug-2026 16:25:07.846 정보 [main] org.apache.catalina.core.AprLifecycleListener.lifecycleEvent The APR based Apache Tomcat Native library which allows optimal performance in production environments was not found on the java.library.path: /home/hosting_users/usr/local/fakechroot/lib/fakechroot:/usr/local/fakechroot/lib/fakechroot:/home/hosting_users/usr/lib:/home/hosting_users/lib:/usr/local/mysql/lib:/usr/java/packages/lib/amd64:/usr/lib64:/lib64:/lib:/usr/lib
14-Aug-2026 16:25:07.909 정보 [main] org.apache.coyote.AbstractProtocol.init Initializing ProtocolHandler ["http-nio-8855"]
14-Aug-2026 16:25:07.921 정보 [main] org.apache.tomcat.util.net.NioSelectorPool.getSharedSelector Using a shared selector for servlet write/read
14-Aug-2026 16:25:07.922 정보 [main] org.apache.catalina.startup.Catalina.load Initialization processed in 267 ms
14-Aug-2026 16:25:07.935 정보 [main] org.apache.catalina.core.StandardService.startInternal Starting service daejist7
14-Aug-2026 16:25:07.935 정보 [main] org.apache.catalina.core.StandardEngine.startInternal Starting Servlet Engine: Apache Tomcat/8.0.50
14-Aug-2026 16:25:07.948 정보 [daejist7.cafe24.com-startStop-1] org.apache.catalina.startup.HostConfig.deployWAR Deploying web application archive /daejist7/tomcat/webapps/daejiM.war
14-Aug-2026 16:25:10.297 정보 [daejist7.cafe24.com-startStop-1] org.apache.jasper.servlet.TldScanner.scanJars At least one JAR was scanned for TLDs yet contained no TLDs. Enable debug logging for this logger for a complete list of JARs that were scanned but no TLDs were found in them. Skipping unneeded JARs during scanning can improve startup time and JSP compilation time.
14-Aug-2026 16:25:10.312 정보 [daejist7.cafe24.com-startStop-1] org.apache.catalina.core.ApplicationContext.log No Spring WebApplicationInitializer types detected on classpath
14-Aug-2026 16:25:10.320 정보 [daejist7.cafe24.com-startStop-1] org.apache.catalina.core.ApplicationContext.log Initializing Spring root WebApplicationContext
14-Aug-2026 16:25:11.334 정보 [daejist7.cafe24.com-startStop-1] org.apache.catalina.core.ApplicationContext.log Initializing Spring DispatcherServlet 'appServlet'
14-Aug-2026 16:25:11.742 정보 [daejist7.cafe24.com-startStop-1] org.apache.catalina.startup.HostConfig.deployWAR Deployment of web application archive /daejist7/tomcat/webapps/daejiM.war has finished in 3,792 ms
14-Aug-2026 16:25:11.742 정보 [daejist7.cafe24.com-startStop-1] org.apache.catalina.startup.HostConfig.deployWAR Deploying web application archive /daejist7/tomcat/webapps/scm.war
14-Aug-2026 16:25:13.114 정보 [daejist7.cafe24.com-startStop-1] org.apache.jasper.servlet.TldScanner.scanJars At least one JAR was scanned for TLDs yet contained no TLDs. Enable debug logging for this logger for a complete list of JARs that were scanned but no TLDs were found in them. Skipping unneeded JARs during scanning can improve startup time and JSP compilation time.
14-Aug-2026 16:25:13.117 정보 [daejist7.cafe24.com-startStop-1] org.apache.catalina.core.ApplicationContext.log No Spring WebApplicationInitializer types detected on classpath
14-Aug-2026 16:25:13.122 정보 [daejist7.cafe24.com-startStop-1] org.apache.catalina.core.ApplicationContext.log Initializing Spring root WebApplicationContext
14-Aug-2026 16:25:13.702 정보 [daejist7.cafe24.com-startStop-1] org.apache.catalina.core.ApplicationContext.log Initializing Spring DispatcherServlet 'appServlet'
14-Aug-2026 16:25:14.024 정보 [daejist7.cafe24.com-startStop-1] org.apache.catalina.startup.HostConfig.deployWAR Deployment of web application archive /daejist7/tomcat/webapps/scm.war has finished in 2,282 ms
14-Aug-2026 16:25:14.025 정보 [daejist7.cafe24.com-startStop-1] org.apache.catalina.startup.HostConfig.deployWAR Deploying web application archive /daejist7/tomcat/webapps/ROOT.war
14-Aug-2026 16:25:14.696 정보 [daejist7.cafe24.com-startStop-1] org.apache.jasper.servlet.TldScanner.scanJars At least one JAR was scanned for TLDs yet contained no TLDs. Enable debug logging for this logger for a complete list of JARs that were scanned but no TLDs were found in them. Skipping unneeded JARs during scanning can improve startup time and JSP compilation time.
14-Aug-2026 16:25:14.698 정보 [daejist7.cafe24.com-startStop-1] org.apache.catalina.core.ApplicationContext.log No Spring WebApplicationInitializer types detected on classpath
14-Aug-2026 16:25:14.703 정보 [daejist7.cafe24.com-startStop-1] org.apache.catalina.core.ApplicationContext.log Initializing Spring root WebApplicationContext
14-Aug-2026 16:25:15.074 정보 [daejist7.cafe24.com-startStop-1] org.apache.catalina.core.ApplicationContext.log Initializing Spring DispatcherServlet 'appServlet'
14-Aug-2026 16:25:15.469 정보 [daejist7.cafe24.com-startStop-1] org.apache.catalina.startup.HostConfig.deployWAR Deployment of web application archive /daejist7/tomcat/webapps/ROOT.war has finished in 1,444 ms
14-Aug-2026 16:25:15.470 정보 [daejist7.cafe24.com-startStop-1] org.apache.catalina.startup.HostConfig.deployWAR Deploying web application archive /daejist7/tomcat/webapps/exe.war
14-Aug-2026 16:25:16.202 정보 [daejist7.cafe24.com-startStop-1] org.apache.jasper.servlet.TldScanner.scanJars At least one JAR was scanned for TLDs yet contained no TLDs. Enable debug logging for this logger for a complete list of JARs that were scanned but no TLDs were found in them. Skipping unneeded JARs during scanning can improve startup time and JSP compilation time.
14-Aug-2026 16:25:16.204 정보 [daejist7.cafe24.com-startStop-1] org.apache.catalina.core.ApplicationContext.log No Spring WebApplicationInitializer types detected on classpath
14-Aug-2026 16:25:16.231 정보 [daejist7.cafe24.com-startStop-1] org.apache.catalina.core.ApplicationContext.log Initializing Spring root WebApplicationContext
14-Aug-2026 16:25:16.809 정보 [daejist7.cafe24.com-startStop-1] org.apache.catalina.core.ApplicationContext.log Initializing Spring FrameworkServlet 'appServlet'
14-Aug-2026 16:25:17.180 정보 [daejist7.cafe24.com-startStop-1] org.apache.catalina.startup.HostConfig.deployWAR Deployment of web application archive /daejist7/tomcat/webapps/exe.war has finished in 1,710 ms
14-Aug-2026 16:25:17.180 정보 [daejist7.cafe24.com-startStop-1] org.apache.catalina.startup.HostConfig.deployDirectory Deploying web application directory /daejist7/tomcat/webapps/host-manager
14-Aug-2026 16:25:17.298 정보 [daejist7.cafe24.com-startStop-1] org.apache.jasper.servlet.TldScanner.scanJars At least one JAR was scanned for TLDs yet contained no TLDs. Enable debug logging for this logger for a complete list of JARs that were scanned but no TLDs were found in them. Skipping unneeded JARs during scanning can improve startup time and JSP compilation time.
14-Aug-2026 16:25:17.301 정보 [daejist7.cafe24.com-startStop-1] org.apache.catalina.startup.HostConfig.deployDirectory Deployment of web application directory /daejist7/tomcat/webapps/host-manager has finished in 121 ms
14-Aug-2026 16:25:17.301 정보 [daejist7.cafe24.com-startStop-1] org.apache.catalina.startup.HostConfig.deployDirectory Deploying web application directory /daejist7/tomcat/webapps/manager
14-Aug-2026 16:25:17.409 정보 [daejist7.cafe24.com-startStop-1] org.apache.jasper.servlet.TldScanner.scanJars At least one JAR was scanned for TLDs yet contained no TLDs. Enable debug logging for this logger for a complete list of JARs that were scanned but no TLDs were found in them. Skipping unneeded JARs during scanning can improve startup time and JSP compilation time.
14-Aug-2026 16:25:17.409 정보 [daejist7.cafe24.com-startStop-1] org.apache.catalina.startup.HostConfig.deployDirectory Deployment of web application directory /daejist7/tomcat/webapps/manager has finished in 108 ms
14-Aug-2026 16:25:17.412 정보 [main] org.apache.coyote.AbstractProtocol.start Starting ProtocolHandler ["http-nio-8855"]
14-Aug-2026 16:25:17.415 정보 [main] org.apache.catalina.startup.Catalina.start Server startup in 9492 ms
14-Aug-2026 16:28:17.430 정보 [ContainerBackgroundProcessor[StandardEngine[daejist7]]] org.apache.catalina.startup.HostConfig.reload Reloading context [/daejiM]
14-Aug-2026 16:28:17.430 정보 [ContainerBackgroundProcessor[StandardEngine[daejist7]]] org.apache.catalina.core.StandardContext.reload Reloading Context with name [/daejiM] has started
14-Aug-2026 16:28:17.430 정보 [ContainerBackgroundProcessor[StandardEngine[daejist7]]] org.apache.catalina.core.ApplicationContext.log Destroying Spring FrameworkServlet 'appServlet'
14-Aug-2026 16:28:17.438 정보 [ContainerBackgroundProcessor[StandardEngine[daejist7]]] org.apache.catalina.core.ApplicationContext.log Closing Spring root WebApplicationContext
14-Aug-2026 16:28:17.444 경고 [ContainerBackgroundProcessor[StandardEngine[daejist7]]] org.apache.catalina.loader.WebappClassLoaderBase.clearReferencesJdbc The web application [daejiM] registered the JDBC driver [com.microsoft.sqlserver.jdbc.SQLServerDriver] but failed to unregister it when the web application was stopped. To prevent a memory leak, the JDBC Driver has been forcibly unregistered.
14-Aug-2026 16:28:17.447 정보 [ContainerBackgroundProcessor[StandardEngine[daejist7]]] org.apache.catalina.startup.ExpandWar.expand An expanded directory [/daejist7/tomcat/webapps/daejiM] was found with a last modified time that did not match the associated WAR. It will be deleted.
14-Aug-2026 16:28:19.118 정보 [ContainerBackgroundProcessor[StandardEngine[daejist7]]] org.apache.catalina.core.ApplicationContext.log No Spring WebApplicationInitializer types detected on classpath
14-Aug-2026 16:28:19.124 정보 [ContainerBackgroundProcessor[StandardEngine[daejist7]]] org.apache.catalina.core.ApplicationContext.log Initializing Spring root WebApplicationContext
14-Aug-2026 16:28:19.796 정보 [ContainerBackgroundProcessor[StandardEngine[daejist7]]] org.apache.catalina.core.ApplicationContext.log Initializing Spring DispatcherServlet 'appServlet'
14-Aug-2026 16:28:20.242 정보 [ContainerBackgroundProcessor[StandardEngine[daejist7]]] org.apache.catalina.core.StandardContext.reload Reloading Context with name [/daejiM] is completed
14-Aug-2026 16:28:51.127 정보 [main] org.apache.catalina.core.AprLifecycleListener.lifecycleEvent The APR based Apache Tomcat Native library which allows optimal performance in production environments was not found on the java.library.path: /home/hosting_users/usr/local/fakechroot/lib/fakechroot:/usr/local/fakechroot/lib/fakechroot:/home/hosting_users/usr/lib:/home/hosting_users/lib:/usr/local/mysql/lib:/usr/java/packages/lib/amd64:/usr/lib64:/lib64:/lib:/usr/lib
14-Aug-2026 16:28:51.175 정보 [main] org.apache.coyote.AbstractProtocol.init Initializing ProtocolHandler ["http-nio-8855"]
14-Aug-2026 16:28:51.185 정보 [main] org.apache.tomcat.util.net.NioSelectorPool.getSharedSelector Using a shared selector for servlet write/read
14-Aug-2026 16:28:51.186 정보 [main] org.apache.catalina.startup.Catalina.load Initialization processed in 214 ms
14-Aug-2026 16:28:51.196 정보 [main] org.apache.catalina.core.StandardService.startInternal Starting service daejist7
14-Aug-2026 16:28:51.196 정보 [main] org.apache.catalina.core.StandardEngine.startInternal Starting Servlet Engine: Apache Tomcat/8.0.50
14-Aug-2026 16:28:51.207 정보 [daejist7.cafe24.com-startStop-1] org.apache.catalina.startup.HostConfig.deployWAR Deploying web application archive /daejist7/tomcat/webapps/daejiM.war
14-Aug-2026 16:28:53.389 정보 [daejist7.cafe24.com-startStop-1] org.apache.jasper.servlet.TldScanner.scanJars At least one JAR was scanned for TLDs yet contained no TLDs. Enable debug logging for this logger for a complete list of JARs that were scanned but no TLDs were found in them. Skipping unneeded JARs during scanning can improve startup time and JSP compilation time.
14-Aug-2026 16:28:53.402 정보 [daejist7.cafe24.com-startStop-1] org.apache.catalina.core.ApplicationContext.log No Spring WebApplicationInitializer types detected on classpath
14-Aug-2026 16:28:53.409 정보 [daejist7.cafe24.com-startStop-1] org.apache.catalina.core.ApplicationContext.log Initializing Spring root WebApplicationContext
14-Aug-2026 16:28:54.296 정보 [daejist7.cafe24.com-startStop-1] org.apache.catalina.core.ApplicationContext.log Initializing Spring DispatcherServlet 'appServlet'
14-Aug-2026 16:28:54.726 정보 [daejist7.cafe24.com-startStop-1] org.apache.catalina.startup.HostConfig.deployWAR Deployment of web application archive /daejist7/tomcat/webapps/daejiM.war has finished in 3,519 ms
14-Aug-2026 16:28:54.726 정보 [daejist7.cafe24.com-startStop-1] org.apache.catalina.startup.HostConfig.deployWAR Deploying web application archive /daejist7/tomcat/webapps/scm.war
14-Aug-2026 16:28:56.112 정보 [daejist7.cafe24.com-startStop-1] org.apache.jasper.servlet.TldScanner.scanJars At least one JAR was scanned for TLDs yet contained no TLDs. Enable debug logging for this logger for a complete list of JARs that were scanned but no TLDs were found in them. Skipping unneeded JARs during scanning can improve startup time and JSP compilation time.
14-Aug-2026 16:28:56.115 정보 [daejist7.cafe24.com-startStop-1] org.apache.catalina.core.ApplicationContext.log No Spring WebApplicationInitializer types detected on classpath
14-Aug-2026 16:28:56.120 정보 [daejist7.cafe24.com-startStop-1] org.apache.catalina.core.ApplicationContext.log Initializing Spring root WebApplicationContext
14-Aug-2026 16:28:56.691 정보 [daejist7.cafe24.com-startStop-1] org.apache.catalina.core.ApplicationContext.log Initializing Spring DispatcherServlet 'appServlet'
14-Aug-2026 16:28:57.013 정보 [daejist7.cafe24.com-startStop-1] org.apache.catalina.startup.HostConfig.deployWAR Deployment of web application archive /daejist7/tomcat/webapps/scm.war has finished in 2,287 ms
14-Aug-2026 16:28:57.013 정보 [daejist7.cafe24.com-startStop-1] org.apache.catalina.startup.HostConfig.deployWAR Deploying web application archive /daejist7/tomcat/webapps/ROOT.war
14-Aug-2026 16:28:57.682 정보 [daejist7.cafe24.com-startStop-1] org.apache.jasper.servlet.TldScanner.scanJars At least one JAR was scanned for TLDs yet contained no TLDs. Enable debug logging for this logger for a complete list of JARs that were scanned but no TLDs were found in them. Skipping unneeded JARs during scanning can improve startup time and JSP compilation time.
14-Aug-2026 16:28:57.685 정보 [daejist7.cafe24.com-startStop-1] org.apache.catalina.core.ApplicationContext.log No Spring WebApplicationInitializer types detected on classpath
14-Aug-2026 16:28:57.689 정보 [daejist7.cafe24.com-startStop-1] org.apache.catalina.core.ApplicationContext.log Initializing Spring root WebApplicationContext
14-Aug-2026 16:28:58.045 정보 [daejist7.cafe24.com-startStop-1] org.apache.catalina.core.ApplicationContext.log Initializing Spring DispatcherServlet 'appServlet'
14-Aug-2026 16:28:58.431 정보 [daejist7.cafe24.com-startStop-1] org.apache.catalina.startup.HostConfig.deployWAR Deployment of web application archive /daejist7/tomcat/webapps/ROOT.war has finished in 1,418 ms
14-Aug-2026 16:28:58.431 정보 [daejist7.cafe24.com-startStop-1] org.apache.catalina.startup.HostConfig.deployWAR Deploying web application archive /daejist7/tomcat/webapps/exe.war
14-Aug-2026 16:28:59.159 정보 [daejist7.cafe24.com-startStop-1] org.apache.jasper.servlet.TldScanner.scanJars At least one JAR was scanned for TLDs yet contained no TLDs. Enable debug logging for this logger for a complete list of JARs that were scanned but no TLDs were found in them. Skipping unneeded JARs during scanning can improve startup time and JSP compilation time.
14-Aug-2026 16:28:59.161 정보 [daejist7.cafe24.com-startStop-1] org.apache.catalina.core.ApplicationContext.log No Spring WebApplicationInitializer types detected on classpath
14-Aug-2026 16:28:59.190 정보 [daejist7.cafe24.com-startStop-1] org.apache.catalina.core.ApplicationContext.log Initializing Spring root WebApplicationContext
14-Aug-2026 16:28:59.742 정보 [daejist7.cafe24.com-startStop-1] org.apache.catalina.core.ApplicationContext.log Initializing Spring FrameworkServlet 'appServlet'
14-Aug-2026 16:29:00.107 정보 [daejist7.cafe24.com-startStop-1] org.apache.catalina.startup.HostConfig.deployWAR Deployment of web application archive /daejist7/tomcat/webapps/exe.war has finished in 1,676 ms
14-Aug-2026 16:29:00.107 정보 [daejist7.cafe24.com-startStop-1] org.apache.catalina.startup.HostConfig.deployDirectory Deploying web application directory /daejist7/tomcat/webapps/host-manager
14-Aug-2026 16:29:00.224 정보 [daejist7.cafe24.com-startStop-1] org.apache.jasper.servlet.TldScanner.scanJars At least one JAR was scanned for TLDs yet contained no TLDs. Enable debug logging for this logger for a complete list of JARs that were scanned but no TLDs were found in them. Skipping unneeded JARs during scanning can improve startup time and JSP compilation time.
14-Aug-2026 16:29:00.226 정보 [daejist7.cafe24.com-startStop-1] org.apache.catalina.startup.HostConfig.deployDirectory Deployment of web application directory /daejist7/tomcat/webapps/host-manager has finished in 119 ms
14-Aug-2026 16:29:00.226 정보 [daejist7.cafe24.com-startStop-1] org.apache.catalina.startup.HostConfig.deployDirectory Deploying web application directory /daejist7/tomcat/webapps/manager
14-Aug-2026 16:29:00.340 정보 [daejist7.cafe24.com-startStop-1] org.apache.jasper.servlet.TldScanner.scanJars At least one JAR was scanned for TLDs yet contained no TLDs. Enable debug logging for this logger for a complete list of JARs that were scanned but no TLDs were found in them. Skipping unneeded JARs during scanning can improve startup time and JSP compilation time.
14-Aug-2026 16:29:00.341 정보 [daejist7.cafe24.com-startStop-1] org.apache.catalina.startup.HostConfig.deployDirectory Deployment of web application directory /daejist7/tomcat/webapps/manager has finished in 115 ms
14-Aug-2026 16:29:00.343 정보 [main] org.apache.coyote.AbstractProtocol.start Starting ProtocolHandler ["http-nio-8855"]
14-Aug-2026 16:29:00.347 정보 [main] org.apache.catalina.startup.Catalina.start Server startup in 9160 ms
14-Aug-2026 16:35:50.376 정보 [ContainerBackgroundProcessor[StandardEngine[daejist7]]] org.apache.catalina.startup.HostConfig.reload Reloading context [/daejiM]
14-Aug-2026 16:35:50.376 정보 [ContainerBackgroundProcessor[StandardEngine[daejist7]]] org.apache.catalina.core.StandardContext.reload Reloading Context with name [/daejiM] has started
14-Aug-2026 16:35:50.376 정보 [ContainerBackgroundProcessor[StandardEngine[daejist7]]] org.apache.catalina.core.ApplicationContext.log Destroying Spring FrameworkServlet 'appServlet'
14-Aug-2026 16:35:50.399 정보 [ContainerBackgroundProcessor[StandardEngine[daejist7]]] org.apache.catalina.core.ApplicationContext.log Closing Spring root WebApplicationContext
14-Aug-2026 16:35:50.403 경고 [ContainerBackgroundProcessor[StandardEngine[daejist7]]] org.apache.catalina.loader.WebappClassLoaderBase.clearReferencesJdbc The web application [daejiM] registered the JDBC driver [com.microsoft.sqlserver.jdbc.SQLServerDriver] but failed to unregister it when the web application was stopped. To prevent a memory leak, the JDBC Driver has been forcibly unregistered.
14-Aug-2026 16:35:50.406 정보 [ContainerBackgroundProcessor[StandardEngine[daejist7]]] org.apache.catalina.startup.ExpandWar.expand An expanded directory [/daejist7/tomcat/webapps/daejiM] was found with a last modified time that did not match the associated WAR. It will be deleted.
14-Aug-2026 16:35:52.107 정보 [ContainerBackgroundProcessor[StandardEngine[daejist7]]] org.apache.catalina.core.ApplicationContext.log No Spring WebApplicationInitializer types detected on classpath
14-Aug-2026 16:35:52.112 정보 [ContainerBackgroundProcessor[StandardEngine[daejist7]]] org.apache.catalina.core.ApplicationContext.log Initializing Spring root WebApplicationContext
14-Aug-2026 16:35:52.809 정보 [ContainerBackgroundProcessor[StandardEngine[daejist7]]] org.apache.catalina.core.ApplicationContext.log Initializing Spring DispatcherServlet 'appServlet'
14-Aug-2026 16:35:53.231 정보 [ContainerBackgroundProcessor[StandardEngine[daejist7]]] org.apache.catalina.core.StandardContext.reload Reloading Context with name [/daejiM] is completed
14-Aug-2026 16:36:11.750 정보 [main] org.apache.catalina.core.AprLifecycleListener.lifecycleEvent The APR based Apache Tomcat Native library which allows optimal performance in production environments was not found on the java.library.path: /home/hosting_users/usr/local/fakechroot/lib/fakechroot:/usr/local/fakechroot/lib/fakechroot:/home/hosting_users/usr/lib:/home/hosting_users/lib:/usr/local/mysql/lib:/usr/java/packages/lib/amd64:/usr/lib64:/lib64:/lib:/usr/lib
14-Aug-2026 16:36:11.798 정보 [main] org.apache.coyote.AbstractProtocol.init Initializing ProtocolHandler ["http-nio-8855"]
14-Aug-2026 16:36:11.808 정보 [main] org.apache.tomcat.util.net.NioSelectorPool.getSharedSelector Using a shared selector for servlet write/read
14-Aug-2026 16:36:11.809 정보 [main] org.apache.catalina.startup.Catalina.load Initialization processed in 219 ms
14-Aug-2026 16:36:11.820 정보 [main] org.apache.catalina.core.StandardService.startInternal Starting service daejist7
14-Aug-2026 16:36:11.820 정보 [main] org.apache.catalina.core.StandardEngine.startInternal Starting Servlet Engine: Apache Tomcat/8.0.50
14-Aug-2026 16:36:11.831 정보 [daejist7.cafe24.com-startStop-1] org.apache.catalina.startup.HostConfig.deployWAR Deploying web application archive /daejist7/tomcat/webapps/daejiM.war
14-Aug-2026 16:36:14.176 정보 [daejist7.cafe24.com-startStop-1] org.apache.jasper.servlet.TldScanner.scanJars At least one JAR was scanned for TLDs yet contained no TLDs. Enable debug logging for this logger for a complete list of JARs that were scanned but no TLDs were found in them. Skipping unneeded JARs during scanning can improve startup time and JSP compilation time.
14-Aug-2026 16:36:14.188 정보 [daejist7.cafe24.com-startStop-1] org.apache.catalina.core.ApplicationContext.log No Spring WebApplicationInitializer types detected on classpath
14-Aug-2026 16:36:14.195 정보 [daejist7.cafe24.com-startStop-1] org.apache.catalina.core.ApplicationContext.log Initializing Spring root WebApplicationContext
14-Aug-2026 16:36:15.093 정보 [daejist7.cafe24.com-startStop-1] org.apache.catalina.core.ApplicationContext.log Initializing Spring DispatcherServlet 'appServlet'
14-Aug-2026 16:36:15.496 정보 [daejist7.cafe24.com-startStop-1] org.apache.catalina.startup.HostConfig.deployWAR Deployment of web application archive /daejist7/tomcat/webapps/daejiM.war has finished in 3,665 ms
14-Aug-2026 16:36:15.496 정보 [daejist7.cafe24.com-startStop-1] org.apache.catalina.startup.HostConfig.deployWAR Deploying web application archive /daejist7/tomcat/webapps/scm.war
14-Aug-2026 16:36:16.883 정보 [daejist7.cafe24.com-startStop-1] org.apache.jasper.servlet.TldScanner.scanJars At least one JAR was scanned for TLDs yet contained no TLDs. Enable debug logging for this logger for a complete list of JARs that were scanned but no TLDs were found in them. Skipping unneeded JARs during scanning can improve startup time and JSP compilation time.
14-Aug-2026 16:36:16.886 정보 [daejist7.cafe24.com-startStop-1] org.apache.catalina.core.ApplicationContext.log No Spring WebApplicationInitializer types detected on classpath
14-Aug-2026 16:36:16.891 정보 [daejist7.cafe24.com-startStop-1] org.apache.catalina.core.ApplicationContext.log Initializing Spring root WebApplicationContext
14-Aug-2026 16:36:17.466 정보 [daejist7.cafe24.com-startStop-1] org.apache.catalina.core.ApplicationContext.log Initializing Spring DispatcherServlet 'appServlet'
14-Aug-2026 16:36:17.802 정보 [daejist7.cafe24.com-startStop-1] org.apache.catalina.startup.HostConfig.deployWAR Deployment of web application archive /daejist7/tomcat/webapps/scm.war has finished in 2,306 ms
14-Aug-2026 16:36:17.803 정보 [daejist7.cafe24.com-startStop-1] org.apache.catalina.startup.HostConfig.deployWAR Deploying web application archive /daejist7/tomcat/webapps/ROOT.war
14-Aug-2026 16:36:18.482 정보 [daejist7.cafe24.com-startStop-1] org.apache.jasper.servlet.TldScanner.scanJars At least one JAR was scanned for TLDs yet contained no TLDs. Enable debug logging for this logger for a complete list of JARs that were scanned but no TLDs were found in them. Skipping unneeded JARs during scanning can improve startup time and JSP compilation time.
14-Aug-2026 16:36:18.484 정보 [daejist7.cafe24.com-startStop-1] org.apache.catalina.core.ApplicationContext.log No Spring WebApplicationInitializer types detected on classpath
14-Aug-2026 16:36:18.489 정보 [daejist7.cafe24.com-startStop-1] org.apache.catalina.core.ApplicationContext.log Initializing Spring root WebApplicationContext
14-Aug-2026 16:36:18.844 정보 [daejist7.cafe24.com-startStop-1] org.apache.catalina.core.ApplicationContext.log Initializing Spring DispatcherServlet 'appServlet'
14-Aug-2026 16:36:19.246 정보 [daejist7.cafe24.com-startStop-1] org.apache.catalina.startup.HostConfig.deployWAR Deployment of web application archive /daejist7/tomcat/webapps/ROOT.war has finished in 1,443 ms
14-Aug-2026 16:36:19.247 정보 [daejist7.cafe24.com-startStop-1] org.apache.catalina.startup.HostConfig.deployWAR Deploying web application archive /daejist7/tomcat/webapps/exe.war
14-Aug-2026 16:36:19.967 정보 [daejist7.cafe24.com-startStop-1] org.apache.jasper.servlet.TldScanner.scanJars At least one JAR was scanned for TLDs yet contained no TLDs. Enable debug logging for this logger for a complete list of JARs that were scanned but no TLDs were found in them. Skipping unneeded JARs during scanning can improve startup time and JSP compilation time.
14-Aug-2026 16:36:19.970 정보 [daejist7.cafe24.com-startStop-1] org.apache.catalina.core.ApplicationContext.log No Spring WebApplicationInitializer types detected on classpath
14-Aug-2026 16:36:19.998 정보 [daejist7.cafe24.com-startStop-1] org.apache.catalina.core.ApplicationContext.log Initializing Spring root WebApplicationContext
14-Aug-2026 16:36:20.530 정보 [daejist7.cafe24.com-startStop-1] org.apache.catalina.core.ApplicationContext.log Initializing Spring FrameworkServlet 'appServlet'
14-Aug-2026 16:36:20.888 정보 [daejist7.cafe24.com-startStop-1] org.apache.catalina.startup.HostConfig.deployWAR Deployment of web application archive /daejist7/tomcat/webapps/exe.war has finished in 1,641 ms
14-Aug-2026 16:36:20.888 정보 [daejist7.cafe24.com-startStop-1] org.apache.catalina.startup.HostConfig.deployDirectory Deploying web application directory /daejist7/tomcat/webapps/host-manager
14-Aug-2026 16:36:20.999 정보 [daejist7.cafe24.com-startStop-1] org.apache.jasper.servlet.TldScanner.scanJars At least one JAR was scanned for TLDs yet contained no TLDs. Enable debug logging for this logger for a complete list of JARs that were scanned but no TLDs were found in them. Skipping unneeded JARs during scanning can improve startup time and JSP compilation time.
14-Aug-2026 16:36:21.001 정보 [daejist7.cafe24.com-startStop-1] org.apache.catalina.startup.HostConfig.deployDirectory Deployment of web application directory /daejist7/tomcat/webapps/host-manager has finished in 113 ms
14-Aug-2026 16:36:21.001 정보 [daejist7.cafe24.com-startStop-1] org.apache.catalina.startup.HostConfig.deployDirectory Deploying web application directory /daejist7/tomcat/webapps/manager
14-Aug-2026 16:36:21.107 정보 [daejist7.cafe24.com-startStop-1] org.apache.jasper.servlet.TldScanner.scanJars At least one JAR was scanned for TLDs yet contained no TLDs. Enable debug logging for this logger for a complete list of JARs that were scanned but no TLDs were found in them. Skipping unneeded JARs during scanning can improve startup time and JSP compilation time.
14-Aug-2026 16:36:21.107 정보 [daejist7.cafe24.com-startStop-1] org.apache.catalina.startup.HostConfig.deployDirectory Deployment of web application directory /daejist7/tomcat/webapps/manager has finished in 106 ms
14-Aug-2026 16:36:21.110 정보 [main] org.apache.coyote.AbstractProtocol.start Starting ProtocolHandler ["http-nio-8855"]
14-Aug-2026 16:36:21.113 정보 [main] org.apache.catalina.startup.Catalina.start Server startup in 9303 ms
14-Aug-2026 16:38:21.121 정보 [ContainerBackgroundProcessor[StandardEngine[daejist7]]] org.apache.catalina.startup.HostConfig.reload Reloading context [/daejiM]
14-Aug-2026 16:38:21.121 정보 [ContainerBackgroundProcessor[StandardEngine[daejist7]]] org.apache.catalina.core.StandardContext.reload Reloading Context with name [/daejiM] has started
14-Aug-2026 16:38:21.121 정보 [ContainerBackgroundProcessor[StandardEngine[daejist7]]] org.apache.catalina.core.ApplicationContext.log Destroying Spring FrameworkServlet 'appServlet'
14-Aug-2026 16:38:21.134 심각 [ContainerBackgroundProcessor[StandardEngine[daejist7]]] org.apache.catalina.session.StandardManager.stopInternal Exception unloading sessions to persistent storage
 java.lang.IllegalStateException: java.util.zip.ZipException: error in opening zip file
	at org.apache.catalina.webresources.AbstractSingleArchiveResourceSet.getArchiveEntry(AbstractSingleArchiveResourceSet.java:100)
	at org.apache.catalina.webresources.AbstractArchiveResourceSet.getResource(AbstractArchiveResourceSet.java:265)
	at org.apache.catalina.webresources.StandardRoot.getResourceInternal(StandardRoot.java:281)
	at org.apache.catalina.webresources.Cache.getResource(Cache.java:62)
	at org.apache.catalina.webresources.StandardRoot.getResource(StandardRoot.java:216)
	at org.apache.catalina.webresources.StandardRoot.getClassLoaderResource(StandardRoot.java:225)
	at org.apache.catalina.loader.WebappClassLoaderBase.findResourceInternal(WebappClassLoaderBase.java:2541)
	at org.apache.catalina.loader.WebappClassLoaderBase.findClassInternal(WebappClassLoaderBase.java:2377)
	at org.apache.catalina.loader.WebappClassLoaderBase.findClass(WebappClassLoaderBase.java:855)
	at org.apache.catalina.loader.WebappClassLoaderBase.loadClass(WebappClassLoaderBase.java:1304)
	at org.apache.catalina.loader.WebappClassLoaderBase.loadClass(WebappClassLoaderBase.java:1163)
	at java.lang.Class.getDeclaredFields0(Native Method)
	at java.lang.Class.privateGetDeclaredFields(Class.java:2583)
	at java.lang.Class.getDeclaredFields(Class.java:1916)
	at java.io.ObjectStreamClass.getDefaultSerialFields(ObjectStreamClass.java:1683)
	at java.io.ObjectStreamClass.getSerialFields(ObjectStreamClass.java:1605)
	at java.io.ObjectStreamClass.access$800(ObjectStreamClass.java:72)
	at java.io.ObjectStreamClass$2.run(ObjectStreamClass.java:486)
	at java.io.ObjectStreamClass$2.run(ObjectStreamClass.java:472)
	at java.security.AccessController.doPrivileged(Native Method)
	at java.io.ObjectStreamClass.<init>(ObjectStreamClass.java:472)
	at java.io.ObjectStreamClass.lookup(ObjectStreamClass.java:369)
	at java.io.ObjectOutputStream.writeObject0(ObjectOutputStream.java:1134)
	at java.io.ObjectOutputStream.defaultWriteFields(ObjectOutputStream.java:1548)
	at java.io.ObjectOutputStream.defaultWriteObject(ObjectOutputStream.java:441)
	at java.lang.Throwable.writeObject(Throwable.java:985)
	at sun.reflect.NativeMethodAccessorImpl.invoke0(Native Method)
	at sun.reflect.NativeMethodAccessorImpl.invoke(NativeMethodAccessorImpl.java:62)
	at sun.reflect.DelegatingMethodAccessorImpl.invoke(DelegatingMethodAccessorImpl.java:43)
	at java.lang.reflect.Method.invoke(Method.java:498)
	at java.io.ObjectStreamClass.invokeWriteObject(ObjectStreamClass.java:1028)
	at java.io.ObjectOutputStream.writeSerialData(ObjectOutputStream.java:1496)
	at java.io.ObjectOutputStream.writeOrdinaryObject(ObjectOutputStream.java:1432)
	at java.io.ObjectOutputStream.writeObject0(ObjectOutputStream.java:1178)
	at java.io.ObjectOutputStream.defaultWriteFields(ObjectOutputStream.java:1548)
	at java.io.ObjectOutputStream.defaultWriteObject(ObjectOutputStream.java:441)
	at java.lang.Throwable.writeObject(Throwable.java:985)
	at sun.reflect.NativeMethodAccessorImpl.invoke0(Native Method)
	at sun.reflect.NativeMethodAccessorImpl.invoke(NativeMethodAccessorImpl.java:62)
	at sun.reflect.DelegatingMethodAccessorImpl.invoke(DelegatingMethodAccessorImpl.java:43)
	at java.lang.reflect.Method.invoke(Method.java:498)
	at java.io.ObjectStreamClass.invokeWriteObject(ObjectStreamClass.java:1028)
	at java.io.ObjectOutputStream.writeSerialData(ObjectOutputStream.java:1496)
	at java.io.ObjectOutputStream.writeOrdinaryObject(ObjectOutputStream.java:1432)
	at java.io.ObjectOutputStream.writeObject0(ObjectOutputStream.java:1178)
	at java.io.ObjectOutputStream.defaultWriteFields(ObjectOutputStream.java:1548)
	at java.io.ObjectOutputStream.defaultWriteObject(ObjectOutputStream.java:441)
	at java.lang.Throwable.writeObject(Throwable.java:985)
	at sun.reflect.NativeMethodAccessorImpl.invoke0(Native Method)
	at sun.reflect.NativeMethodAccessorImpl.invoke(NativeMethodAccessorImpl.java:62)
	at sun.reflect.DelegatingMethodAccessorImpl.invoke(DelegatingMethodAccessorImpl.java:43)
	at java.lang.reflect.Method.invoke(Method.java:498)
	at java.io.ObjectStreamClass.invokeWriteObject(ObjectStreamClass.java:1028)
	at java.io.ObjectOutputStream.writeSerialData(ObjectOutputStream.java:1496)
	at java.io.ObjectOutputStream.writeOrdinaryObject(ObjectOutputStream.java:1432)
	at java.io.ObjectOutputStream.writeObject0(ObjectOutputStream.java:1178)
	at java.io.ObjectOutputStream.defaultWriteFields(ObjectOutputStream.java:1548)
	at java.io.ObjectOutputStream.defaultWriteObject(ObjectOutputStream.java:441)
	at java.lang.Throwable.writeObject(Throwable.java:985)
	at sun.reflect.NativeMethodAccessorImpl.invoke0(Native Method)
	at sun.reflect.NativeMethodAccessorImpl.invoke(NativeMethodAccessorImpl.java:62)
	at sun.reflect.DelegatingMethodAccessorImpl.invoke(DelegatingMethodAccessorImpl.java:43)
	at java.lang.reflect.Method.invoke(Method.java:498)
	at java.io.ObjectStreamClass.invokeWriteObject(ObjectStreamClass.java:1028)
	at java.io.ObjectOutputStream.writeSerialData(ObjectOutputStream.java:1496)
	at java.io.ObjectOutputStream.writeOrdinaryObject(ObjectOutputStream.java:1432)
	at java.io.ObjectOutputStream.writeObject0(ObjectOutputStream.java:1178)
	at java.io.ObjectOutputStream.defaultWriteFields(ObjectOutputStream.java:1548)
	at java.io.ObjectOutputStream.defaultWriteObject(ObjectOutputStream.java:441)
	at java.lang.Throwable.writeObject(Throwable.java:985)
	at sun.reflect.NativeMethodAccessorImpl.invoke0(Native Method)
	at sun.reflect.NativeMethodAccessorImpl.invoke(NativeMethodAccessorImpl.java:62)
	at sun.reflect.DelegatingMethodAccessorImpl.invoke(DelegatingMethodAccessorImpl.java:43)
	at java.lang.reflect.Method.invoke(Method.java:498)
	at java.io.ObjectStreamClass.invokeWriteObject(ObjectStreamClass.java:1028)
	at java.io.ObjectOutputStream.writeSerialData(ObjectOutputStream.java:1496)
	at java.io.ObjectOutputStream.writeOrdinaryObject(ObjectOutputStream.java:1432)
	at java.io.ObjectOutputStream.writeObject0(ObjectOutputStream.java:1178)
	at java.io.ObjectOutputStream.writeObject(ObjectOutputStream.java:348)
	at org.apache.catalina.session.StandardSession.doWriteObject(StandardSession.java:1715)
	at org.apache.catalina.session.StandardSession.writeObjectData(StandardSession.java:1107)
	at org.apache.catalina.session.StandardManager.doUnload(StandardManager.java:315)
	at org.apache.catalina.session.StandardManager.unload(StandardManager.java:265)
	at org.apache.catalina.session.StandardManager.stopInternal(StandardManager.java:384)
	at org.apache.catalina.util.LifecycleBase.stop(LifecycleBase.java:221)
	at org.apache.catalina.core.StandardContext.stopInternal(StandardContext.java:5541)
	at org.apache.catalina.util.LifecycleBase.stop(LifecycleBase.java:221)
	at org.apache.catalina.core.StandardContext.reload(StandardContext.java:3861)
	at org.apache.catalina.startup.HostConfig.reload(HostConfig.java:1406)
	at org.apache.catalina.startup.HostConfig.checkResources(HostConfig.java:1379)
	at org.apache.catalina.startup.HostConfig.check(HostConfig.java:1615)
	at org.apache.catalina.startup.HostConfig.lifecycleEvent(HostConfig.java:318)
	at org.apache.catalina.util.LifecycleSupport.fireLifecycleEvent(LifecycleSupport.java:95)
	at org.apache.catalina.util.LifecycleBase.fireLifecycleEvent(LifecycleBase.java:90)
	at org.apache.catalina.core.ContainerBase.backgroundProcess(ContainerBase.java:1168)
	at org.apache.catalina.core.ContainerBase$ContainerBackgroundProcessor.processChildren(ContainerBase.java:1377)
	at org.apache.catalina.core.ContainerBase$ContainerBackgroundProcessor.processChildren(ContainerBase.java:1381)
	at org.apache.catalina.core.ContainerBase$ContainerBackgroundProcessor.run(ContainerBase.java:1349)
	at java.lang.Thread.run(Thread.java:745)
Caused by: java.util.zip.ZipException: error in opening zip file
	at java.util.zip.ZipFile.open(Native Method)
	at java.util.zip.ZipFile.<init>(ZipFile.java:219)
	at java.util.zip.ZipFile.<init>(ZipFile.java:149)
	at java.util.jar.JarFile.<init>(JarFile.java:166)
	at java.util.jar.JarFile.<init>(JarFile.java:130)
	at org.apache.tomcat.util.compat.JreCompat.jarFileNewInstance(JreCompat.java:170)
	at org.apache.tomcat.util.compat.JreCompat.jarFileNewInstance(JreCompat.java:155)
	at org.apache.catalina.webresources.AbstractArchiveResourceSet.openJarFile(AbstractArchiveResourceSet.java:316)
	at org.apache.catalina.webresources.AbstractSingleArchiveResourceSet.getArchiveEntry(AbstractSingleArchiveResourceSet.java:96)
	... 98 more

14-Aug-2026 16:38:21.135 정보 [ContainerBackgroundProcessor[StandardEngine[daejist7]]] org.apache.catalina.core.ApplicationContext.log Closing Spring root WebApplicationContext
14-Aug-2026 16:38:21.137 심각 [ContainerBackgroundProcessor[StandardEngine[daejist7]]] org.apache.catalina.core.StandardContext.listenerStop Exception sending context destroyed event to listener instance of class org.springframework.web.context.ContextLoaderListener
 java.lang.IllegalStateException: java.util.zip.ZipException: error in opening zip file
	at org.apache.catalina.webresources.AbstractSingleArchiveResourceSet.getArchiveEntry(AbstractSingleArchiveResourceSet.java:100)
	at org.apache.catalina.webresources.AbstractArchiveResourceSet.getResource(AbstractArchiveResourceSet.java:265)
	at org.apache.catalina.webresources.StandardRoot.getResourceInternal(StandardRoot.java:281)
	at org.apache.catalina.webresources.Cache.getResource(Cache.java:62)
	at org.apache.catalina.webresources.StandardRoot.getResource(StandardRoot.java:216)
	at org.apache.catalina.webresources.StandardRoot.getClassLoaderResource(StandardRoot.java:225)
	at org.apache.catalina.loader.WebappClassLoaderBase.findResourceInternal(WebappClassLoaderBase.java:2541)
	at org.apache.catalina.loader.WebappClassLoaderBase.findClassInternal(WebappClassLoaderBase.java:2377)
	at org.apache.catalina.loader.WebappClassLoaderBase.findClass(WebappClassLoaderBase.java:855)
	at org.apache.catalina.loader.WebappClassLoaderBase.loadClass(WebappClassLoaderBase.java:1304)
	at org.apache.catalina.loader.WebappClassLoaderBase.loadClass(WebappClassLoaderBase.java:1163)
	at org.springframework.web.context.ContextLoaderListener.contextDestroyed(ContextLoaderListener.java:113)
	at org.apache.catalina.core.StandardContext.listenerStop(StandardContext.java:4908)
	at org.apache.catalina.core.StandardContext.stopInternal(StandardContext.java:5545)
	at org.apache.catalina.util.LifecycleBase.stop(LifecycleBase.java:221)
	at org.apache.catalina.core.StandardContext.reload(StandardContext.java:3861)
	at org.apache.catalina.startup.HostConfig.reload(HostConfig.java:1406)
	at org.apache.catalina.startup.HostConfig.checkResources(HostConfig.java:1379)
	at org.apache.catalina.startup.HostConfig.check(HostConfig.java:1615)
	at org.apache.catalina.startup.HostConfig.lifecycleEvent(HostConfig.java:318)
	at org.apache.catalina.util.LifecycleSupport.fireLifecycleEvent(LifecycleSupport.java:95)
	at org.apache.catalina.util.LifecycleBase.fireLifecycleEvent(LifecycleBase.java:90)
	at org.apache.catalina.core.ContainerBase.backgroundProcess(ContainerBase.java:1168)
	at org.apache.catalina.core.ContainerBase$ContainerBackgroundProcessor.processChildren(ContainerBase.java:1377)
	at org.apache.catalina.core.ContainerBase$ContainerBackgroundProcessor.processChildren(ContainerBase.java:1381)
	at org.apache.catalina.core.ContainerBase$ContainerBackgroundProcessor.run(ContainerBase.java:1349)
	at java.lang.Thread.run(Thread.java:745)
Caused by: java.util.zip.ZipException: error in opening zip file
	at java.util.zip.ZipFile.open(Native Method)
	at java.util.zip.ZipFile.<init>(ZipFile.java:219)
	at java.util.zip.ZipFile.<init>(ZipFile.java:149)
	at java.util.jar.JarFile.<init>(JarFile.java:166)
	at java.util.jar.JarFile.<init>(JarFile.java:130)
	at org.apache.tomcat.util.compat.JreCompat.jarFileNewInstance(JreCompat.java:170)
	at org.apache.tomcat.util.compat.JreCompat.jarFileNewInstance(JreCompat.java:155)
	at org.apache.catalina.webresources.AbstractArchiveResourceSet.openJarFile(AbstractArchiveResourceSet.java:316)
	at org.apache.catalina.webresources.AbstractSingleArchiveResourceSet.getArchiveEntry(AbstractSingleArchiveResourceSet.java:96)
	... 26 more

14-Aug-2026 16:38:21.139 경고 [ContainerBackgroundProcessor[StandardEngine[daejist7]]] org.apache.catalina.loader.WebappClassLoaderBase.clearReferencesJdbc The web application [daejiM] registered the JDBC driver [com.microsoft.sqlserver.jdbc.SQLServerDriver] but failed to unregister it when the web application was stopped. To prevent a memory leak, the JDBC Driver has been forcibly unregistered.
14-Aug-2026 16:38:21.141 정보 [ContainerBackgroundProcessor[StandardEngine[daejist7]]] org.apache.catalina.startup.ExpandWar.expand An expanded directory [/daejist7/tomcat/webapps/daejiM] was found with a last modified time that did not match the associated WAR. It will be deleted.
14-Aug-2026 16:38:22.821 정보 [ContainerBackgroundProcessor[StandardEngine[daejist7]]] org.apache.catalina.core.ApplicationContext.log No Spring WebApplicationInitializer types detected on classpath
14-Aug-2026 16:38:22.826 정보 [ContainerBackgroundProcessor[StandardEngine[daejist7]]] org.apache.catalina.core.ApplicationContext.log Initializing Spring root WebApplicationContext
14-Aug-2026 16:38:23.494 정보 [ContainerBackgroundProcessor[StandardEngine[daejist7]]] org.apache.catalina.core.ApplicationContext.log Initializing Spring DispatcherServlet 'appServlet'
14-Aug-2026 16:38:23.824 정보 [ContainerBackgroundProcessor[StandardEngine[daejist7]]] org.apache.catalina.core.StandardContext.reload Reloading Context with name [/daejiM] is completed
14-Aug-2026 16:38:57.061 정보 [main] org.apache.catalina.core.AprLifecycleListener.lifecycleEvent The APR based Apache Tomcat Native library which allows optimal performance in production environments was not found on the java.library.path: /home/hosting_users/usr/local/fakechroot/lib/fakechroot:/usr/local/fakechroot/lib/fakechroot:/home/hosting_users/usr/lib:/home/hosting_users/lib:/usr/local/mysql/lib:/usr/java/packages/lib/amd64:/usr/lib64:/lib64:/lib:/usr/lib
14-Aug-2026 16:38:57.110 정보 [main] org.apache.coyote.AbstractProtocol.init Initializing ProtocolHandler ["http-nio-8855"]
14-Aug-2026 16:38:57.120 정보 [main] org.apache.tomcat.util.net.NioSelectorPool.getSharedSelector Using a shared selector for servlet write/read
14-Aug-2026 16:38:57.121 정보 [main] org.apache.catalina.startup.Catalina.load Initialization processed in 215 ms
14-Aug-2026 16:38:57.132 정보 [main] org.apache.catalina.core.StandardService.startInternal Starting service daejist7
14-Aug-2026 16:38:57.132 정보 [main] org.apache.catalina.core.StandardEngine.startInternal Starting Servlet Engine: Apache Tomcat/8.0.50
14-Aug-2026 16:38:57.143 정보 [daejist7.cafe24.com-startStop-1] org.apache.catalina.startup.HostConfig.deployWAR Deploying web application archive /daejist7/tomcat/webapps/daejiM.war
14-Aug-2026 16:38:59.170 정보 [daejist7.cafe24.com-startStop-1] org.apache.jasper.servlet.TldScanner.scanJars At least one JAR was scanned for TLDs yet contained no TLDs. Enable debug logging for this logger for a complete list of JARs that were scanned but no TLDs were found in them. Skipping unneeded JARs during scanning can improve startup time and JSP compilation time.
14-Aug-2026 16:38:59.183 정보 [daejist7.cafe24.com-startStop-1] org.apache.catalina.core.ApplicationContext.log No Spring WebApplicationInitializer types detected on classpath
14-Aug-2026 16:38:59.189 정보 [daejist7.cafe24.com-startStop-1] org.apache.catalina.core.ApplicationContext.log Initializing Spring root WebApplicationContext
14-Aug-2026 16:39:00.075 정보 [daejist7.cafe24.com-startStop-1] org.apache.catalina.core.ApplicationContext.log Initializing Spring DispatcherServlet 'appServlet'
14-Aug-2026 16:39:00.484 정보 [daejist7.cafe24.com-startStop-1] org.apache.catalina.startup.HostConfig.deployWAR Deployment of web application archive /daejist7/tomcat/webapps/daejiM.war has finished in 3,341 ms
14-Aug-2026 16:39:00.484 정보 [daejist7.cafe24.com-startStop-1] org.apache.catalina.startup.HostConfig.deployWAR Deploying web application archive /daejist7/tomcat/webapps/scm.war
14-Aug-2026 16:39:01.925 정보 [daejist7.cafe24.com-startStop-1] org.apache.jasper.servlet.TldScanner.scanJars At least one JAR was scanned for TLDs yet contained no TLDs. Enable debug logging for this logger for a complete list of JARs that were scanned but no TLDs were found in them. Skipping unneeded JARs during scanning can improve startup time and JSP compilation time.
14-Aug-2026 16:39:01.928 정보 [daejist7.cafe24.com-startStop-1] org.apache.catalina.core.ApplicationContext.log No Spring WebApplicationInitializer types detected on classpath
14-Aug-2026 16:39:01.933 정보 [daejist7.cafe24.com-startStop-1] org.apache.catalina.core.ApplicationContext.log Initializing Spring root WebApplicationContext
14-Aug-2026 16:39:02.508 정보 [daejist7.cafe24.com-startStop-1] org.apache.catalina.core.ApplicationContext.log Initializing Spring DispatcherServlet 'appServlet'
14-Aug-2026 16:39:02.834 정보 [daejist7.cafe24.com-startStop-1] org.apache.catalina.startup.HostConfig.deployWAR Deployment of web application archive /daejist7/tomcat/webapps/scm.war has finished in 2,350 ms
14-Aug-2026 16:39:02.834 정보 [daejist7.cafe24.com-startStop-1] org.apache.catalina.startup.HostConfig.deployWAR Deploying web application archive /daejist7/tomcat/webapps/ROOT.war
14-Aug-2026 16:39:03.508 정보 [daejist7.cafe24.com-startStop-1] org.apache.jasper.servlet.TldScanner.scanJars At least one JAR was scanned for TLDs yet contained no TLDs. Enable debug logging for this logger for a complete list of JARs that were scanned but no TLDs were found in them. Skipping unneeded JARs during scanning can improve startup time and JSP compilation time.
14-Aug-2026 16:39:03.511 정보 [daejist7.cafe24.com-startStop-1] org.apache.catalina.core.ApplicationContext.log No Spring WebApplicationInitializer types detected on classpath
14-Aug-2026 16:39:03.515 정보 [daejist7.cafe24.com-startStop-1] org.apache.catalina.core.ApplicationContext.log Initializing Spring root WebApplicationContext
14-Aug-2026 16:39:03.892 정보 [daejist7.cafe24.com-startStop-1] org.apache.catalina.core.ApplicationContext.log Initializing Spring DispatcherServlet 'appServlet'
14-Aug-2026 16:39:04.304 정보 [daejist7.cafe24.com-startStop-1] org.apache.catalina.startup.HostConfig.deployWAR Deployment of web application archive /daejist7/tomcat/webapps/ROOT.war has finished in 1,470 ms
14-Aug-2026 16:39:04.304 정보 [daejist7.cafe24.com-startStop-1] org.apache.catalina.startup.HostConfig.deployWAR Deploying web application archive /daejist7/tomcat/webapps/exe.war
14-Aug-2026 16:39:05.061 정보 [daejist7.cafe24.com-startStop-1] org.apache.jasper.servlet.TldScanner.scanJars At least one JAR was scanned for TLDs yet contained no TLDs. Enable debug logging for this logger for a complete list of JARs that were scanned but no TLDs were found in them. Skipping unneeded JARs during scanning can improve startup time and JSP compilation time.
14-Aug-2026 16:39:05.063 정보 [daejist7.cafe24.com-startStop-1] org.apache.catalina.core.ApplicationContext.log No Spring WebApplicationInitializer types detected on classpath
14-Aug-2026 16:39:05.092 정보 [daejist7.cafe24.com-startStop-1] org.apache.catalina.core.ApplicationContext.log Initializing Spring root WebApplicationContext
14-Aug-2026 16:39:05.688 정보 [daejist7.cafe24.com-startStop-1] org.apache.catalina.core.ApplicationContext.log Initializing Spring FrameworkServlet 'appServlet'
14-Aug-2026 16:39:06.042 정보 [daejist7.cafe24.com-startStop-1] org.apache.catalina.startup.HostConfig.deployWAR Deployment of web application archive /daejist7/tomcat/webapps/exe.war has finished in 1,738 ms
14-Aug-2026 16:39:06.042 정보 [daejist7.cafe24.com-startStop-1] org.apache.catalina.startup.HostConfig.deployDirectory Deploying web application directory /daejist7/tomcat/webapps/host-manager
14-Aug-2026 16:39:06.154 정보 [daejist7.cafe24.com-startStop-1] org.apache.jasper.servlet.TldScanner.scanJars At least one JAR was scanned for TLDs yet contained no TLDs. Enable debug logging for this logger for a complete list of JARs that were scanned but no TLDs were found in them. Skipping unneeded JARs during scanning can improve startup time and JSP compilation time.
14-Aug-2026 16:39:06.156 정보 [daejist7.cafe24.com-startStop-1] org.apache.catalina.startup.HostConfig.deployDirectory Deployment of web application directory /daejist7/tomcat/webapps/host-manager has finished in 114 ms
14-Aug-2026 16:39:06.156 정보 [daejist7.cafe24.com-startStop-1] org.apache.catalina.startup.HostConfig.deployDirectory Deploying web application directory /daejist7/tomcat/webapps/manager
14-Aug-2026 16:39:06.263 정보 [daejist7.cafe24.com-startStop-1] org.apache.jasper.servlet.TldScanner.scanJars At least one JAR was scanned for TLDs yet contained no TLDs. Enable debug logging for this logger for a complete list of JARs that were scanned but no TLDs were found in them. Skipping unneeded JARs during scanning can improve startup time and JSP compilation time.
14-Aug-2026 16:39:06.263 정보 [daejist7.cafe24.com-startStop-1] org.apache.catalina.startup.HostConfig.deployDirectory Deployment of web application directory /daejist7/tomcat/webapps/manager has finished in 107 ms
14-Aug-2026 16:39:06.269 정보 [main] org.apache.coyote.AbstractProtocol.start Starting ProtocolHandler ["http-nio-8855"]
14-Aug-2026 16:39:06.272 정보 [main] org.apache.catalina.startup.Catalina.start Server startup in 9150 ms
14-Aug-2026 16:58:36.356 정보 [ContainerBackgroundProcessor[StandardEngine[daejist7]]] org.apache.catalina.startup.HostConfig.reload Reloading context [/daejiM]
14-Aug-2026 16:58:36.356 정보 [ContainerBackgroundProcessor[StandardEngine[daejist7]]] org.apache.catalina.core.StandardContext.reload Reloading Context with name [/daejiM] has started
14-Aug-2026 16:58:36.357 정보 [ContainerBackgroundProcessor[StandardEngine[daejist7]]] org.apache.catalina.core.ApplicationContext.log Destroying Spring FrameworkServlet 'appServlet'
14-Aug-2026 16:58:36.366 정보 [ContainerBackgroundProcessor[StandardEngine[daejist7]]] org.apache.catalina.core.ApplicationContext.log Closing Spring root WebApplicationContext
14-Aug-2026 16:58:36.372 경고 [ContainerBackgroundProcessor[StandardEngine[daejist7]]] org.apache.catalina.loader.WebappClassLoaderBase.clearReferencesJdbc The web application [daejiM] registered the JDBC driver [com.microsoft.sqlserver.jdbc.SQLServerDriver] but failed to unregister it when the web application was stopped. To prevent a memory leak, the JDBC Driver has been forcibly unregistered.
14-Aug-2026 16:58:36.375 정보 [ContainerBackgroundProcessor[StandardEngine[daejist7]]] org.apache.catalina.startup.ExpandWar.expand An expanded directory [/daejist7/tomcat/webapps/daejiM] was found with a last modified time that did not match the associated WAR. It will be deleted.
14-Aug-2026 16:58:38.040 정보 [ContainerBackgroundProcessor[StandardEngine[daejist7]]] org.apache.catalina.core.ApplicationContext.log No Spring WebApplicationInitializer types detected on classpath
14-Aug-2026 16:58:38.046 정보 [ContainerBackgroundProcessor[StandardEngine[daejist7]]] org.apache.catalina.core.ApplicationContext.log Initializing Spring root WebApplicationContext
14-Aug-2026 16:58:38.831 정보 [ContainerBackgroundProcessor[StandardEngine[daejist7]]] org.apache.catalina.core.ApplicationContext.log Initializing Spring DispatcherServlet 'appServlet'
14-Aug-2026 16:58:39.170 정보 [ContainerBackgroundProcessor[StandardEngine[daejist7]]] org.apache.catalina.core.StandardContext.reload Reloading Context with name [/daejiM] is completed
14-Aug-2026 16:59:11.260 정보 [main] org.apache.catalina.core.AprLifecycleListener.lifecycleEvent The APR based Apache Tomcat Native library which allows optimal performance in production environments was not found on the java.library.path: /home/hosting_users/usr/local/fakechroot/lib/fakechroot:/usr/local/fakechroot/lib/fakechroot:/home/hosting_users/usr/lib:/home/hosting_users/lib:/usr/local/mysql/lib:/usr/java/packages/lib/amd64:/usr/lib64:/lib64:/lib:/usr/lib
14-Aug-2026 16:59:11.310 정보 [main] org.apache.coyote.AbstractProtocol.init Initializing ProtocolHandler ["http-nio-8855"]
14-Aug-2026 16:59:11.320 정보 [main] org.apache.tomcat.util.net.NioSelectorPool.getSharedSelector Using a shared selector for servlet write/read
14-Aug-2026 16:59:11.321 정보 [main] org.apache.catalina.startup.Catalina.load Initialization processed in 220 ms
14-Aug-2026 16:59:11.331 정보 [main] org.apache.catalina.core.StandardService.startInternal Starting service daejist7
14-Aug-2026 16:59:11.332 정보 [main] org.apache.catalina.core.StandardEngine.startInternal Starting Servlet Engine: Apache Tomcat/8.0.50
14-Aug-2026 16:59:11.344 정보 [daejist7.cafe24.com-startStop-1] org.apache.catalina.startup.HostConfig.deployWAR Deploying web application archive /daejist7/tomcat/webapps/daejiM.war
14-Aug-2026 16:59:13.461 정보 [daejist7.cafe24.com-startStop-1] org.apache.jasper.servlet.TldScanner.scanJars At least one JAR was scanned for TLDs yet contained no TLDs. Enable debug logging for this logger for a complete list of JARs that were scanned but no TLDs were found in them. Skipping unneeded JARs during scanning can improve startup time and JSP compilation time.
14-Aug-2026 16:59:13.474 정보 [daejist7.cafe24.com-startStop-1] org.apache.catalina.core.ApplicationContext.log No Spring WebApplicationInitializer types detected on classpath
14-Aug-2026 16:59:13.480 정보 [daejist7.cafe24.com-startStop-1] org.apache.catalina.core.ApplicationContext.log Initializing Spring root WebApplicationContext
14-Aug-2026 16:59:14.381 정보 [daejist7.cafe24.com-startStop-1] org.apache.catalina.core.ApplicationContext.log Initializing Spring DispatcherServlet 'appServlet'
14-Aug-2026 16:59:14.788 정보 [daejist7.cafe24.com-startStop-1] org.apache.catalina.startup.HostConfig.deployWAR Deployment of web application archive /daejist7/tomcat/webapps/daejiM.war has finished in 3,444 ms
14-Aug-2026 16:59:14.788 정보 [daejist7.cafe24.com-startStop-1] org.apache.catalina.startup.HostConfig.deployWAR Deploying web application archive /daejist7/tomcat/webapps/scm.war
14-Aug-2026 16:59:16.174 정보 [daejist7.cafe24.com-startStop-1] org.apache.jasper.servlet.TldScanner.scanJars At least one JAR was scanned for TLDs yet contained no TLDs. Enable debug logging for this logger for a complete list of JARs that were scanned but no TLDs were found in them. Skipping unneeded JARs during scanning can improve startup time and JSP compilation time.
14-Aug-2026 16:59:16.177 정보 [daejist7.cafe24.com-startStop-1] org.apache.catalina.core.ApplicationContext.log No Spring WebApplicationInitializer types detected on classpath
14-Aug-2026 16:59:16.182 정보 [daejist7.cafe24.com-startStop-1] org.apache.catalina.core.ApplicationContext.log Initializing Spring root WebApplicationContext
14-Aug-2026 16:59:16.772 정보 [daejist7.cafe24.com-startStop-1] org.apache.catalina.core.ApplicationContext.log Initializing Spring DispatcherServlet 'appServlet'
14-Aug-2026 16:59:17.106 정보 [daejist7.cafe24.com-startStop-1] org.apache.catalina.startup.HostConfig.deployWAR Deployment of web application archive /daejist7/tomcat/webapps/scm.war has finished in 2,318 ms
14-Aug-2026 16:59:17.106 정보 [daejist7.cafe24.com-startStop-1] org.apache.catalina.startup.HostConfig.deployWAR Deploying web application archive /daejist7/tomcat/webapps/ROOT.war
14-Aug-2026 16:59:17.786 정보 [daejist7.cafe24.com-startStop-1] org.apache.jasper.servlet.TldScanner.scanJars At least one JAR was scanned for TLDs yet contained no TLDs. Enable debug logging for this logger for a complete list of JARs that were scanned but no TLDs were found in them. Skipping unneeded JARs during scanning can improve startup time and JSP compilation time.
14-Aug-2026 16:59:17.789 정보 [daejist7.cafe24.com-startStop-1] org.apache.catalina.core.ApplicationContext.log No Spring WebApplicationInitializer types detected on classpath
14-Aug-2026 16:59:17.794 정보 [daejist7.cafe24.com-startStop-1] org.apache.catalina.core.ApplicationContext.log Initializing Spring root WebApplicationContext
14-Aug-2026 16:59:18.156 정보 [daejist7.cafe24.com-startStop-1] org.apache.catalina.core.ApplicationContext.log Initializing Spring DispatcherServlet 'appServlet'
14-Aug-2026 16:59:18.549 정보 [daejist7.cafe24.com-startStop-1] org.apache.catalina.startup.HostConfig.deployWAR Deployment of web application archive /daejist7/tomcat/webapps/ROOT.war has finished in 1,443 ms
14-Aug-2026 16:59:18.549 정보 [daejist7.cafe24.com-startStop-1] org.apache.catalina.startup.HostConfig.deployWAR Deploying web application archive /daejist7/tomcat/webapps/exe.war
14-Aug-2026 16:59:19.273 정보 [daejist7.cafe24.com-startStop-1] org.apache.jasper.servlet.TldScanner.scanJars At least one JAR was scanned for TLDs yet contained no TLDs. Enable debug logging for this logger for a complete list of JARs that were scanned but no TLDs were found in them. Skipping unneeded JARs during scanning can improve startup time and JSP compilation time.
14-Aug-2026 16:59:19.275 정보 [daejist7.cafe24.com-startStop-1] org.apache.catalina.core.ApplicationContext.log No Spring WebApplicationInitializer types detected on classpath
14-Aug-2026 16:59:19.303 정보 [daejist7.cafe24.com-startStop-1] org.apache.catalina.core.ApplicationContext.log Initializing Spring root WebApplicationContext
14-Aug-2026 16:59:19.814 정보 [daejist7.cafe24.com-startStop-1] org.apache.catalina.core.ApplicationContext.log Initializing Spring FrameworkServlet 'appServlet'
14-Aug-2026 16:59:20.179 정보 [daejist7.cafe24.com-startStop-1] org.apache.catalina.startup.HostConfig.deployWAR Deployment of web application archive /daejist7/tomcat/webapps/exe.war has finished in 1,630 ms
14-Aug-2026 16:59:20.180 정보 [daejist7.cafe24.com-startStop-1] org.apache.catalina.startup.HostConfig.deployDirectory Deploying web application directory /daejist7/tomcat/webapps/host-manager
14-Aug-2026 16:59:20.298 정보 [daejist7.cafe24.com-startStop-1] org.apache.jasper.servlet.TldScanner.scanJars At least one JAR was scanned for TLDs yet contained no TLDs. Enable debug logging for this logger for a complete list of JARs that were scanned but no TLDs were found in them. Skipping unneeded JARs during scanning can improve startup time and JSP compilation time.
14-Aug-2026 16:59:20.300 정보 [daejist7.cafe24.com-startStop-1] org.apache.catalina.startup.HostConfig.deployDirectory Deployment of web application directory /daejist7/tomcat/webapps/host-manager has finished in 120 ms
14-Aug-2026 16:59:20.300 정보 [daejist7.cafe24.com-startStop-1] org.apache.catalina.startup.HostConfig.deployDirectory Deploying web application directory /daejist7/tomcat/webapps/manager
14-Aug-2026 16:59:20.418 정보 [daejist7.cafe24.com-startStop-1] org.apache.jasper.servlet.TldScanner.scanJars At least one JAR was scanned for TLDs yet contained no TLDs. Enable debug logging for this logger for a complete list of JARs that were scanned but no TLDs were found in them. Skipping unneeded JARs during scanning can improve startup time and JSP compilation time.
14-Aug-2026 16:59:20.419 정보 [daejist7.cafe24.com-startStop-1] org.apache.catalina.startup.HostConfig.deployDirectory Deployment of web application directory /daejist7/tomcat/webapps/manager has finished in 119 ms
14-Aug-2026 16:59:20.421 정보 [main] org.apache.coyote.AbstractProtocol.start Starting ProtocolHandler ["http-nio-8855"]
14-Aug-2026 16:59:20.428 정보 [main] org.apache.catalina.startup.Catalina.start Server startup in 9107 ms
14-Aug-2026 17:02:19.545 정보 [main] org.apache.catalina.core.AprLifecycleListener.lifecycleEvent The APR based Apache Tomcat Native library which allows optimal performance in production environments was not found on the java.library.path: /home/hosting_users/usr/local/fakechroot/lib/fakechroot:/usr/local/fakechroot/lib/fakechroot:/home/hosting_users/usr/lib:/home/hosting_users/lib:/usr/local/mysql/lib:/usr/java/packages/lib/amd64:/usr/lib64:/lib64:/lib:/usr/lib
14-Aug-2026 17:02:19.593 정보 [main] org.apache.coyote.AbstractProtocol.init Initializing ProtocolHandler ["http-nio-8855"]
14-Aug-2026 17:02:19.602 정보 [main] org.apache.tomcat.util.net.NioSelectorPool.getSharedSelector Using a shared selector for servlet write/read
14-Aug-2026 17:02:19.603 정보 [main] org.apache.catalina.startup.Catalina.load Initialization processed in 215 ms
14-Aug-2026 17:02:19.614 정보 [main] org.apache.catalina.core.StandardService.startInternal Starting service daejist7
14-Aug-2026 17:02:19.614 정보 [main] org.apache.catalina.core.StandardEngine.startInternal Starting Servlet Engine: Apache Tomcat/8.0.50
14-Aug-2026 17:02:19.626 정보 [daejist7.cafe24.com-startStop-1] org.apache.catalina.startup.HostConfig.deployWAR Deploying web application archive /daejist7/tomcat/webapps/daejiM.war
14-Aug-2026 17:02:21.855 정보 [daejist7.cafe24.com-startStop-1] org.apache.jasper.servlet.TldScanner.scanJars At least one JAR was scanned for TLDs yet contained no TLDs. Enable debug logging for this logger for a complete list of JARs that were scanned but no TLDs were found in them. Skipping unneeded JARs during scanning can improve startup time and JSP compilation time.
14-Aug-2026 17:02:21.867 정보 [daejist7.cafe24.com-startStop-1] org.apache.catalina.core.ApplicationContext.log No Spring WebApplicationInitializer types detected on classpath
14-Aug-2026 17:02:21.874 정보 [daejist7.cafe24.com-startStop-1] org.apache.catalina.core.ApplicationContext.log Initializing Spring root WebApplicationContext
14-Aug-2026 17:02:22.750 정보 [daejist7.cafe24.com-startStop-1] org.apache.catalina.core.ApplicationContext.log Initializing Spring DispatcherServlet 'appServlet'
14-Aug-2026 17:02:23.163 정보 [daejist7.cafe24.com-startStop-1] org.apache.catalina.startup.HostConfig.deployWAR Deployment of web application archive /daejist7/tomcat/webapps/daejiM.war has finished in 3,536 ms
14-Aug-2026 17:02:23.163 정보 [daejist7.cafe24.com-startStop-1] org.apache.catalina.startup.HostConfig.deployWAR Deploying web application archive /daejist7/tomcat/webapps/scm.war
14-Aug-2026 17:02:24.571 정보 [daejist7.cafe24.com-startStop-1] org.apache.jasper.servlet.TldScanner.scanJars At least one JAR was scanned for TLDs yet contained no TLDs. Enable debug logging for this logger for a complete list of JARs that were scanned but no TLDs were found in them. Skipping unneeded JARs during scanning can improve startup time and JSP compilation time.
14-Aug-2026 17:02:24.574 정보 [daejist7.cafe24.com-startStop-1] org.apache.catalina.core.ApplicationContext.log No Spring WebApplicationInitializer types detected on classpath
14-Aug-2026 17:02:24.579 정보 [daejist7.cafe24.com-startStop-1] org.apache.catalina.core.ApplicationContext.log Initializing Spring root WebApplicationContext
14-Aug-2026 17:02:25.174 정보 [daejist7.cafe24.com-startStop-1] org.apache.catalina.core.ApplicationContext.log Initializing Spring DispatcherServlet 'appServlet'
14-Aug-2026 17:02:25.495 정보 [daejist7.cafe24.com-startStop-1] org.apache.catalina.startup.HostConfig.deployWAR Deployment of web application archive /daejist7/tomcat/webapps/scm.war has finished in 2,332 ms
14-Aug-2026 17:02:25.495 정보 [daejist7.cafe24.com-startStop-1] org.apache.catalina.startup.HostConfig.deployWAR Deploying web application archive /daejist7/tomcat/webapps/ROOT.war
14-Aug-2026 17:02:26.169 정보 [daejist7.cafe24.com-startStop-1] org.apache.jasper.servlet.TldScanner.scanJars At least one JAR was scanned for TLDs yet contained no TLDs. Enable debug logging for this logger for a complete list of JARs that were scanned but no TLDs were found in them. Skipping unneeded JARs during scanning can improve startup time and JSP compilation time.
14-Aug-2026 17:02:26.172 정보 [daejist7.cafe24.com-startStop-1] org.apache.catalina.core.ApplicationContext.log No Spring WebApplicationInitializer types detected on classpath
14-Aug-2026 17:02:26.177 정보 [daejist7.cafe24.com-startStop-1] org.apache.catalina.core.ApplicationContext.log Initializing Spring root WebApplicationContext
14-Aug-2026 17:02:26.537 정보 [daejist7.cafe24.com-startStop-1] org.apache.catalina.core.ApplicationContext.log Initializing Spring DispatcherServlet 'appServlet'
14-Aug-2026 17:02:26.930 정보 [daejist7.cafe24.com-startStop-1] org.apache.catalina.startup.HostConfig.deployWAR Deployment of web application archive /daejist7/tomcat/webapps/ROOT.war has finished in 1,435 ms
14-Aug-2026 17:02:26.930 정보 [daejist7.cafe24.com-startStop-1] org.apache.catalina.startup.HostConfig.deployWAR Deploying web application archive /daejist7/tomcat/webapps/exe.war
14-Aug-2026 17:02:27.658 정보 [daejist7.cafe24.com-startStop-1] org.apache.jasper.servlet.TldScanner.scanJars At least one JAR was scanned for TLDs yet contained no TLDs. Enable debug logging for this logger for a complete list of JARs that were scanned but no TLDs were found in them. Skipping unneeded JARs during scanning can improve startup time and JSP compilation time.
14-Aug-2026 17:02:27.660 정보 [daejist7.cafe24.com-startStop-1] org.apache.catalina.core.ApplicationContext.log No Spring WebApplicationInitializer types detected on classpath
14-Aug-2026 17:02:27.689 정보 [daejist7.cafe24.com-startStop-1] org.apache.catalina.core.ApplicationContext.log Initializing Spring root WebApplicationContext
14-Aug-2026 17:02:28.300 정보 [daejist7.cafe24.com-startStop-1] org.apache.catalina.core.ApplicationContext.log Initializing Spring FrameworkServlet 'appServlet'
14-Aug-2026 17:02:28.656 정보 [daejist7.cafe24.com-startStop-1] org.apache.catalina.startup.HostConfig.deployWAR Deployment of web application archive /daejist7/tomcat/webapps/exe.war has finished in 1,725 ms
14-Aug-2026 17:02:28.656 정보 [daejist7.cafe24.com-startStop-1] org.apache.catalina.startup.HostConfig.deployDirectory Deploying web application directory /daejist7/tomcat/webapps/host-manager
14-Aug-2026 17:02:28.767 정보 [daejist7.cafe24.com-startStop-1] org.apache.jasper.servlet.TldScanner.scanJars At least one JAR was scanned for TLDs yet contained no TLDs. Enable debug logging for this logger for a complete list of JARs that were scanned but no TLDs were found in them. Skipping unneeded JARs during scanning can improve startup time and JSP compilation time.
14-Aug-2026 17:02:28.770 정보 [daejist7.cafe24.com-startStop-1] org.apache.catalina.startup.HostConfig.deployDirectory Deployment of web application directory /daejist7/tomcat/webapps/host-manager has finished in 114 ms
14-Aug-2026 17:02:28.770 정보 [daejist7.cafe24.com-startStop-1] org.apache.catalina.startup.HostConfig.deployDirectory Deploying web application directory /daejist7/tomcat/webapps/manager
14-Aug-2026 17:02:28.878 정보 [daejist7.cafe24.com-startStop-1] org.apache.jasper.servlet.TldScanner.scanJars At least one JAR was scanned for TLDs yet contained no TLDs. Enable debug logging for this logger for a complete list of JARs that were scanned but no TLDs were found in them. Skipping unneeded JARs during scanning can improve startup time and JSP compilation time.
14-Aug-2026 17:02:28.882 정보 [daejist7.cafe24.com-startStop-1] org.apache.catalina.startup.HostConfig.deployDirectory Deployment of web application directory /daejist7/tomcat/webapps/manager has finished in 111 ms
14-Aug-2026 17:02:28.884 정보 [main] org.apache.coyote.AbstractProtocol.start Starting ProtocolHandler ["http-nio-8855"]
14-Aug-2026 17:02:28.887 정보 [main] org.apache.catalina.startup.Catalina.start Server startup in 9283 ms
14-Aug-2026 17:06:09.403 정보 [ContainerBackgroundProcessor[StandardEngine[daejist7]]] org.apache.catalina.startup.HostConfig.undeploy Undeploying context [/daejiM]
14-Aug-2026 17:06:09.403 정보 [ContainerBackgroundProcessor[StandardEngine[daejist7]]] org.apache.catalina.core.ApplicationContext.log Destroying Spring FrameworkServlet 'appServlet'
14-Aug-2026 17:06:09.423 정보 [ContainerBackgroundProcessor[StandardEngine[daejist7]]] org.apache.catalina.core.ApplicationContext.log Closing Spring root WebApplicationContext
14-Aug-2026 17:06:09.426 경고 [ContainerBackgroundProcessor[StandardEngine[daejist7]]] org.apache.catalina.loader.WebappClassLoaderBase.clearReferencesJdbc The web application [daejiM] registered the JDBC driver [com.microsoft.sqlserver.jdbc.SQLServerDriver] but failed to unregister it when the web application was stopped. To prevent a memory leak, the JDBC Driver has been forcibly unregistered.
14-Aug-2026 17:06:20.883 정보 [main] org.apache.catalina.core.AprLifecycleListener.lifecycleEvent The APR based Apache Tomcat Native library which allows optimal performance in production environments was not found on the java.library.path: /home/hosting_users/usr/local/fakechroot/lib/fakechroot:/usr/local/fakechroot/lib/fakechroot:/home/hosting_users/usr/lib:/home/hosting_users/lib:/usr/local/mysql/lib:/usr/java/packages/lib/amd64:/usr/lib64:/lib64:/lib:/usr/lib
14-Aug-2026 17:06:20.931 정보 [main] org.apache.coyote.AbstractProtocol.init Initializing ProtocolHandler ["http-nio-8855"]
14-Aug-2026 17:06:20.941 정보 [main] org.apache.tomcat.util.net.NioSelectorPool.getSharedSelector Using a shared selector for servlet write/read
14-Aug-2026 17:06:20.942 정보 [main] org.apache.catalina.startup.Catalina.load Initialization processed in 216 ms
14-Aug-2026 17:06:20.952 정보 [main] org.apache.catalina.core.StandardService.startInternal Starting service daejist7
14-Aug-2026 17:06:20.953 정보 [main] org.apache.catalina.core.StandardEngine.startInternal Starting Servlet Engine: Apache Tomcat/8.0.50
14-Aug-2026 17:06:20.964 정보 [daejist7.cafe24.com-startStop-1] org.apache.catalina.startup.HostConfig.deployWAR Deploying web application archive /daejist7/tomcat/webapps/scm.war
14-Aug-2026 17:06:22.850 정보 [daejist7.cafe24.com-startStop-1] org.apache.jasper.servlet.TldScanner.scanJars At least one JAR was scanned for TLDs yet contained no TLDs. Enable debug logging for this logger for a complete list of JARs that were scanned but no TLDs were found in them. Skipping unneeded JARs during scanning can improve startup time and JSP compilation time.
14-Aug-2026 17:06:22.864 정보 [daejist7.cafe24.com-startStop-1] org.apache.catalina.core.ApplicationContext.log No Spring WebApplicationInitializer types detected on classpath
14-Aug-2026 17:06:22.871 정보 [daejist7.cafe24.com-startStop-1] org.apache.catalina.core.ApplicationContext.log Initializing Spring root WebApplicationContext
14-Aug-2026 17:06:23.645 정보 [daejist7.cafe24.com-startStop-1] org.apache.catalina.core.ApplicationContext.log Initializing Spring DispatcherServlet 'appServlet'
14-Aug-2026 17:06:24.029 정보 [daejist7.cafe24.com-startStop-1] org.apache.catalina.startup.HostConfig.deployWAR Deployment of web application archive /daejist7/tomcat/webapps/scm.war has finished in 3,065 ms
14-Aug-2026 17:06:24.029 정보 [daejist7.cafe24.com-startStop-1] org.apache.catalina.startup.HostConfig.deployWAR Deploying web application archive /daejist7/tomcat/webapps/ROOT.war
14-Aug-2026 17:06:24.794 정보 [daejist7.cafe24.com-startStop-1] org.apache.jasper.servlet.TldScanner.scanJars At least one JAR was scanned for TLDs yet contained no TLDs. Enable debug logging for this logger for a complete list of JARs that were scanned but no TLDs were found in them. Skipping unneeded JARs during scanning can improve startup time and JSP compilation time.
14-Aug-2026 17:06:24.799 정보 [daejist7.cafe24.com-startStop-1] org.apache.catalina.core.ApplicationContext.log No Spring WebApplicationInitializer types detected on classpath
14-Aug-2026 17:06:24.804 정보 [daejist7.cafe24.com-startStop-1] org.apache.catalina.core.ApplicationContext.log Initializing Spring root WebApplicationContext
14-Aug-2026 17:06:25.188 정보 [daejist7.cafe24.com-startStop-1] org.apache.catalina.core.ApplicationContext.log Initializing Spring DispatcherServlet 'appServlet'
14-Aug-2026 17:06:25.518 정보 [daejist7.cafe24.com-startStop-1] org.apache.catalina.startup.HostConfig.deployWAR Deployment of web application archive /daejist7/tomcat/webapps/ROOT.war has finished in 1,489 ms
14-Aug-2026 17:06:25.518 정보 [daejist7.cafe24.com-startStop-1] org.apache.catalina.startup.HostConfig.deployWAR Deploying web application archive /daejist7/tomcat/webapps/exe.war
14-Aug-2026 17:06:26.261 정보 [daejist7.cafe24.com-startStop-1] org.apache.jasper.servlet.TldScanner.scanJars At least one JAR was scanned for TLDs yet contained no TLDs. Enable debug logging for this logger for a complete list of JARs that were scanned but no TLDs were found in them. Skipping unneeded JARs during scanning can improve startup time and JSP compilation time.
14-Aug-2026 17:06:26.264 정보 [daejist7.cafe24.com-startStop-1] org.apache.catalina.core.ApplicationContext.log No Spring WebApplicationInitializer types detected on classpath
14-Aug-2026 17:06:26.293 정보 [daejist7.cafe24.com-startStop-1] org.apache.catalina.core.ApplicationContext.log Initializing Spring root WebApplicationContext
14-Aug-2026 17:06:26.735 정보 [daejist7.cafe24.com-startStop-1] org.apache.catalina.core.ApplicationContext.log Initializing Spring FrameworkServlet 'appServlet'
14-Aug-2026 17:06:27.122 정보 [daejist7.cafe24.com-startStop-1] org.apache.catalina.startup.HostConfig.deployWAR Deployment of web application archive /daejist7/tomcat/webapps/exe.war has finished in 1,604 ms
14-Aug-2026 17:06:27.123 정보 [daejist7.cafe24.com-startStop-1] org.apache.catalina.startup.HostConfig.deployDirectory Deploying web application directory /daejist7/tomcat/webapps/host-manager
14-Aug-2026 17:06:27.232 정보 [daejist7.cafe24.com-startStop-1] org.apache.jasper.servlet.TldScanner.scanJars At least one JAR was scanned for TLDs yet contained no TLDs. Enable debug logging for this logger for a complete list of JARs that were scanned but no TLDs were found in them. Skipping unneeded JARs during scanning can improve startup time and JSP compilation time.
14-Aug-2026 17:06:27.234 정보 [daejist7.cafe24.com-startStop-1] org.apache.catalina.startup.HostConfig.deployDirectory Deployment of web application directory /daejist7/tomcat/webapps/host-manager has finished in 111 ms
14-Aug-2026 17:06:27.234 정보 [daejist7.cafe24.com-startStop-1] org.apache.catalina.startup.HostConfig.deployDirectory Deploying web application directory /daejist7/tomcat/webapps/manager
14-Aug-2026 17:06:27.342 정보 [daejist7.cafe24.com-startStop-1] org.apache.jasper.servlet.TldScanner.scanJars At least one JAR was scanned for TLDs yet contained no TLDs. Enable debug logging for this logger for a complete list of JARs that were scanned but no TLDs were found in them. Skipping unneeded JARs during scanning can improve startup time and JSP compilation time.
14-Aug-2026 17:06:27.343 정보 [daejist7.cafe24.com-startStop-1] org.apache.catalina.startup.HostConfig.deployDirectory Deployment of web application directory /daejist7/tomcat/webapps/manager has finished in 108 ms
14-Aug-2026 17:06:27.345 정보 [main] org.apache.coyote.AbstractProtocol.start Starting ProtocolHandler ["http-nio-8855"]
14-Aug-2026 17:06:27.348 정보 [main] org.apache.catalina.startup.Catalina.start Server startup in 6405 ms
14-Aug-2026 17:07:17.349 정보 [daejist7.cafe24.com-startStop-2] org.apache.catalina.startup.HostConfig.deployWAR Deploying web application archive /daejist7/tomcat/webapps/daejiM.war
14-Aug-2026 17:07:19.011 정보 [daejist7.cafe24.com-startStop-2] org.apache.jasper.servlet.TldScanner.scanJars At least one JAR was scanned for TLDs yet contained no TLDs. Enable debug logging for this logger for a complete list of JARs that were scanned but no TLDs were found in them. Skipping unneeded JARs during scanning can improve startup time and JSP compilation time.
14-Aug-2026 17:07:19.013 정보 [daejist7.cafe24.com-startStop-2] org.apache.catalina.core.ApplicationContext.log No Spring WebApplicationInitializer types detected on classpath
14-Aug-2026 17:07:19.018 정보 [daejist7.cafe24.com-startStop-2] org.apache.catalina.core.ApplicationContext.log Initializing Spring root WebApplicationContext
14-Aug-2026 17:07:19.650 정보 [daejist7.cafe24.com-startStop-2] org.apache.catalina.core.ApplicationContext.log Initializing Spring DispatcherServlet 'appServlet'
14-Aug-2026 17:07:19.979 정보 [daejist7.cafe24.com-startStop-2] org.apache.catalina.startup.HostConfig.deployWAR Deployment of web application archive /daejist7/tomcat/webapps/daejiM.war has finished in 2,630 ms
14-Aug-2026 17:12:10.006 정보 [ContainerBackgroundProcessor[StandardEngine[daejist7]]] org.apache.catalina.startup.HostConfig.undeploy Undeploying context [/daejiM]
14-Aug-2026 17:12:10.007 정보 [ContainerBackgroundProcessor[StandardEngine[daejist7]]] org.apache.catalina.core.ApplicationContext.log Destroying Spring FrameworkServlet 'appServlet'
14-Aug-2026 17:12:10.031 정보 [ContainerBackgroundProcessor[StandardEngine[daejist7]]] org.apache.catalina.core.ApplicationContext.log Closing Spring root WebApplicationContext
14-Aug-2026 17:12:10.045 경고 [ContainerBackgroundProcessor[StandardEngine[daejist7]]] org.apache.catalina.loader.WebappClassLoaderBase.clearReferencesJdbc The web application [daejiM] registered the JDBC driver [com.microsoft.sqlserver.jdbc.SQLServerDriver] but failed to unregister it when the web application was stopped. To prevent a memory leak, the JDBC Driver has been forcibly unregistered.
14-Aug-2026 17:12:10.063 정보 [daejist7.cafe24.com-startStop-3] org.apache.catalina.startup.HostConfig.deployWAR Deploying web application archive /daejist7/tomcat/webapps/daejiM.war
14-Aug-2026 17:12:11.706 정보 [daejist7.cafe24.com-startStop-3] org.apache.jasper.servlet.TldScanner.scanJars At least one JAR was scanned for TLDs yet contained no TLDs. Enable debug logging for this logger for a complete list of JARs that were scanned but no TLDs were found in them. Skipping unneeded JARs during scanning can improve startup time and JSP compilation time.
14-Aug-2026 17:12:11.708 정보 [daejist7.cafe24.com-startStop-3] org.apache.catalina.core.ApplicationContext.log No Spring WebApplicationInitializer types detected on classpath
14-Aug-2026 17:12:11.714 정보 [daejist7.cafe24.com-startStop-3] org.apache.catalina.core.ApplicationContext.log Initializing Spring root WebApplicationContext
14-Aug-2026 17:12:12.407 정보 [daejist7.cafe24.com-startStop-3] org.apache.catalina.core.ApplicationContext.log Initializing Spring DispatcherServlet 'appServlet'
14-Aug-2026 17:12:12.846 정보 [daejist7.cafe24.com-startStop-3] org.apache.catalina.startup.HostConfig.deployWAR Deployment of web application archive /daejist7/tomcat/webapps/daejiM.war has finished in 2,783 ms
14-Aug-2026 17:12:14.318 정보 [main] org.apache.catalina.core.AprLifecycleListener.lifecycleEvent The APR based Apache Tomcat Native library which allows optimal performance in production environments was not found on the java.library.path: /home/hosting_users/usr/local/fakechroot/lib/fakechroot:/usr/local/fakechroot/lib/fakechroot:/home/hosting_users/usr/lib:/home/hosting_users/lib:/usr/local/mysql/lib:/usr/java/packages/lib/amd64:/usr/lib64:/lib64:/lib:/usr/lib
14-Aug-2026 17:12:14.368 정보 [main] org.apache.coyote.AbstractProtocol.init Initializing ProtocolHandler ["http-nio-8855"]
14-Aug-2026 17:12:14.377 정보 [main] org.apache.tomcat.util.net.NioSelectorPool.getSharedSelector Using a shared selector for servlet write/read
14-Aug-2026 17:12:14.378 정보 [main] org.apache.catalina.startup.Catalina.load Initialization processed in 225 ms
14-Aug-2026 17:12:14.389 정보 [main] org.apache.catalina.core.StandardService.startInternal Starting service daejist7
14-Aug-2026 17:12:14.389 정보 [main] org.apache.catalina.core.StandardEngine.startInternal Starting Servlet Engine: Apache Tomcat/8.0.50
14-Aug-2026 17:12:14.401 정보 [daejist7.cafe24.com-startStop-1] org.apache.catalina.startup.HostConfig.deployWAR Deploying web application archive /daejist7/tomcat/webapps/daejiM.war
14-Aug-2026 17:12:16.474 정보 [daejist7.cafe24.com-startStop-1] org.apache.jasper.servlet.TldScanner.scanJars At least one JAR was scanned for TLDs yet contained no TLDs. Enable debug logging for this logger for a complete list of JARs that were scanned but no TLDs were found in them. Skipping unneeded JARs during scanning can improve startup time and JSP compilation time.
14-Aug-2026 17:12:16.487 정보 [daejist7.cafe24.com-startStop-1] org.apache.catalina.core.ApplicationContext.log No Spring WebApplicationInitializer types detected on classpath
14-Aug-2026 17:12:16.493 정보 [daejist7.cafe24.com-startStop-1] org.apache.catalina.core.ApplicationContext.log Initializing Spring root WebApplicationContext
14-Aug-2026 17:12:17.379 정보 [daejist7.cafe24.com-startStop-1] org.apache.catalina.core.ApplicationContext.log Initializing Spring DispatcherServlet 'appServlet'
14-Aug-2026 17:12:17.773 정보 [daejist7.cafe24.com-startStop-1] org.apache.catalina.startup.HostConfig.deployWAR Deployment of web application archive /daejist7/tomcat/webapps/daejiM.war has finished in 3,372 ms
14-Aug-2026 17:12:17.774 정보 [daejist7.cafe24.com-startStop-1] org.apache.catalina.startup.HostConfig.deployWAR Deploying web application archive /daejist7/tomcat/webapps/scm.war
14-Aug-2026 17:12:19.123 정보 [daejist7.cafe24.com-startStop-1] org.apache.jasper.servlet.TldScanner.scanJars At least one JAR was scanned for TLDs yet contained no TLDs. Enable debug logging for this logger for a complete list of JARs that were scanned but no TLDs were found in them. Skipping unneeded JARs during scanning can improve startup time and JSP compilation time.
14-Aug-2026 17:12:19.126 정보 [daejist7.cafe24.com-startStop-1] org.apache.catalina.core.ApplicationContext.log No Spring WebApplicationInitializer types detected on classpath
14-Aug-2026 17:12:19.132 정보 [daejist7.cafe24.com-startStop-1] org.apache.catalina.core.ApplicationContext.log Initializing Spring root WebApplicationContext
14-Aug-2026 17:12:19.705 정보 [daejist7.cafe24.com-startStop-1] org.apache.catalina.core.ApplicationContext.log Initializing Spring DispatcherServlet 'appServlet'
14-Aug-2026 17:12:20.035 정보 [daejist7.cafe24.com-startStop-1] org.apache.catalina.startup.HostConfig.deployWAR Deployment of web application archive /daejist7/tomcat/webapps/scm.war has finished in 2,261 ms
14-Aug-2026 17:12:20.035 정보 [daejist7.cafe24.com-startStop-1] org.apache.catalina.startup.HostConfig.deployWAR Deploying web application archive /daejist7/tomcat/webapps/ROOT.war
14-Aug-2026 17:12:20.706 정보 [daejist7.cafe24.com-startStop-1] org.apache.jasper.servlet.TldScanner.scanJars At least one JAR was scanned for TLDs yet contained no TLDs. Enable debug logging for this logger for a complete list of JARs that were scanned but no TLDs were found in them. Skipping unneeded JARs during scanning can improve startup time and JSP compilation time.
14-Aug-2026 17:12:20.708 정보 [daejist7.cafe24.com-startStop-1] org.apache.catalina.core.ApplicationContext.log No Spring WebApplicationInitializer types detected on classpath
14-Aug-2026 17:12:20.713 정보 [daejist7.cafe24.com-startStop-1] org.apache.catalina.core.ApplicationContext.log Initializing Spring root WebApplicationContext
14-Aug-2026 17:12:21.082 정보 [daejist7.cafe24.com-startStop-1] org.apache.catalina.core.ApplicationContext.log Initializing Spring DispatcherServlet 'appServlet'
14-Aug-2026 17:12:21.523 정보 [daejist7.cafe24.com-startStop-1] org.apache.catalina.startup.HostConfig.deployWAR Deployment of web application archive /daejist7/tomcat/webapps/ROOT.war has finished in 1,488 ms
14-Aug-2026 17:12:21.524 정보 [daejist7.cafe24.com-startStop-1] org.apache.catalina.startup.HostConfig.deployWAR Deploying web application archive /daejist7/tomcat/webapps/exe.war
14-Aug-2026 17:12:22.245 정보 [daejist7.cafe24.com-startStop-1] org.apache.jasper.servlet.TldScanner.scanJars At least one JAR was scanned for TLDs yet contained no TLDs. Enable debug logging for this logger for a complete list of JARs that were scanned but no TLDs were found in them. Skipping unneeded JARs during scanning can improve startup time and JSP compilation time.
14-Aug-2026 17:12:22.247 정보 [daejist7.cafe24.com-startStop-1] org.apache.catalina.core.ApplicationContext.log No Spring WebApplicationInitializer types detected on classpath
14-Aug-2026 17:12:22.273 정보 [daejist7.cafe24.com-startStop-1] org.apache.catalina.core.ApplicationContext.log Initializing Spring root WebApplicationContext
14-Aug-2026 17:12:22.689 정보 [daejist7.cafe24.com-startStop-1] org.apache.catalina.core.ApplicationContext.log Initializing Spring FrameworkServlet 'appServlet'
14-Aug-2026 17:12:23.091 정보 [daejist7.cafe24.com-startStop-1] org.apache.catalina.startup.HostConfig.deployWAR Deployment of web application archive /daejist7/tomcat/webapps/exe.war has finished in 1,568 ms
14-Aug-2026 17:12:23.092 정보 [daejist7.cafe24.com-startStop-1] org.apache.catalina.startup.HostConfig.deployDirectory Deploying web application directory /daejist7/tomcat/webapps/host-manager
14-Aug-2026 17:12:23.203 정보 [daejist7.cafe24.com-startStop-1] org.apache.jasper.servlet.TldScanner.scanJars At least one JAR was scanned for TLDs yet contained no TLDs. Enable debug logging for this logger for a complete list of JARs that were scanned but no TLDs were found in them. Skipping unneeded JARs during scanning can improve startup time and JSP compilation time.
14-Aug-2026 17:12:23.205 정보 [daejist7.cafe24.com-startStop-1] org.apache.catalina.startup.HostConfig.deployDirectory Deployment of web application directory /daejist7/tomcat/webapps/host-manager has finished in 113 ms
14-Aug-2026 17:12:23.205 정보 [daejist7.cafe24.com-startStop-1] org.apache.catalina.startup.HostConfig.deployDirectory Deploying web application directory /daejist7/tomcat/webapps/manager
14-Aug-2026 17:12:23.312 정보 [daejist7.cafe24.com-startStop-1] org.apache.jasper.servlet.TldScanner.scanJars At least one JAR was scanned for TLDs yet contained no TLDs. Enable debug logging for this logger for a complete list of JARs that were scanned but no TLDs were found in them. Skipping unneeded JARs during scanning can improve startup time and JSP compilation time.
14-Aug-2026 17:12:23.313 정보 [daejist7.cafe24.com-startStop-1] org.apache.catalina.startup.HostConfig.deployDirectory Deployment of web application directory /daejist7/tomcat/webapps/manager has finished in 108 ms
14-Aug-2026 17:12:23.315 정보 [main] org.apache.coyote.AbstractProtocol.start Starting ProtocolHandler ["http-nio-8855"]
14-Aug-2026 17:12:23.319 정보 [main] org.apache.catalina.startup.Catalina.start Server startup in 8940 ms
14-Aug-2026 17:13:03.820 정보 [ContainerBackgroundProcessor[StandardEngine[daejist7]]] org.apache.catalina.startup.HostConfig.undeploy Undeploying context [/daejiM]
14-Aug-2026 17:13:03.821 정보 [ContainerBackgroundProcessor[StandardEngine[daejist7]]] org.apache.catalina.core.ApplicationContext.log Destroying Spring FrameworkServlet 'appServlet'
14-Aug-2026 17:13:03.831 정보 [ContainerBackgroundProcessor[StandardEngine[daejist7]]] org.apache.catalina.core.ApplicationContext.log Closing Spring root WebApplicationContext
14-Aug-2026 17:13:03.837 경고 [ContainerBackgroundProcessor[StandardEngine[daejist7]]] org.apache.catalina.loader.WebappClassLoaderBase.clearReferencesJdbc The web application [daejiM] registered the JDBC driver [com.microsoft.sqlserver.jdbc.SQLServerDriver] but failed to unregister it when the web application was stopped. To prevent a memory leak, the JDBC Driver has been forcibly unregistered.
14-Aug-2026 17:13:13.855 정보 [daejist7.cafe24.com-startStop-2] org.apache.catalina.startup.HostConfig.deployWAR Deploying web application archive /daejist7/tomcat/webapps/daejiM.war
14-Aug-2026 17:13:15.493 정보 [main] org.apache.catalina.core.AprLifecycleListener.lifecycleEvent The APR based Apache Tomcat Native library which allows optimal performance in production environments was not found on the java.library.path: /home/hosting_users/usr/local/fakechroot/lib/fakechroot:/usr/local/fakechroot/lib/fakechroot:/home/hosting_users/usr/lib:/home/hosting_users/lib:/usr/local/mysql/lib:/usr/java/packages/lib/amd64:/usr/lib64:/lib64:/lib:/usr/lib
14-Aug-2026 17:13:15.541 정보 [main] org.apache.coyote.AbstractProtocol.init Initializing ProtocolHandler ["http-nio-8855"]
14-Aug-2026 17:13:15.550 정보 [main] org.apache.tomcat.util.net.NioSelectorPool.getSharedSelector Using a shared selector for servlet write/read
14-Aug-2026 17:13:15.551 정보 [main] org.apache.catalina.startup.Catalina.load Initialization processed in 217 ms
14-Aug-2026 17:13:15.562 정보 [main] org.apache.catalina.core.StandardService.startInternal Starting service daejist7
14-Aug-2026 17:13:15.562 정보 [main] org.apache.catalina.core.StandardEngine.startInternal Starting Servlet Engine: Apache Tomcat/8.0.50
14-Aug-2026 17:13:15.573 정보 [daejist7.cafe24.com-startStop-1] org.apache.catalina.startup.HostConfig.deployWAR Deploying web application archive /daejist7/tomcat/webapps/daejiM.war
14-Aug-2026 17:13:17.773 정보 [daejist7.cafe24.com-startStop-1] org.apache.jasper.servlet.TldScanner.scanJars At least one JAR was scanned for TLDs yet contained no TLDs. Enable debug logging for this logger for a complete list of JARs that were scanned but no TLDs were found in them. Skipping unneeded JARs during scanning can improve startup time and JSP compilation time.
14-Aug-2026 17:13:17.786 정보 [daejist7.cafe24.com-startStop-1] org.apache.catalina.core.ApplicationContext.log No Spring WebApplicationInitializer types detected on classpath
14-Aug-2026 17:13:17.793 정보 [daejist7.cafe24.com-startStop-1] org.apache.catalina.core.ApplicationContext.log Initializing Spring root WebApplicationContext
14-Aug-2026 17:13:18.704 정보 [daejist7.cafe24.com-startStop-1] org.apache.catalina.core.ApplicationContext.log Initializing Spring DispatcherServlet 'appServlet'
14-Aug-2026 17:13:19.095 정보 [daejist7.cafe24.com-startStop-1] org.apache.catalina.startup.HostConfig.deployWAR Deployment of web application archive /daejist7/tomcat/webapps/daejiM.war has finished in 3,522 ms
14-Aug-2026 17:13:19.095 정보 [daejist7.cafe24.com-startStop-1] org.apache.catalina.startup.HostConfig.deployWAR Deploying web application archive /daejist7/tomcat/webapps/scm.war
14-Aug-2026 17:13:20.608 정보 [daejist7.cafe24.com-startStop-1] org.apache.jasper.servlet.TldScanner.scanJars At least one JAR was scanned for TLDs yet contained no TLDs. Enable debug logging for this logger for a complete list of JARs that were scanned but no TLDs were found in them. Skipping unneeded JARs during scanning can improve startup time and JSP compilation time.
14-Aug-2026 17:13:20.611 정보 [daejist7.cafe24.com-startStop-1] org.apache.catalina.core.ApplicationContext.log No Spring WebApplicationInitializer types detected on classpath
14-Aug-2026 17:13:20.616 정보 [daejist7.cafe24.com-startStop-1] org.apache.catalina.core.ApplicationContext.log Initializing Spring root WebApplicationContext
14-Aug-2026 17:13:21.188 정보 [daejist7.cafe24.com-startStop-1] org.apache.catalina.core.ApplicationContext.log Initializing Spring DispatcherServlet 'appServlet'
14-Aug-2026 17:13:21.503 정보 [daejist7.cafe24.com-startStop-1] org.apache.catalina.startup.HostConfig.deployWAR Deployment of web application archive /daejist7/tomcat/webapps/scm.war has finished in 2,408 ms
14-Aug-2026 17:13:21.504 정보 [daejist7.cafe24.com-startStop-1] org.apache.catalina.startup.HostConfig.deployWAR Deploying web application archive /daejist7/tomcat/webapps/ROOT.war
14-Aug-2026 17:13:22.184 정보 [daejist7.cafe24.com-startStop-1] org.apache.jasper.servlet.TldScanner.scanJars At least one JAR was scanned for TLDs yet contained no TLDs. Enable debug logging for this logger for a complete list of JARs that were scanned but no TLDs were found in them. Skipping unneeded JARs during scanning can improve startup time and JSP compilation time.
14-Aug-2026 17:13:22.186 정보 [daejist7.cafe24.com-startStop-1] org.apache.catalina.core.ApplicationContext.log No Spring WebApplicationInitializer types detected on classpath
14-Aug-2026 17:13:22.191 정보 [daejist7.cafe24.com-startStop-1] org.apache.catalina.core.ApplicationContext.log Initializing Spring root WebApplicationContext
14-Aug-2026 17:13:22.552 정보 [daejist7.cafe24.com-startStop-1] org.apache.catalina.core.ApplicationContext.log Initializing Spring DispatcherServlet 'appServlet'
14-Aug-2026 17:13:22.963 정보 [daejist7.cafe24.com-startStop-1] org.apache.catalina.startup.HostConfig.deployWAR Deployment of web application archive /daejist7/tomcat/webapps/ROOT.war has finished in 1,459 ms
14-Aug-2026 17:13:22.963 정보 [daejist7.cafe24.com-startStop-1] org.apache.catalina.startup.HostConfig.deployWAR Deploying web application archive /daejist7/tomcat/webapps/exe.war
14-Aug-2026 17:13:23.695 정보 [daejist7.cafe24.com-startStop-1] org.apache.jasper.servlet.TldScanner.scanJars At least one JAR was scanned for TLDs yet contained no TLDs. Enable debug logging for this logger for a complete list of JARs that were scanned but no TLDs were found in them. Skipping unneeded JARs during scanning can improve startup time and JSP compilation time.
14-Aug-2026 17:13:23.697 정보 [daejist7.cafe24.com-startStop-1] org.apache.catalina.core.ApplicationContext.log No Spring WebApplicationInitializer types detected on classpath
14-Aug-2026 17:13:23.726 정보 [daejist7.cafe24.com-startStop-1] org.apache.catalina.core.ApplicationContext.log Initializing Spring root WebApplicationContext
14-Aug-2026 17:13:24.133 정보 [daejist7.cafe24.com-startStop-1] org.apache.catalina.core.ApplicationContext.log Initializing Spring FrameworkServlet 'appServlet'
14-Aug-2026 17:13:24.487 정보 [daejist7.cafe24.com-startStop-1] org.apache.catalina.startup.HostConfig.deployWAR Deployment of web application archive /daejist7/tomcat/webapps/exe.war has finished in 1,524 ms
14-Aug-2026 17:13:24.488 정보 [daejist7.cafe24.com-startStop-1] org.apache.catalina.startup.HostConfig.deployDirectory Deploying web application directory /daejist7/tomcat/webapps/host-manager
14-Aug-2026 17:13:24.599 정보 [daejist7.cafe24.com-startStop-1] org.apache.jasper.servlet.TldScanner.scanJars At least one JAR was scanned for TLDs yet contained no TLDs. Enable debug logging for this logger for a complete list of JARs that were scanned but no TLDs were found in them. Skipping unneeded JARs during scanning can improve startup time and JSP compilation time.
14-Aug-2026 17:13:24.601 정보 [daejist7.cafe24.com-startStop-1] org.apache.catalina.startup.HostConfig.deployDirectory Deployment of web application directory /daejist7/tomcat/webapps/host-manager has finished in 113 ms
14-Aug-2026 17:13:24.601 정보 [daejist7.cafe24.com-startStop-1] org.apache.catalina.startup.HostConfig.deployDirectory Deploying web application directory /daejist7/tomcat/webapps/manager
14-Aug-2026 17:13:24.710 정보 [daejist7.cafe24.com-startStop-1] org.apache.jasper.servlet.TldScanner.scanJars At least one JAR was scanned for TLDs yet contained no TLDs. Enable debug logging for this logger for a complete list of JARs that were scanned but no TLDs were found in them. Skipping unneeded JARs during scanning can improve startup time and JSP compilation time.
14-Aug-2026 17:13:24.710 정보 [daejist7.cafe24.com-startStop-1] org.apache.catalina.startup.HostConfig.deployDirectory Deployment of web application directory /daejist7/tomcat/webapps/manager has finished in 109 ms
14-Aug-2026 17:13:24.713 정보 [main] org.apache.coyote.AbstractProtocol.start Starting ProtocolHandler ["http-nio-8855"]
14-Aug-2026 17:13:24.716 정보 [main] org.apache.catalina.startup.Catalina.start Server startup in 9164 ms
