13-Jun-2023 12:03:45.411 심각 [http-nio-8855-exec-225] org.apache.catalina.core.StandardWrapperValve.invoke Servlet.service() for servlet [appServlet] in context with path [] threw exception [Request processing failed; nested exception is org.mybatis.spring.MyBatisSystemException: nested exception is org.apache.ibatis.exceptions.PersistenceException: 
### Error querying database.  Cause: org.springframework.jdbc.CannotGetJdbcConnectionException: Failed to obtain JDBC Connection; nested exception is com.microsoft.sqlserver.jdbc.SQLServerException: 호스트 61.32.101.234, 포트 1433에 대한 TCP/IP 연결에 실패했습니다. 오류: "connect timed out. 연결 속성을 확인하십시오. SQL Server의 인스턴스가 호스트에서 실행되고 있고 포트에서 TCP/IP 연결을 허용하고 있는지 확인하십시오. 또한 방화벽에서 포트로의 TCP 연결을 차단하지 않는지 확인하십시오.".
### The error may exist in com/daejist/login/mapper/LoginMapper.xml
### The error may involve com.daejist.login.mapper.LoginMapper.LoginMember
### The error occurred while executing a query
### Cause: org.springframework.jdbc.CannotGetJdbcConnectionException: Failed to obtain JDBC Connection; nested exception is com.microsoft.sqlserver.jdbc.SQLServerException: 호스트 61.32.101.234, 포트 1433에 대한 TCP/IP 연결에 실패했습니다. 오류: "connect timed out. 연결 속성을 확인하십시오. SQL Server의 인스턴스가 호스트에서 실행되고 있고 포트에서 TCP/IP 연결을 허용하고 있는지 확인하십시오. 또한 방화벽에서 포트로의 TCP 연결을 차단하지 않는지 확인하십시오.".] with root cause
 com.microsoft.sqlserver.jdbc.SQLServerException: 호스트 61.32.101.234, 포트 1433에 대한 TCP/IP 연결에 실패했습니다. 오류: "connect timed out. 연결 속성을 확인하십시오. SQL Server의 인스턴스가 호스트에서 실행되고 있고 포트에서 TCP/IP 연결을 허용하고 있는지 확인하십시오. 또한 방화벽에서 포트로의 TCP 연결을 차단하지 않는지 확인하십시오.".
	at com.microsoft.sqlserver.jdbc.SQLServerException.makeFromDriverError(SQLServerException.java:234)
	at com.microsoft.sqlserver.jdbc.SQLServerException.ConvertConnectExceptionToSQLServerException(SQLServerException.java:285)
	at com.microsoft.sqlserver.jdbc.SocketFinder.findSocket(IOBuffer.java:2462)
	at com.microsoft.sqlserver.jdbc.TDSChannel.open(IOBuffer.java:668)
	at com.microsoft.sqlserver.jdbc.SQLServerConnection.connectHelper(SQLServerConnection.java:2695)
	at com.microsoft.sqlserver.jdbc.SQLServerConnection.login(SQLServerConnection.java:2362)
	at com.microsoft.sqlserver.jdbc.SQLServerConnection.connectInternal(SQLServerConnection.java:2213)
	at com.microsoft.sqlserver.jdbc.SQLServerConnection.connect(SQLServerConnection.java:1276)
	at com.microsoft.sqlserver.jdbc.SQLServerDriver.connect(SQLServerDriver.java:861)
	at org.apache.commons.dbcp.DriverConnectionFactory.createConnection(DriverConnectionFactory.java:38)
	at org.apache.commons.dbcp.PoolableConnectionFactory.makeObject(PoolableConnectionFactory.java:582)
	at org.apache.commons.pool.impl.GenericObjectPool.borrowObject(GenericObjectPool.java:1148)
	at org.apache.commons.dbcp.PoolingDataSource.getConnection(PoolingDataSource.java:106)
	at org.apache.commons.dbcp.BasicDataSource.getConnection(BasicDataSource.java:1044)
	at org.springframework.jdbc.datasource.DataSourceUtils.fetchConnection(DataSourceUtils.java:157)
	at org.springframework.jdbc.datasource.DataSourceUtils.doGetConnection(DataSourceUtils.java:115)
	at org.springframework.jdbc.datasource.DataSourceUtils.getConnection(DataSourceUtils.java:78)
	at org.mybatis.spring.transaction.SpringManagedTransaction.openConnection(SpringManagedTransaction.java:80)
	at org.mybatis.spring.transaction.SpringManagedTransaction.getConnection(SpringManagedTransaction.java:67)
	at org.apache.ibatis.executor.BaseExecutor.getConnection(BaseExecutor.java:336)
	at org.apache.ibatis.executor.SimpleExecutor.prepareStatement(SimpleExecutor.java:85)
	at org.apache.ibatis.executor.SimpleExecutor.doQuery(SimpleExecutor.java:62)
	at org.apache.ibatis.executor.BaseExecutor.queryFromDatabase(BaseExecutor.java:324)
	at org.apache.ibatis.executor.BaseExecutor.query(BaseExecutor.java:156)
	at org.apache.ibatis.executor.CachingExecutor.query(CachingExecutor.java:109)
	at org.apache.ibatis.executor.CachingExecutor.query(CachingExecutor.java:83)
	at org.apache.ibatis.session.defaults.DefaultSqlSession.selectList(DefaultSqlSession.java:147)
	at org.apache.ibatis.session.defaults.DefaultSqlSession.selectList(DefaultSqlSession.java:140)
	at org.apache.ibatis.session.defaults.DefaultSqlSession.selectOne(DefaultSqlSession.java:76)
	at sun.reflect.GeneratedMethodAccessor1266.invoke(Unknown Source)
	at sun.reflect.DelegatingMethodAccessorImpl.invoke(DelegatingMethodAccessorImpl.java:43)
	at java.lang.reflect.Method.invoke(Method.java:498)
	at org.mybatis.spring.SqlSessionTemplate$SqlSessionInterceptor.invoke(SqlSessionTemplate.java:426)
	at com.sun.proxy.$Proxy366.selectOne(Unknown Source)
	at org.mybatis.spring.SqlSessionTemplate.selectOne(SqlSessionTemplate.java:159)
	at org.apache.ibatis.binding.MapperMethod.execute(MapperMethod.java:87)
	at org.apache.ibatis.binding.MapperProxy.invoke(MapperProxy.java:57)
	at com.sun.proxy.$Proxy368.LoginMember(Unknown Source)
	at com.daejist.login.service.LoginServiceImp.LoginCheck(LoginServiceImp.java:29)
	at com.daejist.login.controller.LoginController.getLogin(LoginController.java:98)
	at sun.reflect.GeneratedMethodAccessor1348.invoke(Unknown Source)
	at sun.reflect.DelegatingMethodAccessorImpl.invoke(DelegatingMethodAccessorImpl.java:43)
	at java.lang.reflect.Method.invoke(Method.java:498)
	at org.springframework.web.method.support.InvocableHandlerMethod.doInvoke(InvocableHandlerMethod.java:190)
	at org.springframework.web.method.support.InvocableHandlerMethod.invokeForRequest(InvocableHandlerMethod.java:138)
	at org.springframework.web.servlet.mvc.method.annotation.ServletInvocableHandlerMethod.invokeAndHandle(ServletInvocableHandlerMethod.java:104)
	at org.springframework.web.servlet.mvc.method.annotation.RequestMappingHandlerAdapter.invokeHandlerMethod(RequestMappingHandlerAdapter.java:892)
	at org.springframework.web.servlet.mvc.method.annotation.RequestMappingHandlerAdapter.handleInternal(RequestMappingHandlerAdapter.java:797)
	at org.springframework.web.servlet.mvc.method.AbstractHandlerMethodAdapter.handle(AbstractHandlerMethodAdapter.java:87)
	at org.springframework.web.servlet.DispatcherServlet.doDispatch(DispatcherServlet.java:1039)
	at org.springframework.web.servlet.DispatcherServlet.doService(DispatcherServlet.java:942)
	at org.springframework.web.servlet.FrameworkServlet.processRequest(FrameworkServlet.java:1005)
	at org.springframework.web.servlet.FrameworkServlet.doPost(FrameworkServlet.java:908)
	at javax.servlet.http.HttpServlet.service(HttpServlet.java:648)
	at org.springframework.web.servlet.FrameworkServlet.service(FrameworkServlet.java:882)
	at javax.servlet.http.HttpServlet.service(HttpServlet.java:729)
	at org.apache.catalina.core.ApplicationFilterChain.internalDoFilter(ApplicationFilterChain.java:292)
	at org.apache.catalina.core.ApplicationFilterChain.doFilter(ApplicationFilterChain.java:207)
	at org.apache.tomcat.websocket.server.WsFilter.doFilter(WsFilter.java:52)
	at org.apache.catalina.core.ApplicationFilterChain.internalDoFilter(ApplicationFilterChain.java:240)
	at org.apache.catalina.core.ApplicationFilterChain.doFilter(ApplicationFilterChain.java:207)
	at org.springframework.web.filter.CharacterEncodingFilter.doFilterInternal(CharacterEncodingFilter.java:200)
	at org.springframework.web.filter.OncePerRequestFilter.doFilter(OncePerRequestFilter.java:118)
	at org.apache.catalina.core.ApplicationFilterChain.internalDoFilter(ApplicationFilterChain.java:240)
	at org.apache.catalina.core.ApplicationFilterChain.doFilter(ApplicationFilterChain.java:207)
	at org.apache.catalina.core.StandardWrapperValve.invoke(StandardWrapperValve.java:212)
	at org.apache.catalina.core.StandardContextValve.invoke(StandardContextValve.java:94)
	at org.apache.catalina.core.StandardHostValve.invoke(StandardHostValve.java:141)
	at org.apache.catalina.valves.ErrorReportValve.invoke(ErrorReportValve.java:79)
	at org.apache.catalina.core.StandardEngineValve.invoke(StandardEngineValve.java:88)
	at org.apache.catalina.connector.CoyoteAdapter.service(CoyoteAdapter.java:502)
	at org.apache.coyote.http11.AbstractHttp11Processor.process(AbstractHttp11Processor.java:1132)
	at org.apache.coyote.AbstractProtocol$AbstractConnectionHandler.process(AbstractProtocol.java:684)
	at org.apache.tomcat.util.net.NioEndpoint$SocketProcessor.doRun(NioEndpoint.java:1539)
	at org.apache.tomcat.util.net.NioEndpoint$SocketProcessor.run(NioEndpoint.java:1495)
	at java.util.concurrent.ThreadPoolExecutor.runWorker(ThreadPoolExecutor.java:1142)
	at java.util.concurrent.ThreadPoolExecutor$Worker.run(ThreadPoolExecutor.java:617)
	at org.apache.tomcat.util.threads.TaskThread$WrappingRunnable.run(TaskThread.java:61)
	at java.lang.Thread.run(Thread.java:745)

13-Jun-2023 12:03:47.564 심각 [http-nio-8855-exec-222] org.apache.catalina.core.StandardWrapperValve.invoke Servlet.service() for servlet [appServlet] in context with path [] threw exception [Request processing failed; nested exception is org.mybatis.spring.MyBatisSystemException: nested exception is org.apache.ibatis.exceptions.PersistenceException: 
### Error querying database.  Cause: org.springframework.jdbc.CannotGetJdbcConnectionException: Failed to obtain JDBC Connection; nested exception is com.microsoft.sqlserver.jdbc.SQLServerException: 호스트 61.32.101.234, 포트 1433에 대한 TCP/IP 연결에 실패했습니다. 오류: "connect timed out. 연결 속성을 확인하십시오. SQL Server의 인스턴스가 호스트에서 실행되고 있고 포트에서 TCP/IP 연결을 허용하고 있는지 확인하십시오. 또한 방화벽에서 포트로의 TCP 연결을 차단하지 않는지 확인하십시오.".
### The error may exist in com/daejist/login/mapper/LoginMapper.xml
### The error may involve com.daejist.login.mapper.LoginMapper.LoginMember
### The error occurred while executing a query
### Cause: org.springframework.jdbc.CannotGetJdbcConnectionException: Failed to obtain JDBC Connection; nested exception is com.microsoft.sqlserver.jdbc.SQLServerException: 호스트 61.32.101.234, 포트 1433에 대한 TCP/IP 연결에 실패했습니다. 오류: "connect timed out. 연결 속성을 확인하십시오. SQL Server의 인스턴스가 호스트에서 실행되고 있고 포트에서 TCP/IP 연결을 허용하고 있는지 확인하십시오. 또한 방화벽에서 포트로의 TCP 연결을 차단하지 않는지 확인하십시오.".] with root cause
 com.microsoft.sqlserver.jdbc.SQLServerException: 호스트 61.32.101.234, 포트 1433에 대한 TCP/IP 연결에 실패했습니다. 오류: "connect timed out. 연결 속성을 확인하십시오. SQL Server의 인스턴스가 호스트에서 실행되고 있고 포트에서 TCP/IP 연결을 허용하고 있는지 확인하십시오. 또한 방화벽에서 포트로의 TCP 연결을 차단하지 않는지 확인하십시오.".
	at com.microsoft.sqlserver.jdbc.SQLServerException.makeFromDriverError(SQLServerException.java:234)
	at com.microsoft.sqlserver.jdbc.SQLServerException.ConvertConnectExceptionToSQLServerException(SQLServerException.java:285)
	at com.microsoft.sqlserver.jdbc.SocketFinder.findSocket(IOBuffer.java:2462)
	at com.microsoft.sqlserver.jdbc.TDSChannel.open(IOBuffer.java:668)
	at com.microsoft.sqlserver.jdbc.SQLServerConnection.connectHelper(SQLServerConnection.java:2695)
	at com.microsoft.sqlserver.jdbc.SQLServerConnection.login(SQLServerConnection.java:2362)
	at com.microsoft.sqlserver.jdbc.SQLServerConnection.connectInternal(SQLServerConnection.java:2213)
	at com.microsoft.sqlserver.jdbc.SQLServerConnection.connect(SQLServerConnection.java:1276)
	at com.microsoft.sqlserver.jdbc.SQLServerDriver.connect(SQLServerDriver.java:861)
	at org.apache.commons.dbcp.DriverConnectionFactory.createConnection(DriverConnectionFactory.java:38)
	at org.apache.commons.dbcp.PoolableConnectionFactory.makeObject(PoolableConnectionFactory.java:582)
	at org.apache.commons.pool.impl.GenericObjectPool.borrowObject(GenericObjectPool.java:1148)
	at org.apache.commons.dbcp.PoolingDataSource.getConnection(PoolingDataSource.java:106)
	at org.apache.commons.dbcp.BasicDataSource.getConnection(BasicDataSource.java:1044)
	at org.springframework.jdbc.datasource.DataSourceUtils.fetchConnection(DataSourceUtils.java:157)
	at org.springframework.jdbc.datasource.DataSourceUtils.doGetConnection(DataSourceUtils.java:115)
	at org.springframework.jdbc.datasource.DataSourceUtils.getConnection(DataSourceUtils.java:78)
	at org.mybatis.spring.transaction.SpringManagedTransaction.openConnection(SpringManagedTransaction.java:80)
	at org.mybatis.spring.transaction.SpringManagedTransaction.getConnection(SpringManagedTransaction.java:67)
	at org.apache.ibatis.executor.BaseExecutor.getConnection(BaseExecutor.java:336)
	at org.apache.ibatis.executor.SimpleExecutor.prepareStatement(SimpleExecutor.java:85)
	at org.apache.ibatis.executor.SimpleExecutor.doQuery(SimpleExecutor.java:62)
	at org.apache.ibatis.executor.BaseExecutor.queryFromDatabase(BaseExecutor.java:324)
	at org.apache.ibatis.executor.BaseExecutor.query(BaseExecutor.java:156)
	at org.apache.ibatis.executor.CachingExecutor.query(CachingExecutor.java:109)
	at org.apache.ibatis.executor.CachingExecutor.query(CachingExecutor.java:83)
	at org.apache.ibatis.session.defaults.DefaultSqlSession.selectList(DefaultSqlSession.java:147)
	at org.apache.ibatis.session.defaults.DefaultSqlSession.selectList(DefaultSqlSession.java:140)
	at org.apache.ibatis.session.defaults.DefaultSqlSession.selectOne(DefaultSqlSession.java:76)
	at sun.reflect.GeneratedMethodAccessor1266.invoke(Unknown Source)
	at sun.reflect.DelegatingMethodAccessorImpl.invoke(DelegatingMethodAccessorImpl.java:43)
	at java.lang.reflect.Method.invoke(Method.java:498)
	at org.mybatis.spring.SqlSessionTemplate$SqlSessionInterceptor.invoke(SqlSessionTemplate.java:426)
	at com.sun.proxy.$Proxy366.selectOne(Unknown Source)
	at org.mybatis.spring.SqlSessionTemplate.selectOne(SqlSessionTemplate.java:159)
	at org.apache.ibatis.binding.MapperMethod.execute(MapperMethod.java:87)
	at org.apache.ibatis.binding.MapperProxy.invoke(MapperProxy.java:57)
	at com.sun.proxy.$Proxy368.LoginMember(Unknown Source)
	at com.daejist.login.service.LoginServiceImp.LoginCheck(LoginServiceImp.java:29)
	at com.daejist.login.controller.LoginController.getLogin(LoginController.java:98)
	at sun.reflect.GeneratedMethodAccessor1348.invoke(Unknown Source)
	at sun.reflect.DelegatingMethodAccessorImpl.invoke(DelegatingMethodAccessorImpl.java:43)
	at java.lang.reflect.Method.invoke(Method.java:498)
	at org.springframework.web.method.support.InvocableHandlerMethod.doInvoke(InvocableHandlerMethod.java:190)
	at org.springframework.web.method.support.InvocableHandlerMethod.invokeForRequest(InvocableHandlerMethod.java:138)
	at org.springframework.web.servlet.mvc.method.annotation.ServletInvocableHandlerMethod.invokeAndHandle(ServletInvocableHandlerMethod.java:104)
	at org.springframework.web.servlet.mvc.method.annotation.RequestMappingHandlerAdapter.invokeHandlerMethod(RequestMappingHandlerAdapter.java:892)
	at org.springframework.web.servlet.mvc.method.annotation.RequestMappingHandlerAdapter.handleInternal(RequestMappingHandlerAdapter.java:797)
	at org.springframework.web.servlet.mvc.method.AbstractHandlerMethodAdapter.handle(AbstractHandlerMethodAdapter.java:87)
	at org.springframework.web.servlet.DispatcherServlet.doDispatch(DispatcherServlet.java:1039)
	at org.springframework.web.servlet.DispatcherServlet.doService(DispatcherServlet.java:942)
	at org.springframework.web.servlet.FrameworkServlet.processRequest(FrameworkServlet.java:1005)
	at org.springframework.web.servlet.FrameworkServlet.doPost(FrameworkServlet.java:908)
	at javax.servlet.http.HttpServlet.service(HttpServlet.java:648)
	at org.springframework.web.servlet.FrameworkServlet.service(FrameworkServlet.java:882)
	at javax.servlet.http.HttpServlet.service(HttpServlet.java:729)
	at org.apache.catalina.core.ApplicationFilterChain.internalDoFilter(ApplicationFilterChain.java:292)
	at org.apache.catalina.core.ApplicationFilterChain.doFilter(ApplicationFilterChain.java:207)
	at org.apache.tomcat.websocket.server.WsFilter.doFilter(WsFilter.java:52)
	at org.apache.catalina.core.ApplicationFilterChain.internalDoFilter(ApplicationFilterChain.java:240)
	at org.apache.catalina.core.ApplicationFilterChain.doFilter(ApplicationFilterChain.java:207)
	at org.springframework.web.filter.CharacterEncodingFilter.doFilterInternal(CharacterEncodingFilter.java:200)
	at org.springframework.web.filter.OncePerRequestFilter.doFilter(OncePerRequestFilter.java:118)
	at org.apache.catalina.core.ApplicationFilterChain.internalDoFilter(ApplicationFilterChain.java:240)
	at org.apache.catalina.core.ApplicationFilterChain.doFilter(ApplicationFilterChain.java:207)
	at org.apache.catalina.core.StandardWrapperValve.invoke(StandardWrapperValve.java:212)
	at org.apache.catalina.core.StandardContextValve.invoke(StandardContextValve.java:94)
	at org.apache.catalina.core.StandardHostValve.invoke(StandardHostValve.java:141)
	at org.apache.catalina.valves.ErrorReportValve.invoke(ErrorReportValve.java:79)
	at org.apache.catalina.core.StandardEngineValve.invoke(StandardEngineValve.java:88)
	at org.apache.catalina.connector.CoyoteAdapter.service(CoyoteAdapter.java:502)
	at org.apache.coyote.http11.AbstractHttp11Processor.process(AbstractHttp11Processor.java:1132)
	at org.apache.coyote.AbstractProtocol$AbstractConnectionHandler.process(AbstractProtocol.java:684)
	at org.apache.tomcat.util.net.NioEndpoint$SocketProcessor.doRun(NioEndpoint.java:1539)
	at org.apache.tomcat.util.net.NioEndpoint$SocketProcessor.run(NioEndpoint.java:1495)
	at java.util.concurrent.ThreadPoolExecutor.runWorker(ThreadPoolExecutor.java:1142)
	at java.util.concurrent.ThreadPoolExecutor$Worker.run(ThreadPoolExecutor.java:617)
	at org.apache.tomcat.util.threads.TaskThread$WrappingRunnable.run(TaskThread.java:61)
	at java.lang.Thread.run(Thread.java:745)

13-Jun-2023 12:03:49.212 심각 [http-nio-8855-exec-223] org.apache.catalina.core.StandardWrapperValve.invoke Servlet.service() for servlet [appServlet] in context with path [] threw exception [Request processing failed; nested exception is org.mybatis.spring.MyBatisSystemException: nested exception is org.apache.ibatis.exceptions.PersistenceException: 
### Error querying database.  Cause: org.springframework.jdbc.CannotGetJdbcConnectionException: Failed to obtain JDBC Connection; nested exception is com.microsoft.sqlserver.jdbc.SQLServerException: 호스트 61.32.101.234, 포트 1433에 대한 TCP/IP 연결에 실패했습니다. 오류: "connect timed out. 연결 속성을 확인하십시오. SQL Server의 인스턴스가 호스트에서 실행되고 있고 포트에서 TCP/IP 연결을 허용하고 있는지 확인하십시오. 또한 방화벽에서 포트로의 TCP 연결을 차단하지 않는지 확인하십시오.".
### The error may exist in com/daejist/login/mapper/LoginMapper.xml
### The error may involve com.daejist.login.mapper.LoginMapper.LoginMember
### The error occurred while executing a query
### Cause: org.springframework.jdbc.CannotGetJdbcConnectionException: Failed to obtain JDBC Connection; nested exception is com.microsoft.sqlserver.jdbc.SQLServerException: 호스트 61.32.101.234, 포트 1433에 대한 TCP/IP 연결에 실패했습니다. 오류: "connect timed out. 연결 속성을 확인하십시오. SQL Server의 인스턴스가 호스트에서 실행되고 있고 포트에서 TCP/IP 연결을 허용하고 있는지 확인하십시오. 또한 방화벽에서 포트로의 TCP 연결을 차단하지 않는지 확인하십시오.".] with root cause
 com.microsoft.sqlserver.jdbc.SQLServerException: 호스트 61.32.101.234, 포트 1433에 대한 TCP/IP 연결에 실패했습니다. 오류: "connect timed out. 연결 속성을 확인하십시오. SQL Server의 인스턴스가 호스트에서 실행되고 있고 포트에서 TCP/IP 연결을 허용하고 있는지 확인하십시오. 또한 방화벽에서 포트로의 TCP 연결을 차단하지 않는지 확인하십시오.".
	at com.microsoft.sqlserver.jdbc.SQLServerException.makeFromDriverError(SQLServerException.java:234)
	at com.microsoft.sqlserver.jdbc.SQLServerException.ConvertConnectExceptionToSQLServerException(SQLServerException.java:285)
	at com.microsoft.sqlserver.jdbc.SocketFinder.findSocket(IOBuffer.java:2462)
	at com.microsoft.sqlserver.jdbc.TDSChannel.open(IOBuffer.java:668)
	at com.microsoft.sqlserver.jdbc.SQLServerConnection.connectHelper(SQLServerConnection.java:2695)
	at com.microsoft.sqlserver.jdbc.SQLServerConnection.login(SQLServerConnection.java:2362)
	at com.microsoft.sqlserver.jdbc.SQLServerConnection.connectInternal(SQLServerConnection.java:2213)
	at com.microsoft.sqlserver.jdbc.SQLServerConnection.connect(SQLServerConnection.java:1276)
	at com.microsoft.sqlserver.jdbc.SQLServerDriver.connect(SQLServerDriver.java:861)
	at org.apache.commons.dbcp.DriverConnectionFactory.createConnection(DriverConnectionFactory.java:38)
	at org.apache.commons.dbcp.PoolableConnectionFactory.makeObject(PoolableConnectionFactory.java:582)
	at org.apache.commons.pool.impl.GenericObjectPool.borrowObject(GenericObjectPool.java:1148)
	at org.apache.commons.dbcp.PoolingDataSource.getConnection(PoolingDataSource.java:106)
	at org.apache.commons.dbcp.BasicDataSource.getConnection(BasicDataSource.java:1044)
	at org.springframework.jdbc.datasource.DataSourceUtils.fetchConnection(DataSourceUtils.java:157)
	at org.springframework.jdbc.datasource.DataSourceUtils.doGetConnection(DataSourceUtils.java:115)
	at org.springframework.jdbc.datasource.DataSourceUtils.getConnection(DataSourceUtils.java:78)
	at org.mybatis.spring.transaction.SpringManagedTransaction.openConnection(SpringManagedTransaction.java:80)
	at org.mybatis.spring.transaction.SpringManagedTransaction.getConnection(SpringManagedTransaction.java:67)
	at org.apache.ibatis.executor.BaseExecutor.getConnection(BaseExecutor.java:336)
	at org.apache.ibatis.executor.SimpleExecutor.prepareStatement(SimpleExecutor.java:85)
	at org.apache.ibatis.executor.SimpleExecutor.doQuery(SimpleExecutor.java:62)
	at org.apache.ibatis.executor.BaseExecutor.queryFromDatabase(BaseExecutor.java:324)
	at org.apache.ibatis.executor.BaseExecutor.query(BaseExecutor.java:156)
	at org.apache.ibatis.executor.CachingExecutor.query(CachingExecutor.java:109)
	at org.apache.ibatis.executor.CachingExecutor.query(CachingExecutor.java:83)
	at org.apache.ibatis.session.defaults.DefaultSqlSession.selectList(DefaultSqlSession.java:147)
	at org.apache.ibatis.session.defaults.DefaultSqlSession.selectList(DefaultSqlSession.java:140)
	at org.apache.ibatis.session.defaults.DefaultSqlSession.selectOne(DefaultSqlSession.java:76)
	at sun.reflect.GeneratedMethodAccessor1266.invoke(Unknown Source)
	at sun.reflect.DelegatingMethodAccessorImpl.invoke(DelegatingMethodAccessorImpl.java:43)
	at java.lang.reflect.Method.invoke(Method.java:498)
	at org.mybatis.spring.SqlSessionTemplate$SqlSessionInterceptor.invoke(SqlSessionTemplate.java:426)
	at com.sun.proxy.$Proxy366.selectOne(Unknown Source)
	at org.mybatis.spring.SqlSessionTemplate.selectOne(SqlSessionTemplate.java:159)
	at org.apache.ibatis.binding.MapperMethod.execute(MapperMethod.java:87)
	at org.apache.ibatis.binding.MapperProxy.invoke(MapperProxy.java:57)
	at com.sun.proxy.$Proxy368.LoginMember(Unknown Source)
	at com.daejist.login.service.LoginServiceImp.LoginCheck(LoginServiceImp.java:29)
	at com.daejist.login.controller.LoginController.getLogin(LoginController.java:98)
	at sun.reflect.GeneratedMethodAccessor1348.invoke(Unknown Source)
	at sun.reflect.DelegatingMethodAccessorImpl.invoke(DelegatingMethodAccessorImpl.java:43)
	at java.lang.reflect.Method.invoke(Method.java:498)
	at org.springframework.web.method.support.InvocableHandlerMethod.doInvoke(InvocableHandlerMethod.java:190)
	at org.springframework.web.method.support.InvocableHandlerMethod.invokeForRequest(InvocableHandlerMethod.java:138)
	at org.springframework.web.servlet.mvc.method.annotation.ServletInvocableHandlerMethod.invokeAndHandle(ServletInvocableHandlerMethod.java:104)
	at org.springframework.web.servlet.mvc.method.annotation.RequestMappingHandlerAdapter.invokeHandlerMethod(RequestMappingHandlerAdapter.java:892)
	at org.springframework.web.servlet.mvc.method.annotation.RequestMappingHandlerAdapter.handleInternal(RequestMappingHandlerAdapter.java:797)
	at org.springframework.web.servlet.mvc.method.AbstractHandlerMethodAdapter.handle(AbstractHandlerMethodAdapter.java:87)
	at org.springframework.web.servlet.DispatcherServlet.doDispatch(DispatcherServlet.java:1039)
	at org.springframework.web.servlet.DispatcherServlet.doService(DispatcherServlet.java:942)
	at org.springframework.web.servlet.FrameworkServlet.processRequest(FrameworkServlet.java:1005)
	at org.springframework.web.servlet.FrameworkServlet.doPost(FrameworkServlet.java:908)
	at javax.servlet.http.HttpServlet.service(HttpServlet.java:648)
	at org.springframework.web.servlet.FrameworkServlet.service(FrameworkServlet.java:882)
	at javax.servlet.http.HttpServlet.service(HttpServlet.java:729)
	at org.apache.catalina.core.ApplicationFilterChain.internalDoFilter(ApplicationFilterChain.java:292)
	at org.apache.catalina.core.ApplicationFilterChain.doFilter(ApplicationFilterChain.java:207)
	at org.apache.tomcat.websocket.server.WsFilter.doFilter(WsFilter.java:52)
	at org.apache.catalina.core.ApplicationFilterChain.internalDoFilter(ApplicationFilterChain.java:240)
	at org.apache.catalina.core.ApplicationFilterChain.doFilter(ApplicationFilterChain.java:207)
	at org.springframework.web.filter.CharacterEncodingFilter.doFilterInternal(CharacterEncodingFilter.java:200)
	at org.springframework.web.filter.OncePerRequestFilter.doFilter(OncePerRequestFilter.java:118)
	at org.apache.catalina.core.ApplicationFilterChain.internalDoFilter(ApplicationFilterChain.java:240)
	at org.apache.catalina.core.ApplicationFilterChain.doFilter(ApplicationFilterChain.java:207)
	at org.apache.catalina.core.StandardWrapperValve.invoke(StandardWrapperValve.java:212)
	at org.apache.catalina.core.StandardContextValve.invoke(StandardContextValve.java:94)
	at org.apache.catalina.core.StandardHostValve.invoke(StandardHostValve.java:141)
	at org.apache.catalina.valves.ErrorReportValve.invoke(ErrorReportValve.java:79)
	at org.apache.catalina.core.StandardEngineValve.invoke(StandardEngineValve.java:88)
	at org.apache.catalina.connector.CoyoteAdapter.service(CoyoteAdapter.java:502)
	at org.apache.coyote.http11.AbstractHttp11Processor.process(AbstractHttp11Processor.java:1132)
	at org.apache.coyote.AbstractProtocol$AbstractConnectionHandler.process(AbstractProtocol.java:684)
	at org.apache.tomcat.util.net.NioEndpoint$SocketProcessor.doRun(NioEndpoint.java:1539)
	at org.apache.tomcat.util.net.NioEndpoint$SocketProcessor.run(NioEndpoint.java:1495)
	at java.util.concurrent.ThreadPoolExecutor.runWorker(ThreadPoolExecutor.java:1142)
	at java.util.concurrent.ThreadPoolExecutor$Worker.run(ThreadPoolExecutor.java:617)
	at org.apache.tomcat.util.threads.TaskThread$WrappingRunnable.run(TaskThread.java:61)
	at java.lang.Thread.run(Thread.java:745)

13-Jun-2023 12:03:51.003 심각 [http-nio-8855-exec-226] org.apache.catalina.core.StandardWrapperValve.invoke Servlet.service() for servlet [appServlet] in context with path [] threw exception [Request processing failed; nested exception is org.mybatis.spring.MyBatisSystemException: nested exception is org.apache.ibatis.exceptions.PersistenceException: 
### Error querying database.  Cause: org.springframework.jdbc.CannotGetJdbcConnectionException: Failed to obtain JDBC Connection; nested exception is com.microsoft.sqlserver.jdbc.SQLServerException: 호스트 61.32.101.234, 포트 1433에 대한 TCP/IP 연결에 실패했습니다. 오류: "connect timed out. 연결 속성을 확인하십시오. SQL Server의 인스턴스가 호스트에서 실행되고 있고 포트에서 TCP/IP 연결을 허용하고 있는지 확인하십시오. 또한 방화벽에서 포트로의 TCP 연결을 차단하지 않는지 확인하십시오.".
### The error may exist in com/daejist/login/mapper/LoginMapper.xml
### The error may involve com.daejist.login.mapper.LoginMapper.LoginMember
### The error occurred while executing a query
### Cause: org.springframework.jdbc.CannotGetJdbcConnectionException: Failed to obtain JDBC Connection; nested exception is com.microsoft.sqlserver.jdbc.SQLServerException: 호스트 61.32.101.234, 포트 1433에 대한 TCP/IP 연결에 실패했습니다. 오류: "connect timed out. 연결 속성을 확인하십시오. SQL Server의 인스턴스가 호스트에서 실행되고 있고 포트에서 TCP/IP 연결을 허용하고 있는지 확인하십시오. 또한 방화벽에서 포트로의 TCP 연결을 차단하지 않는지 확인하십시오.".] with root cause
 com.microsoft.sqlserver.jdbc.SQLServerException: 호스트 61.32.101.234, 포트 1433에 대한 TCP/IP 연결에 실패했습니다. 오류: "connect timed out. 연결 속성을 확인하십시오. SQL Server의 인스턴스가 호스트에서 실행되고 있고 포트에서 TCP/IP 연결을 허용하고 있는지 확인하십시오. 또한 방화벽에서 포트로의 TCP 연결을 차단하지 않는지 확인하십시오.".
	at com.microsoft.sqlserver.jdbc.SQLServerException.makeFromDriverError(SQLServerException.java:234)
	at com.microsoft.sqlserver.jdbc.SQLServerException.ConvertConnectExceptionToSQLServerException(SQLServerException.java:285)
	at com.microsoft.sqlserver.jdbc.SocketFinder.findSocket(IOBuffer.java:2462)
	at com.microsoft.sqlserver.jdbc.TDSChannel.open(IOBuffer.java:668)
	at com.microsoft.sqlserver.jdbc.SQLServerConnection.connectHelper(SQLServerConnection.java:2695)
	at com.microsoft.sqlserver.jdbc.SQLServerConnection.login(SQLServerConnection.java:2362)
	at com.microsoft.sqlserver.jdbc.SQLServerConnection.connectInternal(SQLServerConnection.java:2213)
	at com.microsoft.sqlserver.jdbc.SQLServerConnection.connect(SQLServerConnection.java:1276)
	at com.microsoft.sqlserver.jdbc.SQLServerDriver.connect(SQLServerDriver.java:861)
	at org.apache.commons.dbcp.DriverConnectionFactory.createConnection(DriverConnectionFactory.java:38)
	at org.apache.commons.dbcp.PoolableConnectionFactory.makeObject(PoolableConnectionFactory.java:582)
	at org.apache.commons.pool.impl.GenericObjectPool.borrowObject(GenericObjectPool.java:1148)
	at org.apache.commons.dbcp.PoolingDataSource.getConnection(PoolingDataSource.java:106)
	at org.apache.commons.dbcp.BasicDataSource.getConnection(BasicDataSource.java:1044)
	at org.springframework.jdbc.datasource.DataSourceUtils.fetchConnection(DataSourceUtils.java:157)
	at org.springframework.jdbc.datasource.DataSourceUtils.doGetConnection(DataSourceUtils.java:115)
	at org.springframework.jdbc.datasource.DataSourceUtils.getConnection(DataSourceUtils.java:78)
	at org.mybatis.spring.transaction.SpringManagedTransaction.openConnection(SpringManagedTransaction.java:80)
	at org.mybatis.spring.transaction.SpringManagedTransaction.getConnection(SpringManagedTransaction.java:67)
	at org.apache.ibatis.executor.BaseExecutor.getConnection(BaseExecutor.java:336)
	at org.apache.ibatis.executor.SimpleExecutor.prepareStatement(SimpleExecutor.java:85)
	at org.apache.ibatis.executor.SimpleExecutor.doQuery(SimpleExecutor.java:62)
	at org.apache.ibatis.executor.BaseExecutor.queryFromDatabase(BaseExecutor.java:324)
	at org.apache.ibatis.executor.BaseExecutor.query(BaseExecutor.java:156)
	at org.apache.ibatis.executor.CachingExecutor.query(CachingExecutor.java:109)
	at org.apache.ibatis.executor.CachingExecutor.query(CachingExecutor.java:83)
	at org.apache.ibatis.session.defaults.DefaultSqlSession.selectList(DefaultSqlSession.java:147)
	at org.apache.ibatis.session.defaults.DefaultSqlSession.selectList(DefaultSqlSession.java:140)
	at org.apache.ibatis.session.defaults.DefaultSqlSession.selectOne(DefaultSqlSession.java:76)
	at sun.reflect.GeneratedMethodAccessor1266.invoke(Unknown Source)
	at sun.reflect.DelegatingMethodAccessorImpl.invoke(DelegatingMethodAccessorImpl.java:43)
	at java.lang.reflect.Method.invoke(Method.java:498)
	at org.mybatis.spring.SqlSessionTemplate$SqlSessionInterceptor.invoke(SqlSessionTemplate.java:426)
	at com.sun.proxy.$Proxy366.selectOne(Unknown Source)
	at org.mybatis.spring.SqlSessionTemplate.selectOne(SqlSessionTemplate.java:159)
	at org.apache.ibatis.binding.MapperMethod.execute(MapperMethod.java:87)
	at org.apache.ibatis.binding.MapperProxy.invoke(MapperProxy.java:57)
	at com.sun.proxy.$Proxy368.LoginMember(Unknown Source)
	at com.daejist.login.service.LoginServiceImp.LoginCheck(LoginServiceImp.java:29)
	at com.daejist.login.controller.LoginController.getLogin(LoginController.java:98)
	at sun.reflect.GeneratedMethodAccessor1348.invoke(Unknown Source)
	at sun.reflect.DelegatingMethodAccessorImpl.invoke(DelegatingMethodAccessorImpl.java:43)
	at java.lang.reflect.Method.invoke(Method.java:498)
	at org.springframework.web.method.support.InvocableHandlerMethod.doInvoke(InvocableHandlerMethod.java:190)
	at org.springframework.web.method.support.InvocableHandlerMethod.invokeForRequest(InvocableHandlerMethod.java:138)
	at org.springframework.web.servlet.mvc.method.annotation.ServletInvocableHandlerMethod.invokeAndHandle(ServletInvocableHandlerMethod.java:104)
	at org.springframework.web.servlet.mvc.method.annotation.RequestMappingHandlerAdapter.invokeHandlerMethod(RequestMappingHandlerAdapter.java:892)
	at org.springframework.web.servlet.mvc.method.annotation.RequestMappingHandlerAdapter.handleInternal(RequestMappingHandlerAdapter.java:797)
	at org.springframework.web.servlet.mvc.method.AbstractHandlerMethodAdapter.handle(AbstractHandlerMethodAdapter.java:87)
	at org.springframework.web.servlet.DispatcherServlet.doDispatch(DispatcherServlet.java:1039)
	at org.springframework.web.servlet.DispatcherServlet.doService(DispatcherServlet.java:942)
	at org.springframework.web.servlet.FrameworkServlet.processRequest(FrameworkServlet.java:1005)
	at org.springframework.web.servlet.FrameworkServlet.doPost(FrameworkServlet.java:908)
	at javax.servlet.http.HttpServlet.service(HttpServlet.java:648)
	at org.springframework.web.servlet.FrameworkServlet.service(FrameworkServlet.java:882)
	at javax.servlet.http.HttpServlet.service(HttpServlet.java:729)
	at org.apache.catalina.core.ApplicationFilterChain.internalDoFilter(ApplicationFilterChain.java:292)
	at org.apache.catalina.core.ApplicationFilterChain.doFilter(ApplicationFilterChain.java:207)
	at org.apache.tomcat.websocket.server.WsFilter.doFilter(WsFilter.java:52)
	at org.apache.catalina.core.ApplicationFilterChain.internalDoFilter(ApplicationFilterChain.java:240)
	at org.apache.catalina.core.ApplicationFilterChain.doFilter(ApplicationFilterChain.java:207)
	at org.springframework.web.filter.CharacterEncodingFilter.doFilterInternal(CharacterEncodingFilter.java:200)
	at org.springframework.web.filter.OncePerRequestFilter.doFilter(OncePerRequestFilter.java:118)
	at org.apache.catalina.core.ApplicationFilterChain.internalDoFilter(ApplicationFilterChain.java:240)
	at org.apache.catalina.core.ApplicationFilterChain.doFilter(ApplicationFilterChain.java:207)
	at org.apache.catalina.core.StandardWrapperValve.invoke(StandardWrapperValve.java:212)
	at org.apache.catalina.core.StandardContextValve.invoke(StandardContextValve.java:94)
	at org.apache.catalina.core.StandardHostValve.invoke(StandardHostValve.java:141)
	at org.apache.catalina.valves.ErrorReportValve.invoke(ErrorReportValve.java:79)
	at org.apache.catalina.core.StandardEngineValve.invoke(StandardEngineValve.java:88)
	at org.apache.catalina.connector.CoyoteAdapter.service(CoyoteAdapter.java:502)
	at org.apache.coyote.http11.AbstractHttp11Processor.process(AbstractHttp11Processor.java:1132)
	at org.apache.coyote.AbstractProtocol$AbstractConnectionHandler.process(AbstractProtocol.java:684)
	at org.apache.tomcat.util.net.NioEndpoint$SocketProcessor.doRun(NioEndpoint.java:1539)
	at org.apache.tomcat.util.net.NioEndpoint$SocketProcessor.run(NioEndpoint.java:1495)
	at java.util.concurrent.ThreadPoolExecutor.runWorker(ThreadPoolExecutor.java:1142)
	at java.util.concurrent.ThreadPoolExecutor$Worker.run(ThreadPoolExecutor.java:617)
	at org.apache.tomcat.util.threads.TaskThread$WrappingRunnable.run(TaskThread.java:61)
	at java.lang.Thread.run(Thread.java:745)

13-Jun-2023 12:03:52.844 심각 [http-nio-8855-exec-224] org.apache.catalina.core.StandardWrapperValve.invoke Servlet.service() for servlet [appServlet] in context with path [] threw exception [Request processing failed; nested exception is org.mybatis.spring.MyBatisSystemException: nested exception is org.apache.ibatis.exceptions.PersistenceException: 
### Error querying database.  Cause: org.springframework.jdbc.CannotGetJdbcConnectionException: Failed to obtain JDBC Connection; nested exception is com.microsoft.sqlserver.jdbc.SQLServerException: 호스트 61.32.101.234, 포트 1433에 대한 TCP/IP 연결에 실패했습니다. 오류: "connect timed out. 연결 속성을 확인하십시오. SQL Server의 인스턴스가 호스트에서 실행되고 있고 포트에서 TCP/IP 연결을 허용하고 있는지 확인하십시오. 또한 방화벽에서 포트로의 TCP 연결을 차단하지 않는지 확인하십시오.".
### The error may exist in com/daejist/login/mapper/LoginMapper.xml
### The error may involve com.daejist.login.mapper.LoginMapper.LoginMember
### The error occurred while executing a query
### Cause: org.springframework.jdbc.CannotGetJdbcConnectionException: Failed to obtain JDBC Connection; nested exception is com.microsoft.sqlserver.jdbc.SQLServerException: 호스트 61.32.101.234, 포트 1433에 대한 TCP/IP 연결에 실패했습니다. 오류: "connect timed out. 연결 속성을 확인하십시오. SQL Server의 인스턴스가 호스트에서 실행되고 있고 포트에서 TCP/IP 연결을 허용하고 있는지 확인하십시오. 또한 방화벽에서 포트로의 TCP 연결을 차단하지 않는지 확인하십시오.".] with root cause
 com.microsoft.sqlserver.jdbc.SQLServerException: 호스트 61.32.101.234, 포트 1433에 대한 TCP/IP 연결에 실패했습니다. 오류: "connect timed out. 연결 속성을 확인하십시오. SQL Server의 인스턴스가 호스트에서 실행되고 있고 포트에서 TCP/IP 연결을 허용하고 있는지 확인하십시오. 또한 방화벽에서 포트로의 TCP 연결을 차단하지 않는지 확인하십시오.".
	at com.microsoft.sqlserver.jdbc.SQLServerException.makeFromDriverError(SQLServerException.java:234)
	at com.microsoft.sqlserver.jdbc.SQLServerException.ConvertConnectExceptionToSQLServerException(SQLServerException.java:285)
	at com.microsoft.sqlserver.jdbc.SocketFinder.findSocket(IOBuffer.java:2462)
	at com.microsoft.sqlserver.jdbc.TDSChannel.open(IOBuffer.java:668)
	at com.microsoft.sqlserver.jdbc.SQLServerConnection.connectHelper(SQLServerConnection.java:2695)
	at com.microsoft.sqlserver.jdbc.SQLServerConnection.login(SQLServerConnection.java:2362)
	at com.microsoft.sqlserver.jdbc.SQLServerConnection.connectInternal(SQLServerConnection.java:2213)
	at com.microsoft.sqlserver.jdbc.SQLServerConnection.connect(SQLServerConnection.java:1276)
	at com.microsoft.sqlserver.jdbc.SQLServerDriver.connect(SQLServerDriver.java:861)
	at org.apache.commons.dbcp.DriverConnectionFactory.createConnection(DriverConnectionFactory.java:38)
	at org.apache.commons.dbcp.PoolableConnectionFactory.makeObject(PoolableConnectionFactory.java:582)
	at org.apache.commons.pool.impl.GenericObjectPool.borrowObject(GenericObjectPool.java:1148)
	at org.apache.commons.dbcp.PoolingDataSource.getConnection(PoolingDataSource.java:106)
	at org.apache.commons.dbcp.BasicDataSource.getConnection(BasicDataSource.java:1044)
	at org.springframework.jdbc.datasource.DataSourceUtils.fetchConnection(DataSourceUtils.java:157)
	at org.springframework.jdbc.datasource.DataSourceUtils.doGetConnection(DataSourceUtils.java:115)
	at org.springframework.jdbc.datasource.DataSourceUtils.getConnection(DataSourceUtils.java:78)
	at org.mybatis.spring.transaction.SpringManagedTransaction.openConnection(SpringManagedTransaction.java:80)
	at org.mybatis.spring.transaction.SpringManagedTransaction.getConnection(SpringManagedTransaction.java:67)
	at org.apache.ibatis.executor.BaseExecutor.getConnection(BaseExecutor.java:336)
	at org.apache.ibatis.executor.SimpleExecutor.prepareStatement(SimpleExecutor.java:85)
	at org.apache.ibatis.executor.SimpleExecutor.doQuery(SimpleExecutor.java:62)
	at org.apache.ibatis.executor.BaseExecutor.queryFromDatabase(BaseExecutor.java:324)
	at org.apache.ibatis.executor.BaseExecutor.query(BaseExecutor.java:156)
	at org.apache.ibatis.executor.CachingExecutor.query(CachingExecutor.java:109)
	at org.apache.ibatis.executor.CachingExecutor.query(CachingExecutor.java:83)
	at org.apache.ibatis.session.defaults.DefaultSqlSession.selectList(DefaultSqlSession.java:147)
	at org.apache.ibatis.session.defaults.DefaultSqlSession.selectList(DefaultSqlSession.java:140)
	at org.apache.ibatis.session.defaults.DefaultSqlSession.selectOne(DefaultSqlSession.java:76)
	at sun.reflect.GeneratedMethodAccessor1266.invoke(Unknown Source)
	at sun.reflect.DelegatingMethodAccessorImpl.invoke(DelegatingMethodAccessorImpl.java:43)
	at java.lang.reflect.Method.invoke(Method.java:498)
	at org.mybatis.spring.SqlSessionTemplate$SqlSessionInterceptor.invoke(SqlSessionTemplate.java:426)
	at com.sun.proxy.$Proxy366.selectOne(Unknown Source)
	at org.mybatis.spring.SqlSessionTemplate.selectOne(SqlSessionTemplate.java:159)
	at org.apache.ibatis.binding.MapperMethod.execute(MapperMethod.java:87)
	at org.apache.ibatis.binding.MapperProxy.invoke(MapperProxy.java:57)
	at com.sun.proxy.$Proxy368.LoginMember(Unknown Source)
	at com.daejist.login.service.LoginServiceImp.LoginCheck(LoginServiceImp.java:29)
	at com.daejist.login.controller.LoginController.getLogin(LoginController.java:98)
	at sun.reflect.GeneratedMethodAccessor1348.invoke(Unknown Source)
	at sun.reflect.DelegatingMethodAccessorImpl.invoke(DelegatingMethodAccessorImpl.java:43)
	at java.lang.reflect.Method.invoke(Method.java:498)
	at org.springframework.web.method.support.InvocableHandlerMethod.doInvoke(InvocableHandlerMethod.java:190)
	at org.springframework.web.method.support.InvocableHandlerMethod.invokeForRequest(InvocableHandlerMethod.java:138)
	at org.springframework.web.servlet.mvc.method.annotation.ServletInvocableHandlerMethod.invokeAndHandle(ServletInvocableHandlerMethod.java:104)
	at org.springframework.web.servlet.mvc.method.annotation.RequestMappingHandlerAdapter.invokeHandlerMethod(RequestMappingHandlerAdapter.java:892)
	at org.springframework.web.servlet.mvc.method.annotation.RequestMappingHandlerAdapter.handleInternal(RequestMappingHandlerAdapter.java:797)
	at org.springframework.web.servlet.mvc.method.AbstractHandlerMethodAdapter.handle(AbstractHandlerMethodAdapter.java:87)
	at org.springframework.web.servlet.DispatcherServlet.doDispatch(DispatcherServlet.java:1039)
	at org.springframework.web.servlet.DispatcherServlet.doService(DispatcherServlet.java:942)
	at org.springframework.web.servlet.FrameworkServlet.processRequest(FrameworkServlet.java:1005)
	at org.springframework.web.servlet.FrameworkServlet.doPost(FrameworkServlet.java:908)
	at javax.servlet.http.HttpServlet.service(HttpServlet.java:648)
	at org.springframework.web.servlet.FrameworkServlet.service(FrameworkServlet.java:882)
	at javax.servlet.http.HttpServlet.service(HttpServlet.java:729)
	at org.apache.catalina.core.ApplicationFilterChain.internalDoFilter(ApplicationFilterChain.java:292)
	at org.apache.catalina.core.ApplicationFilterChain.doFilter(ApplicationFilterChain.java:207)
	at org.apache.tomcat.websocket.server.WsFilter.doFilter(WsFilter.java:52)
	at org.apache.catalina.core.ApplicationFilterChain.internalDoFilter(ApplicationFilterChain.java:240)
	at org.apache.catalina.core.ApplicationFilterChain.doFilter(ApplicationFilterChain.java:207)
	at org.springframework.web.filter.CharacterEncodingFilter.doFilterInternal(CharacterEncodingFilter.java:200)
	at org.springframework.web.filter.OncePerRequestFilter.doFilter(OncePerRequestFilter.java:118)
	at org.apache.catalina.core.ApplicationFilterChain.internalDoFilter(ApplicationFilterChain.java:240)
	at org.apache.catalina.core.ApplicationFilterChain.doFilter(ApplicationFilterChain.java:207)
	at org.apache.catalina.core.StandardWrapperValve.invoke(StandardWrapperValve.java:212)
	at org.apache.catalina.core.StandardContextValve.invoke(StandardContextValve.java:94)
	at org.apache.catalina.core.StandardHostValve.invoke(StandardHostValve.java:141)
	at org.apache.catalina.valves.ErrorReportValve.invoke(ErrorReportValve.java:79)
	at org.apache.catalina.core.StandardEngineValve.invoke(StandardEngineValve.java:88)
	at org.apache.catalina.connector.CoyoteAdapter.service(CoyoteAdapter.java:502)
	at org.apache.coyote.http11.AbstractHttp11Processor.process(AbstractHttp11Processor.java:1132)
	at org.apache.coyote.AbstractProtocol$AbstractConnectionHandler.process(AbstractProtocol.java:684)
	at org.apache.tomcat.util.net.NioEndpoint$SocketProcessor.doRun(NioEndpoint.java:1539)
	at org.apache.tomcat.util.net.NioEndpoint$SocketProcessor.run(NioEndpoint.java:1495)
	at java.util.concurrent.ThreadPoolExecutor.runWorker(ThreadPoolExecutor.java:1142)
	at java.util.concurrent.ThreadPoolExecutor$Worker.run(ThreadPoolExecutor.java:617)
	at org.apache.tomcat.util.threads.TaskThread$WrappingRunnable.run(TaskThread.java:61)
	at java.lang.Thread.run(Thread.java:745)

13-Jun-2023 12:03:53.680 심각 [http-nio-8855-exec-228] org.apache.catalina.core.StandardWrapperValve.invoke Servlet.service() for servlet [appServlet] in context with path [] threw exception [Request processing failed; nested exception is org.mybatis.spring.MyBatisSystemException: nested exception is org.apache.ibatis.exceptions.PersistenceException: 
### Error querying database.  Cause: org.springframework.jdbc.CannotGetJdbcConnectionException: Failed to obtain JDBC Connection; nested exception is com.microsoft.sqlserver.jdbc.SQLServerException: 호스트 61.32.101.234, 포트 1433에 대한 TCP/IP 연결에 실패했습니다. 오류: "connect timed out. 연결 속성을 확인하십시오. SQL Server의 인스턴스가 호스트에서 실행되고 있고 포트에서 TCP/IP 연결을 허용하고 있는지 확인하십시오. 또한 방화벽에서 포트로의 TCP 연결을 차단하지 않는지 확인하십시오.".
### The error may exist in com/daejist/login/mapper/LoginMapper.xml
### The error may involve com.daejist.login.mapper.LoginMapper.LoginMember
### The error occurred while executing a query
### Cause: org.springframework.jdbc.CannotGetJdbcConnectionException: Failed to obtain JDBC Connection; nested exception is com.microsoft.sqlserver.jdbc.SQLServerException: 호스트 61.32.101.234, 포트 1433에 대한 TCP/IP 연결에 실패했습니다. 오류: "connect timed out. 연결 속성을 확인하십시오. SQL Server의 인스턴스가 호스트에서 실행되고 있고 포트에서 TCP/IP 연결을 허용하고 있는지 확인하십시오. 또한 방화벽에서 포트로의 TCP 연결을 차단하지 않는지 확인하십시오.".] with root cause
 com.microsoft.sqlserver.jdbc.SQLServerException: 호스트 61.32.101.234, 포트 1433에 대한 TCP/IP 연결에 실패했습니다. 오류: "connect timed out. 연결 속성을 확인하십시오. SQL Server의 인스턴스가 호스트에서 실행되고 있고 포트에서 TCP/IP 연결을 허용하고 있는지 확인하십시오. 또한 방화벽에서 포트로의 TCP 연결을 차단하지 않는지 확인하십시오.".
	at com.microsoft.sqlserver.jdbc.SQLServerException.makeFromDriverError(SQLServerException.java:234)
	at com.microsoft.sqlserver.jdbc.SQLServerException.ConvertConnectExceptionToSQLServerException(SQLServerException.java:285)
	at com.microsoft.sqlserver.jdbc.SocketFinder.findSocket(IOBuffer.java:2462)
	at com.microsoft.sqlserver.jdbc.TDSChannel.open(IOBuffer.java:668)
	at com.microsoft.sqlserver.jdbc.SQLServerConnection.connectHelper(SQLServerConnection.java:2695)
	at com.microsoft.sqlserver.jdbc.SQLServerConnection.login(SQLServerConnection.java:2362)
	at com.microsoft.sqlserver.jdbc.SQLServerConnection.connectInternal(SQLServerConnection.java:2213)
	at com.microsoft.sqlserver.jdbc.SQLServerConnection.connect(SQLServerConnection.java:1276)
	at com.microsoft.sqlserver.jdbc.SQLServerDriver.connect(SQLServerDriver.java:861)
	at org.apache.commons.dbcp.DriverConnectionFactory.createConnection(DriverConnectionFactory.java:38)
	at org.apache.commons.dbcp.PoolableConnectionFactory.makeObject(PoolableConnectionFactory.java:582)
	at org.apache.commons.pool.impl.GenericObjectPool.borrowObject(GenericObjectPool.java:1148)
	at org.apache.commons.dbcp.PoolingDataSource.getConnection(PoolingDataSource.java:106)
	at org.apache.commons.dbcp.BasicDataSource.getConnection(BasicDataSource.java:1044)
	at org.springframework.jdbc.datasource.DataSourceUtils.fetchConnection(DataSourceUtils.java:157)
	at org.springframework.jdbc.datasource.DataSourceUtils.doGetConnection(DataSourceUtils.java:115)
	at org.springframework.jdbc.datasource.DataSourceUtils.getConnection(DataSourceUtils.java:78)
	at org.mybatis.spring.transaction.SpringManagedTransaction.openConnection(SpringManagedTransaction.java:80)
	at org.mybatis.spring.transaction.SpringManagedTransaction.getConnection(SpringManagedTransaction.java:67)
	at org.apache.ibatis.executor.BaseExecutor.getConnection(BaseExecutor.java:336)
	at org.apache.ibatis.executor.SimpleExecutor.prepareStatement(SimpleExecutor.java:85)
	at org.apache.ibatis.executor.SimpleExecutor.doQuery(SimpleExecutor.java:62)
	at org.apache.ibatis.executor.BaseExecutor.queryFromDatabase(BaseExecutor.java:324)
	at org.apache.ibatis.executor.BaseExecutor.query(BaseExecutor.java:156)
	at org.apache.ibatis.executor.CachingExecutor.query(CachingExecutor.java:109)
	at org.apache.ibatis.executor.CachingExecutor.query(CachingExecutor.java:83)
	at org.apache.ibatis.session.defaults.DefaultSqlSession.selectList(DefaultSqlSession.java:147)
	at org.apache.ibatis.session.defaults.DefaultSqlSession.selectList(DefaultSqlSession.java:140)
	at org.apache.ibatis.session.defaults.DefaultSqlSession.selectOne(DefaultSqlSession.java:76)
	at sun.reflect.GeneratedMethodAccessor1266.invoke(Unknown Source)
	at sun.reflect.DelegatingMethodAccessorImpl.invoke(DelegatingMethodAccessorImpl.java:43)
	at java.lang.reflect.Method.invoke(Method.java:498)
	at org.mybatis.spring.SqlSessionTemplate$SqlSessionInterceptor.invoke(SqlSessionTemplate.java:426)
	at com.sun.proxy.$Proxy366.selectOne(Unknown Source)
	at org.mybatis.spring.SqlSessionTemplate.selectOne(SqlSessionTemplate.java:159)
	at org.apache.ibatis.binding.MapperMethod.execute(MapperMethod.java:87)
	at org.apache.ibatis.binding.MapperProxy.invoke(MapperProxy.java:57)
	at com.sun.proxy.$Proxy368.LoginMember(Unknown Source)
	at com.daejist.login.service.LoginServiceImp.LoginCheck(LoginServiceImp.java:29)
	at com.daejist.login.controller.LoginController.getLogin(LoginController.java:98)
	at sun.reflect.GeneratedMethodAccessor1348.invoke(Unknown Source)
	at sun.reflect.DelegatingMethodAccessorImpl.invoke(DelegatingMethodAccessorImpl.java:43)
	at java.lang.reflect.Method.invoke(Method.java:498)
	at org.springframework.web.method.support.InvocableHandlerMethod.doInvoke(InvocableHandlerMethod.java:190)
	at org.springframework.web.method.support.InvocableHandlerMethod.invokeForRequest(InvocableHandlerMethod.java:138)
	at org.springframework.web.servlet.mvc.method.annotation.ServletInvocableHandlerMethod.invokeAndHandle(ServletInvocableHandlerMethod.java:104)
	at org.springframework.web.servlet.mvc.method.annotation.RequestMappingHandlerAdapter.invokeHandlerMethod(RequestMappingHandlerAdapter.java:892)
	at org.springframework.web.servlet.mvc.method.annotation.RequestMappingHandlerAdapter.handleInternal(RequestMappingHandlerAdapter.java:797)
	at org.springframework.web.servlet.mvc.method.AbstractHandlerMethodAdapter.handle(AbstractHandlerMethodAdapter.java:87)
	at org.springframework.web.servlet.DispatcherServlet.doDispatch(DispatcherServlet.java:1039)
	at org.springframework.web.servlet.DispatcherServlet.doService(DispatcherServlet.java:942)
	at org.springframework.web.servlet.FrameworkServlet.processRequest(FrameworkServlet.java:1005)
	at org.springframework.web.servlet.FrameworkServlet.doPost(FrameworkServlet.java:908)
	at javax.servlet.http.HttpServlet.service(HttpServlet.java:648)
	at org.springframework.web.servlet.FrameworkServlet.service(FrameworkServlet.java:882)
	at javax.servlet.http.HttpServlet.service(HttpServlet.java:729)
	at org.apache.catalina.core.ApplicationFilterChain.internalDoFilter(ApplicationFilterChain.java:292)
	at org.apache.catalina.core.ApplicationFilterChain.doFilter(ApplicationFilterChain.java:207)
	at org.apache.tomcat.websocket.server.WsFilter.doFilter(WsFilter.java:52)
	at org.apache.catalina.core.ApplicationFilterChain.internalDoFilter(ApplicationFilterChain.java:240)
	at org.apache.catalina.core.ApplicationFilterChain.doFilter(ApplicationFilterChain.java:207)
	at org.springframework.web.filter.CharacterEncodingFilter.doFilterInternal(CharacterEncodingFilter.java:200)
	at org.springframework.web.filter.OncePerRequestFilter.doFilter(OncePerRequestFilter.java:118)
	at org.apache.catalina.core.ApplicationFilterChain.internalDoFilter(ApplicationFilterChain.java:240)
	at org.apache.catalina.core.ApplicationFilterChain.doFilter(ApplicationFilterChain.java:207)
	at org.apache.catalina.core.StandardWrapperValve.invoke(StandardWrapperValve.java:212)
	at org.apache.catalina.core.StandardContextValve.invoke(StandardContextValve.java:94)
	at org.apache.catalina.core.StandardHostValve.invoke(StandardHostValve.java:141)
	at org.apache.catalina.valves.ErrorReportValve.invoke(ErrorReportValve.java:79)
	at org.apache.catalina.core.StandardEngineValve.invoke(StandardEngineValve.java:88)
	at org.apache.catalina.connector.CoyoteAdapter.service(CoyoteAdapter.java:502)
	at org.apache.coyote.http11.AbstractHttp11Processor.process(AbstractHttp11Processor.java:1132)
	at org.apache.coyote.AbstractProtocol$AbstractConnectionHandler.process(AbstractProtocol.java:684)
	at org.apache.tomcat.util.net.NioEndpoint$SocketProcessor.doRun(NioEndpoint.java:1539)
	at org.apache.tomcat.util.net.NioEndpoint$SocketProcessor.run(NioEndpoint.java:1495)
	at java.util.concurrent.ThreadPoolExecutor.runWorker(ThreadPoolExecutor.java:1142)
	at java.util.concurrent.ThreadPoolExecutor$Worker.run(ThreadPoolExecutor.java:617)
	at org.apache.tomcat.util.threads.TaskThread$WrappingRunnable.run(TaskThread.java:61)
	at java.lang.Thread.run(Thread.java:745)

13-Jun-2023 12:04:00.413 심각 [http-nio-8855-exec-230] org.apache.catalina.core.StandardWrapperValve.invoke Servlet.service() for servlet [appServlet] in context with path [] threw exception [Request processing failed; nested exception is org.mybatis.spring.MyBatisSystemException: nested exception is org.apache.ibatis.exceptions.PersistenceException: 
### Error querying database.  Cause: org.springframework.jdbc.CannotGetJdbcConnectionException: Failed to obtain JDBC Connection; nested exception is com.microsoft.sqlserver.jdbc.SQLServerException: 호스트 61.32.101.234, 포트 1433에 대한 TCP/IP 연결에 실패했습니다. 오류: "connect timed out. 연결 속성을 확인하십시오. SQL Server의 인스턴스가 호스트에서 실행되고 있고 포트에서 TCP/IP 연결을 허용하고 있는지 확인하십시오. 또한 방화벽에서 포트로의 TCP 연결을 차단하지 않는지 확인하십시오.".
### The error may exist in com/daejist/login/mapper/LoginMapper.xml
### The error may involve com.daejist.login.mapper.LoginMapper.LoginMember
### The error occurred while executing a query
### Cause: org.springframework.jdbc.CannotGetJdbcConnectionException: Failed to obtain JDBC Connection; nested exception is com.microsoft.sqlserver.jdbc.SQLServerException: 호스트 61.32.101.234, 포트 1433에 대한 TCP/IP 연결에 실패했습니다. 오류: "connect timed out. 연결 속성을 확인하십시오. SQL Server의 인스턴스가 호스트에서 실행되고 있고 포트에서 TCP/IP 연결을 허용하고 있는지 확인하십시오. 또한 방화벽에서 포트로의 TCP 연결을 차단하지 않는지 확인하십시오.".] with root cause
 com.microsoft.sqlserver.jdbc.SQLServerException: 호스트 61.32.101.234, 포트 1433에 대한 TCP/IP 연결에 실패했습니다. 오류: "connect timed out. 연결 속성을 확인하십시오. SQL Server의 인스턴스가 호스트에서 실행되고 있고 포트에서 TCP/IP 연결을 허용하고 있는지 확인하십시오. 또한 방화벽에서 포트로의 TCP 연결을 차단하지 않는지 확인하십시오.".
	at com.microsoft.sqlserver.jdbc.SQLServerException.makeFromDriverError(SQLServerException.java:234)
	at com.microsoft.sqlserver.jdbc.SQLServerException.ConvertConnectExceptionToSQLServerException(SQLServerException.java:285)
	at com.microsoft.sqlserver.jdbc.SocketFinder.findSocket(IOBuffer.java:2462)
	at com.microsoft.sqlserver.jdbc.TDSChannel.open(IOBuffer.java:668)
	at com.microsoft.sqlserver.jdbc.SQLServerConnection.connectHelper(SQLServerConnection.java:2695)
	at com.microsoft.sqlserver.jdbc.SQLServerConnection.login(SQLServerConnection.java:2362)
	at com.microsoft.sqlserver.jdbc.SQLServerConnection.connectInternal(SQLServerConnection.java:2213)
	at com.microsoft.sqlserver.jdbc.SQLServerConnection.connect(SQLServerConnection.java:1276)
	at com.microsoft.sqlserver.jdbc.SQLServerDriver.connect(SQLServerDriver.java:861)
	at org.apache.commons.dbcp.DriverConnectionFactory.createConnection(DriverConnectionFactory.java:38)
	at org.apache.commons.dbcp.PoolableConnectionFactory.makeObject(PoolableConnectionFactory.java:582)
	at org.apache.commons.pool.impl.GenericObjectPool.borrowObject(GenericObjectPool.java:1148)
	at org.apache.commons.dbcp.PoolingDataSource.getConnection(PoolingDataSource.java:106)
	at org.apache.commons.dbcp.BasicDataSource.getConnection(BasicDataSource.java:1044)
	at org.springframework.jdbc.datasource.DataSourceUtils.fetchConnection(DataSourceUtils.java:157)
	at org.springframework.jdbc.datasource.DataSourceUtils.doGetConnection(DataSourceUtils.java:115)
	at org.springframework.jdbc.datasource.DataSourceUtils.getConnection(DataSourceUtils.java:78)
	at org.mybatis.spring.transaction.SpringManagedTransaction.openConnection(SpringManagedTransaction.java:80)
	at org.mybatis.spring.transaction.SpringManagedTransaction.getConnection(SpringManagedTransaction.java:67)
	at org.apache.ibatis.executor.BaseExecutor.getConnection(BaseExecutor.java:336)
	at org.apache.ibatis.executor.SimpleExecutor.prepareStatement(SimpleExecutor.java:85)
	at org.apache.ibatis.executor.SimpleExecutor.doQuery(SimpleExecutor.java:62)
	at org.apache.ibatis.executor.BaseExecutor.queryFromDatabase(BaseExecutor.java:324)
	at org.apache.ibatis.executor.BaseExecutor.query(BaseExecutor.java:156)
	at org.apache.ibatis.executor.CachingExecutor.query(CachingExecutor.java:109)
	at org.apache.ibatis.executor.CachingExecutor.query(CachingExecutor.java:83)
	at org.apache.ibatis.session.defaults.DefaultSqlSession.selectList(DefaultSqlSession.java:147)
	at org.apache.ibatis.session.defaults.DefaultSqlSession.selectList(DefaultSqlSession.java:140)
	at org.apache.ibatis.session.defaults.DefaultSqlSession.selectOne(DefaultSqlSession.java:76)
	at sun.reflect.GeneratedMethodAccessor1266.invoke(Unknown Source)
	at sun.reflect.DelegatingMethodAccessorImpl.invoke(DelegatingMethodAccessorImpl.java:43)
	at java.lang.reflect.Method.invoke(Method.java:498)
	at org.mybatis.spring.SqlSessionTemplate$SqlSessionInterceptor.invoke(SqlSessionTemplate.java:426)
	at com.sun.proxy.$Proxy366.selectOne(Unknown Source)
	at org.mybatis.spring.SqlSessionTemplate.selectOne(SqlSessionTemplate.java:159)
	at org.apache.ibatis.binding.MapperMethod.execute(MapperMethod.java:87)
	at org.apache.ibatis.binding.MapperProxy.invoke(MapperProxy.java:57)
	at com.sun.proxy.$Proxy368.LoginMember(Unknown Source)
	at com.daejist.login.service.LoginServiceImp.LoginCheck(LoginServiceImp.java:29)
	at com.daejist.login.controller.LoginController.getLogin(LoginController.java:98)
	at sun.reflect.GeneratedMethodAccessor1348.invoke(Unknown Source)
	at sun.reflect.DelegatingMethodAccessorImpl.invoke(DelegatingMethodAccessorImpl.java:43)
	at java.lang.reflect.Method.invoke(Method.java:498)
	at org.springframework.web.method.support.InvocableHandlerMethod.doInvoke(InvocableHandlerMethod.java:190)
	at org.springframework.web.method.support.InvocableHandlerMethod.invokeForRequest(InvocableHandlerMethod.java:138)
	at org.springframework.web.servlet.mvc.method.annotation.ServletInvocableHandlerMethod.invokeAndHandle(ServletInvocableHandlerMethod.java:104)
	at org.springframework.web.servlet.mvc.method.annotation.RequestMappingHandlerAdapter.invokeHandlerMethod(RequestMappingHandlerAdapter.java:892)
	at org.springframework.web.servlet.mvc.method.annotation.RequestMappingHandlerAdapter.handleInternal(RequestMappingHandlerAdapter.java:797)
	at org.springframework.web.servlet.mvc.method.AbstractHandlerMethodAdapter.handle(AbstractHandlerMethodAdapter.java:87)
	at org.springframework.web.servlet.DispatcherServlet.doDispatch(DispatcherServlet.java:1039)
	at org.springframework.web.servlet.DispatcherServlet.doService(DispatcherServlet.java:942)
	at org.springframework.web.servlet.FrameworkServlet.processRequest(FrameworkServlet.java:1005)
	at org.springframework.web.servlet.FrameworkServlet.doPost(FrameworkServlet.java:908)
	at javax.servlet.http.HttpServlet.service(HttpServlet.java:648)
	at org.springframework.web.servlet.FrameworkServlet.service(FrameworkServlet.java:882)
	at javax.servlet.http.HttpServlet.service(HttpServlet.java:729)
	at org.apache.catalina.core.ApplicationFilterChain.internalDoFilter(ApplicationFilterChain.java:292)
	at org.apache.catalina.core.ApplicationFilterChain.doFilter(ApplicationFilterChain.java:207)
	at org.apache.tomcat.websocket.server.WsFilter.doFilter(WsFilter.java:52)
	at org.apache.catalina.core.ApplicationFilterChain.internalDoFilter(ApplicationFilterChain.java:240)
	at org.apache.catalina.core.ApplicationFilterChain.doFilter(ApplicationFilterChain.java:207)
	at org.springframework.web.filter.CharacterEncodingFilter.doFilterInternal(CharacterEncodingFilter.java:200)
	at org.springframework.web.filter.OncePerRequestFilter.doFilter(OncePerRequestFilter.java:118)
	at org.apache.catalina.core.ApplicationFilterChain.internalDoFilter(ApplicationFilterChain.java:240)
	at org.apache.catalina.core.ApplicationFilterChain.doFilter(ApplicationFilterChain.java:207)
	at org.apache.catalina.core.StandardWrapperValve.invoke(StandardWrapperValve.java:212)
	at org.apache.catalina.core.StandardContextValve.invoke(StandardContextValve.java:94)
	at org.apache.catalina.core.StandardHostValve.invoke(StandardHostValve.java:141)
	at org.apache.catalina.valves.ErrorReportValve.invoke(ErrorReportValve.java:79)
	at org.apache.catalina.core.StandardEngineValve.invoke(StandardEngineValve.java:88)
	at org.apache.catalina.connector.CoyoteAdapter.service(CoyoteAdapter.java:502)
	at org.apache.coyote.http11.AbstractHttp11Processor.process(AbstractHttp11Processor.java:1132)
	at org.apache.coyote.AbstractProtocol$AbstractConnectionHandler.process(AbstractProtocol.java:684)
	at org.apache.tomcat.util.net.NioEndpoint$SocketProcessor.doRun(NioEndpoint.java:1539)
	at org.apache.tomcat.util.net.NioEndpoint$SocketProcessor.run(NioEndpoint.java:1495)
	at java.util.concurrent.ThreadPoolExecutor.runWorker(ThreadPoolExecutor.java:1142)
	at java.util.concurrent.ThreadPoolExecutor$Worker.run(ThreadPoolExecutor.java:617)
	at org.apache.tomcat.util.threads.TaskThread$WrappingRunnable.run(TaskThread.java:61)
	at java.lang.Thread.run(Thread.java:745)

13-Jun-2023 12:04:02.568 심각 [http-nio-8855-exec-232] org.apache.catalina.core.StandardWrapperValve.invoke Servlet.service() for servlet [appServlet] in context with path [] threw exception [Request processing failed; nested exception is org.mybatis.spring.MyBatisSystemException: nested exception is org.apache.ibatis.exceptions.PersistenceException: 
### Error querying database.  Cause: org.springframework.jdbc.CannotGetJdbcConnectionException: Failed to obtain JDBC Connection; nested exception is com.microsoft.sqlserver.jdbc.SQLServerException: 호스트 61.32.101.234, 포트 1433에 대한 TCP/IP 연결에 실패했습니다. 오류: "connect timed out. 연결 속성을 확인하십시오. SQL Server의 인스턴스가 호스트에서 실행되고 있고 포트에서 TCP/IP 연결을 허용하고 있는지 확인하십시오. 또한 방화벽에서 포트로의 TCP 연결을 차단하지 않는지 확인하십시오.".
### The error may exist in com/daejist/login/mapper/LoginMapper.xml
### The error may involve com.daejist.login.mapper.LoginMapper.LoginMember
### The error occurred while executing a query
### Cause: org.springframework.jdbc.CannotGetJdbcConnectionException: Failed to obtain JDBC Connection; nested exception is com.microsoft.sqlserver.jdbc.SQLServerException: 호스트 61.32.101.234, 포트 1433에 대한 TCP/IP 연결에 실패했습니다. 오류: "connect timed out. 연결 속성을 확인하십시오. SQL Server의 인스턴스가 호스트에서 실행되고 있고 포트에서 TCP/IP 연결을 허용하고 있는지 확인하십시오. 또한 방화벽에서 포트로의 TCP 연결을 차단하지 않는지 확인하십시오.".] with root cause
 com.microsoft.sqlserver.jdbc.SQLServerException: 호스트 61.32.101.234, 포트 1433에 대한 TCP/IP 연결에 실패했습니다. 오류: "connect timed out. 연결 속성을 확인하십시오. SQL Server의 인스턴스가 호스트에서 실행되고 있고 포트에서 TCP/IP 연결을 허용하고 있는지 확인하십시오. 또한 방화벽에서 포트로의 TCP 연결을 차단하지 않는지 확인하십시오.".
	at com.microsoft.sqlserver.jdbc.SQLServerException.makeFromDriverError(SQLServerException.java:234)
	at com.microsoft.sqlserver.jdbc.SQLServerException.ConvertConnectExceptionToSQLServerException(SQLServerException.java:285)
	at com.microsoft.sqlserver.jdbc.SocketFinder.findSocket(IOBuffer.java:2462)
	at com.microsoft.sqlserver.jdbc.TDSChannel.open(IOBuffer.java:668)
	at com.microsoft.sqlserver.jdbc.SQLServerConnection.connectHelper(SQLServerConnection.java:2695)
	at com.microsoft.sqlserver.jdbc.SQLServerConnection.login(SQLServerConnection.java:2362)
	at com.microsoft.sqlserver.jdbc.SQLServerConnection.connectInternal(SQLServerConnection.java:2213)
	at com.microsoft.sqlserver.jdbc.SQLServerConnection.connect(SQLServerConnection.java:1276)
	at com.microsoft.sqlserver.jdbc.SQLServerDriver.connect(SQLServerDriver.java:861)
	at org.apache.commons.dbcp.DriverConnectionFactory.createConnection(DriverConnectionFactory.java:38)
	at org.apache.commons.dbcp.PoolableConnectionFactory.makeObject(PoolableConnectionFactory.java:582)
	at org.apache.commons.pool.impl.GenericObjectPool.borrowObject(GenericObjectPool.java:1148)
	at org.apache.commons.dbcp.PoolingDataSource.getConnection(PoolingDataSource.java:106)
	at org.apache.commons.dbcp.BasicDataSource.getConnection(BasicDataSource.java:1044)
	at org.springframework.jdbc.datasource.DataSourceUtils.fetchConnection(DataSourceUtils.java:157)
	at org.springframework.jdbc.datasource.DataSourceUtils.doGetConnection(DataSourceUtils.java:115)
	at org.springframework.jdbc.datasource.DataSourceUtils.getConnection(DataSourceUtils.java:78)
	at org.mybatis.spring.transaction.SpringManagedTransaction.openConnection(SpringManagedTransaction.java:80)
	at org.mybatis.spring.transaction.SpringManagedTransaction.getConnection(SpringManagedTransaction.java:67)
	at org.apache.ibatis.executor.BaseExecutor.getConnection(BaseExecutor.java:336)
	at org.apache.ibatis.executor.SimpleExecutor.prepareStatement(SimpleExecutor.java:85)
	at org.apache.ibatis.executor.SimpleExecutor.doQuery(SimpleExecutor.java:62)
	at org.apache.ibatis.executor.BaseExecutor.queryFromDatabase(BaseExecutor.java:324)
	at org.apache.ibatis.executor.BaseExecutor.query(BaseExecutor.java:156)
	at org.apache.ibatis.executor.CachingExecutor.query(CachingExecutor.java:109)
	at org.apache.ibatis.executor.CachingExecutor.query(CachingExecutor.java:83)
	at org.apache.ibatis.session.defaults.DefaultSqlSession.selectList(DefaultSqlSession.java:147)
	at org.apache.ibatis.session.defaults.DefaultSqlSession.selectList(DefaultSqlSession.java:140)
	at org.apache.ibatis.session.defaults.DefaultSqlSession.selectOne(DefaultSqlSession.java:76)
	at sun.reflect.GeneratedMethodAccessor1266.invoke(Unknown Source)
	at sun.reflect.DelegatingMethodAccessorImpl.invoke(DelegatingMethodAccessorImpl.java:43)
	at java.lang.reflect.Method.invoke(Method.java:498)
	at org.mybatis.spring.SqlSessionTemplate$SqlSessionInterceptor.invoke(SqlSessionTemplate.java:426)
	at com.sun.proxy.$Proxy366.selectOne(Unknown Source)
	at org.mybatis.spring.SqlSessionTemplate.selectOne(SqlSessionTemplate.java:159)
	at org.apache.ibatis.binding.MapperMethod.execute(MapperMethod.java:87)
	at org.apache.ibatis.binding.MapperProxy.invoke(MapperProxy.java:57)
	at com.sun.proxy.$Proxy368.LoginMember(Unknown Source)
	at com.daejist.login.service.LoginServiceImp.LoginCheck(LoginServiceImp.java:29)
	at com.daejist.login.controller.LoginController.getLogin(LoginController.java:98)
	at sun.reflect.GeneratedMethodAccessor1348.invoke(Unknown Source)
	at sun.reflect.DelegatingMethodAccessorImpl.invoke(DelegatingMethodAccessorImpl.java:43)
	at java.lang.reflect.Method.invoke(Method.java:498)
	at org.springframework.web.method.support.InvocableHandlerMethod.doInvoke(InvocableHandlerMethod.java:190)
	at org.springframework.web.method.support.InvocableHandlerMethod.invokeForRequest(InvocableHandlerMethod.java:138)
	at org.springframework.web.servlet.mvc.method.annotation.ServletInvocableHandlerMethod.invokeAndHandle(ServletInvocableHandlerMethod.java:104)
	at org.springframework.web.servlet.mvc.method.annotation.RequestMappingHandlerAdapter.invokeHandlerMethod(RequestMappingHandlerAdapter.java:892)
	at org.springframework.web.servlet.mvc.method.annotation.RequestMappingHandlerAdapter.handleInternal(RequestMappingHandlerAdapter.java:797)
	at org.springframework.web.servlet.mvc.method.AbstractHandlerMethodAdapter.handle(AbstractHandlerMethodAdapter.java:87)
	at org.springframework.web.servlet.DispatcherServlet.doDispatch(DispatcherServlet.java:1039)
	at org.springframework.web.servlet.DispatcherServlet.doService(DispatcherServlet.java:942)
	at org.springframework.web.servlet.FrameworkServlet.processRequest(FrameworkServlet.java:1005)
	at org.springframework.web.servlet.FrameworkServlet.doPost(FrameworkServlet.java:908)
	at javax.servlet.http.HttpServlet.service(HttpServlet.java:648)
	at org.springframework.web.servlet.FrameworkServlet.service(FrameworkServlet.java:882)
	at javax.servlet.http.HttpServlet.service(HttpServlet.java:729)
	at org.apache.catalina.core.ApplicationFilterChain.internalDoFilter(ApplicationFilterChain.java:292)
	at org.apache.catalina.core.ApplicationFilterChain.doFilter(ApplicationFilterChain.java:207)
	at org.apache.tomcat.websocket.server.WsFilter.doFilter(WsFilter.java:52)
	at org.apache.catalina.core.ApplicationFilterChain.internalDoFilter(ApplicationFilterChain.java:240)
	at org.apache.catalina.core.ApplicationFilterChain.doFilter(ApplicationFilterChain.java:207)
	at org.springframework.web.filter.CharacterEncodingFilter.doFilterInternal(CharacterEncodingFilter.java:200)
	at org.springframework.web.filter.OncePerRequestFilter.doFilter(OncePerRequestFilter.java:118)
	at org.apache.catalina.core.ApplicationFilterChain.internalDoFilter(ApplicationFilterChain.java:240)
	at org.apache.catalina.core.ApplicationFilterChain.doFilter(ApplicationFilterChain.java:207)
	at org.apache.catalina.core.StandardWrapperValve.invoke(StandardWrapperValve.java:212)
	at org.apache.catalina.core.StandardContextValve.invoke(StandardContextValve.java:94)
	at org.apache.catalina.core.StandardHostValve.invoke(StandardHostValve.java:141)
	at org.apache.catalina.valves.ErrorReportValve.invoke(ErrorReportValve.java:79)
	at org.apache.catalina.core.StandardEngineValve.invoke(StandardEngineValve.java:88)
	at org.apache.catalina.connector.CoyoteAdapter.service(CoyoteAdapter.java:502)
	at org.apache.coyote.http11.AbstractHttp11Processor.process(AbstractHttp11Processor.java:1132)
	at org.apache.coyote.AbstractProtocol$AbstractConnectionHandler.process(AbstractProtocol.java:684)
	at org.apache.tomcat.util.net.NioEndpoint$SocketProcessor.doRun(NioEndpoint.java:1539)
	at org.apache.tomcat.util.net.NioEndpoint$SocketProcessor.run(NioEndpoint.java:1495)
	at java.util.concurrent.ThreadPoolExecutor.runWorker(ThreadPoolExecutor.java:1142)
	at java.util.concurrent.ThreadPoolExecutor$Worker.run(ThreadPoolExecutor.java:617)
	at org.apache.tomcat.util.threads.TaskThread$WrappingRunnable.run(TaskThread.java:61)
	at java.lang.Thread.run(Thread.java:745)

13-Jun-2023 12:04:04.215 심각 [http-nio-8855-exec-233] org.apache.catalina.core.StandardWrapperValve.invoke Servlet.service() for servlet [appServlet] in context with path [] threw exception [Request processing failed; nested exception is org.mybatis.spring.MyBatisSystemException: nested exception is org.apache.ibatis.exceptions.PersistenceException: 
### Error querying database.  Cause: org.springframework.jdbc.CannotGetJdbcConnectionException: Failed to obtain JDBC Connection; nested exception is com.microsoft.sqlserver.jdbc.SQLServerException: 호스트 61.32.101.234, 포트 1433에 대한 TCP/IP 연결에 실패했습니다. 오류: "connect timed out. 연결 속성을 확인하십시오. SQL Server의 인스턴스가 호스트에서 실행되고 있고 포트에서 TCP/IP 연결을 허용하고 있는지 확인하십시오. 또한 방화벽에서 포트로의 TCP 연결을 차단하지 않는지 확인하십시오.".
### The error may exist in com/daejist/login/mapper/LoginMapper.xml
### The error may involve com.daejist.login.mapper.LoginMapper.LoginMember
### The error occurred while executing a query
### Cause: org.springframework.jdbc.CannotGetJdbcConnectionException: Failed to obtain JDBC Connection; nested exception is com.microsoft.sqlserver.jdbc.SQLServerException: 호스트 61.32.101.234, 포트 1433에 대한 TCP/IP 연결에 실패했습니다. 오류: "connect timed out. 연결 속성을 확인하십시오. SQL Server의 인스턴스가 호스트에서 실행되고 있고 포트에서 TCP/IP 연결을 허용하고 있는지 확인하십시오. 또한 방화벽에서 포트로의 TCP 연결을 차단하지 않는지 확인하십시오.".] with root cause
 com.microsoft.sqlserver.jdbc.SQLServerException: 호스트 61.32.101.234, 포트 1433에 대한 TCP/IP 연결에 실패했습니다. 오류: "connect timed out. 연결 속성을 확인하십시오. SQL Server의 인스턴스가 호스트에서 실행되고 있고 포트에서 TCP/IP 연결을 허용하고 있는지 확인하십시오. 또한 방화벽에서 포트로의 TCP 연결을 차단하지 않는지 확인하십시오.".
	at com.microsoft.sqlserver.jdbc.SQLServerException.makeFromDriverError(SQLServerException.java:234)
	at com.microsoft.sqlserver.jdbc.SQLServerException.ConvertConnectExceptionToSQLServerException(SQLServerException.java:285)
	at com.microsoft.sqlserver.jdbc.SocketFinder.findSocket(IOBuffer.java:2462)
	at com.microsoft.sqlserver.jdbc.TDSChannel.open(IOBuffer.java:668)
	at com.microsoft.sqlserver.jdbc.SQLServerConnection.connectHelper(SQLServerConnection.java:2695)
	at com.microsoft.sqlserver.jdbc.SQLServerConnection.login(SQLServerConnection.java:2362)
	at com.microsoft.sqlserver.jdbc.SQLServerConnection.connectInternal(SQLServerConnection.java:2213)
	at com.microsoft.sqlserver.jdbc.SQLServerConnection.connect(SQLServerConnection.java:1276)
	at com.microsoft.sqlserver.jdbc.SQLServerDriver.connect(SQLServerDriver.java:861)
	at org.apache.commons.dbcp.DriverConnectionFactory.createConnection(DriverConnectionFactory.java:38)
	at org.apache.commons.dbcp.PoolableConnectionFactory.makeObject(PoolableConnectionFactory.java:582)
	at org.apache.commons.pool.impl.GenericObjectPool.borrowObject(GenericObjectPool.java:1148)
	at org.apache.commons.dbcp.PoolingDataSource.getConnection(PoolingDataSource.java:106)
	at org.apache.commons.dbcp.BasicDataSource.getConnection(BasicDataSource.java:1044)
	at org.springframework.jdbc.datasource.DataSourceUtils.fetchConnection(DataSourceUtils.java:157)
	at org.springframework.jdbc.datasource.DataSourceUtils.doGetConnection(DataSourceUtils.java:115)
	at org.springframework.jdbc.datasource.DataSourceUtils.getConnection(DataSourceUtils.java:78)
	at org.mybatis.spring.transaction.SpringManagedTransaction.openConnection(SpringManagedTransaction.java:80)
	at org.mybatis.spring.transaction.SpringManagedTransaction.getConnection(SpringManagedTransaction.java:67)
	at org.apache.ibatis.executor.BaseExecutor.getConnection(BaseExecutor.java:336)
	at org.apache.ibatis.executor.SimpleExecutor.prepareStatement(SimpleExecutor.java:85)
	at org.apache.ibatis.executor.SimpleExecutor.doQuery(SimpleExecutor.java:62)
	at org.apache.ibatis.executor.BaseExecutor.queryFromDatabase(BaseExecutor.java:324)
	at org.apache.ibatis.executor.BaseExecutor.query(BaseExecutor.java:156)
	at org.apache.ibatis.executor.CachingExecutor.query(CachingExecutor.java:109)
	at org.apache.ibatis.executor.CachingExecutor.query(CachingExecutor.java:83)
	at org.apache.ibatis.session.defaults.DefaultSqlSession.selectList(DefaultSqlSession.java:147)
	at org.apache.ibatis.session.defaults.DefaultSqlSession.selectList(DefaultSqlSession.java:140)
	at org.apache.ibatis.session.defaults.DefaultSqlSession.selectOne(DefaultSqlSession.java:76)
	at sun.reflect.GeneratedMethodAccessor1266.invoke(Unknown Source)
	at sun.reflect.DelegatingMethodAccessorImpl.invoke(DelegatingMethodAccessorImpl.java:43)
	at java.lang.reflect.Method.invoke(Method.java:498)
	at org.mybatis.spring.SqlSessionTemplate$SqlSessionInterceptor.invoke(SqlSessionTemplate.java:426)
	at com.sun.proxy.$Proxy366.selectOne(Unknown Source)
	at org.mybatis.spring.SqlSessionTemplate.selectOne(SqlSessionTemplate.java:159)
	at org.apache.ibatis.binding.MapperMethod.execute(MapperMethod.java:87)
	at org.apache.ibatis.binding.MapperProxy.invoke(MapperProxy.java:57)
	at com.sun.proxy.$Proxy368.LoginMember(Unknown Source)
	at com.daejist.login.service.LoginServiceImp.LoginCheck(LoginServiceImp.java:29)
	at com.daejist.login.controller.LoginController.getLogin(LoginController.java:98)
	at sun.reflect.GeneratedMethodAccessor1348.invoke(Unknown Source)
	at sun.reflect.DelegatingMethodAccessorImpl.invoke(DelegatingMethodAccessorImpl.java:43)
	at java.lang.reflect.Method.invoke(Method.java:498)
	at org.springframework.web.method.support.InvocableHandlerMethod.doInvoke(InvocableHandlerMethod.java:190)
	at org.springframework.web.method.support.InvocableHandlerMethod.invokeForRequest(InvocableHandlerMethod.java:138)
	at org.springframework.web.servlet.mvc.method.annotation.ServletInvocableHandlerMethod.invokeAndHandle(ServletInvocableHandlerMethod.java:104)
	at org.springframework.web.servlet.mvc.method.annotation.RequestMappingHandlerAdapter.invokeHandlerMethod(RequestMappingHandlerAdapter.java:892)
	at org.springframework.web.servlet.mvc.method.annotation.RequestMappingHandlerAdapter.handleInternal(RequestMappingHandlerAdapter.java:797)
	at org.springframework.web.servlet.mvc.method.AbstractHandlerMethodAdapter.handle(AbstractHandlerMethodAdapter.java:87)
	at org.springframework.web.servlet.DispatcherServlet.doDispatch(DispatcherServlet.java:1039)
	at org.springframework.web.servlet.DispatcherServlet.doService(DispatcherServlet.java:942)
	at org.springframework.web.servlet.FrameworkServlet.processRequest(FrameworkServlet.java:1005)
	at org.springframework.web.servlet.FrameworkServlet.doPost(FrameworkServlet.java:908)
	at javax.servlet.http.HttpServlet.service(HttpServlet.java:648)
	at org.springframework.web.servlet.FrameworkServlet.service(FrameworkServlet.java:882)
	at javax.servlet.http.HttpServlet.service(HttpServlet.java:729)
	at org.apache.catalina.core.ApplicationFilterChain.internalDoFilter(ApplicationFilterChain.java:292)
	at org.apache.catalina.core.ApplicationFilterChain.doFilter(ApplicationFilterChain.java:207)
	at org.apache.tomcat.websocket.server.WsFilter.doFilter(WsFilter.java:52)
	at org.apache.catalina.core.ApplicationFilterChain.internalDoFilter(ApplicationFilterChain.java:240)
	at org.apache.catalina.core.ApplicationFilterChain.doFilter(ApplicationFilterChain.java:207)
	at org.springframework.web.filter.CharacterEncodingFilter.doFilterInternal(CharacterEncodingFilter.java:200)
	at org.springframework.web.filter.OncePerRequestFilter.doFilter(OncePerRequestFilter.java:118)
	at org.apache.catalina.core.ApplicationFilterChain.internalDoFilter(ApplicationFilterChain.java:240)
	at org.apache.catalina.core.ApplicationFilterChain.doFilter(ApplicationFilterChain.java:207)
	at org.apache.catalina.core.StandardWrapperValve.invoke(StandardWrapperValve.java:212)
	at org.apache.catalina.core.StandardContextValve.invoke(StandardContextValve.java:94)
	at org.apache.catalina.core.StandardHostValve.invoke(StandardHostValve.java:141)
	at org.apache.catalina.valves.ErrorReportValve.invoke(ErrorReportValve.java:79)
	at org.apache.catalina.core.StandardEngineValve.invoke(StandardEngineValve.java:88)
	at org.apache.catalina.connector.CoyoteAdapter.service(CoyoteAdapter.java:502)
	at org.apache.coyote.http11.AbstractHttp11Processor.process(AbstractHttp11Processor.java:1132)
	at org.apache.coyote.AbstractProtocol$AbstractConnectionHandler.process(AbstractProtocol.java:684)
	at org.apache.tomcat.util.net.NioEndpoint$SocketProcessor.doRun(NioEndpoint.java:1539)
	at org.apache.tomcat.util.net.NioEndpoint$SocketProcessor.run(NioEndpoint.java:1495)
	at java.util.concurrent.ThreadPoolExecutor.runWorker(ThreadPoolExecutor.java:1142)
	at java.util.concurrent.ThreadPoolExecutor$Worker.run(ThreadPoolExecutor.java:617)
	at org.apache.tomcat.util.threads.TaskThread$WrappingRunnable.run(TaskThread.java:61)
	at java.lang.Thread.run(Thread.java:745)

13-Jun-2023 12:04:06.005 심각 [http-nio-8855-exec-227] org.apache.catalina.core.StandardWrapperValve.invoke Servlet.service() for servlet [appServlet] in context with path [] threw exception [Request processing failed; nested exception is org.mybatis.spring.MyBatisSystemException: nested exception is org.apache.ibatis.exceptions.PersistenceException: 
### Error querying database.  Cause: org.springframework.jdbc.CannotGetJdbcConnectionException: Failed to obtain JDBC Connection; nested exception is com.microsoft.sqlserver.jdbc.SQLServerException: 호스트 61.32.101.234, 포트 1433에 대한 TCP/IP 연결에 실패했습니다. 오류: "connect timed out. 연결 속성을 확인하십시오. SQL Server의 인스턴스가 호스트에서 실행되고 있고 포트에서 TCP/IP 연결을 허용하고 있는지 확인하십시오. 또한 방화벽에서 포트로의 TCP 연결을 차단하지 않는지 확인하십시오.".
### The error may exist in com/daejist/login/mapper/LoginMapper.xml
### The error may involve com.daejist.login.mapper.LoginMapper.LoginMember
### The error occurred while executing a query
### Cause: org.springframework.jdbc.CannotGetJdbcConnectionException: Failed to obtain JDBC Connection; nested exception is com.microsoft.sqlserver.jdbc.SQLServerException: 호스트 61.32.101.234, 포트 1433에 대한 TCP/IP 연결에 실패했습니다. 오류: "connect timed out. 연결 속성을 확인하십시오. SQL Server의 인스턴스가 호스트에서 실행되고 있고 포트에서 TCP/IP 연결을 허용하고 있는지 확인하십시오. 또한 방화벽에서 포트로의 TCP 연결을 차단하지 않는지 확인하십시오.".] with root cause
 com.microsoft.sqlserver.jdbc.SQLServerException: 호스트 61.32.101.234, 포트 1433에 대한 TCP/IP 연결에 실패했습니다. 오류: "connect timed out. 연결 속성을 확인하십시오. SQL Server의 인스턴스가 호스트에서 실행되고 있고 포트에서 TCP/IP 연결을 허용하고 있는지 확인하십시오. 또한 방화벽에서 포트로의 TCP 연결을 차단하지 않는지 확인하십시오.".
	at com.microsoft.sqlserver.jdbc.SQLServerException.makeFromDriverError(SQLServerException.java:234)
	at com.microsoft.sqlserver.jdbc.SQLServerException.ConvertConnectExceptionToSQLServerException(SQLServerException.java:285)
	at com.microsoft.sqlserver.jdbc.SocketFinder.findSocket(IOBuffer.java:2462)
	at com.microsoft.sqlserver.jdbc.TDSChannel.open(IOBuffer.java:668)
	at com.microsoft.sqlserver.jdbc.SQLServerConnection.connectHelper(SQLServerConnection.java:2695)
	at com.microsoft.sqlserver.jdbc.SQLServerConnection.login(SQLServerConnection.java:2362)
	at com.microsoft.sqlserver.jdbc.SQLServerConnection.connectInternal(SQLServerConnection.java:2213)
	at com.microsoft.sqlserver.jdbc.SQLServerConnection.connect(SQLServerConnection.java:1276)
	at com.microsoft.sqlserver.jdbc.SQLServerDriver.connect(SQLServerDriver.java:861)
	at org.apache.commons.dbcp.DriverConnectionFactory.createConnection(DriverConnectionFactory.java:38)
	at org.apache.commons.dbcp.PoolableConnectionFactory.makeObject(PoolableConnectionFactory.java:582)
	at org.apache.commons.pool.impl.GenericObjectPool.borrowObject(GenericObjectPool.java:1148)
	at org.apache.commons.dbcp.PoolingDataSource.getConnection(PoolingDataSource.java:106)
	at org.apache.commons.dbcp.BasicDataSource.getConnection(BasicDataSource.java:1044)
	at org.springframework.jdbc.datasource.DataSourceUtils.fetchConnection(DataSourceUtils.java:157)
	at org.springframework.jdbc.datasource.DataSourceUtils.doGetConnection(DataSourceUtils.java:115)
	at org.springframework.jdbc.datasource.DataSourceUtils.getConnection(DataSourceUtils.java:78)
	at org.mybatis.spring.transaction.SpringManagedTransaction.openConnection(SpringManagedTransaction.java:80)
	at org.mybatis.spring.transaction.SpringManagedTransaction.getConnection(SpringManagedTransaction.java:67)
	at org.apache.ibatis.executor.BaseExecutor.getConnection(BaseExecutor.java:336)
	at org.apache.ibatis.executor.SimpleExecutor.prepareStatement(SimpleExecutor.java:85)
	at org.apache.ibatis.executor.SimpleExecutor.doQuery(SimpleExecutor.java:62)
	at org.apache.ibatis.executor.BaseExecutor.queryFromDatabase(BaseExecutor.java:324)
	at org.apache.ibatis.executor.BaseExecutor.query(BaseExecutor.java:156)
	at org.apache.ibatis.executor.CachingExecutor.query(CachingExecutor.java:109)
	at org.apache.ibatis.executor.CachingExecutor.query(CachingExecutor.java:83)
	at org.apache.ibatis.session.defaults.DefaultSqlSession.selectList(DefaultSqlSession.java:147)
	at org.apache.ibatis.session.defaults.DefaultSqlSession.selectList(DefaultSqlSession.java:140)
	at org.apache.ibatis.session.defaults.DefaultSqlSession.selectOne(DefaultSqlSession.java:76)
	at sun.reflect.GeneratedMethodAccessor1266.invoke(Unknown Source)
	at sun.reflect.DelegatingMethodAccessorImpl.invoke(DelegatingMethodAccessorImpl.java:43)
	at java.lang.reflect.Method.invoke(Method.java:498)
	at org.mybatis.spring.SqlSessionTemplate$SqlSessionInterceptor.invoke(SqlSessionTemplate.java:426)
	at com.sun.proxy.$Proxy366.selectOne(Unknown Source)
	at org.mybatis.spring.SqlSessionTemplate.selectOne(SqlSessionTemplate.java:159)
	at org.apache.ibatis.binding.MapperMethod.execute(MapperMethod.java:87)
	at org.apache.ibatis.binding.MapperProxy.invoke(MapperProxy.java:57)
	at com.sun.proxy.$Proxy368.LoginMember(Unknown Source)
	at com.daejist.login.service.LoginServiceImp.LoginCheck(LoginServiceImp.java:29)
	at com.daejist.login.controller.LoginController.getLogin(LoginController.java:98)
	at sun.reflect.GeneratedMethodAccessor1348.invoke(Unknown Source)
	at sun.reflect.DelegatingMethodAccessorImpl.invoke(DelegatingMethodAccessorImpl.java:43)
	at java.lang.reflect.Method.invoke(Method.java:498)
	at org.springframework.web.method.support.InvocableHandlerMethod.doInvoke(InvocableHandlerMethod.java:190)
	at org.springframework.web.method.support.InvocableHandlerMethod.invokeForRequest(InvocableHandlerMethod.java:138)
	at org.springframework.web.servlet.mvc.method.annotation.ServletInvocableHandlerMethod.invokeAndHandle(ServletInvocableHandlerMethod.java:104)
	at org.springframework.web.servlet.mvc.method.annotation.RequestMappingHandlerAdapter.invokeHandlerMethod(RequestMappingHandlerAdapter.java:892)
	at org.springframework.web.servlet.mvc.method.annotation.RequestMappingHandlerAdapter.handleInternal(RequestMappingHandlerAdapter.java:797)
	at org.springframework.web.servlet.mvc.method.AbstractHandlerMethodAdapter.handle(AbstractHandlerMethodAdapter.java:87)
	at org.springframework.web.servlet.DispatcherServlet.doDispatch(DispatcherServlet.java:1039)
	at org.springframework.web.servlet.DispatcherServlet.doService(DispatcherServlet.java:942)
	at org.springframework.web.servlet.FrameworkServlet.processRequest(FrameworkServlet.java:1005)
	at org.springframework.web.servlet.FrameworkServlet.doPost(FrameworkServlet.java:908)
	at javax.servlet.http.HttpServlet.service(HttpServlet.java:648)
	at org.springframework.web.servlet.FrameworkServlet.service(FrameworkServlet.java:882)
	at javax.servlet.http.HttpServlet.service(HttpServlet.java:729)
	at org.apache.catalina.core.ApplicationFilterChain.internalDoFilter(ApplicationFilterChain.java:292)
	at org.apache.catalina.core.ApplicationFilterChain.doFilter(ApplicationFilterChain.java:207)
	at org.apache.tomcat.websocket.server.WsFilter.doFilter(WsFilter.java:52)
	at org.apache.catalina.core.ApplicationFilterChain.internalDoFilter(ApplicationFilterChain.java:240)
	at org.apache.catalina.core.ApplicationFilterChain.doFilter(ApplicationFilterChain.java:207)
	at org.springframework.web.filter.CharacterEncodingFilter.doFilterInternal(CharacterEncodingFilter.java:200)
	at org.springframework.web.filter.OncePerRequestFilter.doFilter(OncePerRequestFilter.java:118)
	at org.apache.catalina.core.ApplicationFilterChain.internalDoFilter(ApplicationFilterChain.java:240)
	at org.apache.catalina.core.ApplicationFilterChain.doFilter(ApplicationFilterChain.java:207)
	at org.apache.catalina.core.StandardWrapperValve.invoke(StandardWrapperValve.java:212)
	at org.apache.catalina.core.StandardContextValve.invoke(StandardContextValve.java:94)
	at org.apache.catalina.core.StandardHostValve.invoke(StandardHostValve.java:141)
	at org.apache.catalina.valves.ErrorReportValve.invoke(ErrorReportValve.java:79)
	at org.apache.catalina.core.StandardEngineValve.invoke(StandardEngineValve.java:88)
	at org.apache.catalina.connector.CoyoteAdapter.service(CoyoteAdapter.java:502)
	at org.apache.coyote.http11.AbstractHttp11Processor.process(AbstractHttp11Processor.java:1132)
	at org.apache.coyote.AbstractProtocol$AbstractConnectionHandler.process(AbstractProtocol.java:684)
	at org.apache.tomcat.util.net.NioEndpoint$SocketProcessor.doRun(NioEndpoint.java:1539)
	at org.apache.tomcat.util.net.NioEndpoint$SocketProcessor.run(NioEndpoint.java:1495)
	at java.util.concurrent.ThreadPoolExecutor.runWorker(ThreadPoolExecutor.java:1142)
	at java.util.concurrent.ThreadPoolExecutor$Worker.run(ThreadPoolExecutor.java:617)
	at org.apache.tomcat.util.threads.TaskThread$WrappingRunnable.run(TaskThread.java:61)
	at java.lang.Thread.run(Thread.java:745)

13-Jun-2023 12:04:07.846 심각 [http-nio-8855-exec-225] org.apache.catalina.core.StandardWrapperValve.invoke Servlet.service() for servlet [appServlet] in context with path [] threw exception [Request processing failed; nested exception is org.mybatis.spring.MyBatisSystemException: nested exception is org.apache.ibatis.exceptions.PersistenceException: 
### Error querying database.  Cause: org.springframework.jdbc.CannotGetJdbcConnectionException: Failed to obtain JDBC Connection; nested exception is com.microsoft.sqlserver.jdbc.SQLServerException: 호스트 61.32.101.234, 포트 1433에 대한 TCP/IP 연결에 실패했습니다. 오류: "connect timed out. 연결 속성을 확인하십시오. SQL Server의 인스턴스가 호스트에서 실행되고 있고 포트에서 TCP/IP 연결을 허용하고 있는지 확인하십시오. 또한 방화벽에서 포트로의 TCP 연결을 차단하지 않는지 확인하십시오.".
### The error may exist in com/daejist/login/mapper/LoginMapper.xml
### The error may involve com.daejist.login.mapper.LoginMapper.LoginMember
### The error occurred while executing a query
### Cause: org.springframework.jdbc.CannotGetJdbcConnectionException: Failed to obtain JDBC Connection; nested exception is com.microsoft.sqlserver.jdbc.SQLServerException: 호스트 61.32.101.234, 포트 1433에 대한 TCP/IP 연결에 실패했습니다. 오류: "connect timed out. 연결 속성을 확인하십시오. SQL Server의 인스턴스가 호스트에서 실행되고 있고 포트에서 TCP/IP 연결을 허용하고 있는지 확인하십시오. 또한 방화벽에서 포트로의 TCP 연결을 차단하지 않는지 확인하십시오.".] with root cause
 com.microsoft.sqlserver.jdbc.SQLServerException: 호스트 61.32.101.234, 포트 1433에 대한 TCP/IP 연결에 실패했습니다. 오류: "connect timed out. 연결 속성을 확인하십시오. SQL Server의 인스턴스가 호스트에서 실행되고 있고 포트에서 TCP/IP 연결을 허용하고 있는지 확인하십시오. 또한 방화벽에서 포트로의 TCP 연결을 차단하지 않는지 확인하십시오.".
	at com.microsoft.sqlserver.jdbc.SQLServerException.makeFromDriverError(SQLServerException.java:234)
	at com.microsoft.sqlserver.jdbc.SQLServerException.ConvertConnectExceptionToSQLServerException(SQLServerException.java:285)
	at com.microsoft.sqlserver.jdbc.SocketFinder.findSocket(IOBuffer.java:2462)
	at com.microsoft.sqlserver.jdbc.TDSChannel.open(IOBuffer.java:668)
	at com.microsoft.sqlserver.jdbc.SQLServerConnection.connectHelper(SQLServerConnection.java:2695)
	at com.microsoft.sqlserver.jdbc.SQLServerConnection.login(SQLServerConnection.java:2362)
	at com.microsoft.sqlserver.jdbc.SQLServerConnection.connectInternal(SQLServerConnection.java:2213)
	at com.microsoft.sqlserver.jdbc.SQLServerConnection.connect(SQLServerConnection.java:1276)
	at com.microsoft.sqlserver.jdbc.SQLServerDriver.connect(SQLServerDriver.java:861)
	at org.apache.commons.dbcp.DriverConnectionFactory.createConnection(DriverConnectionFactory.java:38)
	at org.apache.commons.dbcp.PoolableConnectionFactory.makeObject(PoolableConnectionFactory.java:582)
	at org.apache.commons.pool.impl.GenericObjectPool.borrowObject(GenericObjectPool.java:1148)
	at org.apache.commons.dbcp.PoolingDataSource.getConnection(PoolingDataSource.java:106)
	at org.apache.commons.dbcp.BasicDataSource.getConnection(BasicDataSource.java:1044)
	at org.springframework.jdbc.datasource.DataSourceUtils.fetchConnection(DataSourceUtils.java:157)
	at org.springframework.jdbc.datasource.DataSourceUtils.doGetConnection(DataSourceUtils.java:115)
	at org.springframework.jdbc.datasource.DataSourceUtils.getConnection(DataSourceUtils.java:78)
	at org.mybatis.spring.transaction.SpringManagedTransaction.openConnection(SpringManagedTransaction.java:80)
	at org.mybatis.spring.transaction.SpringManagedTransaction.getConnection(SpringManagedTransaction.java:67)
	at org.apache.ibatis.executor.BaseExecutor.getConnection(BaseExecutor.java:336)
	at org.apache.ibatis.executor.SimpleExecutor.prepareStatement(SimpleExecutor.java:85)
	at org.apache.ibatis.executor.SimpleExecutor.doQuery(SimpleExecutor.java:62)
	at org.apache.ibatis.executor.BaseExecutor.queryFromDatabase(BaseExecutor.java:324)
	at org.apache.ibatis.executor.BaseExecutor.query(BaseExecutor.java:156)
	at org.apache.ibatis.executor.CachingExecutor.query(CachingExecutor.java:109)
	at org.apache.ibatis.executor.CachingExecutor.query(CachingExecutor.java:83)
	at org.apache.ibatis.session.defaults.DefaultSqlSession.selectList(DefaultSqlSession.java:147)
	at org.apache.ibatis.session.defaults.DefaultSqlSession.selectList(DefaultSqlSession.java:140)
	at org.apache.ibatis.session.defaults.DefaultSqlSession.selectOne(DefaultSqlSession.java:76)
	at sun.reflect.GeneratedMethodAccessor1266.invoke(Unknown Source)
	at sun.reflect.DelegatingMethodAccessorImpl.invoke(DelegatingMethodAccessorImpl.java:43)
	at java.lang.reflect.Method.invoke(Method.java:498)
	at org.mybatis.spring.SqlSessionTemplate$SqlSessionInterceptor.invoke(SqlSessionTemplate.java:426)
	at com.sun.proxy.$Proxy366.selectOne(Unknown Source)
	at org.mybatis.spring.SqlSessionTemplate.selectOne(SqlSessionTemplate.java:159)
	at org.apache.ibatis.binding.MapperMethod.execute(MapperMethod.java:87)
	at org.apache.ibatis.binding.MapperProxy.invoke(MapperProxy.java:57)
	at com.sun.proxy.$Proxy368.LoginMember(Unknown Source)
	at com.daejist.login.service.LoginServiceImp.LoginCheck(LoginServiceImp.java:29)
	at com.daejist.login.controller.LoginController.getLogin(LoginController.java:98)
	at sun.reflect.GeneratedMethodAccessor1348.invoke(Unknown Source)
	at sun.reflect.DelegatingMethodAccessorImpl.invoke(DelegatingMethodAccessorImpl.java:43)
	at java.lang.reflect.Method.invoke(Method.java:498)
	at org.springframework.web.method.support.InvocableHandlerMethod.doInvoke(InvocableHandlerMethod.java:190)
	at org.springframework.web.method.support.InvocableHandlerMethod.invokeForRequest(InvocableHandlerMethod.java:138)
	at org.springframework.web.servlet.mvc.method.annotation.ServletInvocableHandlerMethod.invokeAndHandle(ServletInvocableHandlerMethod.java:104)
	at org.springframework.web.servlet.mvc.method.annotation.RequestMappingHandlerAdapter.invokeHandlerMethod(RequestMappingHandlerAdapter.java:892)
	at org.springframework.web.servlet.mvc.method.annotation.RequestMappingHandlerAdapter.handleInternal(RequestMappingHandlerAdapter.java:797)
	at org.springframework.web.servlet.mvc.method.AbstractHandlerMethodAdapter.handle(AbstractHandlerMethodAdapter.java:87)
	at org.springframework.web.servlet.DispatcherServlet.doDispatch(DispatcherServlet.java:1039)
	at org.springframework.web.servlet.DispatcherServlet.doService(DispatcherServlet.java:942)
	at org.springframework.web.servlet.FrameworkServlet.processRequest(FrameworkServlet.java:1005)
	at org.springframework.web.servlet.FrameworkServlet.doPost(FrameworkServlet.java:908)
	at javax.servlet.http.HttpServlet.service(HttpServlet.java:648)
	at org.springframework.web.servlet.FrameworkServlet.service(FrameworkServlet.java:882)
	at javax.servlet.http.HttpServlet.service(HttpServlet.java:729)
	at org.apache.catalina.core.ApplicationFilterChain.internalDoFilter(ApplicationFilterChain.java:292)
	at org.apache.catalina.core.ApplicationFilterChain.doFilter(ApplicationFilterChain.java:207)
	at org.apache.tomcat.websocket.server.WsFilter.doFilter(WsFilter.java:52)
	at org.apache.catalina.core.ApplicationFilterChain.internalDoFilter(ApplicationFilterChain.java:240)
	at org.apache.catalina.core.ApplicationFilterChain.doFilter(ApplicationFilterChain.java:207)
	at org.springframework.web.filter.CharacterEncodingFilter.doFilterInternal(CharacterEncodingFilter.java:200)
	at org.springframework.web.filter.OncePerRequestFilter.doFilter(OncePerRequestFilter.java:118)
	at org.apache.catalina.core.ApplicationFilterChain.internalDoFilter(ApplicationFilterChain.java:240)
	at org.apache.catalina.core.ApplicationFilterChain.doFilter(ApplicationFilterChain.java:207)
	at org.apache.catalina.core.StandardWrapperValve.invoke(StandardWrapperValve.java:212)
	at org.apache.catalina.core.StandardContextValve.invoke(StandardContextValve.java:94)
	at org.apache.catalina.core.StandardHostValve.invoke(StandardHostValve.java:141)
	at org.apache.catalina.valves.ErrorReportValve.invoke(ErrorReportValve.java:79)
	at org.apache.catalina.core.StandardEngineValve.invoke(StandardEngineValve.java:88)
	at org.apache.catalina.connector.CoyoteAdapter.service(CoyoteAdapter.java:502)
	at org.apache.coyote.http11.AbstractHttp11Processor.process(AbstractHttp11Processor.java:1132)
	at org.apache.coyote.AbstractProtocol$AbstractConnectionHandler.process(AbstractProtocol.java:684)
	at org.apache.tomcat.util.net.NioEndpoint$SocketProcessor.doRun(NioEndpoint.java:1539)
	at org.apache.tomcat.util.net.NioEndpoint$SocketProcessor.run(NioEndpoint.java:1495)
	at java.util.concurrent.ThreadPoolExecutor.runWorker(ThreadPoolExecutor.java:1142)
	at java.util.concurrent.ThreadPoolExecutor$Worker.run(ThreadPoolExecutor.java:617)
	at org.apache.tomcat.util.threads.TaskThread$WrappingRunnable.run(TaskThread.java:61)
	at java.lang.Thread.run(Thread.java:745)

13-Jun-2023 12:04:08.681 심각 [http-nio-8855-exec-222] org.apache.catalina.core.StandardWrapperValve.invoke Servlet.service() for servlet [appServlet] in context with path [] threw exception [Request processing failed; nested exception is org.mybatis.spring.MyBatisSystemException: nested exception is org.apache.ibatis.exceptions.PersistenceException: 
### Error querying database.  Cause: org.springframework.jdbc.CannotGetJdbcConnectionException: Failed to obtain JDBC Connection; nested exception is com.microsoft.sqlserver.jdbc.SQLServerException: 호스트 61.32.101.234, 포트 1433에 대한 TCP/IP 연결에 실패했습니다. 오류: "connect timed out. 연결 속성을 확인하십시오. SQL Server의 인스턴스가 호스트에서 실행되고 있고 포트에서 TCP/IP 연결을 허용하고 있는지 확인하십시오. 또한 방화벽에서 포트로의 TCP 연결을 차단하지 않는지 확인하십시오.".
### The error may exist in com/daejist/login/mapper/LoginMapper.xml
### The error may involve com.daejist.login.mapper.LoginMapper.LoginMember
### The error occurred while executing a query
### Cause: org.springframework.jdbc.CannotGetJdbcConnectionException: Failed to obtain JDBC Connection; nested exception is com.microsoft.sqlserver.jdbc.SQLServerException: 호스트 61.32.101.234, 포트 1433에 대한 TCP/IP 연결에 실패했습니다. 오류: "connect timed out. 연결 속성을 확인하십시오. SQL Server의 인스턴스가 호스트에서 실행되고 있고 포트에서 TCP/IP 연결을 허용하고 있는지 확인하십시오. 또한 방화벽에서 포트로의 TCP 연결을 차단하지 않는지 확인하십시오.".] with root cause
 com.microsoft.sqlserver.jdbc.SQLServerException: 호스트 61.32.101.234, 포트 1433에 대한 TCP/IP 연결에 실패했습니다. 오류: "connect timed out. 연결 속성을 확인하십시오. SQL Server의 인스턴스가 호스트에서 실행되고 있고 포트에서 TCP/IP 연결을 허용하고 있는지 확인하십시오. 또한 방화벽에서 포트로의 TCP 연결을 차단하지 않는지 확인하십시오.".
	at com.microsoft.sqlserver.jdbc.SQLServerException.makeFromDriverError(SQLServerException.java:234)
	at com.microsoft.sqlserver.jdbc.SQLServerException.ConvertConnectExceptionToSQLServerException(SQLServerException.java:285)
	at com.microsoft.sqlserver.jdbc.SocketFinder.findSocket(IOBuffer.java:2462)
	at com.microsoft.sqlserver.jdbc.TDSChannel.open(IOBuffer.java:668)
	at com.microsoft.sqlserver.jdbc.SQLServerConnection.connectHelper(SQLServerConnection.java:2695)
	at com.microsoft.sqlserver.jdbc.SQLServerConnection.login(SQLServerConnection.java:2362)
	at com.microsoft.sqlserver.jdbc.SQLServerConnection.connectInternal(SQLServerConnection.java:2213)
	at com.microsoft.sqlserver.jdbc.SQLServerConnection.connect(SQLServerConnection.java:1276)
	at com.microsoft.sqlserver.jdbc.SQLServerDriver.connect(SQLServerDriver.java:861)
	at org.apache.commons.dbcp.DriverConnectionFactory.createConnection(DriverConnectionFactory.java:38)
	at org.apache.commons.dbcp.PoolableConnectionFactory.makeObject(PoolableConnectionFactory.java:582)
	at org.apache.commons.pool.impl.GenericObjectPool.borrowObject(GenericObjectPool.java:1148)
	at org.apache.commons.dbcp.PoolingDataSource.getConnection(PoolingDataSource.java:106)
	at org.apache.commons.dbcp.BasicDataSource.getConnection(BasicDataSource.java:1044)
	at org.springframework.jdbc.datasource.DataSourceUtils.fetchConnection(DataSourceUtils.java:157)
	at org.springframework.jdbc.datasource.DataSourceUtils.doGetConnection(DataSourceUtils.java:115)
	at org.springframework.jdbc.datasource.DataSourceUtils.getConnection(DataSourceUtils.java:78)
	at org.mybatis.spring.transaction.SpringManagedTransaction.openConnection(SpringManagedTransaction.java:80)
	at org.mybatis.spring.transaction.SpringManagedTransaction.getConnection(SpringManagedTransaction.java:67)
	at org.apache.ibatis.executor.BaseExecutor.getConnection(BaseExecutor.java:336)
	at org.apache.ibatis.executor.SimpleExecutor.prepareStatement(SimpleExecutor.java:85)
	at org.apache.ibatis.executor.SimpleExecutor.doQuery(SimpleExecutor.java:62)
	at org.apache.ibatis.executor.BaseExecutor.queryFromDatabase(BaseExecutor.java:324)
	at org.apache.ibatis.executor.BaseExecutor.query(BaseExecutor.java:156)
	at org.apache.ibatis.executor.CachingExecutor.query(CachingExecutor.java:109)
	at org.apache.ibatis.executor.CachingExecutor.query(CachingExecutor.java:83)
	at org.apache.ibatis.session.defaults.DefaultSqlSession.selectList(DefaultSqlSession.java:147)
	at org.apache.ibatis.session.defaults.DefaultSqlSession.selectList(DefaultSqlSession.java:140)
	at org.apache.ibatis.session.defaults.DefaultSqlSession.selectOne(DefaultSqlSession.java:76)
	at sun.reflect.GeneratedMethodAccessor1266.invoke(Unknown Source)
	at sun.reflect.DelegatingMethodAccessorImpl.invoke(DelegatingMethodAccessorImpl.java:43)
	at java.lang.reflect.Method.invoke(Method.java:498)
	at org.mybatis.spring.SqlSessionTemplate$SqlSessionInterceptor.invoke(SqlSessionTemplate.java:426)
	at com.sun.proxy.$Proxy366.selectOne(Unknown Source)
	at org.mybatis.spring.SqlSessionTemplate.selectOne(SqlSessionTemplate.java:159)
	at org.apache.ibatis.binding.MapperMethod.execute(MapperMethod.java:87)
	at org.apache.ibatis.binding.MapperProxy.invoke(MapperProxy.java:57)
	at com.sun.proxy.$Proxy368.LoginMember(Unknown Source)
	at com.daejist.login.service.LoginServiceImp.LoginCheck(LoginServiceImp.java:29)
	at com.daejist.login.controller.LoginController.getLogin(LoginController.java:98)
	at sun.reflect.GeneratedMethodAccessor1348.invoke(Unknown Source)
	at sun.reflect.DelegatingMethodAccessorImpl.invoke(DelegatingMethodAccessorImpl.java:43)
	at java.lang.reflect.Method.invoke(Method.java:498)
	at org.springframework.web.method.support.InvocableHandlerMethod.doInvoke(InvocableHandlerMethod.java:190)
	at org.springframework.web.method.support.InvocableHandlerMethod.invokeForRequest(InvocableHandlerMethod.java:138)
	at org.springframework.web.servlet.mvc.method.annotation.ServletInvocableHandlerMethod.invokeAndHandle(ServletInvocableHandlerMethod.java:104)
	at org.springframework.web.servlet.mvc.method.annotation.RequestMappingHandlerAdapter.invokeHandlerMethod(RequestMappingHandlerAdapter.java:892)
	at org.springframework.web.servlet.mvc.method.annotation.RequestMappingHandlerAdapter.handleInternal(RequestMappingHandlerAdapter.java:797)
	at org.springframework.web.servlet.mvc.method.AbstractHandlerMethodAdapter.handle(AbstractHandlerMethodAdapter.java:87)
	at org.springframework.web.servlet.DispatcherServlet.doDispatch(DispatcherServlet.java:1039)
	at org.springframework.web.servlet.DispatcherServlet.doService(DispatcherServlet.java:942)
	at org.springframework.web.servlet.FrameworkServlet.processRequest(FrameworkServlet.java:1005)
	at org.springframework.web.servlet.FrameworkServlet.doPost(FrameworkServlet.java:908)
	at javax.servlet.http.HttpServlet.service(HttpServlet.java:648)
	at org.springframework.web.servlet.FrameworkServlet.service(FrameworkServlet.java:882)
	at javax.servlet.http.HttpServlet.service(HttpServlet.java:729)
	at org.apache.catalina.core.ApplicationFilterChain.internalDoFilter(ApplicationFilterChain.java:292)
	at org.apache.catalina.core.ApplicationFilterChain.doFilter(ApplicationFilterChain.java:207)
	at org.apache.tomcat.websocket.server.WsFilter.doFilter(WsFilter.java:52)
	at org.apache.catalina.core.ApplicationFilterChain.internalDoFilter(ApplicationFilterChain.java:240)
	at org.apache.catalina.core.ApplicationFilterChain.doFilter(ApplicationFilterChain.java:207)
	at org.springframework.web.filter.CharacterEncodingFilter.doFilterInternal(CharacterEncodingFilter.java:200)
	at org.springframework.web.filter.OncePerRequestFilter.doFilter(OncePerRequestFilter.java:118)
	at org.apache.catalina.core.ApplicationFilterChain.internalDoFilter(ApplicationFilterChain.java:240)
	at org.apache.catalina.core.ApplicationFilterChain.doFilter(ApplicationFilterChain.java:207)
	at org.apache.catalina.core.StandardWrapperValve.invoke(StandardWrapperValve.java:212)
	at org.apache.catalina.core.StandardContextValve.invoke(StandardContextValve.java:94)
	at org.apache.catalina.core.StandardHostValve.invoke(StandardHostValve.java:141)
	at org.apache.catalina.valves.ErrorReportValve.invoke(ErrorReportValve.java:79)
	at org.apache.catalina.core.StandardEngineValve.invoke(StandardEngineValve.java:88)
	at org.apache.catalina.connector.CoyoteAdapter.service(CoyoteAdapter.java:502)
	at org.apache.coyote.http11.AbstractHttp11Processor.process(AbstractHttp11Processor.java:1132)
	at org.apache.coyote.AbstractProtocol$AbstractConnectionHandler.process(AbstractProtocol.java:684)
	at org.apache.tomcat.util.net.NioEndpoint$SocketProcessor.doRun(NioEndpoint.java:1539)
	at org.apache.tomcat.util.net.NioEndpoint$SocketProcessor.run(NioEndpoint.java:1495)
	at java.util.concurrent.ThreadPoolExecutor.runWorker(ThreadPoolExecutor.java:1142)
	at java.util.concurrent.ThreadPoolExecutor$Worker.run(ThreadPoolExecutor.java:617)
	at org.apache.tomcat.util.threads.TaskThread$WrappingRunnable.run(TaskThread.java:61)
	at java.lang.Thread.run(Thread.java:745)

13-Jun-2023 12:04:15.416 심각 [http-nio-8855-exec-234] org.apache.catalina.core.StandardWrapperValve.invoke Servlet.service() for servlet [appServlet] in context with path [] threw exception [Request processing failed; nested exception is org.mybatis.spring.MyBatisSystemException: nested exception is org.apache.ibatis.exceptions.PersistenceException: 
### Error querying database.  Cause: org.springframework.jdbc.CannotGetJdbcConnectionException: Failed to obtain JDBC Connection; nested exception is com.microsoft.sqlserver.jdbc.SQLServerException: 호스트 61.32.101.234, 포트 1433에 대한 TCP/IP 연결에 실패했습니다. 오류: "connect timed out. 연결 속성을 확인하십시오. SQL Server의 인스턴스가 호스트에서 실행되고 있고 포트에서 TCP/IP 연결을 허용하고 있는지 확인하십시오. 또한 방화벽에서 포트로의 TCP 연결을 차단하지 않는지 확인하십시오.".
### The error may exist in com/daejist/login/mapper/LoginMapper.xml
### The error may involve com.daejist.login.mapper.LoginMapper.LoginMember
### The error occurred while executing a query
### Cause: org.springframework.jdbc.CannotGetJdbcConnectionException: Failed to obtain JDBC Connection; nested exception is com.microsoft.sqlserver.jdbc.SQLServerException: 호스트 61.32.101.234, 포트 1433에 대한 TCP/IP 연결에 실패했습니다. 오류: "connect timed out. 연결 속성을 확인하십시오. SQL Server의 인스턴스가 호스트에서 실행되고 있고 포트에서 TCP/IP 연결을 허용하고 있는지 확인하십시오. 또한 방화벽에서 포트로의 TCP 연결을 차단하지 않는지 확인하십시오.".] with root cause
 com.microsoft.sqlserver.jdbc.SQLServerException: 호스트 61.32.101.234, 포트 1433에 대한 TCP/IP 연결에 실패했습니다. 오류: "connect timed out. 연결 속성을 확인하십시오. SQL Server의 인스턴스가 호스트에서 실행되고 있고 포트에서 TCP/IP 연결을 허용하고 있는지 확인하십시오. 또한 방화벽에서 포트로의 TCP 연결을 차단하지 않는지 확인하십시오.".
	at com.microsoft.sqlserver.jdbc.SQLServerException.makeFromDriverError(SQLServerException.java:234)
	at com.microsoft.sqlserver.jdbc.SQLServerException.ConvertConnectExceptionToSQLServerException(SQLServerException.java:285)
	at com.microsoft.sqlserver.jdbc.SocketFinder.findSocket(IOBuffer.java:2462)
	at com.microsoft.sqlserver.jdbc.TDSChannel.open(IOBuffer.java:668)
	at com.microsoft.sqlserver.jdbc.SQLServerConnection.connectHelper(SQLServerConnection.java:2695)
	at com.microsoft.sqlserver.jdbc.SQLServerConnection.login(SQLServerConnection.java:2362)
	at com.microsoft.sqlserver.jdbc.SQLServerConnection.connectInternal(SQLServerConnection.java:2213)
	at com.microsoft.sqlserver.jdbc.SQLServerConnection.connect(SQLServerConnection.java:1276)
	at com.microsoft.sqlserver.jdbc.SQLServerDriver.connect(SQLServerDriver.java:861)
	at org.apache.commons.dbcp.DriverConnectionFactory.createConnection(DriverConnectionFactory.java:38)
	at org.apache.commons.dbcp.PoolableConnectionFactory.makeObject(PoolableConnectionFactory.java:582)
	at org.apache.commons.pool.impl.GenericObjectPool.borrowObject(GenericObjectPool.java:1148)
	at org.apache.commons.dbcp.PoolingDataSource.getConnection(PoolingDataSource.java:106)
	at org.apache.commons.dbcp.BasicDataSource.getConnection(BasicDataSource.java:1044)
	at org.springframework.jdbc.datasource.DataSourceUtils.fetchConnection(DataSourceUtils.java:157)
	at org.springframework.jdbc.datasource.DataSourceUtils.doGetConnection(DataSourceUtils.java:115)
	at org.springframework.jdbc.datasource.DataSourceUtils.getConnection(DataSourceUtils.java:78)
	at org.mybatis.spring.transaction.SpringManagedTransaction.openConnection(SpringManagedTransaction.java:80)
	at org.mybatis.spring.transaction.SpringManagedTransaction.getConnection(SpringManagedTransaction.java:67)
	at org.apache.ibatis.executor.BaseExecutor.getConnection(BaseExecutor.java:336)
	at org.apache.ibatis.executor.SimpleExecutor.prepareStatement(SimpleExecutor.java:85)
	at org.apache.ibatis.executor.SimpleExecutor.doQuery(SimpleExecutor.java:62)
	at org.apache.ibatis.executor.BaseExecutor.queryFromDatabase(BaseExecutor.java:324)
	at org.apache.ibatis.executor.BaseExecutor.query(BaseExecutor.java:156)
	at org.apache.ibatis.executor.CachingExecutor.query(CachingExecutor.java:109)
	at org.apache.ibatis.executor.CachingExecutor.query(CachingExecutor.java:83)
	at org.apache.ibatis.session.defaults.DefaultSqlSession.selectList(DefaultSqlSession.java:147)
	at org.apache.ibatis.session.defaults.DefaultSqlSession.selectList(DefaultSqlSession.java:140)
	at org.apache.ibatis.session.defaults.DefaultSqlSession.selectOne(DefaultSqlSession.java:76)
	at sun.reflect.GeneratedMethodAccessor1266.invoke(Unknown Source)
	at sun.reflect.DelegatingMethodAccessorImpl.invoke(DelegatingMethodAccessorImpl.java:43)
	at java.lang.reflect.Method.invoke(Method.java:498)
	at org.mybatis.spring.SqlSessionTemplate$SqlSessionInterceptor.invoke(SqlSessionTemplate.java:426)
	at com.sun.proxy.$Proxy366.selectOne(Unknown Source)
	at org.mybatis.spring.SqlSessionTemplate.selectOne(SqlSessionTemplate.java:159)
	at org.apache.ibatis.binding.MapperMethod.execute(MapperMethod.java:87)
	at org.apache.ibatis.binding.MapperProxy.invoke(MapperProxy.java:57)
	at com.sun.proxy.$Proxy368.LoginMember(Unknown Source)
	at com.daejist.login.service.LoginServiceImp.LoginCheck(LoginServiceImp.java:29)
	at com.daejist.login.controller.LoginController.getLogin(LoginController.java:98)
	at sun.reflect.GeneratedMethodAccessor1348.invoke(Unknown Source)
	at sun.reflect.DelegatingMethodAccessorImpl.invoke(DelegatingMethodAccessorImpl.java:43)
	at java.lang.reflect.Method.invoke(Method.java:498)
	at org.springframework.web.method.support.InvocableHandlerMethod.doInvoke(InvocableHandlerMethod.java:190)
	at org.springframework.web.method.support.InvocableHandlerMethod.invokeForRequest(InvocableHandlerMethod.java:138)
	at org.springframework.web.servlet.mvc.method.annotation.ServletInvocableHandlerMethod.invokeAndHandle(ServletInvocableHandlerMethod.java:104)
	at org.springframework.web.servlet.mvc.method.annotation.RequestMappingHandlerAdapter.invokeHandlerMethod(RequestMappingHandlerAdapter.java:892)
	at org.springframework.web.servlet.mvc.method.annotation.RequestMappingHandlerAdapter.handleInternal(RequestMappingHandlerAdapter.java:797)
	at org.springframework.web.servlet.mvc.method.AbstractHandlerMethodAdapter.handle(AbstractHandlerMethodAdapter.java:87)
	at org.springframework.web.servlet.DispatcherServlet.doDispatch(DispatcherServlet.java:1039)
	at org.springframework.web.servlet.DispatcherServlet.doService(DispatcherServlet.java:942)
	at org.springframework.web.servlet.FrameworkServlet.processRequest(FrameworkServlet.java:1005)
	at org.springframework.web.servlet.FrameworkServlet.doPost(FrameworkServlet.java:908)
	at javax.servlet.http.HttpServlet.service(HttpServlet.java:648)
	at org.springframework.web.servlet.FrameworkServlet.service(FrameworkServlet.java:882)
	at javax.servlet.http.HttpServlet.service(HttpServlet.java:729)
	at org.apache.catalina.core.ApplicationFilterChain.internalDoFilter(ApplicationFilterChain.java:292)
	at org.apache.catalina.core.ApplicationFilterChain.doFilter(ApplicationFilterChain.java:207)
	at org.apache.tomcat.websocket.server.WsFilter.doFilter(WsFilter.java:52)
	at org.apache.catalina.core.ApplicationFilterChain.internalDoFilter(ApplicationFilterChain.java:240)
	at org.apache.catalina.core.ApplicationFilterChain.doFilter(ApplicationFilterChain.java:207)
	at org.springframework.web.filter.CharacterEncodingFilter.doFilterInternal(CharacterEncodingFilter.java:200)
	at org.springframework.web.filter.OncePerRequestFilter.doFilter(OncePerRequestFilter.java:118)
	at org.apache.catalina.core.ApplicationFilterChain.internalDoFilter(ApplicationFilterChain.java:240)
	at org.apache.catalina.core.ApplicationFilterChain.doFilter(ApplicationFilterChain.java:207)
	at org.apache.catalina.core.StandardWrapperValve.invoke(StandardWrapperValve.java:212)
	at org.apache.catalina.core.StandardContextValve.invoke(StandardContextValve.java:94)
	at org.apache.catalina.core.StandardHostValve.invoke(StandardHostValve.java:141)
	at org.apache.catalina.valves.ErrorReportValve.invoke(ErrorReportValve.java:79)
	at org.apache.catalina.core.StandardEngineValve.invoke(StandardEngineValve.java:88)
	at org.apache.catalina.connector.CoyoteAdapter.service(CoyoteAdapter.java:502)
	at org.apache.coyote.http11.AbstractHttp11Processor.process(AbstractHttp11Processor.java:1132)
	at org.apache.coyote.AbstractProtocol$AbstractConnectionHandler.process(AbstractProtocol.java:684)
	at org.apache.tomcat.util.net.NioEndpoint$SocketProcessor.doRun(NioEndpoint.java:1539)
	at org.apache.tomcat.util.net.NioEndpoint$SocketProcessor.run(NioEndpoint.java:1495)
	at java.util.concurrent.ThreadPoolExecutor.runWorker(ThreadPoolExecutor.java:1142)
	at java.util.concurrent.ThreadPoolExecutor$Worker.run(ThreadPoolExecutor.java:617)
	at org.apache.tomcat.util.threads.TaskThread$WrappingRunnable.run(TaskThread.java:61)
	at java.lang.Thread.run(Thread.java:745)

13-Jun-2023 12:04:17.568 심각 [http-nio-8855-exec-235] org.apache.catalina.core.StandardWrapperValve.invoke Servlet.service() for servlet [appServlet] in context with path [] threw exception [Request processing failed; nested exception is org.mybatis.spring.MyBatisSystemException: nested exception is org.apache.ibatis.exceptions.PersistenceException: 
### Error querying database.  Cause: org.springframework.jdbc.CannotGetJdbcConnectionException: Failed to obtain JDBC Connection; nested exception is com.microsoft.sqlserver.jdbc.SQLServerException: 호스트 61.32.101.234, 포트 1433에 대한 TCP/IP 연결에 실패했습니다. 오류: "connect timed out. 연결 속성을 확인하십시오. SQL Server의 인스턴스가 호스트에서 실행되고 있고 포트에서 TCP/IP 연결을 허용하고 있는지 확인하십시오. 또한 방화벽에서 포트로의 TCP 연결을 차단하지 않는지 확인하십시오.".
### The error may exist in com/daejist/login/mapper/LoginMapper.xml
### The error may involve com.daejist.login.mapper.LoginMapper.LoginMember
### The error occurred while executing a query
### Cause: org.springframework.jdbc.CannotGetJdbcConnectionException: Failed to obtain JDBC Connection; nested exception is com.microsoft.sqlserver.jdbc.SQLServerException: 호스트 61.32.101.234, 포트 1433에 대한 TCP/IP 연결에 실패했습니다. 오류: "connect timed out. 연결 속성을 확인하십시오. SQL Server의 인스턴스가 호스트에서 실행되고 있고 포트에서 TCP/IP 연결을 허용하고 있는지 확인하십시오. 또한 방화벽에서 포트로의 TCP 연결을 차단하지 않는지 확인하십시오.".] with root cause
 com.microsoft.sqlserver.jdbc.SQLServerException: 호스트 61.32.101.234, 포트 1433에 대한 TCP/IP 연결에 실패했습니다. 오류: "connect timed out. 연결 속성을 확인하십시오. SQL Server의 인스턴스가 호스트에서 실행되고 있고 포트에서 TCP/IP 연결을 허용하고 있는지 확인하십시오. 또한 방화벽에서 포트로의 TCP 연결을 차단하지 않는지 확인하십시오.".
	at com.microsoft.sqlserver.jdbc.SQLServerException.makeFromDriverError(SQLServerException.java:234)
	at com.microsoft.sqlserver.jdbc.SQLServerException.ConvertConnectExceptionToSQLServerException(SQLServerException.java:285)
	at com.microsoft.sqlserver.jdbc.SocketFinder.findSocket(IOBuffer.java:2462)
	at com.microsoft.sqlserver.jdbc.TDSChannel.open(IOBuffer.java:668)
	at com.microsoft.sqlserver.jdbc.SQLServerConnection.connectHelper(SQLServerConnection.java:2695)
	at com.microsoft.sqlserver.jdbc.SQLServerConnection.login(SQLServerConnection.java:2362)
	at com.microsoft.sqlserver.jdbc.SQLServerConnection.connectInternal(SQLServerConnection.java:2213)
	at com.microsoft.sqlserver.jdbc.SQLServerConnection.connect(SQLServerConnection.java:1276)
	at com.microsoft.sqlserver.jdbc.SQLServerDriver.connect(SQLServerDriver.java:861)
	at org.apache.commons.dbcp.DriverConnectionFactory.createConnection(DriverConnectionFactory.java:38)
	at org.apache.commons.dbcp.PoolableConnectionFactory.makeObject(PoolableConnectionFactory.java:582)
	at org.apache.commons.pool.impl.GenericObjectPool.borrowObject(GenericObjectPool.java:1148)
	at org.apache.commons.dbcp.PoolingDataSource.getConnection(PoolingDataSource.java:106)
	at org.apache.commons.dbcp.BasicDataSource.getConnection(BasicDataSource.java:1044)
	at org.springframework.jdbc.datasource.DataSourceUtils.fetchConnection(DataSourceUtils.java:157)
	at org.springframework.jdbc.datasource.DataSourceUtils.doGetConnection(DataSourceUtils.java:115)
	at org.springframework.jdbc.datasource.DataSourceUtils.getConnection(DataSourceUtils.java:78)
	at org.mybatis.spring.transaction.SpringManagedTransaction.openConnection(SpringManagedTransaction.java:80)
	at org.mybatis.spring.transaction.SpringManagedTransaction.getConnection(SpringManagedTransaction.java:67)
	at org.apache.ibatis.executor.BaseExecutor.getConnection(BaseExecutor.java:336)
	at org.apache.ibatis.executor.SimpleExecutor.prepareStatement(SimpleExecutor.java:85)
	at org.apache.ibatis.executor.SimpleExecutor.doQuery(SimpleExecutor.java:62)
	at org.apache.ibatis.executor.BaseExecutor.queryFromDatabase(BaseExecutor.java:324)
	at org.apache.ibatis.executor.BaseExecutor.query(BaseExecutor.java:156)
	at org.apache.ibatis.executor.CachingExecutor.query(CachingExecutor.java:109)
	at org.apache.ibatis.executor.CachingExecutor.query(CachingExecutor.java:83)
	at org.apache.ibatis.session.defaults.DefaultSqlSession.selectList(DefaultSqlSession.java:147)
	at org.apache.ibatis.session.defaults.DefaultSqlSession.selectList(DefaultSqlSession.java:140)
	at org.apache.ibatis.session.defaults.DefaultSqlSession.selectOne(DefaultSqlSession.java:76)
	at sun.reflect.GeneratedMethodAccessor1266.invoke(Unknown Source)
	at sun.reflect.DelegatingMethodAccessorImpl.invoke(DelegatingMethodAccessorImpl.java:43)
	at java.lang.reflect.Method.invoke(Method.java:498)
	at org.mybatis.spring.SqlSessionTemplate$SqlSessionInterceptor.invoke(SqlSessionTemplate.java:426)
	at com.sun.proxy.$Proxy366.selectOne(Unknown Source)
	at org.mybatis.spring.SqlSessionTemplate.selectOne(SqlSessionTemplate.java:159)
	at org.apache.ibatis.binding.MapperMethod.execute(MapperMethod.java:87)
	at org.apache.ibatis.binding.MapperProxy.invoke(MapperProxy.java:57)
	at com.sun.proxy.$Proxy368.LoginMember(Unknown Source)
	at com.daejist.login.service.LoginServiceImp.LoginCheck(LoginServiceImp.java:29)
	at com.daejist.login.controller.LoginController.getLogin(LoginController.java:98)
	at sun.reflect.GeneratedMethodAccessor1348.invoke(Unknown Source)
	at sun.reflect.DelegatingMethodAccessorImpl.invoke(DelegatingMethodAccessorImpl.java:43)
	at java.lang.reflect.Method.invoke(Method.java:498)
	at org.springframework.web.method.support.InvocableHandlerMethod.doInvoke(InvocableHandlerMethod.java:190)
	at org.springframework.web.method.support.InvocableHandlerMethod.invokeForRequest(InvocableHandlerMethod.java:138)
	at org.springframework.web.servlet.mvc.method.annotation.ServletInvocableHandlerMethod.invokeAndHandle(ServletInvocableHandlerMethod.java:104)
	at org.springframework.web.servlet.mvc.method.annotation.RequestMappingHandlerAdapter.invokeHandlerMethod(RequestMappingHandlerAdapter.java:892)
	at org.springframework.web.servlet.mvc.method.annotation.RequestMappingHandlerAdapter.handleInternal(RequestMappingHandlerAdapter.java:797)
	at org.springframework.web.servlet.mvc.method.AbstractHandlerMethodAdapter.handle(AbstractHandlerMethodAdapter.java:87)
	at org.springframework.web.servlet.DispatcherServlet.doDispatch(DispatcherServlet.java:1039)
	at org.springframework.web.servlet.DispatcherServlet.doService(DispatcherServlet.java:942)
	at org.springframework.web.servlet.FrameworkServlet.processRequest(FrameworkServlet.java:1005)
	at org.springframework.web.servlet.FrameworkServlet.doPost(FrameworkServlet.java:908)
	at javax.servlet.http.HttpServlet.service(HttpServlet.java:648)
	at org.springframework.web.servlet.FrameworkServlet.service(FrameworkServlet.java:882)
	at javax.servlet.http.HttpServlet.service(HttpServlet.java:729)
	at org.apache.catalina.core.ApplicationFilterChain.internalDoFilter(ApplicationFilterChain.java:292)
	at org.apache.catalina.core.ApplicationFilterChain.doFilter(ApplicationFilterChain.java:207)
	at org.apache.tomcat.websocket.server.WsFilter.doFilter(WsFilter.java:52)
	at org.apache.catalina.core.ApplicationFilterChain.internalDoFilter(ApplicationFilterChain.java:240)
	at org.apache.catalina.core.ApplicationFilterChain.doFilter(ApplicationFilterChain.java:207)
	at org.springframework.web.filter.CharacterEncodingFilter.doFilterInternal(CharacterEncodingFilter.java:200)
	at org.springframework.web.filter.OncePerRequestFilter.doFilter(OncePerRequestFilter.java:118)
	at org.apache.catalina.core.ApplicationFilterChain.internalDoFilter(ApplicationFilterChain.java:240)
	at org.apache.catalina.core.ApplicationFilterChain.doFilter(ApplicationFilterChain.java:207)
	at org.apache.catalina.core.StandardWrapperValve.invoke(StandardWrapperValve.java:212)
	at org.apache.catalina.core.StandardContextValve.invoke(StandardContextValve.java:94)
	at org.apache.catalina.core.StandardHostValve.invoke(StandardHostValve.java:141)
	at org.apache.catalina.valves.ErrorReportValve.invoke(ErrorReportValve.java:79)
	at org.apache.catalina.core.StandardEngineValve.invoke(StandardEngineValve.java:88)
	at org.apache.catalina.connector.CoyoteAdapter.service(CoyoteAdapter.java:502)
	at org.apache.coyote.http11.AbstractHttp11Processor.process(AbstractHttp11Processor.java:1132)
	at org.apache.coyote.AbstractProtocol$AbstractConnectionHandler.process(AbstractProtocol.java:684)
	at org.apache.tomcat.util.net.NioEndpoint$SocketProcessor.doRun(NioEndpoint.java:1539)
	at org.apache.tomcat.util.net.NioEndpoint$SocketProcessor.run(NioEndpoint.java:1495)
	at java.util.concurrent.ThreadPoolExecutor.runWorker(ThreadPoolExecutor.java:1142)
	at java.util.concurrent.ThreadPoolExecutor$Worker.run(ThreadPoolExecutor.java:617)
	at org.apache.tomcat.util.threads.TaskThread$WrappingRunnable.run(TaskThread.java:61)
	at java.lang.Thread.run(Thread.java:745)

13-Jun-2023 12:04:19.216 심각 [http-nio-8855-exec-236] org.apache.catalina.core.StandardWrapperValve.invoke Servlet.service() for servlet [appServlet] in context with path [] threw exception [Request processing failed; nested exception is org.mybatis.spring.MyBatisSystemException: nested exception is org.apache.ibatis.exceptions.PersistenceException: 
### Error querying database.  Cause: org.springframework.jdbc.CannotGetJdbcConnectionException: Failed to obtain JDBC Connection; nested exception is com.microsoft.sqlserver.jdbc.SQLServerException: 호스트 61.32.101.234, 포트 1433에 대한 TCP/IP 연결에 실패했습니다. 오류: "connect timed out. 연결 속성을 확인하십시오. SQL Server의 인스턴스가 호스트에서 실행되고 있고 포트에서 TCP/IP 연결을 허용하고 있는지 확인하십시오. 또한 방화벽에서 포트로의 TCP 연결을 차단하지 않는지 확인하십시오.".
### The error may exist in com/daejist/login/mapper/LoginMapper.xml
### The error may involve com.daejist.login.mapper.LoginMapper.LoginMember
### The error occurred while executing a query
### Cause: org.springframework.jdbc.CannotGetJdbcConnectionException: Failed to obtain JDBC Connection; nested exception is com.microsoft.sqlserver.jdbc.SQLServerException: 호스트 61.32.101.234, 포트 1433에 대한 TCP/IP 연결에 실패했습니다. 오류: "connect timed out. 연결 속성을 확인하십시오. SQL Server의 인스턴스가 호스트에서 실행되고 있고 포트에서 TCP/IP 연결을 허용하고 있는지 확인하십시오. 또한 방화벽에서 포트로의 TCP 연결을 차단하지 않는지 확인하십시오.".] with root cause
 com.microsoft.sqlserver.jdbc.SQLServerException: 호스트 61.32.101.234, 포트 1433에 대한 TCP/IP 연결에 실패했습니다. 오류: "connect timed out. 연결 속성을 확인하십시오. SQL Server의 인스턴스가 호스트에서 실행되고 있고 포트에서 TCP/IP 연결을 허용하고 있는지 확인하십시오. 또한 방화벽에서 포트로의 TCP 연결을 차단하지 않는지 확인하십시오.".
	at com.microsoft.sqlserver.jdbc.SQLServerException.makeFromDriverError(SQLServerException.java:234)
	at com.microsoft.sqlserver.jdbc.SQLServerException.ConvertConnectExceptionToSQLServerException(SQLServerException.java:285)
	at com.microsoft.sqlserver.jdbc.SocketFinder.findSocket(IOBuffer.java:2462)
	at com.microsoft.sqlserver.jdbc.TDSChannel.open(IOBuffer.java:668)
	at com.microsoft.sqlserver.jdbc.SQLServerConnection.connectHelper(SQLServerConnection.java:2695)
	at com.microsoft.sqlserver.jdbc.SQLServerConnection.login(SQLServerConnection.java:2362)
	at com.microsoft.sqlserver.jdbc.SQLServerConnection.connectInternal(SQLServerConnection.java:2213)
	at com.microsoft.sqlserver.jdbc.SQLServerConnection.connect(SQLServerConnection.java:1276)
	at com.microsoft.sqlserver.jdbc.SQLServerDriver.connect(SQLServerDriver.java:861)
	at org.apache.commons.dbcp.DriverConnectionFactory.createConnection(DriverConnectionFactory.java:38)
	at org.apache.commons.dbcp.PoolableConnectionFactory.makeObject(PoolableConnectionFactory.java:582)
	at org.apache.commons.pool.impl.GenericObjectPool.borrowObject(GenericObjectPool.java:1148)
	at org.apache.commons.dbcp.PoolingDataSource.getConnection(PoolingDataSource.java:106)
	at org.apache.commons.dbcp.BasicDataSource.getConnection(BasicDataSource.java:1044)
	at org.springframework.jdbc.datasource.DataSourceUtils.fetchConnection(DataSourceUtils.java:157)
	at org.springframework.jdbc.datasource.DataSourceUtils.doGetConnection(DataSourceUtils.java:115)
	at org.springframework.jdbc.datasource.DataSourceUtils.getConnection(DataSourceUtils.java:78)
	at org.mybatis.spring.transaction.SpringManagedTransaction.openConnection(SpringManagedTransaction.java:80)
	at org.mybatis.spring.transaction.SpringManagedTransaction.getConnection(SpringManagedTransaction.java:67)
	at org.apache.ibatis.executor.BaseExecutor.getConnection(BaseExecutor.java:336)
	at org.apache.ibatis.executor.SimpleExecutor.prepareStatement(SimpleExecutor.java:85)
	at org.apache.ibatis.executor.SimpleExecutor.doQuery(SimpleExecutor.java:62)
	at org.apache.ibatis.executor.BaseExecutor.queryFromDatabase(BaseExecutor.java:324)
	at org.apache.ibatis.executor.BaseExecutor.query(BaseExecutor.java:156)
	at org.apache.ibatis.executor.CachingExecutor.query(CachingExecutor.java:109)
	at org.apache.ibatis.executor.CachingExecutor.query(CachingExecutor.java:83)
	at org.apache.ibatis.session.defaults.DefaultSqlSession.selectList(DefaultSqlSession.java:147)
	at org.apache.ibatis.session.defaults.DefaultSqlSession.selectList(DefaultSqlSession.java:140)
	at org.apache.ibatis.session.defaults.DefaultSqlSession.selectOne(DefaultSqlSession.java:76)
	at sun.reflect.GeneratedMethodAccessor1266.invoke(Unknown Source)
	at sun.reflect.DelegatingMethodAccessorImpl.invoke(DelegatingMethodAccessorImpl.java:43)
	at java.lang.reflect.Method.invoke(Method.java:498)
	at org.mybatis.spring.SqlSessionTemplate$SqlSessionInterceptor.invoke(SqlSessionTemplate.java:426)
	at com.sun.proxy.$Proxy366.selectOne(Unknown Source)
	at org.mybatis.spring.SqlSessionTemplate.selectOne(SqlSessionTemplate.java:159)
	at org.apache.ibatis.binding.MapperMethod.execute(MapperMethod.java:87)
	at org.apache.ibatis.binding.MapperProxy.invoke(MapperProxy.java:57)
	at com.sun.proxy.$Proxy368.LoginMember(Unknown Source)
	at com.daejist.login.service.LoginServiceImp.LoginCheck(LoginServiceImp.java:29)
	at com.daejist.login.controller.LoginController.getLogin(LoginController.java:98)
	at sun.reflect.GeneratedMethodAccessor1348.invoke(Unknown Source)
	at sun.reflect.DelegatingMethodAccessorImpl.invoke(DelegatingMethodAccessorImpl.java:43)
	at java.lang.reflect.Method.invoke(Method.java:498)
	at org.springframework.web.method.support.InvocableHandlerMethod.doInvoke(InvocableHandlerMethod.java:190)
	at org.springframework.web.method.support.InvocableHandlerMethod.invokeForRequest(InvocableHandlerMethod.java:138)
	at org.springframework.web.servlet.mvc.method.annotation.ServletInvocableHandlerMethod.invokeAndHandle(ServletInvocableHandlerMethod.java:104)
	at org.springframework.web.servlet.mvc.method.annotation.RequestMappingHandlerAdapter.invokeHandlerMethod(RequestMappingHandlerAdapter.java:892)
	at org.springframework.web.servlet.mvc.method.annotation.RequestMappingHandlerAdapter.handleInternal(RequestMappingHandlerAdapter.java:797)
	at org.springframework.web.servlet.mvc.method.AbstractHandlerMethodAdapter.handle(AbstractHandlerMethodAdapter.java:87)
	at org.springframework.web.servlet.DispatcherServlet.doDispatch(DispatcherServlet.java:1039)
	at org.springframework.web.servlet.DispatcherServlet.doService(DispatcherServlet.java:942)
	at org.springframework.web.servlet.FrameworkServlet.processRequest(FrameworkServlet.java:1005)
	at org.springframework.web.servlet.FrameworkServlet.doPost(FrameworkServlet.java:908)
	at javax.servlet.http.HttpServlet.service(HttpServlet.java:648)
	at org.springframework.web.servlet.FrameworkServlet.service(FrameworkServlet.java:882)
	at javax.servlet.http.HttpServlet.service(HttpServlet.java:729)
	at org.apache.catalina.core.ApplicationFilterChain.internalDoFilter(ApplicationFilterChain.java:292)
	at org.apache.catalina.core.ApplicationFilterChain.doFilter(ApplicationFilterChain.java:207)
	at org.apache.tomcat.websocket.server.WsFilter.doFilter(WsFilter.java:52)
	at org.apache.catalina.core.ApplicationFilterChain.internalDoFilter(ApplicationFilterChain.java:240)
	at org.apache.catalina.core.ApplicationFilterChain.doFilter(ApplicationFilterChain.java:207)
	at org.springframework.web.filter.CharacterEncodingFilter.doFilterInternal(CharacterEncodingFilter.java:200)
	at org.springframework.web.filter.OncePerRequestFilter.doFilter(OncePerRequestFilter.java:118)
	at org.apache.catalina.core.ApplicationFilterChain.internalDoFilter(ApplicationFilterChain.java:240)
	at org.apache.catalina.core.ApplicationFilterChain.doFilter(ApplicationFilterChain.java:207)
	at org.apache.catalina.core.StandardWrapperValve.invoke(StandardWrapperValve.java:212)
	at org.apache.catalina.core.StandardContextValve.invoke(StandardContextValve.java:94)
	at org.apache.catalina.core.StandardHostValve.invoke(StandardHostValve.java:141)
	at org.apache.catalina.valves.ErrorReportValve.invoke(ErrorReportValve.java:79)
	at org.apache.catalina.core.StandardEngineValve.invoke(StandardEngineValve.java:88)
	at org.apache.catalina.connector.CoyoteAdapter.service(CoyoteAdapter.java:502)
	at org.apache.coyote.http11.AbstractHttp11Processor.process(AbstractHttp11Processor.java:1132)
	at org.apache.coyote.AbstractProtocol$AbstractConnectionHandler.process(AbstractProtocol.java:684)
	at org.apache.tomcat.util.net.NioEndpoint$SocketProcessor.doRun(NioEndpoint.java:1539)
	at org.apache.tomcat.util.net.NioEndpoint$SocketProcessor.run(NioEndpoint.java:1495)
	at java.util.concurrent.ThreadPoolExecutor.runWorker(ThreadPoolExecutor.java:1142)
	at java.util.concurrent.ThreadPoolExecutor$Worker.run(ThreadPoolExecutor.java:617)
	at org.apache.tomcat.util.threads.TaskThread$WrappingRunnable.run(TaskThread.java:61)
	at java.lang.Thread.run(Thread.java:745)

13-Jun-2023 12:04:21.007 심각 [http-nio-8855-exec-237] org.apache.catalina.core.StandardWrapperValve.invoke Servlet.service() for servlet [appServlet] in context with path [] threw exception [Request processing failed; nested exception is org.mybatis.spring.MyBatisSystemException: nested exception is org.apache.ibatis.exceptions.PersistenceException: 
### Error querying database.  Cause: org.springframework.jdbc.CannotGetJdbcConnectionException: Failed to obtain JDBC Connection; nested exception is com.microsoft.sqlserver.jdbc.SQLServerException: 호스트 61.32.101.234, 포트 1433에 대한 TCP/IP 연결에 실패했습니다. 오류: "connect timed out. 연결 속성을 확인하십시오. SQL Server의 인스턴스가 호스트에서 실행되고 있고 포트에서 TCP/IP 연결을 허용하고 있는지 확인하십시오. 또한 방화벽에서 포트로의 TCP 연결을 차단하지 않는지 확인하십시오.".
### The error may exist in com/daejist/login/mapper/LoginMapper.xml
### The error may involve com.daejist.login.mapper.LoginMapper.LoginMember
### The error occurred while executing a query
### Cause: org.springframework.jdbc.CannotGetJdbcConnectionException: Failed to obtain JDBC Connection; nested exception is com.microsoft.sqlserver.jdbc.SQLServerException: 호스트 61.32.101.234, 포트 1433에 대한 TCP/IP 연결에 실패했습니다. 오류: "connect timed out. 연결 속성을 확인하십시오. SQL Server의 인스턴스가 호스트에서 실행되고 있고 포트에서 TCP/IP 연결을 허용하고 있는지 확인하십시오. 또한 방화벽에서 포트로의 TCP 연결을 차단하지 않는지 확인하십시오.".] with root cause
 com.microsoft.sqlserver.jdbc.SQLServerException: 호스트 61.32.101.234, 포트 1433에 대한 TCP/IP 연결에 실패했습니다. 오류: "connect timed out. 연결 속성을 확인하십시오. SQL Server의 인스턴스가 호스트에서 실행되고 있고 포트에서 TCP/IP 연결을 허용하고 있는지 확인하십시오. 또한 방화벽에서 포트로의 TCP 연결을 차단하지 않는지 확인하십시오.".
	at com.microsoft.sqlserver.jdbc.SQLServerException.makeFromDriverError(SQLServerException.java:234)
	at com.microsoft.sqlserver.jdbc.SQLServerException.ConvertConnectExceptionToSQLServerException(SQLServerException.java:285)
	at com.microsoft.sqlserver.jdbc.SocketFinder.findSocket(IOBuffer.java:2462)
	at com.microsoft.sqlserver.jdbc.TDSChannel.open(IOBuffer.java:668)
	at com.microsoft.sqlserver.jdbc.SQLServerConnection.connectHelper(SQLServerConnection.java:2695)
	at com.microsoft.sqlserver.jdbc.SQLServerConnection.login(SQLServerConnection.java:2362)
	at com.microsoft.sqlserver.jdbc.SQLServerConnection.connectInternal(SQLServerConnection.java:2213)
	at com.microsoft.sqlserver.jdbc.SQLServerConnection.connect(SQLServerConnection.java:1276)
	at com.microsoft.sqlserver.jdbc.SQLServerDriver.connect(SQLServerDriver.java:861)
	at org.apache.commons.dbcp.DriverConnectionFactory.createConnection(DriverConnectionFactory.java:38)
	at org.apache.commons.dbcp.PoolableConnectionFactory.makeObject(PoolableConnectionFactory.java:582)
	at org.apache.commons.pool.impl.GenericObjectPool.borrowObject(GenericObjectPool.java:1148)
	at org.apache.commons.dbcp.PoolingDataSource.getConnection(PoolingDataSource.java:106)
	at org.apache.commons.dbcp.BasicDataSource.getConnection(BasicDataSource.java:1044)
	at org.springframework.jdbc.datasource.DataSourceUtils.fetchConnection(DataSourceUtils.java:157)
	at org.springframework.jdbc.datasource.DataSourceUtils.doGetConnection(DataSourceUtils.java:115)
	at org.springframework.jdbc.datasource.DataSourceUtils.getConnection(DataSourceUtils.java:78)
	at org.mybatis.spring.transaction.SpringManagedTransaction.openConnection(SpringManagedTransaction.java:80)
	at org.mybatis.spring.transaction.SpringManagedTransaction.getConnection(SpringManagedTransaction.java:67)
	at org.apache.ibatis.executor.BaseExecutor.getConnection(BaseExecutor.java:336)
	at org.apache.ibatis.executor.SimpleExecutor.prepareStatement(SimpleExecutor.java:85)
	at org.apache.ibatis.executor.SimpleExecutor.doQuery(SimpleExecutor.java:62)
	at org.apache.ibatis.executor.BaseExecutor.queryFromDatabase(BaseExecutor.java:324)
	at org.apache.ibatis.executor.BaseExecutor.query(BaseExecutor.java:156)
	at org.apache.ibatis.executor.CachingExecutor.query(CachingExecutor.java:109)
	at org.apache.ibatis.executor.CachingExecutor.query(CachingExecutor.java:83)
	at org.apache.ibatis.session.defaults.DefaultSqlSession.selectList(DefaultSqlSession.java:147)
	at org.apache.ibatis.session.defaults.DefaultSqlSession.selectList(DefaultSqlSession.java:140)
	at org.apache.ibatis.session.defaults.DefaultSqlSession.selectOne(DefaultSqlSession.java:76)
	at sun.reflect.GeneratedMethodAccessor1266.invoke(Unknown Source)
	at sun.reflect.DelegatingMethodAccessorImpl.invoke(DelegatingMethodAccessorImpl.java:43)
	at java.lang.reflect.Method.invoke(Method.java:498)
	at org.mybatis.spring.SqlSessionTemplate$SqlSessionInterceptor.invoke(SqlSessionTemplate.java:426)
	at com.sun.proxy.$Proxy366.selectOne(Unknown Source)
	at org.mybatis.spring.SqlSessionTemplate.selectOne(SqlSessionTemplate.java:159)
	at org.apache.ibatis.binding.MapperMethod.execute(MapperMethod.java:87)
	at org.apache.ibatis.binding.MapperProxy.invoke(MapperProxy.java:57)
	at com.sun.proxy.$Proxy368.LoginMember(Unknown Source)
	at com.daejist.login.service.LoginServiceImp.LoginCheck(LoginServiceImp.java:29)
	at com.daejist.login.controller.LoginController.getLogin(LoginController.java:98)
	at sun.reflect.GeneratedMethodAccessor1348.invoke(Unknown Source)
	at sun.reflect.DelegatingMethodAccessorImpl.invoke(DelegatingMethodAccessorImpl.java:43)
	at java.lang.reflect.Method.invoke(Method.java:498)
	at org.springframework.web.method.support.InvocableHandlerMethod.doInvoke(InvocableHandlerMethod.java:190)
	at org.springframework.web.method.support.InvocableHandlerMethod.invokeForRequest(InvocableHandlerMethod.java:138)
	at org.springframework.web.servlet.mvc.method.annotation.ServletInvocableHandlerMethod.invokeAndHandle(ServletInvocableHandlerMethod.java:104)
	at org.springframework.web.servlet.mvc.method.annotation.RequestMappingHandlerAdapter.invokeHandlerMethod(RequestMappingHandlerAdapter.java:892)
	at org.springframework.web.servlet.mvc.method.annotation.RequestMappingHandlerAdapter.handleInternal(RequestMappingHandlerAdapter.java:797)
	at org.springframework.web.servlet.mvc.method.AbstractHandlerMethodAdapter.handle(AbstractHandlerMethodAdapter.java:87)
	at org.springframework.web.servlet.DispatcherServlet.doDispatch(DispatcherServlet.java:1039)
	at org.springframework.web.servlet.DispatcherServlet.doService(DispatcherServlet.java:942)
	at org.springframework.web.servlet.FrameworkServlet.processRequest(FrameworkServlet.java:1005)
	at org.springframework.web.servlet.FrameworkServlet.doPost(FrameworkServlet.java:908)
	at javax.servlet.http.HttpServlet.service(HttpServlet.java:648)
	at org.springframework.web.servlet.FrameworkServlet.service(FrameworkServlet.java:882)
	at javax.servlet.http.HttpServlet.service(HttpServlet.java:729)
	at org.apache.catalina.core.ApplicationFilterChain.internalDoFilter(ApplicationFilterChain.java:292)
	at org.apache.catalina.core.ApplicationFilterChain.doFilter(ApplicationFilterChain.java:207)
	at org.apache.tomcat.websocket.server.WsFilter.doFilter(WsFilter.java:52)
	at org.apache.catalina.core.ApplicationFilterChain.internalDoFilter(ApplicationFilterChain.java:240)
	at org.apache.catalina.core.ApplicationFilterChain.doFilter(ApplicationFilterChain.java:207)
	at org.springframework.web.filter.CharacterEncodingFilter.doFilterInternal(CharacterEncodingFilter.java:200)
	at org.springframework.web.filter.OncePerRequestFilter.doFilter(OncePerRequestFilter.java:118)
	at org.apache.catalina.core.ApplicationFilterChain.internalDoFilter(ApplicationFilterChain.java:240)
	at org.apache.catalina.core.ApplicationFilterChain.doFilter(ApplicationFilterChain.java:207)
	at org.apache.catalina.core.StandardWrapperValve.invoke(StandardWrapperValve.java:212)
	at org.apache.catalina.core.StandardContextValve.invoke(StandardContextValve.java:94)
	at org.apache.catalina.core.StandardHostValve.invoke(StandardHostValve.java:141)
	at org.apache.catalina.valves.ErrorReportValve.invoke(ErrorReportValve.java:79)
	at org.apache.catalina.core.StandardEngineValve.invoke(StandardEngineValve.java:88)
	at org.apache.catalina.connector.CoyoteAdapter.service(CoyoteAdapter.java:502)
	at org.apache.coyote.http11.AbstractHttp11Processor.process(AbstractHttp11Processor.java:1132)
	at org.apache.coyote.AbstractProtocol$AbstractConnectionHandler.process(AbstractProtocol.java:684)
	at org.apache.tomcat.util.net.NioEndpoint$SocketProcessor.doRun(NioEndpoint.java:1539)
	at org.apache.tomcat.util.net.NioEndpoint$SocketProcessor.run(NioEndpoint.java:1495)
	at java.util.concurrent.ThreadPoolExecutor.runWorker(ThreadPoolExecutor.java:1142)
	at java.util.concurrent.ThreadPoolExecutor$Worker.run(ThreadPoolExecutor.java:617)
	at org.apache.tomcat.util.threads.TaskThread$WrappingRunnable.run(TaskThread.java:61)
	at java.lang.Thread.run(Thread.java:745)

13-Jun-2023 12:04:22.850 심각 [http-nio-8855-exec-223] org.apache.catalina.core.StandardWrapperValve.invoke Servlet.service() for servlet [appServlet] in context with path [] threw exception [Request processing failed; nested exception is org.mybatis.spring.MyBatisSystemException: nested exception is org.apache.ibatis.exceptions.PersistenceException: 
### Error querying database.  Cause: org.springframework.jdbc.CannotGetJdbcConnectionException: Failed to obtain JDBC Connection; nested exception is com.microsoft.sqlserver.jdbc.SQLServerException: 호스트 61.32.101.234, 포트 1433에 대한 TCP/IP 연결에 실패했습니다. 오류: "connect timed out. 연결 속성을 확인하십시오. SQL Server의 인스턴스가 호스트에서 실행되고 있고 포트에서 TCP/IP 연결을 허용하고 있는지 확인하십시오. 또한 방화벽에서 포트로의 TCP 연결을 차단하지 않는지 확인하십시오.".
### The error may exist in com/daejist/login/mapper/LoginMapper.xml
### The error may involve com.daejist.login.mapper.LoginMapper.LoginMember
### The error occurred while executing a query
### Cause: org.springframework.jdbc.CannotGetJdbcConnectionException: Failed to obtain JDBC Connection; nested exception is com.microsoft.sqlserver.jdbc.SQLServerException: 호스트 61.32.101.234, 포트 1433에 대한 TCP/IP 연결에 실패했습니다. 오류: "connect timed out. 연결 속성을 확인하십시오. SQL Server의 인스턴스가 호스트에서 실행되고 있고 포트에서 TCP/IP 연결을 허용하고 있는지 확인하십시오. 또한 방화벽에서 포트로의 TCP 연결을 차단하지 않는지 확인하십시오.".] with root cause
 com.microsoft.sqlserver.jdbc.SQLServerException: 호스트 61.32.101.234, 포트 1433에 대한 TCP/IP 연결에 실패했습니다. 오류: "connect timed out. 연결 속성을 확인하십시오. SQL Server의 인스턴스가 호스트에서 실행되고 있고 포트에서 TCP/IP 연결을 허용하고 있는지 확인하십시오. 또한 방화벽에서 포트로의 TCP 연결을 차단하지 않는지 확인하십시오.".
	at com.microsoft.sqlserver.jdbc.SQLServerException.makeFromDriverError(SQLServerException.java:234)
	at com.microsoft.sqlserver.jdbc.SQLServerException.ConvertConnectExceptionToSQLServerException(SQLServerException.java:285)
	at com.microsoft.sqlserver.jdbc.SocketFinder.findSocket(IOBuffer.java:2462)
	at com.microsoft.sqlserver.jdbc.TDSChannel.open(IOBuffer.java:668)
	at com.microsoft.sqlserver.jdbc.SQLServerConnection.connectHelper(SQLServerConnection.java:2695)
	at com.microsoft.sqlserver.jdbc.SQLServerConnection.login(SQLServerConnection.java:2362)
	at com.microsoft.sqlserver.jdbc.SQLServerConnection.connectInternal(SQLServerConnection.java:2213)
	at com.microsoft.sqlserver.jdbc.SQLServerConnection.connect(SQLServerConnection.java:1276)
	at com.microsoft.sqlserver.jdbc.SQLServerDriver.connect(SQLServerDriver.java:861)
	at org.apache.commons.dbcp.DriverConnectionFactory.createConnection(DriverConnectionFactory.java:38)
	at org.apache.commons.dbcp.PoolableConnectionFactory.makeObject(PoolableConnectionFactory.java:582)
	at org.apache.commons.pool.impl.GenericObjectPool.borrowObject(GenericObjectPool.java:1148)
	at org.apache.commons.dbcp.PoolingDataSource.getConnection(PoolingDataSource.java:106)
	at org.apache.commons.dbcp.BasicDataSource.getConnection(BasicDataSource.java:1044)
	at org.springframework.jdbc.datasource.DataSourceUtils.fetchConnection(DataSourceUtils.java:157)
	at org.springframework.jdbc.datasource.DataSourceUtils.doGetConnection(DataSourceUtils.java:115)
	at org.springframework.jdbc.datasource.DataSourceUtils.getConnection(DataSourceUtils.java:78)
	at org.mybatis.spring.transaction.SpringManagedTransaction.openConnection(SpringManagedTransaction.java:80)
	at org.mybatis.spring.transaction.SpringManagedTransaction.getConnection(SpringManagedTransaction.java:67)
	at org.apache.ibatis.executor.BaseExecutor.getConnection(BaseExecutor.java:336)
	at org.apache.ibatis.executor.SimpleExecutor.prepareStatement(SimpleExecutor.java:85)
	at org.apache.ibatis.executor.SimpleExecutor.doQuery(SimpleExecutor.java:62)
	at org.apache.ibatis.executor.BaseExecutor.queryFromDatabase(BaseExecutor.java:324)
	at org.apache.ibatis.executor.BaseExecutor.query(BaseExecutor.java:156)
	at org.apache.ibatis.executor.CachingExecutor.query(CachingExecutor.java:109)
	at org.apache.ibatis.executor.CachingExecutor.query(CachingExecutor.java:83)
	at org.apache.ibatis.session.defaults.DefaultSqlSession.selectList(DefaultSqlSession.java:147)
	at org.apache.ibatis.session.defaults.DefaultSqlSession.selectList(DefaultSqlSession.java:140)
	at org.apache.ibatis.session.defaults.DefaultSqlSession.selectOne(DefaultSqlSession.java:76)
	at sun.reflect.GeneratedMethodAccessor1266.invoke(Unknown Source)
	at sun.reflect.DelegatingMethodAccessorImpl.invoke(DelegatingMethodAccessorImpl.java:43)
	at java.lang.reflect.Method.invoke(Method.java:498)
	at org.mybatis.spring.SqlSessionTemplate$SqlSessionInterceptor.invoke(SqlSessionTemplate.java:426)
	at com.sun.proxy.$Proxy366.selectOne(Unknown Source)
	at org.mybatis.spring.SqlSessionTemplate.selectOne(SqlSessionTemplate.java:159)
	at org.apache.ibatis.binding.MapperMethod.execute(MapperMethod.java:87)
	at org.apache.ibatis.binding.MapperProxy.invoke(MapperProxy.java:57)
	at com.sun.proxy.$Proxy368.LoginMember(Unknown Source)
	at com.daejist.login.service.LoginServiceImp.LoginCheck(LoginServiceImp.java:29)
	at com.daejist.login.controller.LoginController.getLogin(LoginController.java:98)
	at sun.reflect.GeneratedMethodAccessor1348.invoke(Unknown Source)
	at sun.reflect.DelegatingMethodAccessorImpl.invoke(DelegatingMethodAccessorImpl.java:43)
	at java.lang.reflect.Method.invoke(Method.java:498)
	at org.springframework.web.method.support.InvocableHandlerMethod.doInvoke(InvocableHandlerMethod.java:190)
	at org.springframework.web.method.support.InvocableHandlerMethod.invokeForRequest(InvocableHandlerMethod.java:138)
	at org.springframework.web.servlet.mvc.method.annotation.ServletInvocableHandlerMethod.invokeAndHandle(ServletInvocableHandlerMethod.java:104)
	at org.springframework.web.servlet.mvc.method.annotation.RequestMappingHandlerAdapter.invokeHandlerMethod(RequestMappingHandlerAdapter.java:892)
	at org.springframework.web.servlet.mvc.method.annotation.RequestMappingHandlerAdapter.handleInternal(RequestMappingHandlerAdapter.java:797)
	at org.springframework.web.servlet.mvc.method.AbstractHandlerMethodAdapter.handle(AbstractHandlerMethodAdapter.java:87)
	at org.springframework.web.servlet.DispatcherServlet.doDispatch(DispatcherServlet.java:1039)
	at org.springframework.web.servlet.DispatcherServlet.doService(DispatcherServlet.java:942)
	at org.springframework.web.servlet.FrameworkServlet.processRequest(FrameworkServlet.java:1005)
	at org.springframework.web.servlet.FrameworkServlet.doPost(FrameworkServlet.java:908)
	at javax.servlet.http.HttpServlet.service(HttpServlet.java:648)
	at org.springframework.web.servlet.FrameworkServlet.service(FrameworkServlet.java:882)
	at javax.servlet.http.HttpServlet.service(HttpServlet.java:729)
	at org.apache.catalina.core.ApplicationFilterChain.internalDoFilter(ApplicationFilterChain.java:292)
	at org.apache.catalina.core.ApplicationFilterChain.doFilter(ApplicationFilterChain.java:207)
	at org.apache.tomcat.websocket.server.WsFilter.doFilter(WsFilter.java:52)
	at org.apache.catalina.core.ApplicationFilterChain.internalDoFilter(ApplicationFilterChain.java:240)
	at org.apache.catalina.core.ApplicationFilterChain.doFilter(ApplicationFilterChain.java:207)
	at org.springframework.web.filter.CharacterEncodingFilter.doFilterInternal(CharacterEncodingFilter.java:200)
	at org.springframework.web.filter.OncePerRequestFilter.doFilter(OncePerRequestFilter.java:118)
	at org.apache.catalina.core.ApplicationFilterChain.internalDoFilter(ApplicationFilterChain.java:240)
	at org.apache.catalina.core.ApplicationFilterChain.doFilter(ApplicationFilterChain.java:207)
	at org.apache.catalina.core.StandardWrapperValve.invoke(StandardWrapperValve.java:212)
	at org.apache.catalina.core.StandardContextValve.invoke(StandardContextValve.java:94)
	at org.apache.catalina.core.StandardHostValve.invoke(StandardHostValve.java:141)
	at org.apache.catalina.valves.ErrorReportValve.invoke(ErrorReportValve.java:79)
	at org.apache.catalina.core.StandardEngineValve.invoke(StandardEngineValve.java:88)
	at org.apache.catalina.connector.CoyoteAdapter.service(CoyoteAdapter.java:502)
	at org.apache.coyote.http11.AbstractHttp11Processor.process(AbstractHttp11Processor.java:1132)
	at org.apache.coyote.AbstractProtocol$AbstractConnectionHandler.process(AbstractProtocol.java:684)
	at org.apache.tomcat.util.net.NioEndpoint$SocketProcessor.doRun(NioEndpoint.java:1539)
	at org.apache.tomcat.util.net.NioEndpoint$SocketProcessor.run(NioEndpoint.java:1495)
	at java.util.concurrent.ThreadPoolExecutor.runWorker(ThreadPoolExecutor.java:1142)
	at java.util.concurrent.ThreadPoolExecutor$Worker.run(ThreadPoolExecutor.java:617)
	at org.apache.tomcat.util.threads.TaskThread$WrappingRunnable.run(TaskThread.java:61)
	at java.lang.Thread.run(Thread.java:745)

13-Jun-2023 12:04:23.684 심각 [http-nio-8855-exec-238] org.apache.catalina.core.StandardWrapperValve.invoke Servlet.service() for servlet [appServlet] in context with path [] threw exception [Request processing failed; nested exception is org.mybatis.spring.MyBatisSystemException: nested exception is org.apache.ibatis.exceptions.PersistenceException: 
### Error querying database.  Cause: org.springframework.jdbc.CannotGetJdbcConnectionException: Failed to obtain JDBC Connection; nested exception is com.microsoft.sqlserver.jdbc.SQLServerException: 호스트 61.32.101.234, 포트 1433에 대한 TCP/IP 연결에 실패했습니다. 오류: "connect timed out. 연결 속성을 확인하십시오. SQL Server의 인스턴스가 호스트에서 실행되고 있고 포트에서 TCP/IP 연결을 허용하고 있는지 확인하십시오. 또한 방화벽에서 포트로의 TCP 연결을 차단하지 않는지 확인하십시오.".
### The error may exist in com/daejist/login/mapper/LoginMapper.xml
### The error may involve com.daejist.login.mapper.LoginMapper.LoginMember
### The error occurred while executing a query
### Cause: org.springframework.jdbc.CannotGetJdbcConnectionException: Failed to obtain JDBC Connection; nested exception is com.microsoft.sqlserver.jdbc.SQLServerException: 호스트 61.32.101.234, 포트 1433에 대한 TCP/IP 연결에 실패했습니다. 오류: "connect timed out. 연결 속성을 확인하십시오. SQL Server의 인스턴스가 호스트에서 실행되고 있고 포트에서 TCP/IP 연결을 허용하고 있는지 확인하십시오. 또한 방화벽에서 포트로의 TCP 연결을 차단하지 않는지 확인하십시오.".] with root cause
 com.microsoft.sqlserver.jdbc.SQLServerException: 호스트 61.32.101.234, 포트 1433에 대한 TCP/IP 연결에 실패했습니다. 오류: "connect timed out. 연결 속성을 확인하십시오. SQL Server의 인스턴스가 호스트에서 실행되고 있고 포트에서 TCP/IP 연결을 허용하고 있는지 확인하십시오. 또한 방화벽에서 포트로의 TCP 연결을 차단하지 않는지 확인하십시오.".
	at com.microsoft.sqlserver.jdbc.SQLServerException.makeFromDriverError(SQLServerException.java:234)
	at com.microsoft.sqlserver.jdbc.SQLServerException.ConvertConnectExceptionToSQLServerException(SQLServerException.java:285)
	at com.microsoft.sqlserver.jdbc.SocketFinder.findSocket(IOBuffer.java:2462)
	at com.microsoft.sqlserver.jdbc.TDSChannel.open(IOBuffer.java:668)
	at com.microsoft.sqlserver.jdbc.SQLServerConnection.connectHelper(SQLServerConnection.java:2695)
	at com.microsoft.sqlserver.jdbc.SQLServerConnection.login(SQLServerConnection.java:2362)
	at com.microsoft.sqlserver.jdbc.SQLServerConnection.connectInternal(SQLServerConnection.java:2213)
	at com.microsoft.sqlserver.jdbc.SQLServerConnection.connect(SQLServerConnection.java:1276)
	at com.microsoft.sqlserver.jdbc.SQLServerDriver.connect(SQLServerDriver.java:861)
	at org.apache.commons.dbcp.DriverConnectionFactory.createConnection(DriverConnectionFactory.java:38)
	at org.apache.commons.dbcp.PoolableConnectionFactory.makeObject(PoolableConnectionFactory.java:582)
	at org.apache.commons.pool.impl.GenericObjectPool.borrowObject(GenericObjectPool.java:1148)
	at org.apache.commons.dbcp.PoolingDataSource.getConnection(PoolingDataSource.java:106)
	at org.apache.commons.dbcp.BasicDataSource.getConnection(BasicDataSource.java:1044)
	at org.springframework.jdbc.datasource.DataSourceUtils.fetchConnection(DataSourceUtils.java:157)
	at org.springframework.jdbc.datasource.DataSourceUtils.doGetConnection(DataSourceUtils.java:115)
	at org.springframework.jdbc.datasource.DataSourceUtils.getConnection(DataSourceUtils.java:78)
	at org.mybatis.spring.transaction.SpringManagedTransaction.openConnection(SpringManagedTransaction.java:80)
	at org.mybatis.spring.transaction.SpringManagedTransaction.getConnection(SpringManagedTransaction.java:67)
	at org.apache.ibatis.executor.BaseExecutor.getConnection(BaseExecutor.java:336)
	at org.apache.ibatis.executor.SimpleExecutor.prepareStatement(SimpleExecutor.java:85)
	at org.apache.ibatis.executor.SimpleExecutor.doQuery(SimpleExecutor.java:62)
	at org.apache.ibatis.executor.BaseExecutor.queryFromDatabase(BaseExecutor.java:324)
	at org.apache.ibatis.executor.BaseExecutor.query(BaseExecutor.java:156)
	at org.apache.ibatis.executor.CachingExecutor.query(CachingExecutor.java:109)
	at org.apache.ibatis.executor.CachingExecutor.query(CachingExecutor.java:83)
	at org.apache.ibatis.session.defaults.DefaultSqlSession.selectList(DefaultSqlSession.java:147)
	at org.apache.ibatis.session.defaults.DefaultSqlSession.selectList(DefaultSqlSession.java:140)
	at org.apache.ibatis.session.defaults.DefaultSqlSession.selectOne(DefaultSqlSession.java:76)
	at sun.reflect.GeneratedMethodAccessor1266.invoke(Unknown Source)
	at sun.reflect.DelegatingMethodAccessorImpl.invoke(DelegatingMethodAccessorImpl.java:43)
	at java.lang.reflect.Method.invoke(Method.java:498)
	at org.mybatis.spring.SqlSessionTemplate$SqlSessionInterceptor.invoke(SqlSessionTemplate.java:426)
	at com.sun.proxy.$Proxy366.selectOne(Unknown Source)
	at org.mybatis.spring.SqlSessionTemplate.selectOne(SqlSessionTemplate.java:159)
	at org.apache.ibatis.binding.MapperMethod.execute(MapperMethod.java:87)
	at org.apache.ibatis.binding.MapperProxy.invoke(MapperProxy.java:57)
	at com.sun.proxy.$Proxy368.LoginMember(Unknown Source)
	at com.daejist.login.service.LoginServiceImp.LoginCheck(LoginServiceImp.java:29)
	at com.daejist.login.controller.LoginController.getLogin(LoginController.java:98)
	at sun.reflect.GeneratedMethodAccessor1348.invoke(Unknown Source)
	at sun.reflect.DelegatingMethodAccessorImpl.invoke(DelegatingMethodAccessorImpl.java:43)
	at java.lang.reflect.Method.invoke(Method.java:498)
	at org.springframework.web.method.support.InvocableHandlerMethod.doInvoke(InvocableHandlerMethod.java:190)
	at org.springframework.web.method.support.InvocableHandlerMethod.invokeForRequest(InvocableHandlerMethod.java:138)
	at org.springframework.web.servlet.mvc.method.annotation.ServletInvocableHandlerMethod.invokeAndHandle(ServletInvocableHandlerMethod.java:104)
	at org.springframework.web.servlet.mvc.method.annotation.RequestMappingHandlerAdapter.invokeHandlerMethod(RequestMappingHandlerAdapter.java:892)
	at org.springframework.web.servlet.mvc.method.annotation.RequestMappingHandlerAdapter.handleInternal(RequestMappingHandlerAdapter.java:797)
	at org.springframework.web.servlet.mvc.method.AbstractHandlerMethodAdapter.handle(AbstractHandlerMethodAdapter.java:87)
	at org.springframework.web.servlet.DispatcherServlet.doDispatch(DispatcherServlet.java:1039)
	at org.springframework.web.servlet.DispatcherServlet.doService(DispatcherServlet.java:942)
	at org.springframework.web.servlet.FrameworkServlet.processRequest(FrameworkServlet.java:1005)
	at org.springframework.web.servlet.FrameworkServlet.doPost(FrameworkServlet.java:908)
	at javax.servlet.http.HttpServlet.service(HttpServlet.java:648)
	at org.springframework.web.servlet.FrameworkServlet.service(FrameworkServlet.java:882)
	at javax.servlet.http.HttpServlet.service(HttpServlet.java:729)
	at org.apache.catalina.core.ApplicationFilterChain.internalDoFilter(ApplicationFilterChain.java:292)
	at org.apache.catalina.core.ApplicationFilterChain.doFilter(ApplicationFilterChain.java:207)
	at org.apache.tomcat.websocket.server.WsFilter.doFilter(WsFilter.java:52)
	at org.apache.catalina.core.ApplicationFilterChain.internalDoFilter(ApplicationFilterChain.java:240)
	at org.apache.catalina.core.ApplicationFilterChain.doFilter(ApplicationFilterChain.java:207)
	at org.springframework.web.filter.CharacterEncodingFilter.doFilterInternal(CharacterEncodingFilter.java:200)
	at org.springframework.web.filter.OncePerRequestFilter.doFilter(OncePerRequestFilter.java:118)
	at org.apache.catalina.core.ApplicationFilterChain.internalDoFilter(ApplicationFilterChain.java:240)
	at org.apache.catalina.core.ApplicationFilterChain.doFilter(ApplicationFilterChain.java:207)
	at org.apache.catalina.core.StandardWrapperValve.invoke(StandardWrapperValve.java:212)
	at org.apache.catalina.core.StandardContextValve.invoke(StandardContextValve.java:94)
	at org.apache.catalina.core.StandardHostValve.invoke(StandardHostValve.java:141)
	at org.apache.catalina.valves.ErrorReportValve.invoke(ErrorReportValve.java:79)
	at org.apache.catalina.core.StandardEngineValve.invoke(StandardEngineValve.java:88)
	at org.apache.catalina.connector.CoyoteAdapter.service(CoyoteAdapter.java:502)
	at org.apache.coyote.http11.AbstractHttp11Processor.process(AbstractHttp11Processor.java:1132)
	at org.apache.coyote.AbstractProtocol$AbstractConnectionHandler.process(AbstractProtocol.java:684)
	at org.apache.tomcat.util.net.NioEndpoint$SocketProcessor.doRun(NioEndpoint.java:1539)
	at org.apache.tomcat.util.net.NioEndpoint$SocketProcessor.run(NioEndpoint.java:1495)
	at java.util.concurrent.ThreadPoolExecutor.runWorker(ThreadPoolExecutor.java:1142)
	at java.util.concurrent.ThreadPoolExecutor$Worker.run(ThreadPoolExecutor.java:617)
	at org.apache.tomcat.util.threads.TaskThread$WrappingRunnable.run(TaskThread.java:61)
	at java.lang.Thread.run(Thread.java:745)

13-Jun-2023 12:04:30.418 심각 [http-nio-8855-exec-239] org.apache.catalina.core.StandardWrapperValve.invoke Servlet.service() for servlet [appServlet] in context with path [] threw exception [Request processing failed; nested exception is org.mybatis.spring.MyBatisSystemException: nested exception is org.apache.ibatis.exceptions.PersistenceException: 
### Error querying database.  Cause: org.springframework.jdbc.CannotGetJdbcConnectionException: Failed to obtain JDBC Connection; nested exception is com.microsoft.sqlserver.jdbc.SQLServerException: 호스트 61.32.101.234, 포트 1433에 대한 TCP/IP 연결에 실패했습니다. 오류: "connect timed out. 연결 속성을 확인하십시오. SQL Server의 인스턴스가 호스트에서 실행되고 있고 포트에서 TCP/IP 연결을 허용하고 있는지 확인하십시오. 또한 방화벽에서 포트로의 TCP 연결을 차단하지 않는지 확인하십시오.".
### The error may exist in com/daejist/login/mapper/LoginMapper.xml
### The error may involve com.daejist.login.mapper.LoginMapper.LoginMember
### The error occurred while executing a query
### Cause: org.springframework.jdbc.CannotGetJdbcConnectionException: Failed to obtain JDBC Connection; nested exception is com.microsoft.sqlserver.jdbc.SQLServerException: 호스트 61.32.101.234, 포트 1433에 대한 TCP/IP 연결에 실패했습니다. 오류: "connect timed out. 연결 속성을 확인하십시오. SQL Server의 인스턴스가 호스트에서 실행되고 있고 포트에서 TCP/IP 연결을 허용하고 있는지 확인하십시오. 또한 방화벽에서 포트로의 TCP 연결을 차단하지 않는지 확인하십시오.".] with root cause
 com.microsoft.sqlserver.jdbc.SQLServerException: 호스트 61.32.101.234, 포트 1433에 대한 TCP/IP 연결에 실패했습니다. 오류: "connect timed out. 연결 속성을 확인하십시오. SQL Server의 인스턴스가 호스트에서 실행되고 있고 포트에서 TCP/IP 연결을 허용하고 있는지 확인하십시오. 또한 방화벽에서 포트로의 TCP 연결을 차단하지 않는지 확인하십시오.".
	at com.microsoft.sqlserver.jdbc.SQLServerException.makeFromDriverError(SQLServerException.java:234)
	at com.microsoft.sqlserver.jdbc.SQLServerException.ConvertConnectExceptionToSQLServerException(SQLServerException.java:285)
	at com.microsoft.sqlserver.jdbc.SocketFinder.findSocket(IOBuffer.java:2462)
	at com.microsoft.sqlserver.jdbc.TDSChannel.open(IOBuffer.java:668)
	at com.microsoft.sqlserver.jdbc.SQLServerConnection.connectHelper(SQLServerConnection.java:2695)
	at com.microsoft.sqlserver.jdbc.SQLServerConnection.login(SQLServerConnection.java:2362)
	at com.microsoft.sqlserver.jdbc.SQLServerConnection.connectInternal(SQLServerConnection.java:2213)
	at com.microsoft.sqlserver.jdbc.SQLServerConnection.connect(SQLServerConnection.java:1276)
	at com.microsoft.sqlserver.jdbc.SQLServerDriver.connect(SQLServerDriver.java:861)
	at org.apache.commons.dbcp.DriverConnectionFactory.createConnection(DriverConnectionFactory.java:38)
	at org.apache.commons.dbcp.PoolableConnectionFactory.makeObject(PoolableConnectionFactory.java:582)
	at org.apache.commons.pool.impl.GenericObjectPool.borrowObject(GenericObjectPool.java:1148)
	at org.apache.commons.dbcp.PoolingDataSource.getConnection(PoolingDataSource.java:106)
	at org.apache.commons.dbcp.BasicDataSource.getConnection(BasicDataSource.java:1044)
	at org.springframework.jdbc.datasource.DataSourceUtils.fetchConnection(DataSourceUtils.java:157)
	at org.springframework.jdbc.datasource.DataSourceUtils.doGetConnection(DataSourceUtils.java:115)
	at org.springframework.jdbc.datasource.DataSourceUtils.getConnection(DataSourceUtils.java:78)
	at org.mybatis.spring.transaction.SpringManagedTransaction.openConnection(SpringManagedTransaction.java:80)
	at org.mybatis.spring.transaction.SpringManagedTransaction.getConnection(SpringManagedTransaction.java:67)
	at org.apache.ibatis.executor.BaseExecutor.getConnection(BaseExecutor.java:336)
	at org.apache.ibatis.executor.SimpleExecutor.prepareStatement(SimpleExecutor.java:85)
	at org.apache.ibatis.executor.SimpleExecutor.doQuery(SimpleExecutor.java:62)
	at org.apache.ibatis.executor.BaseExecutor.queryFromDatabase(BaseExecutor.java:324)
	at org.apache.ibatis.executor.BaseExecutor.query(BaseExecutor.java:156)
	at org.apache.ibatis.executor.CachingExecutor.query(CachingExecutor.java:109)
	at org.apache.ibatis.executor.CachingExecutor.query(CachingExecutor.java:83)
	at org.apache.ibatis.session.defaults.DefaultSqlSession.selectList(DefaultSqlSession.java:147)
	at org.apache.ibatis.session.defaults.DefaultSqlSession.selectList(DefaultSqlSession.java:140)
	at org.apache.ibatis.session.defaults.DefaultSqlSession.selectOne(DefaultSqlSession.java:76)
	at sun.reflect.GeneratedMethodAccessor1266.invoke(Unknown Source)
	at sun.reflect.DelegatingMethodAccessorImpl.invoke(DelegatingMethodAccessorImpl.java:43)
	at java.lang.reflect.Method.invoke(Method.java:498)
	at org.mybatis.spring.SqlSessionTemplate$SqlSessionInterceptor.invoke(SqlSessionTemplate.java:426)
	at com.sun.proxy.$Proxy366.selectOne(Unknown Source)
	at org.mybatis.spring.SqlSessionTemplate.selectOne(SqlSessionTemplate.java:159)
	at org.apache.ibatis.binding.MapperMethod.execute(MapperMethod.java:87)
	at org.apache.ibatis.binding.MapperProxy.invoke(MapperProxy.java:57)
	at com.sun.proxy.$Proxy368.LoginMember(Unknown Source)
	at com.daejist.login.service.LoginServiceImp.LoginCheck(LoginServiceImp.java:29)
	at com.daejist.login.controller.LoginController.getLogin(LoginController.java:98)
	at sun.reflect.GeneratedMethodAccessor1348.invoke(Unknown Source)
	at sun.reflect.DelegatingMethodAccessorImpl.invoke(DelegatingMethodAccessorImpl.java:43)
	at java.lang.reflect.Method.invoke(Method.java:498)
	at org.springframework.web.method.support.InvocableHandlerMethod.doInvoke(InvocableHandlerMethod.java:190)
	at org.springframework.web.method.support.InvocableHandlerMethod.invokeForRequest(InvocableHandlerMethod.java:138)
	at org.springframework.web.servlet.mvc.method.annotation.ServletInvocableHandlerMethod.invokeAndHandle(ServletInvocableHandlerMethod.java:104)
	at org.springframework.web.servlet.mvc.method.annotation.RequestMappingHandlerAdapter.invokeHandlerMethod(RequestMappingHandlerAdapter.java:892)
	at org.springframework.web.servlet.mvc.method.annotation.RequestMappingHandlerAdapter.handleInternal(RequestMappingHandlerAdapter.java:797)
	at org.springframework.web.servlet.mvc.method.AbstractHandlerMethodAdapter.handle(AbstractHandlerMethodAdapter.java:87)
	at org.springframework.web.servlet.DispatcherServlet.doDispatch(DispatcherServlet.java:1039)
	at org.springframework.web.servlet.DispatcherServlet.doService(DispatcherServlet.java:942)
	at org.springframework.web.servlet.FrameworkServlet.processRequest(FrameworkServlet.java:1005)
	at org.springframework.web.servlet.FrameworkServlet.doPost(FrameworkServlet.java:908)
	at javax.servlet.http.HttpServlet.service(HttpServlet.java:648)
	at org.springframework.web.servlet.FrameworkServlet.service(FrameworkServlet.java:882)
	at javax.servlet.http.HttpServlet.service(HttpServlet.java:729)
	at org.apache.catalina.core.ApplicationFilterChain.internalDoFilter(ApplicationFilterChain.java:292)
	at org.apache.catalina.core.ApplicationFilterChain.doFilter(ApplicationFilterChain.java:207)
	at org.apache.tomcat.websocket.server.WsFilter.doFilter(WsFilter.java:52)
	at org.apache.catalina.core.ApplicationFilterChain.internalDoFilter(ApplicationFilterChain.java:240)
	at org.apache.catalina.core.ApplicationFilterChain.doFilter(ApplicationFilterChain.java:207)
	at org.springframework.web.filter.CharacterEncodingFilter.doFilterInternal(CharacterEncodingFilter.java:200)
	at org.springframework.web.filter.OncePerRequestFilter.doFilter(OncePerRequestFilter.java:118)
	at org.apache.catalina.core.ApplicationFilterChain.internalDoFilter(ApplicationFilterChain.java:240)
	at org.apache.catalina.core.ApplicationFilterChain.doFilter(ApplicationFilterChain.java:207)
	at org.apache.catalina.core.StandardWrapperValve.invoke(StandardWrapperValve.java:212)
	at org.apache.catalina.core.StandardContextValve.invoke(StandardContextValve.java:94)
	at org.apache.catalina.core.StandardHostValve.invoke(StandardHostValve.java:141)
	at org.apache.catalina.valves.ErrorReportValve.invoke(ErrorReportValve.java:79)
	at org.apache.catalina.core.StandardEngineValve.invoke(StandardEngineValve.java:88)
	at org.apache.catalina.connector.CoyoteAdapter.service(CoyoteAdapter.java:502)
	at org.apache.coyote.http11.AbstractHttp11Processor.process(AbstractHttp11Processor.java:1132)
	at org.apache.coyote.AbstractProtocol$AbstractConnectionHandler.process(AbstractProtocol.java:684)
	at org.apache.tomcat.util.net.NioEndpoint$SocketProcessor.doRun(NioEndpoint.java:1539)
	at org.apache.tomcat.util.net.NioEndpoint$SocketProcessor.run(NioEndpoint.java:1495)
	at java.util.concurrent.ThreadPoolExecutor.runWorker(ThreadPoolExecutor.java:1142)
	at java.util.concurrent.ThreadPoolExecutor$Worker.run(ThreadPoolExecutor.java:617)
	at org.apache.tomcat.util.threads.TaskThread$WrappingRunnable.run(TaskThread.java:61)
	at java.lang.Thread.run(Thread.java:745)

13-Jun-2023 12:04:32.570 심각 [http-nio-8855-exec-240] org.apache.catalina.core.StandardWrapperValve.invoke Servlet.service() for servlet [appServlet] in context with path [] threw exception [Request processing failed; nested exception is org.mybatis.spring.MyBatisSystemException: nested exception is org.apache.ibatis.exceptions.PersistenceException: 
### Error querying database.  Cause: org.springframework.jdbc.CannotGetJdbcConnectionException: Failed to obtain JDBC Connection; nested exception is com.microsoft.sqlserver.jdbc.SQLServerException: 호스트 61.32.101.234, 포트 1433에 대한 TCP/IP 연결에 실패했습니다. 오류: "connect timed out. 연결 속성을 확인하십시오. SQL Server의 인스턴스가 호스트에서 실행되고 있고 포트에서 TCP/IP 연결을 허용하고 있는지 확인하십시오. 또한 방화벽에서 포트로의 TCP 연결을 차단하지 않는지 확인하십시오.".
### The error may exist in com/daejist/login/mapper/LoginMapper.xml
### The error may involve com.daejist.login.mapper.LoginMapper.LoginMember
### The error occurred while executing a query
### Cause: org.springframework.jdbc.CannotGetJdbcConnectionException: Failed to obtain JDBC Connection; nested exception is com.microsoft.sqlserver.jdbc.SQLServerException: 호스트 61.32.101.234, 포트 1433에 대한 TCP/IP 연결에 실패했습니다. 오류: "connect timed out. 연결 속성을 확인하십시오. SQL Server의 인스턴스가 호스트에서 실행되고 있고 포트에서 TCP/IP 연결을 허용하고 있는지 확인하십시오. 또한 방화벽에서 포트로의 TCP 연결을 차단하지 않는지 확인하십시오.".] with root cause
 com.microsoft.sqlserver.jdbc.SQLServerException: 호스트 61.32.101.234, 포트 1433에 대한 TCP/IP 연결에 실패했습니다. 오류: "connect timed out. 연결 속성을 확인하십시오. SQL Server의 인스턴스가 호스트에서 실행되고 있고 포트에서 TCP/IP 연결을 허용하고 있는지 확인하십시오. 또한 방화벽에서 포트로의 TCP 연결을 차단하지 않는지 확인하십시오.".
	at com.microsoft.sqlserver.jdbc.SQLServerException.makeFromDriverError(SQLServerException.java:234)
	at com.microsoft.sqlserver.jdbc.SQLServerException.ConvertConnectExceptionToSQLServerException(SQLServerException.java:285)
	at com.microsoft.sqlserver.jdbc.SocketFinder.findSocket(IOBuffer.java:2462)
	at com.microsoft.sqlserver.jdbc.TDSChannel.open(IOBuffer.java:668)
	at com.microsoft.sqlserver.jdbc.SQLServerConnection.connectHelper(SQLServerConnection.java:2695)
	at com.microsoft.sqlserver.jdbc.SQLServerConnection.login(SQLServerConnection.java:2362)
	at com.microsoft.sqlserver.jdbc.SQLServerConnection.connectInternal(SQLServerConnection.java:2213)
	at com.microsoft.sqlserver.jdbc.SQLServerConnection.connect(SQLServerConnection.java:1276)
	at com.microsoft.sqlserver.jdbc.SQLServerDriver.connect(SQLServerDriver.java:861)
	at org.apache.commons.dbcp.DriverConnectionFactory.createConnection(DriverConnectionFactory.java:38)
	at org.apache.commons.dbcp.PoolableConnectionFactory.makeObject(PoolableConnectionFactory.java:582)
	at org.apache.commons.pool.impl.GenericObjectPool.borrowObject(GenericObjectPool.java:1148)
	at org.apache.commons.dbcp.PoolingDataSource.getConnection(PoolingDataSource.java:106)
	at org.apache.commons.dbcp.BasicDataSource.getConnection(BasicDataSource.java:1044)
	at org.springframework.jdbc.datasource.DataSourceUtils.fetchConnection(DataSourceUtils.java:157)
	at org.springframework.jdbc.datasource.DataSourceUtils.doGetConnection(DataSourceUtils.java:115)
	at org.springframework.jdbc.datasource.DataSourceUtils.getConnection(DataSourceUtils.java:78)
	at org.mybatis.spring.transaction.SpringManagedTransaction.openConnection(SpringManagedTransaction.java:80)
	at org.mybatis.spring.transaction.SpringManagedTransaction.getConnection(SpringManagedTransaction.java:67)
	at org.apache.ibatis.executor.BaseExecutor.getConnection(BaseExecutor.java:336)
	at org.apache.ibatis.executor.SimpleExecutor.prepareStatement(SimpleExecutor.java:85)
	at org.apache.ibatis.executor.SimpleExecutor.doQuery(SimpleExecutor.java:62)
	at org.apache.ibatis.executor.BaseExecutor.queryFromDatabase(BaseExecutor.java:324)
	at org.apache.ibatis.executor.BaseExecutor.query(BaseExecutor.java:156)
	at org.apache.ibatis.executor.CachingExecutor.query(CachingExecutor.java:109)
	at org.apache.ibatis.executor.CachingExecutor.query(CachingExecutor.java:83)
	at org.apache.ibatis.session.defaults.DefaultSqlSession.selectList(DefaultSqlSession.java:147)
	at org.apache.ibatis.session.defaults.DefaultSqlSession.selectList(DefaultSqlSession.java:140)
	at org.apache.ibatis.session.defaults.DefaultSqlSession.selectOne(DefaultSqlSession.java:76)
	at sun.reflect.GeneratedMethodAccessor1266.invoke(Unknown Source)
	at sun.reflect.DelegatingMethodAccessorImpl.invoke(DelegatingMethodAccessorImpl.java:43)
	at java.lang.reflect.Method.invoke(Method.java:498)
	at org.mybatis.spring.SqlSessionTemplate$SqlSessionInterceptor.invoke(SqlSessionTemplate.java:426)
	at com.sun.proxy.$Proxy366.selectOne(Unknown Source)
	at org.mybatis.spring.SqlSessionTemplate.selectOne(SqlSessionTemplate.java:159)
	at org.apache.ibatis.binding.MapperMethod.execute(MapperMethod.java:87)
	at org.apache.ibatis.binding.MapperProxy.invoke(MapperProxy.java:57)
	at com.sun.proxy.$Proxy368.LoginMember(Unknown Source)
	at com.daejist.login.service.LoginServiceImp.LoginCheck(LoginServiceImp.java:29)
	at com.daejist.login.controller.LoginController.getLogin(LoginController.java:98)
	at sun.reflect.GeneratedMethodAccessor1348.invoke(Unknown Source)
	at sun.reflect.DelegatingMethodAccessorImpl.invoke(DelegatingMethodAccessorImpl.java:43)
	at java.lang.reflect.Method.invoke(Method.java:498)
	at org.springframework.web.method.support.InvocableHandlerMethod.doInvoke(InvocableHandlerMethod.java:190)
	at org.springframework.web.method.support.InvocableHandlerMethod.invokeForRequest(InvocableHandlerMethod.java:138)
	at org.springframework.web.servlet.mvc.method.annotation.ServletInvocableHandlerMethod.invokeAndHandle(ServletInvocableHandlerMethod.java:104)
	at org.springframework.web.servlet.mvc.method.annotation.RequestMappingHandlerAdapter.invokeHandlerMethod(RequestMappingHandlerAdapter.java:892)
	at org.springframework.web.servlet.mvc.method.annotation.RequestMappingHandlerAdapter.handleInternal(RequestMappingHandlerAdapter.java:797)
	at org.springframework.web.servlet.mvc.method.AbstractHandlerMethodAdapter.handle(AbstractHandlerMethodAdapter.java:87)
	at org.springframework.web.servlet.DispatcherServlet.doDispatch(DispatcherServlet.java:1039)
	at org.springframework.web.servlet.DispatcherServlet.doService(DispatcherServlet.java:942)
	at org.springframework.web.servlet.FrameworkServlet.processRequest(FrameworkServlet.java:1005)
	at org.springframework.web.servlet.FrameworkServlet.doPost(FrameworkServlet.java:908)
	at javax.servlet.http.HttpServlet.service(HttpServlet.java:648)
	at org.springframework.web.servlet.FrameworkServlet.service(FrameworkServlet.java:882)
	at javax.servlet.http.HttpServlet.service(HttpServlet.java:729)
	at org.apache.catalina.core.ApplicationFilterChain.internalDoFilter(ApplicationFilterChain.java:292)
	at org.apache.catalina.core.ApplicationFilterChain.doFilter(ApplicationFilterChain.java:207)
	at org.apache.tomcat.websocket.server.WsFilter.doFilter(WsFilter.java:52)
	at org.apache.catalina.core.ApplicationFilterChain.internalDoFilter(ApplicationFilterChain.java:240)
	at org.apache.catalina.core.ApplicationFilterChain.doFilter(ApplicationFilterChain.java:207)
	at org.springframework.web.filter.CharacterEncodingFilter.doFilterInternal(CharacterEncodingFilter.java:200)
	at org.springframework.web.filter.OncePerRequestFilter.doFilter(OncePerRequestFilter.java:118)
	at org.apache.catalina.core.ApplicationFilterChain.internalDoFilter(ApplicationFilterChain.java:240)
	at org.apache.catalina.core.ApplicationFilterChain.doFilter(ApplicationFilterChain.java:207)
	at org.apache.catalina.core.StandardWrapperValve.invoke(StandardWrapperValve.java:212)
	at org.apache.catalina.core.StandardContextValve.invoke(StandardContextValve.java:94)
	at org.apache.catalina.core.StandardHostValve.invoke(StandardHostValve.java:141)
	at org.apache.catalina.valves.ErrorReportValve.invoke(ErrorReportValve.java:79)
	at org.apache.catalina.core.StandardEngineValve.invoke(StandardEngineValve.java:88)
	at org.apache.catalina.connector.CoyoteAdapter.service(CoyoteAdapter.java:502)
	at org.apache.coyote.http11.AbstractHttp11Processor.process(AbstractHttp11Processor.java:1132)
	at org.apache.coyote.AbstractProtocol$AbstractConnectionHandler.process(AbstractProtocol.java:684)
	at org.apache.tomcat.util.net.NioEndpoint$SocketProcessor.doRun(NioEndpoint.java:1539)
	at org.apache.tomcat.util.net.NioEndpoint$SocketProcessor.run(NioEndpoint.java:1495)
	at java.util.concurrent.ThreadPoolExecutor.runWorker(ThreadPoolExecutor.java:1142)
	at java.util.concurrent.ThreadPoolExecutor$Worker.run(ThreadPoolExecutor.java:617)
	at org.apache.tomcat.util.threads.TaskThread$WrappingRunnable.run(TaskThread.java:61)
	at java.lang.Thread.run(Thread.java:745)

13-Jun-2023 12:04:34.219 심각 [http-nio-8855-exec-241] org.apache.catalina.core.StandardWrapperValve.invoke Servlet.service() for servlet [appServlet] in context with path [] threw exception [Request processing failed; nested exception is org.mybatis.spring.MyBatisSystemException: nested exception is org.apache.ibatis.exceptions.PersistenceException: 
### Error querying database.  Cause: org.springframework.jdbc.CannotGetJdbcConnectionException: Failed to obtain JDBC Connection; nested exception is com.microsoft.sqlserver.jdbc.SQLServerException: 호스트 61.32.101.234, 포트 1433에 대한 TCP/IP 연결에 실패했습니다. 오류: "connect timed out. 연결 속성을 확인하십시오. SQL Server의 인스턴스가 호스트에서 실행되고 있고 포트에서 TCP/IP 연결을 허용하고 있는지 확인하십시오. 또한 방화벽에서 포트로의 TCP 연결을 차단하지 않는지 확인하십시오.".
### The error may exist in com/daejist/login/mapper/LoginMapper.xml
### The error may involve com.daejist.login.mapper.LoginMapper.LoginMember
### The error occurred while executing a query
### Cause: org.springframework.jdbc.CannotGetJdbcConnectionException: Failed to obtain JDBC Connection; nested exception is com.microsoft.sqlserver.jdbc.SQLServerException: 호스트 61.32.101.234, 포트 1433에 대한 TCP/IP 연결에 실패했습니다. 오류: "connect timed out. 연결 속성을 확인하십시오. SQL Server의 인스턴스가 호스트에서 실행되고 있고 포트에서 TCP/IP 연결을 허용하고 있는지 확인하십시오. 또한 방화벽에서 포트로의 TCP 연결을 차단하지 않는지 확인하십시오.".] with root cause
 com.microsoft.sqlserver.jdbc.SQLServerException: 호스트 61.32.101.234, 포트 1433에 대한 TCP/IP 연결에 실패했습니다. 오류: "connect timed out. 연결 속성을 확인하십시오. SQL Server의 인스턴스가 호스트에서 실행되고 있고 포트에서 TCP/IP 연결을 허용하고 있는지 확인하십시오. 또한 방화벽에서 포트로의 TCP 연결을 차단하지 않는지 확인하십시오.".
	at com.microsoft.sqlserver.jdbc.SQLServerException.makeFromDriverError(SQLServerException.java:234)
	at com.microsoft.sqlserver.jdbc.SQLServerException.ConvertConnectExceptionToSQLServerException(SQLServerException.java:285)
	at com.microsoft.sqlserver.jdbc.SocketFinder.findSocket(IOBuffer.java:2462)
	at com.microsoft.sqlserver.jdbc.TDSChannel.open(IOBuffer.java:668)
	at com.microsoft.sqlserver.jdbc.SQLServerConnection.connectHelper(SQLServerConnection.java:2695)
	at com.microsoft.sqlserver.jdbc.SQLServerConnection.login(SQLServerConnection.java:2362)
	at com.microsoft.sqlserver.jdbc.SQLServerConnection.connectInternal(SQLServerConnection.java:2213)
	at com.microsoft.sqlserver.jdbc.SQLServerConnection.connect(SQLServerConnection.java:1276)
	at com.microsoft.sqlserver.jdbc.SQLServerDriver.connect(SQLServerDriver.java:861)
	at org.apache.commons.dbcp.DriverConnectionFactory.createConnection(DriverConnectionFactory.java:38)
	at org.apache.commons.dbcp.PoolableConnectionFactory.makeObject(PoolableConnectionFactory.java:582)
	at org.apache.commons.pool.impl.GenericObjectPool.borrowObject(GenericObjectPool.java:1148)
	at org.apache.commons.dbcp.PoolingDataSource.getConnection(PoolingDataSource.java:106)
	at org.apache.commons.dbcp.BasicDataSource.getConnection(BasicDataSource.java:1044)
	at org.springframework.jdbc.datasource.DataSourceUtils.fetchConnection(DataSourceUtils.java:157)
	at org.springframework.jdbc.datasource.DataSourceUtils.doGetConnection(DataSourceUtils.java:115)
	at org.springframework.jdbc.datasource.DataSourceUtils.getConnection(DataSourceUtils.java:78)
	at org.mybatis.spring.transaction.SpringManagedTransaction.openConnection(SpringManagedTransaction.java:80)
	at org.mybatis.spring.transaction.SpringManagedTransaction.getConnection(SpringManagedTransaction.java:67)
	at org.apache.ibatis.executor.BaseExecutor.getConnection(BaseExecutor.java:336)
	at org.apache.ibatis.executor.SimpleExecutor.prepareStatement(SimpleExecutor.java:85)
	at org.apache.ibatis.executor.SimpleExecutor.doQuery(SimpleExecutor.java:62)
	at org.apache.ibatis.executor.BaseExecutor.queryFromDatabase(BaseExecutor.java:324)
	at org.apache.ibatis.executor.BaseExecutor.query(BaseExecutor.java:156)
	at org.apache.ibatis.executor.CachingExecutor.query(CachingExecutor.java:109)
	at org.apache.ibatis.executor.CachingExecutor.query(CachingExecutor.java:83)
	at org.apache.ibatis.session.defaults.DefaultSqlSession.selectList(DefaultSqlSession.java:147)
	at org.apache.ibatis.session.defaults.DefaultSqlSession.selectList(DefaultSqlSession.java:140)
	at org.apache.ibatis.session.defaults.DefaultSqlSession.selectOne(DefaultSqlSession.java:76)
	at sun.reflect.GeneratedMethodAccessor1266.invoke(Unknown Source)
	at sun.reflect.DelegatingMethodAccessorImpl.invoke(DelegatingMethodAccessorImpl.java:43)
	at java.lang.reflect.Method.invoke(Method.java:498)
	at org.mybatis.spring.SqlSessionTemplate$SqlSessionInterceptor.invoke(SqlSessionTemplate.java:426)
	at com.sun.proxy.$Proxy366.selectOne(Unknown Source)
	at org.mybatis.spring.SqlSessionTemplate.selectOne(SqlSessionTemplate.java:159)
	at org.apache.ibatis.binding.MapperMethod.execute(MapperMethod.java:87)
	at org.apache.ibatis.binding.MapperProxy.invoke(MapperProxy.java:57)
	at com.sun.proxy.$Proxy368.LoginMember(Unknown Source)
	at com.daejist.login.service.LoginServiceImp.LoginCheck(LoginServiceImp.java:29)
	at com.daejist.login.controller.LoginController.getLogin(LoginController.java:98)
	at sun.reflect.GeneratedMethodAccessor1348.invoke(Unknown Source)
	at sun.reflect.DelegatingMethodAccessorImpl.invoke(DelegatingMethodAccessorImpl.java:43)
	at java.lang.reflect.Method.invoke(Method.java:498)
	at org.springframework.web.method.support.InvocableHandlerMethod.doInvoke(InvocableHandlerMethod.java:190)
	at org.springframework.web.method.support.InvocableHandlerMethod.invokeForRequest(InvocableHandlerMethod.java:138)
	at org.springframework.web.servlet.mvc.method.annotation.ServletInvocableHandlerMethod.invokeAndHandle(ServletInvocableHandlerMethod.java:104)
	at org.springframework.web.servlet.mvc.method.annotation.RequestMappingHandlerAdapter.invokeHandlerMethod(RequestMappingHandlerAdapter.java:892)
	at org.springframework.web.servlet.mvc.method.annotation.RequestMappingHandlerAdapter.handleInternal(RequestMappingHandlerAdapter.java:797)
	at org.springframework.web.servlet.mvc.method.AbstractHandlerMethodAdapter.handle(AbstractHandlerMethodAdapter.java:87)
	at org.springframework.web.servlet.DispatcherServlet.doDispatch(DispatcherServlet.java:1039)
	at org.springframework.web.servlet.DispatcherServlet.doService(DispatcherServlet.java:942)
	at org.springframework.web.servlet.FrameworkServlet.processRequest(FrameworkServlet.java:1005)
	at org.springframework.web.servlet.FrameworkServlet.doPost(FrameworkServlet.java:908)
	at javax.servlet.http.HttpServlet.service(HttpServlet.java:648)
	at org.springframework.web.servlet.FrameworkServlet.service(FrameworkServlet.java:882)
	at javax.servlet.http.HttpServlet.service(HttpServlet.java:729)
	at org.apache.catalina.core.ApplicationFilterChain.internalDoFilter(ApplicationFilterChain.java:292)
	at org.apache.catalina.core.ApplicationFilterChain.doFilter(ApplicationFilterChain.java:207)
	at org.apache.tomcat.websocket.server.WsFilter.doFilter(WsFilter.java:52)
	at org.apache.catalina.core.ApplicationFilterChain.internalDoFilter(ApplicationFilterChain.java:240)
	at org.apache.catalina.core.ApplicationFilterChain.doFilter(ApplicationFilterChain.java:207)
	at org.springframework.web.filter.CharacterEncodingFilter.doFilterInternal(CharacterEncodingFilter.java:200)
	at org.springframework.web.filter.OncePerRequestFilter.doFilter(OncePerRequestFilter.java:118)
	at org.apache.catalina.core.ApplicationFilterChain.internalDoFilter(ApplicationFilterChain.java:240)
	at org.apache.catalina.core.ApplicationFilterChain.doFilter(ApplicationFilterChain.java:207)
	at org.apache.catalina.core.StandardWrapperValve.invoke(StandardWrapperValve.java:212)
	at org.apache.catalina.core.StandardContextValve.invoke(StandardContextValve.java:94)
	at org.apache.catalina.core.StandardHostValve.invoke(StandardHostValve.java:141)
	at org.apache.catalina.valves.ErrorReportValve.invoke(ErrorReportValve.java:79)
	at org.apache.catalina.core.StandardEngineValve.invoke(StandardEngineValve.java:88)
	at org.apache.catalina.connector.CoyoteAdapter.service(CoyoteAdapter.java:502)
	at org.apache.coyote.http11.AbstractHttp11Processor.process(AbstractHttp11Processor.java:1132)
	at org.apache.coyote.AbstractProtocol$AbstractConnectionHandler.process(AbstractProtocol.java:684)
	at org.apache.tomcat.util.net.NioEndpoint$SocketProcessor.doRun(NioEndpoint.java:1539)
	at org.apache.tomcat.util.net.NioEndpoint$SocketProcessor.run(NioEndpoint.java:1495)
	at java.util.concurrent.ThreadPoolExecutor.runWorker(ThreadPoolExecutor.java:1142)
	at java.util.concurrent.ThreadPoolExecutor$Worker.run(ThreadPoolExecutor.java:617)
	at org.apache.tomcat.util.threads.TaskThread$WrappingRunnable.run(TaskThread.java:61)
	at java.lang.Thread.run(Thread.java:745)

13-Jun-2023 12:04:36.010 심각 [http-nio-8855-exec-242] org.apache.catalina.core.StandardWrapperValve.invoke Servlet.service() for servlet [appServlet] in context with path [] threw exception [Request processing failed; nested exception is org.mybatis.spring.MyBatisSystemException: nested exception is org.apache.ibatis.exceptions.PersistenceException: 
### Error querying database.  Cause: org.springframework.jdbc.CannotGetJdbcConnectionException: Failed to obtain JDBC Connection; nested exception is com.microsoft.sqlserver.jdbc.SQLServerException: 호스트 61.32.101.234, 포트 1433에 대한 TCP/IP 연결에 실패했습니다. 오류: "connect timed out. 연결 속성을 확인하십시오. SQL Server의 인스턴스가 호스트에서 실행되고 있고 포트에서 TCP/IP 연결을 허용하고 있는지 확인하십시오. 또한 방화벽에서 포트로의 TCP 연결을 차단하지 않는지 확인하십시오.".
### The error may exist in com/daejist/login/mapper/LoginMapper.xml
### The error may involve com.daejist.login.mapper.LoginMapper.LoginMember
### The error occurred while executing a query
### Cause: org.springframework.jdbc.CannotGetJdbcConnectionException: Failed to obtain JDBC Connection; nested exception is com.microsoft.sqlserver.jdbc.SQLServerException: 호스트 61.32.101.234, 포트 1433에 대한 TCP/IP 연결에 실패했습니다. 오류: "connect timed out. 연결 속성을 확인하십시오. SQL Server의 인스턴스가 호스트에서 실행되고 있고 포트에서 TCP/IP 연결을 허용하고 있는지 확인하십시오. 또한 방화벽에서 포트로의 TCP 연결을 차단하지 않는지 확인하십시오.".] with root cause
 com.microsoft.sqlserver.jdbc.SQLServerException: 호스트 61.32.101.234, 포트 1433에 대한 TCP/IP 연결에 실패했습니다. 오류: "connect timed out. 연결 속성을 확인하십시오. SQL Server의 인스턴스가 호스트에서 실행되고 있고 포트에서 TCP/IP 연결을 허용하고 있는지 확인하십시오. 또한 방화벽에서 포트로의 TCP 연결을 차단하지 않는지 확인하십시오.".
	at com.microsoft.sqlserver.jdbc.SQLServerException.makeFromDriverError(SQLServerException.java:234)
	at com.microsoft.sqlserver.jdbc.SQLServerException.ConvertConnectExceptionToSQLServerException(SQLServerException.java:285)
	at com.microsoft.sqlserver.jdbc.SocketFinder.findSocket(IOBuffer.java:2462)
	at com.microsoft.sqlserver.jdbc.TDSChannel.open(IOBuffer.java:668)
	at com.microsoft.sqlserver.jdbc.SQLServerConnection.connectHelper(SQLServerConnection.java:2695)
	at com.microsoft.sqlserver.jdbc.SQLServerConnection.login(SQLServerConnection.java:2362)
	at com.microsoft.sqlserver.jdbc.SQLServerConnection.connectInternal(SQLServerConnection.java:2213)
	at com.microsoft.sqlserver.jdbc.SQLServerConnection.connect(SQLServerConnection.java:1276)
	at com.microsoft.sqlserver.jdbc.SQLServerDriver.connect(SQLServerDriver.java:861)
	at org.apache.commons.dbcp.DriverConnectionFactory.createConnection(DriverConnectionFactory.java:38)
	at org.apache.commons.dbcp.PoolableConnectionFactory.makeObject(PoolableConnectionFactory.java:582)
	at org.apache.commons.pool.impl.GenericObjectPool.borrowObject(GenericObjectPool.java:1148)
	at org.apache.commons.dbcp.PoolingDataSource.getConnection(PoolingDataSource.java:106)
	at org.apache.commons.dbcp.BasicDataSource.getConnection(BasicDataSource.java:1044)
	at org.springframework.jdbc.datasource.DataSourceUtils.fetchConnection(DataSourceUtils.java:157)
	at org.springframework.jdbc.datasource.DataSourceUtils.doGetConnection(DataSourceUtils.java:115)
	at org.springframework.jdbc.datasource.DataSourceUtils.getConnection(DataSourceUtils.java:78)
	at org.mybatis.spring.transaction.SpringManagedTransaction.openConnection(SpringManagedTransaction.java:80)
	at org.mybatis.spring.transaction.SpringManagedTransaction.getConnection(SpringManagedTransaction.java:67)
	at org.apache.ibatis.executor.BaseExecutor.getConnection(BaseExecutor.java:336)
	at org.apache.ibatis.executor.SimpleExecutor.prepareStatement(SimpleExecutor.java:85)
	at org.apache.ibatis.executor.SimpleExecutor.doQuery(SimpleExecutor.java:62)
	at org.apache.ibatis.executor.BaseExecutor.queryFromDatabase(BaseExecutor.java:324)
	at org.apache.ibatis.executor.BaseExecutor.query(BaseExecutor.java:156)
	at org.apache.ibatis.executor.CachingExecutor.query(CachingExecutor.java:109)
	at org.apache.ibatis.executor.CachingExecutor.query(CachingExecutor.java:83)
	at org.apache.ibatis.session.defaults.DefaultSqlSession.selectList(DefaultSqlSession.java:147)
	at org.apache.ibatis.session.defaults.DefaultSqlSession.selectList(DefaultSqlSession.java:140)
	at org.apache.ibatis.session.defaults.DefaultSqlSession.selectOne(DefaultSqlSession.java:76)
	at sun.reflect.GeneratedMethodAccessor1266.invoke(Unknown Source)
	at sun.reflect.DelegatingMethodAccessorImpl.invoke(DelegatingMethodAccessorImpl.java:43)
	at java.lang.reflect.Method.invoke(Method.java:498)
	at org.mybatis.spring.SqlSessionTemplate$SqlSessionInterceptor.invoke(SqlSessionTemplate.java:426)
	at com.sun.proxy.$Proxy366.selectOne(Unknown Source)
	at org.mybatis.spring.SqlSessionTemplate.selectOne(SqlSessionTemplate.java:159)
	at org.apache.ibatis.binding.MapperMethod.execute(MapperMethod.java:87)
	at org.apache.ibatis.binding.MapperProxy.invoke(MapperProxy.java:57)
	at com.sun.proxy.$Proxy368.LoginMember(Unknown Source)
	at com.daejist.login.service.LoginServiceImp.LoginCheck(LoginServiceImp.java:29)
	at com.daejist.login.controller.LoginController.getLogin(LoginController.java:98)
	at sun.reflect.GeneratedMethodAccessor1348.invoke(Unknown Source)
	at sun.reflect.DelegatingMethodAccessorImpl.invoke(DelegatingMethodAccessorImpl.java:43)
	at java.lang.reflect.Method.invoke(Method.java:498)
	at org.springframework.web.method.support.InvocableHandlerMethod.doInvoke(InvocableHandlerMethod.java:190)
	at org.springframework.web.method.support.InvocableHandlerMethod.invokeForRequest(InvocableHandlerMethod.java:138)
	at org.springframework.web.servlet.mvc.method.annotation.ServletInvocableHandlerMethod.invokeAndHandle(ServletInvocableHandlerMethod.java:104)
	at org.springframework.web.servlet.mvc.method.annotation.RequestMappingHandlerAdapter.invokeHandlerMethod(RequestMappingHandlerAdapter.java:892)
	at org.springframework.web.servlet.mvc.method.annotation.RequestMappingHandlerAdapter.handleInternal(RequestMappingHandlerAdapter.java:797)
	at org.springframework.web.servlet.mvc.method.AbstractHandlerMethodAdapter.handle(AbstractHandlerMethodAdapter.java:87)
	at org.springframework.web.servlet.DispatcherServlet.doDispatch(DispatcherServlet.java:1039)
	at org.springframework.web.servlet.DispatcherServlet.doService(DispatcherServlet.java:942)
	at org.springframework.web.servlet.FrameworkServlet.processRequest(FrameworkServlet.java:1005)
	at org.springframework.web.servlet.FrameworkServlet.doPost(FrameworkServlet.java:908)
	at javax.servlet.http.HttpServlet.service(HttpServlet.java:648)
	at org.springframework.web.servlet.FrameworkServlet.service(FrameworkServlet.java:882)
	at javax.servlet.http.HttpServlet.service(HttpServlet.java:729)
	at org.apache.catalina.core.ApplicationFilterChain.internalDoFilter(ApplicationFilterChain.java:292)
	at org.apache.catalina.core.ApplicationFilterChain.doFilter(ApplicationFilterChain.java:207)
	at org.apache.tomcat.websocket.server.WsFilter.doFilter(WsFilter.java:52)
	at org.apache.catalina.core.ApplicationFilterChain.internalDoFilter(ApplicationFilterChain.java:240)
	at org.apache.catalina.core.ApplicationFilterChain.doFilter(ApplicationFilterChain.java:207)
	at org.springframework.web.filter.CharacterEncodingFilter.doFilterInternal(CharacterEncodingFilter.java:200)
	at org.springframework.web.filter.OncePerRequestFilter.doFilter(OncePerRequestFilter.java:118)
	at org.apache.catalina.core.ApplicationFilterChain.internalDoFilter(ApplicationFilterChain.java:240)
	at org.apache.catalina.core.ApplicationFilterChain.doFilter(ApplicationFilterChain.java:207)
	at org.apache.catalina.core.StandardWrapperValve.invoke(StandardWrapperValve.java:212)
	at org.apache.catalina.core.StandardContextValve.invoke(StandardContextValve.java:94)
	at org.apache.catalina.core.StandardHostValve.invoke(StandardHostValve.java:141)
	at org.apache.catalina.valves.ErrorReportValve.invoke(ErrorReportValve.java:79)
	at org.apache.catalina.core.StandardEngineValve.invoke(StandardEngineValve.java:88)
	at org.apache.catalina.connector.CoyoteAdapter.service(CoyoteAdapter.java:502)
	at org.apache.coyote.http11.AbstractHttp11Processor.process(AbstractHttp11Processor.java:1132)
	at org.apache.coyote.AbstractProtocol$AbstractConnectionHandler.process(AbstractProtocol.java:684)
	at org.apache.tomcat.util.net.NioEndpoint$SocketProcessor.doRun(NioEndpoint.java:1539)
	at org.apache.tomcat.util.net.NioEndpoint$SocketProcessor.run(NioEndpoint.java:1495)
	at java.util.concurrent.ThreadPoolExecutor.runWorker(ThreadPoolExecutor.java:1142)
	at java.util.concurrent.ThreadPoolExecutor$Worker.run(ThreadPoolExecutor.java:617)
	at org.apache.tomcat.util.threads.TaskThread$WrappingRunnable.run(TaskThread.java:61)
	at java.lang.Thread.run(Thread.java:745)

13-Jun-2023 12:04:37.851 심각 [http-nio-8855-exec-243] org.apache.catalina.core.StandardWrapperValve.invoke Servlet.service() for servlet [appServlet] in context with path [] threw exception [Request processing failed; nested exception is org.mybatis.spring.MyBatisSystemException: nested exception is org.apache.ibatis.exceptions.PersistenceException: 
### Error querying database.  Cause: org.springframework.jdbc.CannotGetJdbcConnectionException: Failed to obtain JDBC Connection; nested exception is com.microsoft.sqlserver.jdbc.SQLServerException: 호스트 61.32.101.234, 포트 1433에 대한 TCP/IP 연결에 실패했습니다. 오류: "connect timed out. 연결 속성을 확인하십시오. SQL Server의 인스턴스가 호스트에서 실행되고 있고 포트에서 TCP/IP 연결을 허용하고 있는지 확인하십시오. 또한 방화벽에서 포트로의 TCP 연결을 차단하지 않는지 확인하십시오.".
### The error may exist in com/daejist/login/mapper/LoginMapper.xml
### The error may involve com.daejist.login.mapper.LoginMapper.LoginMember
### The error occurred while executing a query
### Cause: org.springframework.jdbc.CannotGetJdbcConnectionException: Failed to obtain JDBC Connection; nested exception is com.microsoft.sqlserver.jdbc.SQLServerException: 호스트 61.32.101.234, 포트 1433에 대한 TCP/IP 연결에 실패했습니다. 오류: "connect timed out. 연결 속성을 확인하십시오. SQL Server의 인스턴스가 호스트에서 실행되고 있고 포트에서 TCP/IP 연결을 허용하고 있는지 확인하십시오. 또한 방화벽에서 포트로의 TCP 연결을 차단하지 않는지 확인하십시오.".] with root cause
 com.microsoft.sqlserver.jdbc.SQLServerException: 호스트 61.32.101.234, 포트 1433에 대한 TCP/IP 연결에 실패했습니다. 오류: "connect timed out. 연결 속성을 확인하십시오. SQL Server의 인스턴스가 호스트에서 실행되고 있고 포트에서 TCP/IP 연결을 허용하고 있는지 확인하십시오. 또한 방화벽에서 포트로의 TCP 연결을 차단하지 않는지 확인하십시오.".
	at com.microsoft.sqlserver.jdbc.SQLServerException.makeFromDriverError(SQLServerException.java:234)
	at com.microsoft.sqlserver.jdbc.SQLServerException.ConvertConnectExceptionToSQLServerException(SQLServerException.java:285)
	at com.microsoft.sqlserver.jdbc.SocketFinder.findSocket(IOBuffer.java:2462)
	at com.microsoft.sqlserver.jdbc.TDSChannel.open(IOBuffer.java:668)
	at com.microsoft.sqlserver.jdbc.SQLServerConnection.connectHelper(SQLServerConnection.java:2695)
	at com.microsoft.sqlserver.jdbc.SQLServerConnection.login(SQLServerConnection.java:2362)
	at com.microsoft.sqlserver.jdbc.SQLServerConnection.connectInternal(SQLServerConnection.java:2213)
	at com.microsoft.sqlserver.jdbc.SQLServerConnection.connect(SQLServerConnection.java:1276)
	at com.microsoft.sqlserver.jdbc.SQLServerDriver.connect(SQLServerDriver.java:861)
	at org.apache.commons.dbcp.DriverConnectionFactory.createConnection(DriverConnectionFactory.java:38)
	at org.apache.commons.dbcp.PoolableConnectionFactory.makeObject(PoolableConnectionFactory.java:582)
	at org.apache.commons.pool.impl.GenericObjectPool.borrowObject(GenericObjectPool.java:1148)
	at org.apache.commons.dbcp.PoolingDataSource.getConnection(PoolingDataSource.java:106)
	at org.apache.commons.dbcp.BasicDataSource.getConnection(BasicDataSource.java:1044)
	at org.springframework.jdbc.datasource.DataSourceUtils.fetchConnection(DataSourceUtils.java:157)
	at org.springframework.jdbc.datasource.DataSourceUtils.doGetConnection(DataSourceUtils.java:115)
	at org.springframework.jdbc.datasource.DataSourceUtils.getConnection(DataSourceUtils.java:78)
	at org.mybatis.spring.transaction.SpringManagedTransaction.openConnection(SpringManagedTransaction.java:80)
	at org.mybatis.spring.transaction.SpringManagedTransaction.getConnection(SpringManagedTransaction.java:67)
	at org.apache.ibatis.executor.BaseExecutor.getConnection(BaseExecutor.java:336)
	at org.apache.ibatis.executor.SimpleExecutor.prepareStatement(SimpleExecutor.java:85)
	at org.apache.ibatis.executor.SimpleExecutor.doQuery(SimpleExecutor.java:62)
	at org.apache.ibatis.executor.BaseExecutor.queryFromDatabase(BaseExecutor.java:324)
	at org.apache.ibatis.executor.BaseExecutor.query(BaseExecutor.java:156)
	at org.apache.ibatis.executor.CachingExecutor.query(CachingExecutor.java:109)
	at org.apache.ibatis.executor.CachingExecutor.query(CachingExecutor.java:83)
	at org.apache.ibatis.session.defaults.DefaultSqlSession.selectList(DefaultSqlSession.java:147)
	at org.apache.ibatis.session.defaults.DefaultSqlSession.selectList(DefaultSqlSession.java:140)
	at org.apache.ibatis.session.defaults.DefaultSqlSession.selectOne(DefaultSqlSession.java:76)
	at sun.reflect.GeneratedMethodAccessor1266.invoke(Unknown Source)
	at sun.reflect.DelegatingMethodAccessorImpl.invoke(DelegatingMethodAccessorImpl.java:43)
	at java.lang.reflect.Method.invoke(Method.java:498)
	at org.mybatis.spring.SqlSessionTemplate$SqlSessionInterceptor.invoke(SqlSessionTemplate.java:426)
	at com.sun.proxy.$Proxy366.selectOne(Unknown Source)
	at org.mybatis.spring.SqlSessionTemplate.selectOne(SqlSessionTemplate.java:159)
	at org.apache.ibatis.binding.MapperMethod.execute(MapperMethod.java:87)
	at org.apache.ibatis.binding.MapperProxy.invoke(MapperProxy.java:57)
	at com.sun.proxy.$Proxy368.LoginMember(Unknown Source)
	at com.daejist.login.service.LoginServiceImp.LoginCheck(LoginServiceImp.java:29)
	at com.daejist.login.controller.LoginController.getLogin(LoginController.java:98)
	at sun.reflect.GeneratedMethodAccessor1348.invoke(Unknown Source)
	at sun.reflect.DelegatingMethodAccessorImpl.invoke(DelegatingMethodAccessorImpl.java:43)
	at java.lang.reflect.Method.invoke(Method.java:498)
	at org.springframework.web.method.support.InvocableHandlerMethod.doInvoke(InvocableHandlerMethod.java:190)
	at org.springframework.web.method.support.InvocableHandlerMethod.invokeForRequest(InvocableHandlerMethod.java:138)
	at org.springframework.web.servlet.mvc.method.annotation.ServletInvocableHandlerMethod.invokeAndHandle(ServletInvocableHandlerMethod.java:104)
	at org.springframework.web.servlet.mvc.method.annotation.RequestMappingHandlerAdapter.invokeHandlerMethod(RequestMappingHandlerAdapter.java:892)
	at org.springframework.web.servlet.mvc.method.annotation.RequestMappingHandlerAdapter.handleInternal(RequestMappingHandlerAdapter.java:797)
	at org.springframework.web.servlet.mvc.method.AbstractHandlerMethodAdapter.handle(AbstractHandlerMethodAdapter.java:87)
	at org.springframework.web.servlet.DispatcherServlet.doDispatch(DispatcherServlet.java:1039)
	at org.springframework.web.servlet.DispatcherServlet.doService(DispatcherServlet.java:942)
	at org.springframework.web.servlet.FrameworkServlet.processRequest(FrameworkServlet.java:1005)
	at org.springframework.web.servlet.FrameworkServlet.doPost(FrameworkServlet.java:908)
	at javax.servlet.http.HttpServlet.service(HttpServlet.java:648)
	at org.springframework.web.servlet.FrameworkServlet.service(FrameworkServlet.java:882)
	at javax.servlet.http.HttpServlet.service(HttpServlet.java:729)
	at org.apache.catalina.core.ApplicationFilterChain.internalDoFilter(ApplicationFilterChain.java:292)
	at org.apache.catalina.core.ApplicationFilterChain.doFilter(ApplicationFilterChain.java:207)
	at org.apache.tomcat.websocket.server.WsFilter.doFilter(WsFilter.java:52)
	at org.apache.catalina.core.ApplicationFilterChain.internalDoFilter(ApplicationFilterChain.java:240)
	at org.apache.catalina.core.ApplicationFilterChain.doFilter(ApplicationFilterChain.java:207)
	at org.springframework.web.filter.CharacterEncodingFilter.doFilterInternal(CharacterEncodingFilter.java:200)
	at org.springframework.web.filter.OncePerRequestFilter.doFilter(OncePerRequestFilter.java:118)
	at org.apache.catalina.core.ApplicationFilterChain.internalDoFilter(ApplicationFilterChain.java:240)
	at org.apache.catalina.core.ApplicationFilterChain.doFilter(ApplicationFilterChain.java:207)
	at org.apache.catalina.core.StandardWrapperValve.invoke(StandardWrapperValve.java:212)
	at org.apache.catalina.core.StandardContextValve.invoke(StandardContextValve.java:94)
	at org.apache.catalina.core.StandardHostValve.invoke(StandardHostValve.java:141)
	at org.apache.catalina.valves.ErrorReportValve.invoke(ErrorReportValve.java:79)
	at org.apache.catalina.core.StandardEngineValve.invoke(StandardEngineValve.java:88)
	at org.apache.catalina.connector.CoyoteAdapter.service(CoyoteAdapter.java:502)
	at org.apache.coyote.http11.AbstractHttp11Processor.process(AbstractHttp11Processor.java:1132)
	at org.apache.coyote.AbstractProtocol$AbstractConnectionHandler.process(AbstractProtocol.java:684)
	at org.apache.tomcat.util.net.NioEndpoint$SocketProcessor.doRun(NioEndpoint.java:1539)
	at org.apache.tomcat.util.net.NioEndpoint$SocketProcessor.run(NioEndpoint.java:1495)
	at java.util.concurrent.ThreadPoolExecutor.runWorker(ThreadPoolExecutor.java:1142)
	at java.util.concurrent.ThreadPoolExecutor$Worker.run(ThreadPoolExecutor.java:617)
	at org.apache.tomcat.util.threads.TaskThread$WrappingRunnable.run(TaskThread.java:61)
	at java.lang.Thread.run(Thread.java:745)

13-Jun-2023 12:04:38.687 심각 [http-nio-8855-exec-244] org.apache.catalina.core.StandardWrapperValve.invoke Servlet.service() for servlet [appServlet] in context with path [] threw exception [Request processing failed; nested exception is org.mybatis.spring.MyBatisSystemException: nested exception is org.apache.ibatis.exceptions.PersistenceException: 
### Error querying database.  Cause: org.springframework.jdbc.CannotGetJdbcConnectionException: Failed to obtain JDBC Connection; nested exception is com.microsoft.sqlserver.jdbc.SQLServerException: 호스트 61.32.101.234, 포트 1433에 대한 TCP/IP 연결에 실패했습니다. 오류: "connect timed out. 연결 속성을 확인하십시오. SQL Server의 인스턴스가 호스트에서 실행되고 있고 포트에서 TCP/IP 연결을 허용하고 있는지 확인하십시오. 또한 방화벽에서 포트로의 TCP 연결을 차단하지 않는지 확인하십시오.".
### The error may exist in com/daejist/login/mapper/LoginMapper.xml
### The error may involve com.daejist.login.mapper.LoginMapper.LoginMember
### The error occurred while executing a query
### Cause: org.springframework.jdbc.CannotGetJdbcConnectionException: Failed to obtain JDBC Connection; nested exception is com.microsoft.sqlserver.jdbc.SQLServerException: 호스트 61.32.101.234, 포트 1433에 대한 TCP/IP 연결에 실패했습니다. 오류: "connect timed out. 연결 속성을 확인하십시오. SQL Server의 인스턴스가 호스트에서 실행되고 있고 포트에서 TCP/IP 연결을 허용하고 있는지 확인하십시오. 또한 방화벽에서 포트로의 TCP 연결을 차단하지 않는지 확인하십시오.".] with root cause
 com.microsoft.sqlserver.jdbc.SQLServerException: 호스트 61.32.101.234, 포트 1433에 대한 TCP/IP 연결에 실패했습니다. 오류: "connect timed out. 연결 속성을 확인하십시오. SQL Server의 인스턴스가 호스트에서 실행되고 있고 포트에서 TCP/IP 연결을 허용하고 있는지 확인하십시오. 또한 방화벽에서 포트로의 TCP 연결을 차단하지 않는지 확인하십시오.".
	at com.microsoft.sqlserver.jdbc.SQLServerException.makeFromDriverError(SQLServerException.java:234)
	at com.microsoft.sqlserver.jdbc.SQLServerException.ConvertConnectExceptionToSQLServerException(SQLServerException.java:285)
	at com.microsoft.sqlserver.jdbc.SocketFinder.findSocket(IOBuffer.java:2462)
	at com.microsoft.sqlserver.jdbc.TDSChannel.open(IOBuffer.java:668)
	at com.microsoft.sqlserver.jdbc.SQLServerConnection.connectHelper(SQLServerConnection.java:2695)
	at com.microsoft.sqlserver.jdbc.SQLServerConnection.login(SQLServerConnection.java:2362)
	at com.microsoft.sqlserver.jdbc.SQLServerConnection.connectInternal(SQLServerConnection.java:2213)
	at com.microsoft.sqlserver.jdbc.SQLServerConnection.connect(SQLServerConnection.java:1276)
	at com.microsoft.sqlserver.jdbc.SQLServerDriver.connect(SQLServerDriver.java:861)
	at org.apache.commons.dbcp.DriverConnectionFactory.createConnection(DriverConnectionFactory.java:38)
	at org.apache.commons.dbcp.PoolableConnectionFactory.makeObject(PoolableConnectionFactory.java:582)
	at org.apache.commons.pool.impl.GenericObjectPool.borrowObject(GenericObjectPool.java:1148)
	at org.apache.commons.dbcp.PoolingDataSource.getConnection(PoolingDataSource.java:106)
	at org.apache.commons.dbcp.BasicDataSource.getConnection(BasicDataSource.java:1044)
	at org.springframework.jdbc.datasource.DataSourceUtils.fetchConnection(DataSourceUtils.java:157)
	at org.springframework.jdbc.datasource.DataSourceUtils.doGetConnection(DataSourceUtils.java:115)
	at org.springframework.jdbc.datasource.DataSourceUtils.getConnection(DataSourceUtils.java:78)
	at org.mybatis.spring.transaction.SpringManagedTransaction.openConnection(SpringManagedTransaction.java:80)
	at org.mybatis.spring.transaction.SpringManagedTransaction.getConnection(SpringManagedTransaction.java:67)
	at org.apache.ibatis.executor.BaseExecutor.getConnection(BaseExecutor.java:336)
	at org.apache.ibatis.executor.SimpleExecutor.prepareStatement(SimpleExecutor.java:85)
	at org.apache.ibatis.executor.SimpleExecutor.doQuery(SimpleExecutor.java:62)
	at org.apache.ibatis.executor.BaseExecutor.queryFromDatabase(BaseExecutor.java:324)
	at org.apache.ibatis.executor.BaseExecutor.query(BaseExecutor.java:156)
	at org.apache.ibatis.executor.CachingExecutor.query(CachingExecutor.java:109)
	at org.apache.ibatis.executor.CachingExecutor.query(CachingExecutor.java:83)
	at org.apache.ibatis.session.defaults.DefaultSqlSession.selectList(DefaultSqlSession.java:147)
	at org.apache.ibatis.session.defaults.DefaultSqlSession.selectList(DefaultSqlSession.java:140)
	at org.apache.ibatis.session.defaults.DefaultSqlSession.selectOne(DefaultSqlSession.java:76)
	at sun.reflect.GeneratedMethodAccessor1266.invoke(Unknown Source)
	at sun.reflect.DelegatingMethodAccessorImpl.invoke(DelegatingMethodAccessorImpl.java:43)
	at java.lang.reflect.Method.invoke(Method.java:498)
	at org.mybatis.spring.SqlSessionTemplate$SqlSessionInterceptor.invoke(SqlSessionTemplate.java:426)
	at com.sun.proxy.$Proxy366.selectOne(Unknown Source)
	at org.mybatis.spring.SqlSessionTemplate.selectOne(SqlSessionTemplate.java:159)
	at org.apache.ibatis.binding.MapperMethod.execute(MapperMethod.java:87)
	at org.apache.ibatis.binding.MapperProxy.invoke(MapperProxy.java:57)
	at com.sun.proxy.$Proxy368.LoginMember(Unknown Source)
	at com.daejist.login.service.LoginServiceImp.LoginCheck(LoginServiceImp.java:29)
	at com.daejist.login.controller.LoginController.getLogin(LoginController.java:98)
	at sun.reflect.GeneratedMethodAccessor1348.invoke(Unknown Source)
	at sun.reflect.DelegatingMethodAccessorImpl.invoke(DelegatingMethodAccessorImpl.java:43)
	at java.lang.reflect.Method.invoke(Method.java:498)
	at org.springframework.web.method.support.InvocableHandlerMethod.doInvoke(InvocableHandlerMethod.java:190)
	at org.springframework.web.method.support.InvocableHandlerMethod.invokeForRequest(InvocableHandlerMethod.java:138)
	at org.springframework.web.servlet.mvc.method.annotation.ServletInvocableHandlerMethod.invokeAndHandle(ServletInvocableHandlerMethod.java:104)
	at org.springframework.web.servlet.mvc.method.annotation.RequestMappingHandlerAdapter.invokeHandlerMethod(RequestMappingHandlerAdapter.java:892)
	at org.springframework.web.servlet.mvc.method.annotation.RequestMappingHandlerAdapter.handleInternal(RequestMappingHandlerAdapter.java:797)
	at org.springframework.web.servlet.mvc.method.AbstractHandlerMethodAdapter.handle(AbstractHandlerMethodAdapter.java:87)
	at org.springframework.web.servlet.DispatcherServlet.doDispatch(DispatcherServlet.java:1039)
	at org.springframework.web.servlet.DispatcherServlet.doService(DispatcherServlet.java:942)
	at org.springframework.web.servlet.FrameworkServlet.processRequest(FrameworkServlet.java:1005)
	at org.springframework.web.servlet.FrameworkServlet.doPost(FrameworkServlet.java:908)
	at javax.servlet.http.HttpServlet.service(HttpServlet.java:648)
	at org.springframework.web.servlet.FrameworkServlet.service(FrameworkServlet.java:882)
	at javax.servlet.http.HttpServlet.service(HttpServlet.java:729)
	at org.apache.catalina.core.ApplicationFilterChain.internalDoFilter(ApplicationFilterChain.java:292)
	at org.apache.catalina.core.ApplicationFilterChain.doFilter(ApplicationFilterChain.java:207)
	at org.apache.tomcat.websocket.server.WsFilter.doFilter(WsFilter.java:52)
	at org.apache.catalina.core.ApplicationFilterChain.internalDoFilter(ApplicationFilterChain.java:240)
	at org.apache.catalina.core.ApplicationFilterChain.doFilter(ApplicationFilterChain.java:207)
	at org.springframework.web.filter.CharacterEncodingFilter.doFilterInternal(CharacterEncodingFilter.java:200)
	at org.springframework.web.filter.OncePerRequestFilter.doFilter(OncePerRequestFilter.java:118)
	at org.apache.catalina.core.ApplicationFilterChain.internalDoFilter(ApplicationFilterChain.java:240)
	at org.apache.catalina.core.ApplicationFilterChain.doFilter(ApplicationFilterChain.java:207)
	at org.apache.catalina.core.StandardWrapperValve.invoke(StandardWrapperValve.java:212)
	at org.apache.catalina.core.StandardContextValve.invoke(StandardContextValve.java:94)
	at org.apache.catalina.core.StandardHostValve.invoke(StandardHostValve.java:141)
	at org.apache.catalina.valves.ErrorReportValve.invoke(ErrorReportValve.java:79)
	at org.apache.catalina.core.StandardEngineValve.invoke(StandardEngineValve.java:88)
	at org.apache.catalina.connector.CoyoteAdapter.service(CoyoteAdapter.java:502)
	at org.apache.coyote.http11.AbstractHttp11Processor.process(AbstractHttp11Processor.java:1132)
	at org.apache.coyote.AbstractProtocol$AbstractConnectionHandler.process(AbstractProtocol.java:684)
	at org.apache.tomcat.util.net.NioEndpoint$SocketProcessor.doRun(NioEndpoint.java:1539)
	at org.apache.tomcat.util.net.NioEndpoint$SocketProcessor.run(NioEndpoint.java:1495)
	at java.util.concurrent.ThreadPoolExecutor.runWorker(ThreadPoolExecutor.java:1142)
	at java.util.concurrent.ThreadPoolExecutor$Worker.run(ThreadPoolExecutor.java:617)
	at org.apache.tomcat.util.threads.TaskThread$WrappingRunnable.run(TaskThread.java:61)
	at java.lang.Thread.run(Thread.java:745)

13-Jun-2023 12:04:45.421 심각 [http-nio-8855-exec-245] org.apache.catalina.core.StandardWrapperValve.invoke Servlet.service() for servlet [appServlet] in context with path [] threw exception [Request processing failed; nested exception is org.mybatis.spring.MyBatisSystemException: nested exception is org.apache.ibatis.exceptions.PersistenceException: 
### Error querying database.  Cause: org.springframework.jdbc.CannotGetJdbcConnectionException: Failed to obtain JDBC Connection; nested exception is com.microsoft.sqlserver.jdbc.SQLServerException: 호스트 61.32.101.234, 포트 1433에 대한 TCP/IP 연결에 실패했습니다. 오류: "connect timed out. 연결 속성을 확인하십시오. SQL Server의 인스턴스가 호스트에서 실행되고 있고 포트에서 TCP/IP 연결을 허용하고 있는지 확인하십시오. 또한 방화벽에서 포트로의 TCP 연결을 차단하지 않는지 확인하십시오.".
### The error may exist in com/daejist/login/mapper/LoginMapper.xml
### The error may involve com.daejist.login.mapper.LoginMapper.LoginMember
### The error occurred while executing a query
### Cause: org.springframework.jdbc.CannotGetJdbcConnectionException: Failed to obtain JDBC Connection; nested exception is com.microsoft.sqlserver.jdbc.SQLServerException: 호스트 61.32.101.234, 포트 1433에 대한 TCP/IP 연결에 실패했습니다. 오류: "connect timed out. 연결 속성을 확인하십시오. SQL Server의 인스턴스가 호스트에서 실행되고 있고 포트에서 TCP/IP 연결을 허용하고 있는지 확인하십시오. 또한 방화벽에서 포트로의 TCP 연결을 차단하지 않는지 확인하십시오.".] with root cause
 com.microsoft.sqlserver.jdbc.SQLServerException: 호스트 61.32.101.234, 포트 1433에 대한 TCP/IP 연결에 실패했습니다. 오류: "connect timed out. 연결 속성을 확인하십시오. SQL Server의 인스턴스가 호스트에서 실행되고 있고 포트에서 TCP/IP 연결을 허용하고 있는지 확인하십시오. 또한 방화벽에서 포트로의 TCP 연결을 차단하지 않는지 확인하십시오.".
	at com.microsoft.sqlserver.jdbc.SQLServerException.makeFromDriverError(SQLServerException.java:234)
	at com.microsoft.sqlserver.jdbc.SQLServerException.ConvertConnectExceptionToSQLServerException(SQLServerException.java:285)
	at com.microsoft.sqlserver.jdbc.SocketFinder.findSocket(IOBuffer.java:2462)
	at com.microsoft.sqlserver.jdbc.TDSChannel.open(IOBuffer.java:668)
	at com.microsoft.sqlserver.jdbc.SQLServerConnection.connectHelper(SQLServerConnection.java:2695)
	at com.microsoft.sqlserver.jdbc.SQLServerConnection.login(SQLServerConnection.java:2362)
	at com.microsoft.sqlserver.jdbc.SQLServerConnection.connectInternal(SQLServerConnection.java:2213)
	at com.microsoft.sqlserver.jdbc.SQLServerConnection.connect(SQLServerConnection.java:1276)
	at com.microsoft.sqlserver.jdbc.SQLServerDriver.connect(SQLServerDriver.java:861)
	at org.apache.commons.dbcp.DriverConnectionFactory.createConnection(DriverConnectionFactory.java:38)
	at org.apache.commons.dbcp.PoolableConnectionFactory.makeObject(PoolableConnectionFactory.java:582)
	at org.apache.commons.pool.impl.GenericObjectPool.borrowObject(GenericObjectPool.java:1148)
	at org.apache.commons.dbcp.PoolingDataSource.getConnection(PoolingDataSource.java:106)
	at org.apache.commons.dbcp.BasicDataSource.getConnection(BasicDataSource.java:1044)
	at org.springframework.jdbc.datasource.DataSourceUtils.fetchConnection(DataSourceUtils.java:157)
	at org.springframework.jdbc.datasource.DataSourceUtils.doGetConnection(DataSourceUtils.java:115)
	at org.springframework.jdbc.datasource.DataSourceUtils.getConnection(DataSourceUtils.java:78)
	at org.mybatis.spring.transaction.SpringManagedTransaction.openConnection(SpringManagedTransaction.java:80)
	at org.mybatis.spring.transaction.SpringManagedTransaction.getConnection(SpringManagedTransaction.java:67)
	at org.apache.ibatis.executor.BaseExecutor.getConnection(BaseExecutor.java:336)
	at org.apache.ibatis.executor.SimpleExecutor.prepareStatement(SimpleExecutor.java:85)
	at org.apache.ibatis.executor.SimpleExecutor.doQuery(SimpleExecutor.java:62)
	at org.apache.ibatis.executor.BaseExecutor.queryFromDatabase(BaseExecutor.java:324)
	at org.apache.ibatis.executor.BaseExecutor.query(BaseExecutor.java:156)
	at org.apache.ibatis.executor.CachingExecutor.query(CachingExecutor.java:109)
	at org.apache.ibatis.executor.CachingExecutor.query(CachingExecutor.java:83)
	at org.apache.ibatis.session.defaults.DefaultSqlSession.selectList(DefaultSqlSession.java:147)
	at org.apache.ibatis.session.defaults.DefaultSqlSession.selectList(DefaultSqlSession.java:140)
	at org.apache.ibatis.session.defaults.DefaultSqlSession.selectOne(DefaultSqlSession.java:76)
	at sun.reflect.GeneratedMethodAccessor1266.invoke(Unknown Source)
	at sun.reflect.DelegatingMethodAccessorImpl.invoke(DelegatingMethodAccessorImpl.java:43)
	at java.lang.reflect.Method.invoke(Method.java:498)
	at org.mybatis.spring.SqlSessionTemplate$SqlSessionInterceptor.invoke(SqlSessionTemplate.java:426)
	at com.sun.proxy.$Proxy366.selectOne(Unknown Source)
	at org.mybatis.spring.SqlSessionTemplate.selectOne(SqlSessionTemplate.java:159)
	at org.apache.ibatis.binding.MapperMethod.execute(MapperMethod.java:87)
	at org.apache.ibatis.binding.MapperProxy.invoke(MapperProxy.java:57)
	at com.sun.proxy.$Proxy368.LoginMember(Unknown Source)
	at com.daejist.login.service.LoginServiceImp.LoginCheck(LoginServiceImp.java:29)
	at com.daejist.login.controller.LoginController.getLogin(LoginController.java:98)
	at sun.reflect.GeneratedMethodAccessor1348.invoke(Unknown Source)
	at sun.reflect.DelegatingMethodAccessorImpl.invoke(DelegatingMethodAccessorImpl.java:43)
	at java.lang.reflect.Method.invoke(Method.java:498)
	at org.springframework.web.method.support.InvocableHandlerMethod.doInvoke(InvocableHandlerMethod.java:190)
	at org.springframework.web.method.support.InvocableHandlerMethod.invokeForRequest(InvocableHandlerMethod.java:138)
	at org.springframework.web.servlet.mvc.method.annotation.ServletInvocableHandlerMethod.invokeAndHandle(ServletInvocableHandlerMethod.java:104)
	at org.springframework.web.servlet.mvc.method.annotation.RequestMappingHandlerAdapter.invokeHandlerMethod(RequestMappingHandlerAdapter.java:892)
	at org.springframework.web.servlet.mvc.method.annotation.RequestMappingHandlerAdapter.handleInternal(RequestMappingHandlerAdapter.java:797)
	at org.springframework.web.servlet.mvc.method.AbstractHandlerMethodAdapter.handle(AbstractHandlerMethodAdapter.java:87)
	at org.springframework.web.servlet.DispatcherServlet.doDispatch(DispatcherServlet.java:1039)
	at org.springframework.web.servlet.DispatcherServlet.doService(DispatcherServlet.java:942)
	at org.springframework.web.servlet.FrameworkServlet.processRequest(FrameworkServlet.java:1005)
	at org.springframework.web.servlet.FrameworkServlet.doPost(FrameworkServlet.java:908)
	at javax.servlet.http.HttpServlet.service(HttpServlet.java:648)
	at org.springframework.web.servlet.FrameworkServlet.service(FrameworkServlet.java:882)
	at javax.servlet.http.HttpServlet.service(HttpServlet.java:729)
	at org.apache.catalina.core.ApplicationFilterChain.internalDoFilter(ApplicationFilterChain.java:292)
	at org.apache.catalina.core.ApplicationFilterChain.doFilter(ApplicationFilterChain.java:207)
	at org.apache.tomcat.websocket.server.WsFilter.doFilter(WsFilter.java:52)
	at org.apache.catalina.core.ApplicationFilterChain.internalDoFilter(ApplicationFilterChain.java:240)
	at org.apache.catalina.core.ApplicationFilterChain.doFilter(ApplicationFilterChain.java:207)
	at org.springframework.web.filter.CharacterEncodingFilter.doFilterInternal(CharacterEncodingFilter.java:200)
	at org.springframework.web.filter.OncePerRequestFilter.doFilter(OncePerRequestFilter.java:118)
	at org.apache.catalina.core.ApplicationFilterChain.internalDoFilter(ApplicationFilterChain.java:240)
	at org.apache.catalina.core.ApplicationFilterChain.doFilter(ApplicationFilterChain.java:207)
	at org.apache.catalina.core.StandardWrapperValve.invoke(StandardWrapperValve.java:212)
	at org.apache.catalina.core.StandardContextValve.invoke(StandardContextValve.java:94)
	at org.apache.catalina.core.StandardHostValve.invoke(StandardHostValve.java:141)
	at org.apache.catalina.valves.ErrorReportValve.invoke(ErrorReportValve.java:79)
	at org.apache.catalina.core.StandardEngineValve.invoke(StandardEngineValve.java:88)
	at org.apache.catalina.connector.CoyoteAdapter.service(CoyoteAdapter.java:502)
	at org.apache.coyote.http11.AbstractHttp11Processor.process(AbstractHttp11Processor.java:1132)
	at org.apache.coyote.AbstractProtocol$AbstractConnectionHandler.process(AbstractProtocol.java:684)
	at org.apache.tomcat.util.net.NioEndpoint$SocketProcessor.doRun(NioEndpoint.java:1539)
	at org.apache.tomcat.util.net.NioEndpoint$SocketProcessor.run(NioEndpoint.java:1495)
	at java.util.concurrent.ThreadPoolExecutor.runWorker(ThreadPoolExecutor.java:1142)
	at java.util.concurrent.ThreadPoolExecutor$Worker.run(ThreadPoolExecutor.java:617)
	at org.apache.tomcat.util.threads.TaskThread$WrappingRunnable.run(TaskThread.java:61)
	at java.lang.Thread.run(Thread.java:745)

13-Jun-2023 12:04:47.573 심각 [http-nio-8855-exec-226] org.apache.catalina.core.StandardWrapperValve.invoke Servlet.service() for servlet [appServlet] in context with path [] threw exception [Request processing failed; nested exception is org.mybatis.spring.MyBatisSystemException: nested exception is org.apache.ibatis.exceptions.PersistenceException: 
### Error querying database.  Cause: org.springframework.jdbc.CannotGetJdbcConnectionException: Failed to obtain JDBC Connection; nested exception is com.microsoft.sqlserver.jdbc.SQLServerException: 호스트 61.32.101.234, 포트 1433에 대한 TCP/IP 연결에 실패했습니다. 오류: "connect timed out. 연결 속성을 확인하십시오. SQL Server의 인스턴스가 호스트에서 실행되고 있고 포트에서 TCP/IP 연결을 허용하고 있는지 확인하십시오. 또한 방화벽에서 포트로의 TCP 연결을 차단하지 않는지 확인하십시오.".
### The error may exist in com/daejist/login/mapper/LoginMapper.xml
### The error may involve com.daejist.login.mapper.LoginMapper.LoginMember
### The error occurred while executing a query
### Cause: org.springframework.jdbc.CannotGetJdbcConnectionException: Failed to obtain JDBC Connection; nested exception is com.microsoft.sqlserver.jdbc.SQLServerException: 호스트 61.32.101.234, 포트 1433에 대한 TCP/IP 연결에 실패했습니다. 오류: "connect timed out. 연결 속성을 확인하십시오. SQL Server의 인스턴스가 호스트에서 실행되고 있고 포트에서 TCP/IP 연결을 허용하고 있는지 확인하십시오. 또한 방화벽에서 포트로의 TCP 연결을 차단하지 않는지 확인하십시오.".] with root cause
 com.microsoft.sqlserver.jdbc.SQLServerException: 호스트 61.32.101.234, 포트 1433에 대한 TCP/IP 연결에 실패했습니다. 오류: "connect timed out. 연결 속성을 확인하십시오. SQL Server의 인스턴스가 호스트에서 실행되고 있고 포트에서 TCP/IP 연결을 허용하고 있는지 확인하십시오. 또한 방화벽에서 포트로의 TCP 연결을 차단하지 않는지 확인하십시오.".
	at com.microsoft.sqlserver.jdbc.SQLServerException.makeFromDriverError(SQLServerException.java:234)
	at com.microsoft.sqlserver.jdbc.SQLServerException.ConvertConnectExceptionToSQLServerException(SQLServerException.java:285)
	at com.microsoft.sqlserver.jdbc.SocketFinder.findSocket(IOBuffer.java:2462)
	at com.microsoft.sqlserver.jdbc.TDSChannel.open(IOBuffer.java:668)
	at com.microsoft.sqlserver.jdbc.SQLServerConnection.connectHelper(SQLServerConnection.java:2695)
	at com.microsoft.sqlserver.jdbc.SQLServerConnection.login(SQLServerConnection.java:2362)
	at com.microsoft.sqlserver.jdbc.SQLServerConnection.connectInternal(SQLServerConnection.java:2213)
	at com.microsoft.sqlserver.jdbc.SQLServerConnection.connect(SQLServerConnection.java:1276)
	at com.microsoft.sqlserver.jdbc.SQLServerDriver.connect(SQLServerDriver.java:861)
	at org.apache.commons.dbcp.DriverConnectionFactory.createConnection(DriverConnectionFactory.java:38)
	at org.apache.commons.dbcp.PoolableConnectionFactory.makeObject(PoolableConnectionFactory.java:582)
	at org.apache.commons.pool.impl.GenericObjectPool.borrowObject(GenericObjectPool.java:1148)
	at org.apache.commons.dbcp.PoolingDataSource.getConnection(PoolingDataSource.java:106)
	at org.apache.commons.dbcp.BasicDataSource.getConnection(BasicDataSource.java:1044)
	at org.springframework.jdbc.datasource.DataSourceUtils.fetchConnection(DataSourceUtils.java:157)
	at org.springframework.jdbc.datasource.DataSourceUtils.doGetConnection(DataSourceUtils.java:115)
	at org.springframework.jdbc.datasource.DataSourceUtils.getConnection(DataSourceUtils.java:78)
	at org.mybatis.spring.transaction.SpringManagedTransaction.openConnection(SpringManagedTransaction.java:80)
	at org.mybatis.spring.transaction.SpringManagedTransaction.getConnection(SpringManagedTransaction.java:67)
	at org.apache.ibatis.executor.BaseExecutor.getConnection(BaseExecutor.java:336)
	at org.apache.ibatis.executor.SimpleExecutor.prepareStatement(SimpleExecutor.java:85)
	at org.apache.ibatis.executor.SimpleExecutor.doQuery(SimpleExecutor.java:62)
	at org.apache.ibatis.executor.BaseExecutor.queryFromDatabase(BaseExecutor.java:324)
	at org.apache.ibatis.executor.BaseExecutor.query(BaseExecutor.java:156)
	at org.apache.ibatis.executor.CachingExecutor.query(CachingExecutor.java:109)
	at org.apache.ibatis.executor.CachingExecutor.query(CachingExecutor.java:83)
	at org.apache.ibatis.session.defaults.DefaultSqlSession.selectList(DefaultSqlSession.java:147)
	at org.apache.ibatis.session.defaults.DefaultSqlSession.selectList(DefaultSqlSession.java:140)
	at org.apache.ibatis.session.defaults.DefaultSqlSession.selectOne(DefaultSqlSession.java:76)
	at sun.reflect.GeneratedMethodAccessor1266.invoke(Unknown Source)
	at sun.reflect.DelegatingMethodAccessorImpl.invoke(DelegatingMethodAccessorImpl.java:43)
	at java.lang.reflect.Method.invoke(Method.java:498)
	at org.mybatis.spring.SqlSessionTemplate$SqlSessionInterceptor.invoke(SqlSessionTemplate.java:426)
	at com.sun.proxy.$Proxy366.selectOne(Unknown Source)
	at org.mybatis.spring.SqlSessionTemplate.selectOne(SqlSessionTemplate.java:159)
	at org.apache.ibatis.binding.MapperMethod.execute(MapperMethod.java:87)
	at org.apache.ibatis.binding.MapperProxy.invoke(MapperProxy.java:57)
	at com.sun.proxy.$Proxy368.LoginMember(Unknown Source)
	at com.daejist.login.service.LoginServiceImp.LoginCheck(LoginServiceImp.java:29)
	at com.daejist.login.controller.LoginController.getLogin(LoginController.java:98)
	at sun.reflect.GeneratedMethodAccessor1348.invoke(Unknown Source)
	at sun.reflect.DelegatingMethodAccessorImpl.invoke(DelegatingMethodAccessorImpl.java:43)
	at java.lang.reflect.Method.invoke(Method.java:498)
	at org.springframework.web.method.support.InvocableHandlerMethod.doInvoke(InvocableHandlerMethod.java:190)
	at org.springframework.web.method.support.InvocableHandlerMethod.invokeForRequest(InvocableHandlerMethod.java:138)
	at org.springframework.web.servlet.mvc.method.annotation.ServletInvocableHandlerMethod.invokeAndHandle(ServletInvocableHandlerMethod.java:104)
	at org.springframework.web.servlet.mvc.method.annotation.RequestMappingHandlerAdapter.invokeHandlerMethod(RequestMappingHandlerAdapter.java:892)
	at org.springframework.web.servlet.mvc.method.annotation.RequestMappingHandlerAdapter.handleInternal(RequestMappingHandlerAdapter.java:797)
	at org.springframework.web.servlet.mvc.method.AbstractHandlerMethodAdapter.handle(AbstractHandlerMethodAdapter.java:87)
	at org.springframework.web.servlet.DispatcherServlet.doDispatch(DispatcherServlet.java:1039)
	at org.springframework.web.servlet.DispatcherServlet.doService(DispatcherServlet.java:942)
	at org.springframework.web.servlet.FrameworkServlet.processRequest(FrameworkServlet.java:1005)
	at org.springframework.web.servlet.FrameworkServlet.doPost(FrameworkServlet.java:908)
	at javax.servlet.http.HttpServlet.service(HttpServlet.java:648)
	at org.springframework.web.servlet.FrameworkServlet.service(FrameworkServlet.java:882)
	at javax.servlet.http.HttpServlet.service(HttpServlet.java:729)
	at org.apache.catalina.core.ApplicationFilterChain.internalDoFilter(ApplicationFilterChain.java:292)
	at org.apache.catalina.core.ApplicationFilterChain.doFilter(ApplicationFilterChain.java:207)
	at org.apache.tomcat.websocket.server.WsFilter.doFilter(WsFilter.java:52)
	at org.apache.catalina.core.ApplicationFilterChain.internalDoFilter(ApplicationFilterChain.java:240)
	at org.apache.catalina.core.ApplicationFilterChain.doFilter(ApplicationFilterChain.java:207)
	at org.springframework.web.filter.CharacterEncodingFilter.doFilterInternal(CharacterEncodingFilter.java:200)
	at org.springframework.web.filter.OncePerRequestFilter.doFilter(OncePerRequestFilter.java:118)
	at org.apache.catalina.core.ApplicationFilterChain.internalDoFilter(ApplicationFilterChain.java:240)
	at org.apache.catalina.core.ApplicationFilterChain.doFilter(ApplicationFilterChain.java:207)
	at org.apache.catalina.core.StandardWrapperValve.invoke(StandardWrapperValve.java:212)
	at org.apache.catalina.core.StandardContextValve.invoke(StandardContextValve.java:94)
	at org.apache.catalina.core.StandardHostValve.invoke(StandardHostValve.java:141)
	at org.apache.catalina.valves.ErrorReportValve.invoke(ErrorReportValve.java:79)
	at org.apache.catalina.core.StandardEngineValve.invoke(StandardEngineValve.java:88)
	at org.apache.catalina.connector.CoyoteAdapter.service(CoyoteAdapter.java:502)
	at org.apache.coyote.http11.AbstractHttp11Processor.process(AbstractHttp11Processor.java:1132)
	at org.apache.coyote.AbstractProtocol$AbstractConnectionHandler.process(AbstractProtocol.java:684)
	at org.apache.tomcat.util.net.NioEndpoint$SocketProcessor.doRun(NioEndpoint.java:1539)
	at org.apache.tomcat.util.net.NioEndpoint$SocketProcessor.run(NioEndpoint.java:1495)
	at java.util.concurrent.ThreadPoolExecutor.runWorker(ThreadPoolExecutor.java:1142)
	at java.util.concurrent.ThreadPoolExecutor$Worker.run(ThreadPoolExecutor.java:617)
	at org.apache.tomcat.util.threads.TaskThread$WrappingRunnable.run(TaskThread.java:61)
	at java.lang.Thread.run(Thread.java:745)

13-Jun-2023 12:04:49.222 심각 [http-nio-8855-exec-246] org.apache.catalina.core.StandardWrapperValve.invoke Servlet.service() for servlet [appServlet] in context with path [] threw exception [Request processing failed; nested exception is org.mybatis.spring.MyBatisSystemException: nested exception is org.apache.ibatis.exceptions.PersistenceException: 
### Error querying database.  Cause: org.springframework.jdbc.CannotGetJdbcConnectionException: Failed to obtain JDBC Connection; nested exception is com.microsoft.sqlserver.jdbc.SQLServerException: 호스트 61.32.101.234, 포트 1433에 대한 TCP/IP 연결에 실패했습니다. 오류: "connect timed out. 연결 속성을 확인하십시오. SQL Server의 인스턴스가 호스트에서 실행되고 있고 포트에서 TCP/IP 연결을 허용하고 있는지 확인하십시오. 또한 방화벽에서 포트로의 TCP 연결을 차단하지 않는지 확인하십시오.".
### The error may exist in com/daejist/login/mapper/LoginMapper.xml
### The error may involve com.daejist.login.mapper.LoginMapper.LoginMember
### The error occurred while executing a query
### Cause: org.springframework.jdbc.CannotGetJdbcConnectionException: Failed to obtain JDBC Connection; nested exception is com.microsoft.sqlserver.jdbc.SQLServerException: 호스트 61.32.101.234, 포트 1433에 대한 TCP/IP 연결에 실패했습니다. 오류: "connect timed out. 연결 속성을 확인하십시오. SQL Server의 인스턴스가 호스트에서 실행되고 있고 포트에서 TCP/IP 연결을 허용하고 있는지 확인하십시오. 또한 방화벽에서 포트로의 TCP 연결을 차단하지 않는지 확인하십시오.".] with root cause
 com.microsoft.sqlserver.jdbc.SQLServerException: 호스트 61.32.101.234, 포트 1433에 대한 TCP/IP 연결에 실패했습니다. 오류: "connect timed out. 연결 속성을 확인하십시오. SQL Server의 인스턴스가 호스트에서 실행되고 있고 포트에서 TCP/IP 연결을 허용하고 있는지 확인하십시오. 또한 방화벽에서 포트로의 TCP 연결을 차단하지 않는지 확인하십시오.".
	at com.microsoft.sqlserver.jdbc.SQLServerException.makeFromDriverError(SQLServerException.java:234)
	at com.microsoft.sqlserver.jdbc.SQLServerException.ConvertConnectExceptionToSQLServerException(SQLServerException.java:285)
	at com.microsoft.sqlserver.jdbc.SocketFinder.findSocket(IOBuffer.java:2462)
	at com.microsoft.sqlserver.jdbc.TDSChannel.open(IOBuffer.java:668)
	at com.microsoft.sqlserver.jdbc.SQLServerConnection.connectHelper(SQLServerConnection.java:2695)
	at com.microsoft.sqlserver.jdbc.SQLServerConnection.login(SQLServerConnection.java:2362)
	at com.microsoft.sqlserver.jdbc.SQLServerConnection.connectInternal(SQLServerConnection.java:2213)
	at com.microsoft.sqlserver.jdbc.SQLServerConnection.connect(SQLServerConnection.java:1276)
	at com.microsoft.sqlserver.jdbc.SQLServerDriver.connect(SQLServerDriver.java:861)
	at org.apache.commons.dbcp.DriverConnectionFactory.createConnection(DriverConnectionFactory.java:38)
	at org.apache.commons.dbcp.PoolableConnectionFactory.makeObject(PoolableConnectionFactory.java:582)
	at org.apache.commons.pool.impl.GenericObjectPool.borrowObject(GenericObjectPool.java:1148)
	at org.apache.commons.dbcp.PoolingDataSource.getConnection(PoolingDataSource.java:106)
	at org.apache.commons.dbcp.BasicDataSource.getConnection(BasicDataSource.java:1044)
	at org.springframework.jdbc.datasource.DataSourceUtils.fetchConnection(DataSourceUtils.java:157)
	at org.springframework.jdbc.datasource.DataSourceUtils.doGetConnection(DataSourceUtils.java:115)
	at org.springframework.jdbc.datasource.DataSourceUtils.getConnection(DataSourceUtils.java:78)
	at org.mybatis.spring.transaction.SpringManagedTransaction.openConnection(SpringManagedTransaction.java:80)
	at org.mybatis.spring.transaction.SpringManagedTransaction.getConnection(SpringManagedTransaction.java:67)
	at org.apache.ibatis.executor.BaseExecutor.getConnection(BaseExecutor.java:336)
	at org.apache.ibatis.executor.SimpleExecutor.prepareStatement(SimpleExecutor.java:85)
	at org.apache.ibatis.executor.SimpleExecutor.doQuery(SimpleExecutor.java:62)
	at org.apache.ibatis.executor.BaseExecutor.queryFromDatabase(BaseExecutor.java:324)
	at org.apache.ibatis.executor.BaseExecutor.query(BaseExecutor.java:156)
	at org.apache.ibatis.executor.CachingExecutor.query(CachingExecutor.java:109)
	at org.apache.ibatis.executor.CachingExecutor.query(CachingExecutor.java:83)
	at org.apache.ibatis.session.defaults.DefaultSqlSession.selectList(DefaultSqlSession.java:147)
	at org.apache.ibatis.session.defaults.DefaultSqlSession.selectList(DefaultSqlSession.java:140)
	at org.apache.ibatis.session.defaults.DefaultSqlSession.selectOne(DefaultSqlSession.java:76)
	at sun.reflect.GeneratedMethodAccessor1266.invoke(Unknown Source)
	at sun.reflect.DelegatingMethodAccessorImpl.invoke(DelegatingMethodAccessorImpl.java:43)
	at java.lang.reflect.Method.invoke(Method.java:498)
	at org.mybatis.spring.SqlSessionTemplate$SqlSessionInterceptor.invoke(SqlSessionTemplate.java:426)
	at com.sun.proxy.$Proxy366.selectOne(Unknown Source)
	at org.mybatis.spring.SqlSessionTemplate.selectOne(SqlSessionTemplate.java:159)
	at org.apache.ibatis.binding.MapperMethod.execute(MapperMethod.java:87)
	at org.apache.ibatis.binding.MapperProxy.invoke(MapperProxy.java:57)
	at com.sun.proxy.$Proxy368.LoginMember(Unknown Source)
	at com.daejist.login.service.LoginServiceImp.LoginCheck(LoginServiceImp.java:29)
	at com.daejist.login.controller.LoginController.getLogin(LoginController.java:98)
	at sun.reflect.GeneratedMethodAccessor1348.invoke(Unknown Source)
	at sun.reflect.DelegatingMethodAccessorImpl.invoke(DelegatingMethodAccessorImpl.java:43)
	at java.lang.reflect.Method.invoke(Method.java:498)
	at org.springframework.web.method.support.InvocableHandlerMethod.doInvoke(InvocableHandlerMethod.java:190)
	at org.springframework.web.method.support.InvocableHandlerMethod.invokeForRequest(InvocableHandlerMethod.java:138)
	at org.springframework.web.servlet.mvc.method.annotation.ServletInvocableHandlerMethod.invokeAndHandle(ServletInvocableHandlerMethod.java:104)
	at org.springframework.web.servlet.mvc.method.annotation.RequestMappingHandlerAdapter.invokeHandlerMethod(RequestMappingHandlerAdapter.java:892)
	at org.springframework.web.servlet.mvc.method.annotation.RequestMappingHandlerAdapter.handleInternal(RequestMappingHandlerAdapter.java:797)
	at org.springframework.web.servlet.mvc.method.AbstractHandlerMethodAdapter.handle(AbstractHandlerMethodAdapter.java:87)
	at org.springframework.web.servlet.DispatcherServlet.doDispatch(DispatcherServlet.java:1039)
	at org.springframework.web.servlet.DispatcherServlet.doService(DispatcherServlet.java:942)
	at org.springframework.web.servlet.FrameworkServlet.processRequest(FrameworkServlet.java:1005)
	at org.springframework.web.servlet.FrameworkServlet.doPost(FrameworkServlet.java:908)
	at javax.servlet.http.HttpServlet.service(HttpServlet.java:648)
	at org.springframework.web.servlet.FrameworkServlet.service(FrameworkServlet.java:882)
	at javax.servlet.http.HttpServlet.service(HttpServlet.java:729)
	at org.apache.catalina.core.ApplicationFilterChain.internalDoFilter(ApplicationFilterChain.java:292)
	at org.apache.catalina.core.ApplicationFilterChain.doFilter(ApplicationFilterChain.java:207)
	at org.apache.tomcat.websocket.server.WsFilter.doFilter(WsFilter.java:52)
	at org.apache.catalina.core.ApplicationFilterChain.internalDoFilter(ApplicationFilterChain.java:240)
	at org.apache.catalina.core.ApplicationFilterChain.doFilter(ApplicationFilterChain.java:207)
	at org.springframework.web.filter.CharacterEncodingFilter.doFilterInternal(CharacterEncodingFilter.java:200)
	at org.springframework.web.filter.OncePerRequestFilter.doFilter(OncePerRequestFilter.java:118)
	at org.apache.catalina.core.ApplicationFilterChain.internalDoFilter(ApplicationFilterChain.java:240)
	at org.apache.catalina.core.ApplicationFilterChain.doFilter(ApplicationFilterChain.java:207)
	at org.apache.catalina.core.StandardWrapperValve.invoke(StandardWrapperValve.java:212)
	at org.apache.catalina.core.StandardContextValve.invoke(StandardContextValve.java:94)
	at org.apache.catalina.core.StandardHostValve.invoke(StandardHostValve.java:141)
	at org.apache.catalina.valves.ErrorReportValve.invoke(ErrorReportValve.java:79)
	at org.apache.catalina.core.StandardEngineValve.invoke(StandardEngineValve.java:88)
	at org.apache.catalina.connector.CoyoteAdapter.service(CoyoteAdapter.java:502)
	at org.apache.coyote.http11.AbstractHttp11Processor.process(AbstractHttp11Processor.java:1132)
	at org.apache.coyote.AbstractProtocol$AbstractConnectionHandler.process(AbstractProtocol.java:684)
	at org.apache.tomcat.util.net.NioEndpoint$SocketProcessor.doRun(NioEndpoint.java:1539)
	at org.apache.tomcat.util.net.NioEndpoint$SocketProcessor.run(NioEndpoint.java:1495)
	at java.util.concurrent.ThreadPoolExecutor.runWorker(ThreadPoolExecutor.java:1142)
	at java.util.concurrent.ThreadPoolExecutor$Worker.run(ThreadPoolExecutor.java:617)
	at org.apache.tomcat.util.threads.TaskThread$WrappingRunnable.run(TaskThread.java:61)
	at java.lang.Thread.run(Thread.java:745)

13-Jun-2023 12:04:51.012 심각 [http-nio-8855-exec-224] org.apache.catalina.core.StandardWrapperValve.invoke Servlet.service() for servlet [appServlet] in context with path [] threw exception [Request processing failed; nested exception is org.mybatis.spring.MyBatisSystemException: nested exception is org.apache.ibatis.exceptions.PersistenceException: 
### Error querying database.  Cause: org.springframework.jdbc.CannotGetJdbcConnectionException: Failed to obtain JDBC Connection; nested exception is com.microsoft.sqlserver.jdbc.SQLServerException: 호스트 61.32.101.234, 포트 1433에 대한 TCP/IP 연결에 실패했습니다. 오류: "connect timed out. 연결 속성을 확인하십시오. SQL Server의 인스턴스가 호스트에서 실행되고 있고 포트에서 TCP/IP 연결을 허용하고 있는지 확인하십시오. 또한 방화벽에서 포트로의 TCP 연결을 차단하지 않는지 확인하십시오.".
### The error may exist in com/daejist/login/mapper/LoginMapper.xml
### The error may involve com.daejist.login.mapper.LoginMapper.LoginMember
### The error occurred while executing a query
### Cause: org.springframework.jdbc.CannotGetJdbcConnectionException: Failed to obtain JDBC Connection; nested exception is com.microsoft.sqlserver.jdbc.SQLServerException: 호스트 61.32.101.234, 포트 1433에 대한 TCP/IP 연결에 실패했습니다. 오류: "connect timed out. 연결 속성을 확인하십시오. SQL Server의 인스턴스가 호스트에서 실행되고 있고 포트에서 TCP/IP 연결을 허용하고 있는지 확인하십시오. 또한 방화벽에서 포트로의 TCP 연결을 차단하지 않는지 확인하십시오.".] with root cause
 com.microsoft.sqlserver.jdbc.SQLServerException: 호스트 61.32.101.234, 포트 1433에 대한 TCP/IP 연결에 실패했습니다. 오류: "connect timed out. 연결 속성을 확인하십시오. SQL Server의 인스턴스가 호스트에서 실행되고 있고 포트에서 TCP/IP 연결을 허용하고 있는지 확인하십시오. 또한 방화벽에서 포트로의 TCP 연결을 차단하지 않는지 확인하십시오.".
	at com.microsoft.sqlserver.jdbc.SQLServerException.makeFromDriverError(SQLServerException.java:234)
	at com.microsoft.sqlserver.jdbc.SQLServerException.ConvertConnectExceptionToSQLServerException(SQLServerException.java:285)
	at com.microsoft.sqlserver.jdbc.SocketFinder.findSocket(IOBuffer.java:2462)
	at com.microsoft.sqlserver.jdbc.TDSChannel.open(IOBuffer.java:668)
	at com.microsoft.sqlserver.jdbc.SQLServerConnection.connectHelper(SQLServerConnection.java:2695)
	at com.microsoft.sqlserver.jdbc.SQLServerConnection.login(SQLServerConnection.java:2362)
	at com.microsoft.sqlserver.jdbc.SQLServerConnection.connectInternal(SQLServerConnection.java:2213)
	at com.microsoft.sqlserver.jdbc.SQLServerConnection.connect(SQLServerConnection.java:1276)
	at com.microsoft.sqlserver.jdbc.SQLServerDriver.connect(SQLServerDriver.java:861)
	at org.apache.commons.dbcp.DriverConnectionFactory.createConnection(DriverConnectionFactory.java:38)
	at org.apache.commons.dbcp.PoolableConnectionFactory.makeObject(PoolableConnectionFactory.java:582)
	at org.apache.commons.pool.impl.GenericObjectPool.borrowObject(GenericObjectPool.java:1148)
	at org.apache.commons.dbcp.PoolingDataSource.getConnection(PoolingDataSource.java:106)
	at org.apache.commons.dbcp.BasicDataSource.getConnection(BasicDataSource.java:1044)
	at org.springframework.jdbc.datasource.DataSourceUtils.fetchConnection(DataSourceUtils.java:157)
	at org.springframework.jdbc.datasource.DataSourceUtils.doGetConnection(DataSourceUtils.java:115)
	at org.springframework.jdbc.datasource.DataSourceUtils.getConnection(DataSourceUtils.java:78)
	at org.mybatis.spring.transaction.SpringManagedTransaction.openConnection(SpringManagedTransaction.java:80)
	at org.mybatis.spring.transaction.SpringManagedTransaction.getConnection(SpringManagedTransaction.java:67)
	at org.apache.ibatis.executor.BaseExecutor.getConnection(BaseExecutor.java:336)
	at org.apache.ibatis.executor.SimpleExecutor.prepareStatement(SimpleExecutor.java:85)
	at org.apache.ibatis.executor.SimpleExecutor.doQuery(SimpleExecutor.java:62)
	at org.apache.ibatis.executor.BaseExecutor.queryFromDatabase(BaseExecutor.java:324)
	at org.apache.ibatis.executor.BaseExecutor.query(BaseExecutor.java:156)
	at org.apache.ibatis.executor.CachingExecutor.query(CachingExecutor.java:109)
	at org.apache.ibatis.executor.CachingExecutor.query(CachingExecutor.java:83)
	at org.apache.ibatis.session.defaults.DefaultSqlSession.selectList(DefaultSqlSession.java:147)
	at org.apache.ibatis.session.defaults.DefaultSqlSession.selectList(DefaultSqlSession.java:140)
	at org.apache.ibatis.session.defaults.DefaultSqlSession.selectOne(DefaultSqlSession.java:76)
	at sun.reflect.GeneratedMethodAccessor1266.invoke(Unknown Source)
	at sun.reflect.DelegatingMethodAccessorImpl.invoke(DelegatingMethodAccessorImpl.java:43)
	at java.lang.reflect.Method.invoke(Method.java:498)
	at org.mybatis.spring.SqlSessionTemplate$SqlSessionInterceptor.invoke(SqlSessionTemplate.java:426)
	at com.sun.proxy.$Proxy366.selectOne(Unknown Source)
	at org.mybatis.spring.SqlSessionTemplate.selectOne(SqlSessionTemplate.java:159)
	at org.apache.ibatis.binding.MapperMethod.execute(MapperMethod.java:87)
	at org.apache.ibatis.binding.MapperProxy.invoke(MapperProxy.java:57)
	at com.sun.proxy.$Proxy368.LoginMember(Unknown Source)
	at com.daejist.login.service.LoginServiceImp.LoginCheck(LoginServiceImp.java:29)
	at com.daejist.login.controller.LoginController.getLogin(LoginController.java:98)
	at sun.reflect.GeneratedMethodAccessor1348.invoke(Unknown Source)
	at sun.reflect.DelegatingMethodAccessorImpl.invoke(DelegatingMethodAccessorImpl.java:43)
	at java.lang.reflect.Method.invoke(Method.java:498)
	at org.springframework.web.method.support.InvocableHandlerMethod.doInvoke(InvocableHandlerMethod.java:190)
	at org.springframework.web.method.support.InvocableHandlerMethod.invokeForRequest(InvocableHandlerMethod.java:138)
	at org.springframework.web.servlet.mvc.method.annotation.ServletInvocableHandlerMethod.invokeAndHandle(ServletInvocableHandlerMethod.java:104)
	at org.springframework.web.servlet.mvc.method.annotation.RequestMappingHandlerAdapter.invokeHandlerMethod(RequestMappingHandlerAdapter.java:892)
	at org.springframework.web.servlet.mvc.method.annotation.RequestMappingHandlerAdapter.handleInternal(RequestMappingHandlerAdapter.java:797)
	at org.springframework.web.servlet.mvc.method.AbstractHandlerMethodAdapter.handle(AbstractHandlerMethodAdapter.java:87)
	at org.springframework.web.servlet.DispatcherServlet.doDispatch(DispatcherServlet.java:1039)
	at org.springframework.web.servlet.DispatcherServlet.doService(DispatcherServlet.java:942)
	at org.springframework.web.servlet.FrameworkServlet.processRequest(FrameworkServlet.java:1005)
	at org.springframework.web.servlet.FrameworkServlet.doPost(FrameworkServlet.java:908)
	at javax.servlet.http.HttpServlet.service(HttpServlet.java:648)
	at org.springframework.web.servlet.FrameworkServlet.service(FrameworkServlet.java:882)
	at javax.servlet.http.HttpServlet.service(HttpServlet.java:729)
	at org.apache.catalina.core.ApplicationFilterChain.internalDoFilter(ApplicationFilterChain.java:292)
	at org.apache.catalina.core.ApplicationFilterChain.doFilter(ApplicationFilterChain.java:207)
	at org.apache.tomcat.websocket.server.WsFilter.doFilter(WsFilter.java:52)
	at org.apache.catalina.core.ApplicationFilterChain.internalDoFilter(ApplicationFilterChain.java:240)
	at org.apache.catalina.core.ApplicationFilterChain.doFilter(ApplicationFilterChain.java:207)
	at org.springframework.web.filter.CharacterEncodingFilter.doFilterInternal(CharacterEncodingFilter.java:200)
	at org.springframework.web.filter.OncePerRequestFilter.doFilter(OncePerRequestFilter.java:118)
	at org.apache.catalina.core.ApplicationFilterChain.internalDoFilter(ApplicationFilterChain.java:240)
	at org.apache.catalina.core.ApplicationFilterChain.doFilter(ApplicationFilterChain.java:207)
	at org.apache.catalina.core.StandardWrapperValve.invoke(StandardWrapperValve.java:212)
	at org.apache.catalina.core.StandardContextValve.invoke(StandardContextValve.java:94)
	at org.apache.catalina.core.StandardHostValve.invoke(StandardHostValve.java:141)
	at org.apache.catalina.valves.ErrorReportValve.invoke(ErrorReportValve.java:79)
	at org.apache.catalina.core.StandardEngineValve.invoke(StandardEngineValve.java:88)
	at org.apache.catalina.connector.CoyoteAdapter.service(CoyoteAdapter.java:502)
	at org.apache.coyote.http11.AbstractHttp11Processor.process(AbstractHttp11Processor.java:1132)
	at org.apache.coyote.AbstractProtocol$AbstractConnectionHandler.process(AbstractProtocol.java:684)
	at org.apache.tomcat.util.net.NioEndpoint$SocketProcessor.doRun(NioEndpoint.java:1539)
	at org.apache.tomcat.util.net.NioEndpoint$SocketProcessor.run(NioEndpoint.java:1495)
	at java.util.concurrent.ThreadPoolExecutor.runWorker(ThreadPoolExecutor.java:1142)
	at java.util.concurrent.ThreadPoolExecutor$Worker.run(ThreadPoolExecutor.java:617)
	at org.apache.tomcat.util.threads.TaskThread$WrappingRunnable.run(TaskThread.java:61)
	at java.lang.Thread.run(Thread.java:745)

13-Jun-2023 12:04:52.853 심각 [http-nio-8855-exec-247] org.apache.catalina.core.StandardWrapperValve.invoke Servlet.service() for servlet [appServlet] in context with path [] threw exception [Request processing failed; nested exception is org.mybatis.spring.MyBatisSystemException: nested exception is org.apache.ibatis.exceptions.PersistenceException: 
### Error querying database.  Cause: org.springframework.jdbc.CannotGetJdbcConnectionException: Failed to obtain JDBC Connection; nested exception is com.microsoft.sqlserver.jdbc.SQLServerException: 호스트 61.32.101.234, 포트 1433에 대한 TCP/IP 연결에 실패했습니다. 오류: "connect timed out. 연결 속성을 확인하십시오. SQL Server의 인스턴스가 호스트에서 실행되고 있고 포트에서 TCP/IP 연결을 허용하고 있는지 확인하십시오. 또한 방화벽에서 포트로의 TCP 연결을 차단하지 않는지 확인하십시오.".
### The error may exist in com/daejist/login/mapper/LoginMapper.xml
### The error may involve com.daejist.login.mapper.LoginMapper.LoginMember
### The error occurred while executing a query
### Cause: org.springframework.jdbc.CannotGetJdbcConnectionException: Failed to obtain JDBC Connection; nested exception is com.microsoft.sqlserver.jdbc.SQLServerException: 호스트 61.32.101.234, 포트 1433에 대한 TCP/IP 연결에 실패했습니다. 오류: "connect timed out. 연결 속성을 확인하십시오. SQL Server의 인스턴스가 호스트에서 실행되고 있고 포트에서 TCP/IP 연결을 허용하고 있는지 확인하십시오. 또한 방화벽에서 포트로의 TCP 연결을 차단하지 않는지 확인하십시오.".] with root cause
 com.microsoft.sqlserver.jdbc.SQLServerException: 호스트 61.32.101.234, 포트 1433에 대한 TCP/IP 연결에 실패했습니다. 오류: "connect timed out. 연결 속성을 확인하십시오. SQL Server의 인스턴스가 호스트에서 실행되고 있고 포트에서 TCP/IP 연결을 허용하고 있는지 확인하십시오. 또한 방화벽에서 포트로의 TCP 연결을 차단하지 않는지 확인하십시오.".
	at com.microsoft.sqlserver.jdbc.SQLServerException.makeFromDriverError(SQLServerException.java:234)
	at com.microsoft.sqlserver.jdbc.SQLServerException.ConvertConnectExceptionToSQLServerException(SQLServerException.java:285)
	at com.microsoft.sqlserver.jdbc.SocketFinder.findSocket(IOBuffer.java:2462)
	at com.microsoft.sqlserver.jdbc.TDSChannel.open(IOBuffer.java:668)
	at com.microsoft.sqlserver.jdbc.SQLServerConnection.connectHelper(SQLServerConnection.java:2695)
	at com.microsoft.sqlserver.jdbc.SQLServerConnection.login(SQLServerConnection.java:2362)
	at com.microsoft.sqlserver.jdbc.SQLServerConnection.connectInternal(SQLServerConnection.java:2213)
	at com.microsoft.sqlserver.jdbc.SQLServerConnection.connect(SQLServerConnection.java:1276)
	at com.microsoft.sqlserver.jdbc.SQLServerDriver.connect(SQLServerDriver.java:861)
	at org.apache.commons.dbcp.DriverConnectionFactory.createConnection(DriverConnectionFactory.java:38)
	at org.apache.commons.dbcp.PoolableConnectionFactory.makeObject(PoolableConnectionFactory.java:582)
	at org.apache.commons.pool.impl.GenericObjectPool.borrowObject(GenericObjectPool.java:1148)
	at org.apache.commons.dbcp.PoolingDataSource.getConnection(PoolingDataSource.java:106)
	at org.apache.commons.dbcp.BasicDataSource.getConnection(BasicDataSource.java:1044)
	at org.springframework.jdbc.datasource.DataSourceUtils.fetchConnection(DataSourceUtils.java:157)
	at org.springframework.jdbc.datasource.DataSourceUtils.doGetConnection(DataSourceUtils.java:115)
	at org.springframework.jdbc.datasource.DataSourceUtils.getConnection(DataSourceUtils.java:78)
	at org.mybatis.spring.transaction.SpringManagedTransaction.openConnection(SpringManagedTransaction.java:80)
	at org.mybatis.spring.transaction.SpringManagedTransaction.getConnection(SpringManagedTransaction.java:67)
	at org.apache.ibatis.executor.BaseExecutor.getConnection(BaseExecutor.java:336)
	at org.apache.ibatis.executor.SimpleExecutor.prepareStatement(SimpleExecutor.java:85)
	at org.apache.ibatis.executor.SimpleExecutor.doQuery(SimpleExecutor.java:62)
	at org.apache.ibatis.executor.BaseExecutor.queryFromDatabase(BaseExecutor.java:324)
	at org.apache.ibatis.executor.BaseExecutor.query(BaseExecutor.java:156)
	at org.apache.ibatis.executor.CachingExecutor.query(CachingExecutor.java:109)
	at org.apache.ibatis.executor.CachingExecutor.query(CachingExecutor.java:83)
	at org.apache.ibatis.session.defaults.DefaultSqlSession.selectList(DefaultSqlSession.java:147)
	at org.apache.ibatis.session.defaults.DefaultSqlSession.selectList(DefaultSqlSession.java:140)
	at org.apache.ibatis.session.defaults.DefaultSqlSession.selectOne(DefaultSqlSession.java:76)
	at sun.reflect.GeneratedMethodAccessor1266.invoke(Unknown Source)
	at sun.reflect.DelegatingMethodAccessorImpl.invoke(DelegatingMethodAccessorImpl.java:43)
	at java.lang.reflect.Method.invoke(Method.java:498)
	at org.mybatis.spring.SqlSessionTemplate$SqlSessionInterceptor.invoke(SqlSessionTemplate.java:426)
	at com.sun.proxy.$Proxy366.selectOne(Unknown Source)
	at org.mybatis.spring.SqlSessionTemplate.selectOne(SqlSessionTemplate.java:159)
	at org.apache.ibatis.binding.MapperMethod.execute(MapperMethod.java:87)
	at org.apache.ibatis.binding.MapperProxy.invoke(MapperProxy.java:57)
	at com.sun.proxy.$Proxy368.LoginMember(Unknown Source)
	at com.daejist.login.service.LoginServiceImp.LoginCheck(LoginServiceImp.java:29)
	at com.daejist.login.controller.LoginController.getLogin(LoginController.java:98)
	at sun.reflect.GeneratedMethodAccessor1348.invoke(Unknown Source)
	at sun.reflect.DelegatingMethodAccessorImpl.invoke(DelegatingMethodAccessorImpl.java:43)
	at java.lang.reflect.Method.invoke(Method.java:498)
	at org.springframework.web.method.support.InvocableHandlerMethod.doInvoke(InvocableHandlerMethod.java:190)
	at org.springframework.web.method.support.InvocableHandlerMethod.invokeForRequest(InvocableHandlerMethod.java:138)
	at org.springframework.web.servlet.mvc.method.annotation.ServletInvocableHandlerMethod.invokeAndHandle(ServletInvocableHandlerMethod.java:104)
	at org.springframework.web.servlet.mvc.method.annotation.RequestMappingHandlerAdapter.invokeHandlerMethod(RequestMappingHandlerAdapter.java:892)
	at org.springframework.web.servlet.mvc.method.annotation.RequestMappingHandlerAdapter.handleInternal(RequestMappingHandlerAdapter.java:797)
	at org.springframework.web.servlet.mvc.method.AbstractHandlerMethodAdapter.handle(AbstractHandlerMethodAdapter.java:87)
	at org.springframework.web.servlet.DispatcherServlet.doDispatch(DispatcherServlet.java:1039)
	at org.springframework.web.servlet.DispatcherServlet.doService(DispatcherServlet.java:942)
	at org.springframework.web.servlet.FrameworkServlet.processRequest(FrameworkServlet.java:1005)
	at org.springframework.web.servlet.FrameworkServlet.doPost(FrameworkServlet.java:908)
	at javax.servlet.http.HttpServlet.service(HttpServlet.java:648)
	at org.springframework.web.servlet.FrameworkServlet.service(FrameworkServlet.java:882)
	at javax.servlet.http.HttpServlet.service(HttpServlet.java:729)
	at org.apache.catalina.core.ApplicationFilterChain.internalDoFilter(ApplicationFilterChain.java:292)
	at org.apache.catalina.core.ApplicationFilterChain.doFilter(ApplicationFilterChain.java:207)
	at org.apache.tomcat.websocket.server.WsFilter.doFilter(WsFilter.java:52)
	at org.apache.catalina.core.ApplicationFilterChain.internalDoFilter(ApplicationFilterChain.java:240)
	at org.apache.catalina.core.ApplicationFilterChain.doFilter(ApplicationFilterChain.java:207)
	at org.springframework.web.filter.CharacterEncodingFilter.doFilterInternal(CharacterEncodingFilter.java:200)
	at org.springframework.web.filter.OncePerRequestFilter.doFilter(OncePerRequestFilter.java:118)
	at org.apache.catalina.core.ApplicationFilterChain.internalDoFilter(ApplicationFilterChain.java:240)
	at org.apache.catalina.core.ApplicationFilterChain.doFilter(ApplicationFilterChain.java:207)
	at org.apache.catalina.core.StandardWrapperValve.invoke(StandardWrapperValve.java:212)
	at org.apache.catalina.core.StandardContextValve.invoke(StandardContextValve.java:94)
	at org.apache.catalina.core.StandardHostValve.invoke(StandardHostValve.java:141)
	at org.apache.catalina.valves.ErrorReportValve.invoke(ErrorReportValve.java:79)
	at org.apache.catalina.core.StandardEngineValve.invoke(StandardEngineValve.java:88)
	at org.apache.catalina.connector.CoyoteAdapter.service(CoyoteAdapter.java:502)
	at org.apache.coyote.http11.AbstractHttp11Processor.process(AbstractHttp11Processor.java:1132)
	at org.apache.coyote.AbstractProtocol$AbstractConnectionHandler.process(AbstractProtocol.java:684)
	at org.apache.tomcat.util.net.NioEndpoint$SocketProcessor.doRun(NioEndpoint.java:1539)
	at org.apache.tomcat.util.net.NioEndpoint$SocketProcessor.run(NioEndpoint.java:1495)
	at java.util.concurrent.ThreadPoolExecutor.runWorker(ThreadPoolExecutor.java:1142)
	at java.util.concurrent.ThreadPoolExecutor$Worker.run(ThreadPoolExecutor.java:617)
	at org.apache.tomcat.util.threads.TaskThread$WrappingRunnable.run(TaskThread.java:61)
	at java.lang.Thread.run(Thread.java:745)

13-Jun-2023 12:04:53.689 심각 [http-nio-8855-exec-248] org.apache.catalina.core.StandardWrapperValve.invoke Servlet.service() for servlet [appServlet] in context with path [] threw exception [Request processing failed; nested exception is org.mybatis.spring.MyBatisSystemException: nested exception is org.apache.ibatis.exceptions.PersistenceException: 
### Error querying database.  Cause: org.springframework.jdbc.CannotGetJdbcConnectionException: Failed to obtain JDBC Connection; nested exception is com.microsoft.sqlserver.jdbc.SQLServerException: 호스트 61.32.101.234, 포트 1433에 대한 TCP/IP 연결에 실패했습니다. 오류: "connect timed out. 연결 속성을 확인하십시오. SQL Server의 인스턴스가 호스트에서 실행되고 있고 포트에서 TCP/IP 연결을 허용하고 있는지 확인하십시오. 또한 방화벽에서 포트로의 TCP 연결을 차단하지 않는지 확인하십시오.".
### The error may exist in com/daejist/login/mapper/LoginMapper.xml
### The error may involve com.daejist.login.mapper.LoginMapper.LoginMember
### The error occurred while executing a query
### Cause: org.springframework.jdbc.CannotGetJdbcConnectionException: Failed to obtain JDBC Connection; nested exception is com.microsoft.sqlserver.jdbc.SQLServerException: 호스트 61.32.101.234, 포트 1433에 대한 TCP/IP 연결에 실패했습니다. 오류: "connect timed out. 연결 속성을 확인하십시오. SQL Server의 인스턴스가 호스트에서 실행되고 있고 포트에서 TCP/IP 연결을 허용하고 있는지 확인하십시오. 또한 방화벽에서 포트로의 TCP 연결을 차단하지 않는지 확인하십시오.".] with root cause
 com.microsoft.sqlserver.jdbc.SQLServerException: 호스트 61.32.101.234, 포트 1433에 대한 TCP/IP 연결에 실패했습니다. 오류: "connect timed out. 연결 속성을 확인하십시오. SQL Server의 인스턴스가 호스트에서 실행되고 있고 포트에서 TCP/IP 연결을 허용하고 있는지 확인하십시오. 또한 방화벽에서 포트로의 TCP 연결을 차단하지 않는지 확인하십시오.".
	at com.microsoft.sqlserver.jdbc.SQLServerException.makeFromDriverError(SQLServerException.java:234)
	at com.microsoft.sqlserver.jdbc.SQLServerException.ConvertConnectExceptionToSQLServerException(SQLServerException.java:285)
	at com.microsoft.sqlserver.jdbc.SocketFinder.findSocket(IOBuffer.java:2462)
	at com.microsoft.sqlserver.jdbc.TDSChannel.open(IOBuffer.java:668)
	at com.microsoft.sqlserver.jdbc.SQLServerConnection.connectHelper(SQLServerConnection.java:2695)
	at com.microsoft.sqlserver.jdbc.SQLServerConnection.login(SQLServerConnection.java:2362)
	at com.microsoft.sqlserver.jdbc.SQLServerConnection.connectInternal(SQLServerConnection.java:2213)
	at com.microsoft.sqlserver.jdbc.SQLServerConnection.connect(SQLServerConnection.java:1276)
	at com.microsoft.sqlserver.jdbc.SQLServerDriver.connect(SQLServerDriver.java:861)
	at org.apache.commons.dbcp.DriverConnectionFactory.createConnection(DriverConnectionFactory.java:38)
	at org.apache.commons.dbcp.PoolableConnectionFactory.makeObject(PoolableConnectionFactory.java:582)
	at org.apache.commons.pool.impl.GenericObjectPool.borrowObject(GenericObjectPool.java:1148)
	at org.apache.commons.dbcp.PoolingDataSource.getConnection(PoolingDataSource.java:106)
	at org.apache.commons.dbcp.BasicDataSource.getConnection(BasicDataSource.java:1044)
	at org.springframework.jdbc.datasource.DataSourceUtils.fetchConnection(DataSourceUtils.java:157)
	at org.springframework.jdbc.datasource.DataSourceUtils.doGetConnection(DataSourceUtils.java:115)
	at org.springframework.jdbc.datasource.DataSourceUtils.getConnection(DataSourceUtils.java:78)
	at org.mybatis.spring.transaction.SpringManagedTransaction.openConnection(SpringManagedTransaction.java:80)
	at org.mybatis.spring.transaction.SpringManagedTransaction.getConnection(SpringManagedTransaction.java:67)
	at org.apache.ibatis.executor.BaseExecutor.getConnection(BaseExecutor.java:336)
	at org.apache.ibatis.executor.SimpleExecutor.prepareStatement(SimpleExecutor.java:85)
	at org.apache.ibatis.executor.SimpleExecutor.doQuery(SimpleExecutor.java:62)
	at org.apache.ibatis.executor.BaseExecutor.queryFromDatabase(BaseExecutor.java:324)
	at org.apache.ibatis.executor.BaseExecutor.query(BaseExecutor.java:156)
	at org.apache.ibatis.executor.CachingExecutor.query(CachingExecutor.java:109)
	at org.apache.ibatis.executor.CachingExecutor.query(CachingExecutor.java:83)
	at org.apache.ibatis.session.defaults.DefaultSqlSession.selectList(DefaultSqlSession.java:147)
	at org.apache.ibatis.session.defaults.DefaultSqlSession.selectList(DefaultSqlSession.java:140)
	at org.apache.ibatis.session.defaults.DefaultSqlSession.selectOne(DefaultSqlSession.java:76)
	at sun.reflect.GeneratedMethodAccessor1266.invoke(Unknown Source)
	at sun.reflect.DelegatingMethodAccessorImpl.invoke(DelegatingMethodAccessorImpl.java:43)
	at java.lang.reflect.Method.invoke(Method.java:498)
	at org.mybatis.spring.SqlSessionTemplate$SqlSessionInterceptor.invoke(SqlSessionTemplate.java:426)
	at com.sun.proxy.$Proxy366.selectOne(Unknown Source)
	at org.mybatis.spring.SqlSessionTemplate.selectOne(SqlSessionTemplate.java:159)
	at org.apache.ibatis.binding.MapperMethod.execute(MapperMethod.java:87)
	at org.apache.ibatis.binding.MapperProxy.invoke(MapperProxy.java:57)
	at com.sun.proxy.$Proxy368.LoginMember(Unknown Source)
	at com.daejist.login.service.LoginServiceImp.LoginCheck(LoginServiceImp.java:29)
	at com.daejist.login.controller.LoginController.getLogin(LoginController.java:98)
	at sun.reflect.GeneratedMethodAccessor1348.invoke(Unknown Source)
	at sun.reflect.DelegatingMethodAccessorImpl.invoke(DelegatingMethodAccessorImpl.java:43)
	at java.lang.reflect.Method.invoke(Method.java:498)
	at org.springframework.web.method.support.InvocableHandlerMethod.doInvoke(InvocableHandlerMethod.java:190)
	at org.springframework.web.method.support.InvocableHandlerMethod.invokeForRequest(InvocableHandlerMethod.java:138)
	at org.springframework.web.servlet.mvc.method.annotation.ServletInvocableHandlerMethod.invokeAndHandle(ServletInvocableHandlerMethod.java:104)
	at org.springframework.web.servlet.mvc.method.annotation.RequestMappingHandlerAdapter.invokeHandlerMethod(RequestMappingHandlerAdapter.java:892)
	at org.springframework.web.servlet.mvc.method.annotation.RequestMappingHandlerAdapter.handleInternal(RequestMappingHandlerAdapter.java:797)
	at org.springframework.web.servlet.mvc.method.AbstractHandlerMethodAdapter.handle(AbstractHandlerMethodAdapter.java:87)
	at org.springframework.web.servlet.DispatcherServlet.doDispatch(DispatcherServlet.java:1039)
	at org.springframework.web.servlet.DispatcherServlet.doService(DispatcherServlet.java:942)
	at org.springframework.web.servlet.FrameworkServlet.processRequest(FrameworkServlet.java:1005)
	at org.springframework.web.servlet.FrameworkServlet.doPost(FrameworkServlet.java:908)
	at javax.servlet.http.HttpServlet.service(HttpServlet.java:648)
	at org.springframework.web.servlet.FrameworkServlet.service(FrameworkServlet.java:882)
	at javax.servlet.http.HttpServlet.service(HttpServlet.java:729)
	at org.apache.catalina.core.ApplicationFilterChain.internalDoFilter(ApplicationFilterChain.java:292)
	at org.apache.catalina.core.ApplicationFilterChain.doFilter(ApplicationFilterChain.java:207)
	at org.apache.tomcat.websocket.server.WsFilter.doFilter(WsFilter.java:52)
	at org.apache.catalina.core.ApplicationFilterChain.internalDoFilter(ApplicationFilterChain.java:240)
	at org.apache.catalina.core.ApplicationFilterChain.doFilter(ApplicationFilterChain.java:207)
	at org.springframework.web.filter.CharacterEncodingFilter.doFilterInternal(CharacterEncodingFilter.java:200)
	at org.springframework.web.filter.OncePerRequestFilter.doFilter(OncePerRequestFilter.java:118)
	at org.apache.catalina.core.ApplicationFilterChain.internalDoFilter(ApplicationFilterChain.java:240)
	at org.apache.catalina.core.ApplicationFilterChain.doFilter(ApplicationFilterChain.java:207)
	at org.apache.catalina.core.StandardWrapperValve.invoke(StandardWrapperValve.java:212)
	at org.apache.catalina.core.StandardContextValve.invoke(StandardContextValve.java:94)
	at org.apache.catalina.core.StandardHostValve.invoke(StandardHostValve.java:141)
	at org.apache.catalina.valves.ErrorReportValve.invoke(ErrorReportValve.java:79)
	at org.apache.catalina.core.StandardEngineValve.invoke(StandardEngineValve.java:88)
	at org.apache.catalina.connector.CoyoteAdapter.service(CoyoteAdapter.java:502)
	at org.apache.coyote.http11.AbstractHttp11Processor.process(AbstractHttp11Processor.java:1132)
	at org.apache.coyote.AbstractProtocol$AbstractConnectionHandler.process(AbstractProtocol.java:684)
	at org.apache.tomcat.util.net.NioEndpoint$SocketProcessor.doRun(NioEndpoint.java:1539)
	at org.apache.tomcat.util.net.NioEndpoint$SocketProcessor.run(NioEndpoint.java:1495)
	at java.util.concurrent.ThreadPoolExecutor.runWorker(ThreadPoolExecutor.java:1142)
	at java.util.concurrent.ThreadPoolExecutor$Worker.run(ThreadPoolExecutor.java:617)
	at org.apache.tomcat.util.threads.TaskThread$WrappingRunnable.run(TaskThread.java:61)
	at java.lang.Thread.run(Thread.java:745)

13-Jun-2023 12:05:00.424 심각 [http-nio-8855-exec-232] org.apache.catalina.core.StandardWrapperValve.invoke Servlet.service() for servlet [appServlet] in context with path [] threw exception [Request processing failed; nested exception is org.mybatis.spring.MyBatisSystemException: nested exception is org.apache.ibatis.exceptions.PersistenceException: 
### Error querying database.  Cause: org.springframework.jdbc.CannotGetJdbcConnectionException: Failed to obtain JDBC Connection; nested exception is com.microsoft.sqlserver.jdbc.SQLServerException: 호스트 61.32.101.234, 포트 1433에 대한 TCP/IP 연결에 실패했습니다. 오류: "connect timed out. 연결 속성을 확인하십시오. SQL Server의 인스턴스가 호스트에서 실행되고 있고 포트에서 TCP/IP 연결을 허용하고 있는지 확인하십시오. 또한 방화벽에서 포트로의 TCP 연결을 차단하지 않는지 확인하십시오.".
### The error may exist in com/daejist/login/mapper/LoginMapper.xml
### The error may involve com.daejist.login.mapper.LoginMapper.LoginMember
### The error occurred while executing a query
### Cause: org.springframework.jdbc.CannotGetJdbcConnectionException: Failed to obtain JDBC Connection; nested exception is com.microsoft.sqlserver.jdbc.SQLServerException: 호스트 61.32.101.234, 포트 1433에 대한 TCP/IP 연결에 실패했습니다. 오류: "connect timed out. 연결 속성을 확인하십시오. SQL Server의 인스턴스가 호스트에서 실행되고 있고 포트에서 TCP/IP 연결을 허용하고 있는지 확인하십시오. 또한 방화벽에서 포트로의 TCP 연결을 차단하지 않는지 확인하십시오.".] with root cause
 com.microsoft.sqlserver.jdbc.SQLServerException: 호스트 61.32.101.234, 포트 1433에 대한 TCP/IP 연결에 실패했습니다. 오류: "connect timed out. 연결 속성을 확인하십시오. SQL Server의 인스턴스가 호스트에서 실행되고 있고 포트에서 TCP/IP 연결을 허용하고 있는지 확인하십시오. 또한 방화벽에서 포트로의 TCP 연결을 차단하지 않는지 확인하십시오.".
	at com.microsoft.sqlserver.jdbc.SQLServerException.makeFromDriverError(SQLServerException.java:234)
	at com.microsoft.sqlserver.jdbc.SQLServerException.ConvertConnectExceptionToSQLServerException(SQLServerException.java:285)
	at com.microsoft.sqlserver.jdbc.SocketFinder.findSocket(IOBuffer.java:2462)
	at com.microsoft.sqlserver.jdbc.TDSChannel.open(IOBuffer.java:668)
	at com.microsoft.sqlserver.jdbc.SQLServerConnection.connectHelper(SQLServerConnection.java:2695)
	at com.microsoft.sqlserver.jdbc.SQLServerConnection.login(SQLServerConnection.java:2362)
	at com.microsoft.sqlserver.jdbc.SQLServerConnection.connectInternal(SQLServerConnection.java:2213)
	at com.microsoft.sqlserver.jdbc.SQLServerConnection.connect(SQLServerConnection.java:1276)
	at com.microsoft.sqlserver.jdbc.SQLServerDriver.connect(SQLServerDriver.java:861)
	at org.apache.commons.dbcp.DriverConnectionFactory.createConnection(DriverConnectionFactory.java:38)
	at org.apache.commons.dbcp.PoolableConnectionFactory.makeObject(PoolableConnectionFactory.java:582)
	at org.apache.commons.pool.impl.GenericObjectPool.borrowObject(GenericObjectPool.java:1148)
	at org.apache.commons.dbcp.PoolingDataSource.getConnection(PoolingDataSource.java:106)
	at org.apache.commons.dbcp.BasicDataSource.getConnection(BasicDataSource.java:1044)
	at org.springframework.jdbc.datasource.DataSourceUtils.fetchConnection(DataSourceUtils.java:157)
	at org.springframework.jdbc.datasource.DataSourceUtils.doGetConnection(DataSourceUtils.java:115)
	at org.springframework.jdbc.datasource.DataSourceUtils.getConnection(DataSourceUtils.java:78)
	at org.mybatis.spring.transaction.SpringManagedTransaction.openConnection(SpringManagedTransaction.java:80)
	at org.mybatis.spring.transaction.SpringManagedTransaction.getConnection(SpringManagedTransaction.java:67)
	at org.apache.ibatis.executor.BaseExecutor.getConnection(BaseExecutor.java:336)
	at org.apache.ibatis.executor.SimpleExecutor.prepareStatement(SimpleExecutor.java:85)
	at org.apache.ibatis.executor.SimpleExecutor.doQuery(SimpleExecutor.java:62)
	at org.apache.ibatis.executor.BaseExecutor.queryFromDatabase(BaseExecutor.java:324)
	at org.apache.ibatis.executor.BaseExecutor.query(BaseExecutor.java:156)
	at org.apache.ibatis.executor.CachingExecutor.query(CachingExecutor.java:109)
	at org.apache.ibatis.executor.CachingExecutor.query(CachingExecutor.java:83)
	at org.apache.ibatis.session.defaults.DefaultSqlSession.selectList(DefaultSqlSession.java:147)
	at org.apache.ibatis.session.defaults.DefaultSqlSession.selectList(DefaultSqlSession.java:140)
	at org.apache.ibatis.session.defaults.DefaultSqlSession.selectOne(DefaultSqlSession.java:76)
	at sun.reflect.GeneratedMethodAccessor1266.invoke(Unknown Source)
	at sun.reflect.DelegatingMethodAccessorImpl.invoke(DelegatingMethodAccessorImpl.java:43)
	at java.lang.reflect.Method.invoke(Method.java:498)
	at org.mybatis.spring.SqlSessionTemplate$SqlSessionInterceptor.invoke(SqlSessionTemplate.java:426)
	at com.sun.proxy.$Proxy366.selectOne(Unknown Source)
	at org.mybatis.spring.SqlSessionTemplate.selectOne(SqlSessionTemplate.java:159)
	at org.apache.ibatis.binding.MapperMethod.execute(MapperMethod.java:87)
	at org.apache.ibatis.binding.MapperProxy.invoke(MapperProxy.java:57)
	at com.sun.proxy.$Proxy368.LoginMember(Unknown Source)
	at com.daejist.login.service.LoginServiceImp.LoginCheck(LoginServiceImp.java:29)
	at com.daejist.login.controller.LoginController.getLogin(LoginController.java:98)
	at sun.reflect.GeneratedMethodAccessor1348.invoke(Unknown Source)
	at sun.reflect.DelegatingMethodAccessorImpl.invoke(DelegatingMethodAccessorImpl.java:43)
	at java.lang.reflect.Method.invoke(Method.java:498)
	at org.springframework.web.method.support.InvocableHandlerMethod.doInvoke(InvocableHandlerMethod.java:190)
	at org.springframework.web.method.support.InvocableHandlerMethod.invokeForRequest(InvocableHandlerMethod.java:138)
	at org.springframework.web.servlet.mvc.method.annotation.ServletInvocableHandlerMethod.invokeAndHandle(ServletInvocableHandlerMethod.java:104)
	at org.springframework.web.servlet.mvc.method.annotation.RequestMappingHandlerAdapter.invokeHandlerMethod(RequestMappingHandlerAdapter.java:892)
	at org.springframework.web.servlet.mvc.method.annotation.RequestMappingHandlerAdapter.handleInternal(RequestMappingHandlerAdapter.java:797)
	at org.springframework.web.servlet.mvc.method.AbstractHandlerMethodAdapter.handle(AbstractHandlerMethodAdapter.java:87)
	at org.springframework.web.servlet.DispatcherServlet.doDispatch(DispatcherServlet.java:1039)
	at org.springframework.web.servlet.DispatcherServlet.doService(DispatcherServlet.java:942)
	at org.springframework.web.servlet.FrameworkServlet.processRequest(FrameworkServlet.java:1005)
	at org.springframework.web.servlet.FrameworkServlet.doPost(FrameworkServlet.java:908)
	at javax.servlet.http.HttpServlet.service(HttpServlet.java:648)
	at org.springframework.web.servlet.FrameworkServlet.service(FrameworkServlet.java:882)
	at javax.servlet.http.HttpServlet.service(HttpServlet.java:729)
	at org.apache.catalina.core.ApplicationFilterChain.internalDoFilter(ApplicationFilterChain.java:292)
	at org.apache.catalina.core.ApplicationFilterChain.doFilter(ApplicationFilterChain.java:207)
	at org.apache.tomcat.websocket.server.WsFilter.doFilter(WsFilter.java:52)
	at org.apache.catalina.core.ApplicationFilterChain.internalDoFilter(ApplicationFilterChain.java:240)
	at org.apache.catalina.core.ApplicationFilterChain.doFilter(ApplicationFilterChain.java:207)
	at org.springframework.web.filter.CharacterEncodingFilter.doFilterInternal(CharacterEncodingFilter.java:200)
	at org.springframework.web.filter.OncePerRequestFilter.doFilter(OncePerRequestFilter.java:118)
	at org.apache.catalina.core.ApplicationFilterChain.internalDoFilter(ApplicationFilterChain.java:240)
	at org.apache.catalina.core.ApplicationFilterChain.doFilter(ApplicationFilterChain.java:207)
	at org.apache.catalina.core.StandardWrapperValve.invoke(StandardWrapperValve.java:212)
	at org.apache.catalina.core.StandardContextValve.invoke(StandardContextValve.java:94)
	at org.apache.catalina.core.StandardHostValve.invoke(StandardHostValve.java:141)
	at org.apache.catalina.valves.ErrorReportValve.invoke(ErrorReportValve.java:79)
	at org.apache.catalina.core.StandardEngineValve.invoke(StandardEngineValve.java:88)
	at org.apache.catalina.connector.CoyoteAdapter.service(CoyoteAdapter.java:502)
	at org.apache.coyote.http11.AbstractHttp11Processor.process(AbstractHttp11Processor.java:1132)
	at org.apache.coyote.AbstractProtocol$AbstractConnectionHandler.process(AbstractProtocol.java:684)
	at org.apache.tomcat.util.net.NioEndpoint$SocketProcessor.doRun(NioEndpoint.java:1539)
	at org.apache.tomcat.util.net.NioEndpoint$SocketProcessor.run(NioEndpoint.java:1495)
	at java.util.concurrent.ThreadPoolExecutor.runWorker(ThreadPoolExecutor.java:1142)
	at java.util.concurrent.ThreadPoolExecutor$Worker.run(ThreadPoolExecutor.java:617)
	at org.apache.tomcat.util.threads.TaskThread$WrappingRunnable.run(TaskThread.java:61)
	at java.lang.Thread.run(Thread.java:745)

13-Jun-2023 12:05:02.577 심각 [http-nio-8855-exec-233] org.apache.catalina.core.StandardWrapperValve.invoke Servlet.service() for servlet [appServlet] in context with path [] threw exception [Request processing failed; nested exception is org.mybatis.spring.MyBatisSystemException: nested exception is org.apache.ibatis.exceptions.PersistenceException: 
### Error querying database.  Cause: org.springframework.jdbc.CannotGetJdbcConnectionException: Failed to obtain JDBC Connection; nested exception is com.microsoft.sqlserver.jdbc.SQLServerException: 호스트 61.32.101.234, 포트 1433에 대한 TCP/IP 연결에 실패했습니다. 오류: "connect timed out. 연결 속성을 확인하십시오. SQL Server의 인스턴스가 호스트에서 실행되고 있고 포트에서 TCP/IP 연결을 허용하고 있는지 확인하십시오. 또한 방화벽에서 포트로의 TCP 연결을 차단하지 않는지 확인하십시오.".
### The error may exist in com/daejist/login/mapper/LoginMapper.xml
### The error may involve com.daejist.login.mapper.LoginMapper.LoginMember
### The error occurred while executing a query
### Cause: org.springframework.jdbc.CannotGetJdbcConnectionException: Failed to obtain JDBC Connection; nested exception is com.microsoft.sqlserver.jdbc.SQLServerException: 호스트 61.32.101.234, 포트 1433에 대한 TCP/IP 연결에 실패했습니다. 오류: "connect timed out. 연결 속성을 확인하십시오. SQL Server의 인스턴스가 호스트에서 실행되고 있고 포트에서 TCP/IP 연결을 허용하고 있는지 확인하십시오. 또한 방화벽에서 포트로의 TCP 연결을 차단하지 않는지 확인하십시오.".] with root cause
 com.microsoft.sqlserver.jdbc.SQLServerException: 호스트 61.32.101.234, 포트 1433에 대한 TCP/IP 연결에 실패했습니다. 오류: "connect timed out. 연결 속성을 확인하십시오. SQL Server의 인스턴스가 호스트에서 실행되고 있고 포트에서 TCP/IP 연결을 허용하고 있는지 확인하십시오. 또한 방화벽에서 포트로의 TCP 연결을 차단하지 않는지 확인하십시오.".
	at com.microsoft.sqlserver.jdbc.SQLServerException.makeFromDriverError(SQLServerException.java:234)
	at com.microsoft.sqlserver.jdbc.SQLServerException.ConvertConnectExceptionToSQLServerException(SQLServerException.java:285)
	at com.microsoft.sqlserver.jdbc.SocketFinder.findSocket(IOBuffer.java:2462)
	at com.microsoft.sqlserver.jdbc.TDSChannel.open(IOBuffer.java:668)
	at com.microsoft.sqlserver.jdbc.SQLServerConnection.connectHelper(SQLServerConnection.java:2695)
	at com.microsoft.sqlserver.jdbc.SQLServerConnection.login(SQLServerConnection.java:2362)
	at com.microsoft.sqlserver.jdbc.SQLServerConnection.connectInternal(SQLServerConnection.java:2213)
	at com.microsoft.sqlserver.jdbc.SQLServerConnection.connect(SQLServerConnection.java:1276)
	at com.microsoft.sqlserver.jdbc.SQLServerDriver.connect(SQLServerDriver.java:861)
	at org.apache.commons.dbcp.DriverConnectionFactory.createConnection(DriverConnectionFactory.java:38)
	at org.apache.commons.dbcp.PoolableConnectionFactory.makeObject(PoolableConnectionFactory.java:582)
	at org.apache.commons.pool.impl.GenericObjectPool.borrowObject(GenericObjectPool.java:1148)
	at org.apache.commons.dbcp.PoolingDataSource.getConnection(PoolingDataSource.java:106)
	at org.apache.commons.dbcp.BasicDataSource.getConnection(BasicDataSource.java:1044)
	at org.springframework.jdbc.datasource.DataSourceUtils.fetchConnection(DataSourceUtils.java:157)
	at org.springframework.jdbc.datasource.DataSourceUtils.doGetConnection(DataSourceUtils.java:115)
	at org.springframework.jdbc.datasource.DataSourceUtils.getConnection(DataSourceUtils.java:78)
	at org.mybatis.spring.transaction.SpringManagedTransaction.openConnection(SpringManagedTransaction.java:80)
	at org.mybatis.spring.transaction.SpringManagedTransaction.getConnection(SpringManagedTransaction.java:67)
	at org.apache.ibatis.executor.BaseExecutor.getConnection(BaseExecutor.java:336)
	at org.apache.ibatis.executor.SimpleExecutor.prepareStatement(SimpleExecutor.java:85)
	at org.apache.ibatis.executor.SimpleExecutor.doQuery(SimpleExecutor.java:62)
	at org.apache.ibatis.executor.BaseExecutor.queryFromDatabase(BaseExecutor.java:324)
	at org.apache.ibatis.executor.BaseExecutor.query(BaseExecutor.java:156)
	at org.apache.ibatis.executor.CachingExecutor.query(CachingExecutor.java:109)
	at org.apache.ibatis.executor.CachingExecutor.query(CachingExecutor.java:83)
	at org.apache.ibatis.session.defaults.DefaultSqlSession.selectList(DefaultSqlSession.java:147)
	at org.apache.ibatis.session.defaults.DefaultSqlSession.selectList(DefaultSqlSession.java:140)
	at org.apache.ibatis.session.defaults.DefaultSqlSession.selectOne(DefaultSqlSession.java:76)
	at sun.reflect.GeneratedMethodAccessor1266.invoke(Unknown Source)
	at sun.reflect.DelegatingMethodAccessorImpl.invoke(DelegatingMethodAccessorImpl.java:43)
	at java.lang.reflect.Method.invoke(Method.java:498)
	at org.mybatis.spring.SqlSessionTemplate$SqlSessionInterceptor.invoke(SqlSessionTemplate.java:426)
	at com.sun.proxy.$Proxy366.selectOne(Unknown Source)
	at org.mybatis.spring.SqlSessionTemplate.selectOne(SqlSessionTemplate.java:159)
	at org.apache.ibatis.binding.MapperMethod.execute(MapperMethod.java:87)
	at org.apache.ibatis.binding.MapperProxy.invoke(MapperProxy.java:57)
	at com.sun.proxy.$Proxy368.LoginMember(Unknown Source)
	at com.daejist.login.service.LoginServiceImp.LoginCheck(LoginServiceImp.java:29)
	at com.daejist.login.controller.LoginController.getLogin(LoginController.java:98)
	at sun.reflect.GeneratedMethodAccessor1348.invoke(Unknown Source)
	at sun.reflect.DelegatingMethodAccessorImpl.invoke(DelegatingMethodAccessorImpl.java:43)
	at java.lang.reflect.Method.invoke(Method.java:498)
	at org.springframework.web.method.support.InvocableHandlerMethod.doInvoke(InvocableHandlerMethod.java:190)
	at org.springframework.web.method.support.InvocableHandlerMethod.invokeForRequest(InvocableHandlerMethod.java:138)
	at org.springframework.web.servlet.mvc.method.annotation.ServletInvocableHandlerMethod.invokeAndHandle(ServletInvocableHandlerMethod.java:104)
	at org.springframework.web.servlet.mvc.method.annotation.RequestMappingHandlerAdapter.invokeHandlerMethod(RequestMappingHandlerAdapter.java:892)
	at org.springframework.web.servlet.mvc.method.annotation.RequestMappingHandlerAdapter.handleInternal(RequestMappingHandlerAdapter.java:797)
	at org.springframework.web.servlet.mvc.method.AbstractHandlerMethodAdapter.handle(AbstractHandlerMethodAdapter.java:87)
	at org.springframework.web.servlet.DispatcherServlet.doDispatch(DispatcherServlet.java:1039)
	at org.springframework.web.servlet.DispatcherServlet.doService(DispatcherServlet.java:942)
	at org.springframework.web.servlet.FrameworkServlet.processRequest(FrameworkServlet.java:1005)
	at org.springframework.web.servlet.FrameworkServlet.doPost(FrameworkServlet.java:908)
	at javax.servlet.http.HttpServlet.service(HttpServlet.java:648)
	at org.springframework.web.servlet.FrameworkServlet.service(FrameworkServlet.java:882)
	at javax.servlet.http.HttpServlet.service(HttpServlet.java:729)
	at org.apache.catalina.core.ApplicationFilterChain.internalDoFilter(ApplicationFilterChain.java:292)
	at org.apache.catalina.core.ApplicationFilterChain.doFilter(ApplicationFilterChain.java:207)
	at org.apache.tomcat.websocket.server.WsFilter.doFilter(WsFilter.java:52)
	at org.apache.catalina.core.ApplicationFilterChain.internalDoFilter(ApplicationFilterChain.java:240)
	at org.apache.catalina.core.ApplicationFilterChain.doFilter(ApplicationFilterChain.java:207)
	at org.springframework.web.filter.CharacterEncodingFilter.doFilterInternal(CharacterEncodingFilter.java:200)
	at org.springframework.web.filter.OncePerRequestFilter.doFilter(OncePerRequestFilter.java:118)
	at org.apache.catalina.core.ApplicationFilterChain.internalDoFilter(ApplicationFilterChain.java:240)
	at org.apache.catalina.core.ApplicationFilterChain.doFilter(ApplicationFilterChain.java:207)
	at org.apache.catalina.core.StandardWrapperValve.invoke(StandardWrapperValve.java:212)
	at org.apache.catalina.core.StandardContextValve.invoke(StandardContextValve.java:94)
	at org.apache.catalina.core.StandardHostValve.invoke(StandardHostValve.java:141)
	at org.apache.catalina.valves.ErrorReportValve.invoke(ErrorReportValve.java:79)
	at org.apache.catalina.core.StandardEngineValve.invoke(StandardEngineValve.java:88)
	at org.apache.catalina.connector.CoyoteAdapter.service(CoyoteAdapter.java:502)
	at org.apache.coyote.http11.AbstractHttp11Processor.process(AbstractHttp11Processor.java:1132)
	at org.apache.coyote.AbstractProtocol$AbstractConnectionHandler.process(AbstractProtocol.java:684)
	at org.apache.tomcat.util.net.NioEndpoint$SocketProcessor.doRun(NioEndpoint.java:1539)
	at org.apache.tomcat.util.net.NioEndpoint$SocketProcessor.run(NioEndpoint.java:1495)
	at java.util.concurrent.ThreadPoolExecutor.runWorker(ThreadPoolExecutor.java:1142)
	at java.util.concurrent.ThreadPoolExecutor$Worker.run(ThreadPoolExecutor.java:617)
	at org.apache.tomcat.util.threads.TaskThread$WrappingRunnable.run(TaskThread.java:61)
	at java.lang.Thread.run(Thread.java:745)

13-Jun-2023 12:05:04.224 심각 [http-nio-8855-exec-227] org.apache.catalina.core.StandardWrapperValve.invoke Servlet.service() for servlet [appServlet] in context with path [] threw exception [Request processing failed; nested exception is org.mybatis.spring.MyBatisSystemException: nested exception is org.apache.ibatis.exceptions.PersistenceException: 
### Error querying database.  Cause: org.springframework.jdbc.CannotGetJdbcConnectionException: Failed to obtain JDBC Connection; nested exception is com.microsoft.sqlserver.jdbc.SQLServerException: 호스트 61.32.101.234, 포트 1433에 대한 TCP/IP 연결에 실패했습니다. 오류: "connect timed out. 연결 속성을 확인하십시오. SQL Server의 인스턴스가 호스트에서 실행되고 있고 포트에서 TCP/IP 연결을 허용하고 있는지 확인하십시오. 또한 방화벽에서 포트로의 TCP 연결을 차단하지 않는지 확인하십시오.".
### The error may exist in com/daejist/login/mapper/LoginMapper.xml
### The error may involve com.daejist.login.mapper.LoginMapper.LoginMember
### The error occurred while executing a query
### Cause: org.springframework.jdbc.CannotGetJdbcConnectionException: Failed to obtain JDBC Connection; nested exception is com.microsoft.sqlserver.jdbc.SQLServerException: 호스트 61.32.101.234, 포트 1433에 대한 TCP/IP 연결에 실패했습니다. 오류: "connect timed out. 연결 속성을 확인하십시오. SQL Server의 인스턴스가 호스트에서 실행되고 있고 포트에서 TCP/IP 연결을 허용하고 있는지 확인하십시오. 또한 방화벽에서 포트로의 TCP 연결을 차단하지 않는지 확인하십시오.".] with root cause
 com.microsoft.sqlserver.jdbc.SQLServerException: 호스트 61.32.101.234, 포트 1433에 대한 TCP/IP 연결에 실패했습니다. 오류: "connect timed out. 연결 속성을 확인하십시오. SQL Server의 인스턴스가 호스트에서 실행되고 있고 포트에서 TCP/IP 연결을 허용하고 있는지 확인하십시오. 또한 방화벽에서 포트로의 TCP 연결을 차단하지 않는지 확인하십시오.".
	at com.microsoft.sqlserver.jdbc.SQLServerException.makeFromDriverError(SQLServerException.java:234)
	at com.microsoft.sqlserver.jdbc.SQLServerException.ConvertConnectExceptionToSQLServerException(SQLServerException.java:285)
	at com.microsoft.sqlserver.jdbc.SocketFinder.findSocket(IOBuffer.java:2462)
	at com.microsoft.sqlserver.jdbc.TDSChannel.open(IOBuffer.java:668)
	at com.microsoft.sqlserver.jdbc.SQLServerConnection.connectHelper(SQLServerConnection.java:2695)
	at com.microsoft.sqlserver.jdbc.SQLServerConnection.login(SQLServerConnection.java:2362)
	at com.microsoft.sqlserver.jdbc.SQLServerConnection.connectInternal(SQLServerConnection.java:2213)
	at com.microsoft.sqlserver.jdbc.SQLServerConnection.connect(SQLServerConnection.java:1276)
	at com.microsoft.sqlserver.jdbc.SQLServerDriver.connect(SQLServerDriver.java:861)
	at org.apache.commons.dbcp.DriverConnectionFactory.createConnection(DriverConnectionFactory.java:38)
	at org.apache.commons.dbcp.PoolableConnectionFactory.makeObject(PoolableConnectionFactory.java:582)
	at org.apache.commons.pool.impl.GenericObjectPool.borrowObject(GenericObjectPool.java:1148)
	at org.apache.commons.dbcp.PoolingDataSource.getConnection(PoolingDataSource.java:106)
	at org.apache.commons.dbcp.BasicDataSource.getConnection(BasicDataSource.java:1044)
	at org.springframework.jdbc.datasource.DataSourceUtils.fetchConnection(DataSourceUtils.java:157)
	at org.springframework.jdbc.datasource.DataSourceUtils.doGetConnection(DataSourceUtils.java:115)
	at org.springframework.jdbc.datasource.DataSourceUtils.getConnection(DataSourceUtils.java:78)
	at org.mybatis.spring.transaction.SpringManagedTransaction.openConnection(SpringManagedTransaction.java:80)
	at org.mybatis.spring.transaction.SpringManagedTransaction.getConnection(SpringManagedTransaction.java:67)
	at org.apache.ibatis.executor.BaseExecutor.getConnection(BaseExecutor.java:336)
	at org.apache.ibatis.executor.SimpleExecutor.prepareStatement(SimpleExecutor.java:85)
	at org.apache.ibatis.executor.SimpleExecutor.doQuery(SimpleExecutor.java:62)
	at org.apache.ibatis.executor.BaseExecutor.queryFromDatabase(BaseExecutor.java:324)
	at org.apache.ibatis.executor.BaseExecutor.query(BaseExecutor.java:156)
	at org.apache.ibatis.executor.CachingExecutor.query(CachingExecutor.java:109)
	at org.apache.ibatis.executor.CachingExecutor.query(CachingExecutor.java:83)
	at org.apache.ibatis.session.defaults.DefaultSqlSession.selectList(DefaultSqlSession.java:147)
	at org.apache.ibatis.session.defaults.DefaultSqlSession.selectList(DefaultSqlSession.java:140)
	at org.apache.ibatis.session.defaults.DefaultSqlSession.selectOne(DefaultSqlSession.java:76)
	at sun.reflect.GeneratedMethodAccessor1266.invoke(Unknown Source)
	at sun.reflect.DelegatingMethodAccessorImpl.invoke(DelegatingMethodAccessorImpl.java:43)
	at java.lang.reflect.Method.invoke(Method.java:498)
	at org.mybatis.spring.SqlSessionTemplate$SqlSessionInterceptor.invoke(SqlSessionTemplate.java:426)
	at com.sun.proxy.$Proxy366.selectOne(Unknown Source)
	at org.mybatis.spring.SqlSessionTemplate.selectOne(SqlSessionTemplate.java:159)
	at org.apache.ibatis.binding.MapperMethod.execute(MapperMethod.java:87)
	at org.apache.ibatis.binding.MapperProxy.invoke(MapperProxy.java:57)
	at com.sun.proxy.$Proxy368.LoginMember(Unknown Source)
	at com.daejist.login.service.LoginServiceImp.LoginCheck(LoginServiceImp.java:29)
	at com.daejist.login.controller.LoginController.getLogin(LoginController.java:98)
	at sun.reflect.GeneratedMethodAccessor1348.invoke(Unknown Source)
	at sun.reflect.DelegatingMethodAccessorImpl.invoke(DelegatingMethodAccessorImpl.java:43)
	at java.lang.reflect.Method.invoke(Method.java:498)
	at org.springframework.web.method.support.InvocableHandlerMethod.doInvoke(InvocableHandlerMethod.java:190)
	at org.springframework.web.method.support.InvocableHandlerMethod.invokeForRequest(InvocableHandlerMethod.java:138)
	at org.springframework.web.servlet.mvc.method.annotation.ServletInvocableHandlerMethod.invokeAndHandle(ServletInvocableHandlerMethod.java:104)
	at org.springframework.web.servlet.mvc.method.annotation.RequestMappingHandlerAdapter.invokeHandlerMethod(RequestMappingHandlerAdapter.java:892)
	at org.springframework.web.servlet.mvc.method.annotation.RequestMappingHandlerAdapter.handleInternal(RequestMappingHandlerAdapter.java:797)
	at org.springframework.web.servlet.mvc.method.AbstractHandlerMethodAdapter.handle(AbstractHandlerMethodAdapter.java:87)
	at org.springframework.web.servlet.DispatcherServlet.doDispatch(DispatcherServlet.java:1039)
	at org.springframework.web.servlet.DispatcherServlet.doService(DispatcherServlet.java:942)
	at org.springframework.web.servlet.FrameworkServlet.processRequest(FrameworkServlet.java:1005)
	at org.springframework.web.servlet.FrameworkServlet.doPost(FrameworkServlet.java:908)
	at javax.servlet.http.HttpServlet.service(HttpServlet.java:648)
	at org.springframework.web.servlet.FrameworkServlet.service(FrameworkServlet.java:882)
	at javax.servlet.http.HttpServlet.service(HttpServlet.java:729)
	at org.apache.catalina.core.ApplicationFilterChain.internalDoFilter(ApplicationFilterChain.java:292)
	at org.apache.catalina.core.ApplicationFilterChain.doFilter(ApplicationFilterChain.java:207)
	at org.apache.tomcat.websocket.server.WsFilter.doFilter(WsFilter.java:52)
	at org.apache.catalina.core.ApplicationFilterChain.internalDoFilter(ApplicationFilterChain.java:240)
	at org.apache.catalina.core.ApplicationFilterChain.doFilter(ApplicationFilterChain.java:207)
	at org.springframework.web.filter.CharacterEncodingFilter.doFilterInternal(CharacterEncodingFilter.java:200)
	at org.springframework.web.filter.OncePerRequestFilter.doFilter(OncePerRequestFilter.java:118)
	at org.apache.catalina.core.ApplicationFilterChain.internalDoFilter(ApplicationFilterChain.java:240)
	at org.apache.catalina.core.ApplicationFilterChain.doFilter(ApplicationFilterChain.java:207)
	at org.apache.catalina.core.StandardWrapperValve.invoke(StandardWrapperValve.java:212)
	at org.apache.catalina.core.StandardContextValve.invoke(StandardContextValve.java:94)
	at org.apache.catalina.core.StandardHostValve.invoke(StandardHostValve.java:141)
	at org.apache.catalina.valves.ErrorReportValve.invoke(ErrorReportValve.java:79)
	at org.apache.catalina.core.StandardEngineValve.invoke(StandardEngineValve.java:88)
	at org.apache.catalina.connector.CoyoteAdapter.service(CoyoteAdapter.java:502)
	at org.apache.coyote.http11.AbstractHttp11Processor.process(AbstractHttp11Processor.java:1132)
	at org.apache.coyote.AbstractProtocol$AbstractConnectionHandler.process(AbstractProtocol.java:684)
	at org.apache.tomcat.util.net.NioEndpoint$SocketProcessor.doRun(NioEndpoint.java:1539)
	at org.apache.tomcat.util.net.NioEndpoint$SocketProcessor.run(NioEndpoint.java:1495)
	at java.util.concurrent.ThreadPoolExecutor.runWorker(ThreadPoolExecutor.java:1142)
	at java.util.concurrent.ThreadPoolExecutor$Worker.run(ThreadPoolExecutor.java:617)
	at org.apache.tomcat.util.threads.TaskThread$WrappingRunnable.run(TaskThread.java:61)
	at java.lang.Thread.run(Thread.java:745)

13-Jun-2023 12:05:06.015 심각 [http-nio-8855-exec-225] org.apache.catalina.core.StandardWrapperValve.invoke Servlet.service() for servlet [appServlet] in context with path [] threw exception [Request processing failed; nested exception is org.mybatis.spring.MyBatisSystemException: nested exception is org.apache.ibatis.exceptions.PersistenceException: 
### Error querying database.  Cause: org.springframework.jdbc.CannotGetJdbcConnectionException: Failed to obtain JDBC Connection; nested exception is com.microsoft.sqlserver.jdbc.SQLServerException: 호스트 61.32.101.234, 포트 1433에 대한 TCP/IP 연결에 실패했습니다. 오류: "connect timed out. 연결 속성을 확인하십시오. SQL Server의 인스턴스가 호스트에서 실행되고 있고 포트에서 TCP/IP 연결을 허용하고 있는지 확인하십시오. 또한 방화벽에서 포트로의 TCP 연결을 차단하지 않는지 확인하십시오.".
### The error may exist in com/daejist/login/mapper/LoginMapper.xml
### The error may involve com.daejist.login.mapper.LoginMapper.LoginMember
### The error occurred while executing a query
### Cause: org.springframework.jdbc.CannotGetJdbcConnectionException: Failed to obtain JDBC Connection; nested exception is com.microsoft.sqlserver.jdbc.SQLServerException: 호스트 61.32.101.234, 포트 1433에 대한 TCP/IP 연결에 실패했습니다. 오류: "connect timed out. 연결 속성을 확인하십시오. SQL Server의 인스턴스가 호스트에서 실행되고 있고 포트에서 TCP/IP 연결을 허용하고 있는지 확인하십시오. 또한 방화벽에서 포트로의 TCP 연결을 차단하지 않는지 확인하십시오.".] with root cause
 com.microsoft.sqlserver.jdbc.SQLServerException: 호스트 61.32.101.234, 포트 1433에 대한 TCP/IP 연결에 실패했습니다. 오류: "connect timed out. 연결 속성을 확인하십시오. SQL Server의 인스턴스가 호스트에서 실행되고 있고 포트에서 TCP/IP 연결을 허용하고 있는지 확인하십시오. 또한 방화벽에서 포트로의 TCP 연결을 차단하지 않는지 확인하십시오.".
	at com.microsoft.sqlserver.jdbc.SQLServerException.makeFromDriverError(SQLServerException.java:234)
	at com.microsoft.sqlserver.jdbc.SQLServerException.ConvertConnectExceptionToSQLServerException(SQLServerException.java:285)
	at com.microsoft.sqlserver.jdbc.SocketFinder.findSocket(IOBuffer.java:2462)
	at com.microsoft.sqlserver.jdbc.TDSChannel.open(IOBuffer.java:668)
	at com.microsoft.sqlserver.jdbc.SQLServerConnection.connectHelper(SQLServerConnection.java:2695)
	at com.microsoft.sqlserver.jdbc.SQLServerConnection.login(SQLServerConnection.java:2362)
	at com.microsoft.sqlserver.jdbc.SQLServerConnection.connectInternal(SQLServerConnection.java:2213)
	at com.microsoft.sqlserver.jdbc.SQLServerConnection.connect(SQLServerConnection.java:1276)
	at com.microsoft.sqlserver.jdbc.SQLServerDriver.connect(SQLServerDriver.java:861)
	at org.apache.commons.dbcp.DriverConnectionFactory.createConnection(DriverConnectionFactory.java:38)
	at org.apache.commons.dbcp.PoolableConnectionFactory.makeObject(PoolableConnectionFactory.java:582)
	at org.apache.commons.pool.impl.GenericObjectPool.borrowObject(GenericObjectPool.java:1148)
	at org.apache.commons.dbcp.PoolingDataSource.getConnection(PoolingDataSource.java:106)
	at org.apache.commons.dbcp.BasicDataSource.getConnection(BasicDataSource.java:1044)
	at org.springframework.jdbc.datasource.DataSourceUtils.fetchConnection(DataSourceUtils.java:157)
	at org.springframework.jdbc.datasource.DataSourceUtils.doGetConnection(DataSourceUtils.java:115)
	at org.springframework.jdbc.datasource.DataSourceUtils.getConnection(DataSourceUtils.java:78)
	at org.mybatis.spring.transaction.SpringManagedTransaction.openConnection(SpringManagedTransaction.java:80)
	at org.mybatis.spring.transaction.SpringManagedTransaction.getConnection(SpringManagedTransaction.java:67)
	at org.apache.ibatis.executor.BaseExecutor.getConnection(BaseExecutor.java:336)
	at org.apache.ibatis.executor.SimpleExecutor.prepareStatement(SimpleExecutor.java:85)
	at org.apache.ibatis.executor.SimpleExecutor.doQuery(SimpleExecutor.java:62)
	at org.apache.ibatis.executor.BaseExecutor.queryFromDatabase(BaseExecutor.java:324)
	at org.apache.ibatis.executor.BaseExecutor.query(BaseExecutor.java:156)
	at org.apache.ibatis.executor.CachingExecutor.query(CachingExecutor.java:109)
	at org.apache.ibatis.executor.CachingExecutor.query(CachingExecutor.java:83)
	at org.apache.ibatis.session.defaults.DefaultSqlSession.selectList(DefaultSqlSession.java:147)
	at org.apache.ibatis.session.defaults.DefaultSqlSession.selectList(DefaultSqlSession.java:140)
	at org.apache.ibatis.session.defaults.DefaultSqlSession.selectOne(DefaultSqlSession.java:76)
	at sun.reflect.GeneratedMethodAccessor1266.invoke(Unknown Source)
	at sun.reflect.DelegatingMethodAccessorImpl.invoke(DelegatingMethodAccessorImpl.java:43)
	at java.lang.reflect.Method.invoke(Method.java:498)
	at org.mybatis.spring.SqlSessionTemplate$SqlSessionInterceptor.invoke(SqlSessionTemplate.java:426)
	at com.sun.proxy.$Proxy366.selectOne(Unknown Source)
	at org.mybatis.spring.SqlSessionTemplate.selectOne(SqlSessionTemplate.java:159)
	at org.apache.ibatis.binding.MapperMethod.execute(MapperMethod.java:87)
	at org.apache.ibatis.binding.MapperProxy.invoke(MapperProxy.java:57)
	at com.sun.proxy.$Proxy368.LoginMember(Unknown Source)
	at com.daejist.login.service.LoginServiceImp.LoginCheck(LoginServiceImp.java:29)
	at com.daejist.login.controller.LoginController.getLogin(LoginController.java:98)
	at sun.reflect.GeneratedMethodAccessor1348.invoke(Unknown Source)
	at sun.reflect.DelegatingMethodAccessorImpl.invoke(DelegatingMethodAccessorImpl.java:43)
	at java.lang.reflect.Method.invoke(Method.java:498)
	at org.springframework.web.method.support.InvocableHandlerMethod.doInvoke(InvocableHandlerMethod.java:190)
	at org.springframework.web.method.support.InvocableHandlerMethod.invokeForRequest(InvocableHandlerMethod.java:138)
	at org.springframework.web.servlet.mvc.method.annotation.ServletInvocableHandlerMethod.invokeAndHandle(ServletInvocableHandlerMethod.java:104)
	at org.springframework.web.servlet.mvc.method.annotation.RequestMappingHandlerAdapter.invokeHandlerMethod(RequestMappingHandlerAdapter.java:892)
	at org.springframework.web.servlet.mvc.method.annotation.RequestMappingHandlerAdapter.handleInternal(RequestMappingHandlerAdapter.java:797)
	at org.springframework.web.servlet.mvc.method.AbstractHandlerMethodAdapter.handle(AbstractHandlerMethodAdapter.java:87)
	at org.springframework.web.servlet.DispatcherServlet.doDispatch(DispatcherServlet.java:1039)
	at org.springframework.web.servlet.DispatcherServlet.doService(DispatcherServlet.java:942)
	at org.springframework.web.servlet.FrameworkServlet.processRequest(FrameworkServlet.java:1005)
	at org.springframework.web.servlet.FrameworkServlet.doPost(FrameworkServlet.java:908)
	at javax.servlet.http.HttpServlet.service(HttpServlet.java:648)
	at org.springframework.web.servlet.FrameworkServlet.service(FrameworkServlet.java:882)
	at javax.servlet.http.HttpServlet.service(HttpServlet.java:729)
	at org.apache.catalina.core.ApplicationFilterChain.internalDoFilter(ApplicationFilterChain.java:292)
	at org.apache.catalina.core.ApplicationFilterChain.doFilter(ApplicationFilterChain.java:207)
	at org.apache.tomcat.websocket.server.WsFilter.doFilter(WsFilter.java:52)
	at org.apache.catalina.core.ApplicationFilterChain.internalDoFilter(ApplicationFilterChain.java:240)
	at org.apache.catalina.core.ApplicationFilterChain.doFilter(ApplicationFilterChain.java:207)
	at org.springframework.web.filter.CharacterEncodingFilter.doFilterInternal(CharacterEncodingFilter.java:200)
	at org.springframework.web.filter.OncePerRequestFilter.doFilter(OncePerRequestFilter.java:118)
	at org.apache.catalina.core.ApplicationFilterChain.internalDoFilter(ApplicationFilterChain.java:240)
	at org.apache.catalina.core.ApplicationFilterChain.doFilter(ApplicationFilterChain.java:207)
	at org.apache.catalina.core.StandardWrapperValve.invoke(StandardWrapperValve.java:212)
	at org.apache.catalina.core.StandardContextValve.invoke(StandardContextValve.java:94)
	at org.apache.catalina.core.StandardHostValve.invoke(StandardHostValve.java:141)
	at org.apache.catalina.valves.ErrorReportValve.invoke(ErrorReportValve.java:79)
	at org.apache.catalina.core.StandardEngineValve.invoke(StandardEngineValve.java:88)
	at org.apache.catalina.connector.CoyoteAdapter.service(CoyoteAdapter.java:502)
	at org.apache.coyote.http11.AbstractHttp11Processor.process(AbstractHttp11Processor.java:1132)
	at org.apache.coyote.AbstractProtocol$AbstractConnectionHandler.process(AbstractProtocol.java:684)
	at org.apache.tomcat.util.net.NioEndpoint$SocketProcessor.doRun(NioEndpoint.java:1539)
	at org.apache.tomcat.util.net.NioEndpoint$SocketProcessor.run(NioEndpoint.java:1495)
	at java.util.concurrent.ThreadPoolExecutor.runWorker(ThreadPoolExecutor.java:1142)
	at java.util.concurrent.ThreadPoolExecutor$Worker.run(ThreadPoolExecutor.java:617)
	at org.apache.tomcat.util.threads.TaskThread$WrappingRunnable.run(TaskThread.java:61)
	at java.lang.Thread.run(Thread.java:745)

13-Jun-2023 12:05:07.856 심각 [http-nio-8855-exec-222] org.apache.catalina.core.StandardWrapperValve.invoke Servlet.service() for servlet [appServlet] in context with path [] threw exception [Request processing failed; nested exception is org.mybatis.spring.MyBatisSystemException: nested exception is org.apache.ibatis.exceptions.PersistenceException: 
### Error querying database.  Cause: org.springframework.jdbc.CannotGetJdbcConnectionException: Failed to obtain JDBC Connection; nested exception is com.microsoft.sqlserver.jdbc.SQLServerException: 호스트 61.32.101.234, 포트 1433에 대한 TCP/IP 연결에 실패했습니다. 오류: "connect timed out. 연결 속성을 확인하십시오. SQL Server의 인스턴스가 호스트에서 실행되고 있고 포트에서 TCP/IP 연결을 허용하고 있는지 확인하십시오. 또한 방화벽에서 포트로의 TCP 연결을 차단하지 않는지 확인하십시오.".
### The error may exist in com/daejist/login/mapper/LoginMapper.xml
### The error may involve com.daejist.login.mapper.LoginMapper.LoginMember
### The error occurred while executing a query
### Cause: org.springframework.jdbc.CannotGetJdbcConnectionException: Failed to obtain JDBC Connection; nested exception is com.microsoft.sqlserver.jdbc.SQLServerException: 호스트 61.32.101.234, 포트 1433에 대한 TCP/IP 연결에 실패했습니다. 오류: "connect timed out. 연결 속성을 확인하십시오. SQL Server의 인스턴스가 호스트에서 실행되고 있고 포트에서 TCP/IP 연결을 허용하고 있는지 확인하십시오. 또한 방화벽에서 포트로의 TCP 연결을 차단하지 않는지 확인하십시오.".] with root cause
 com.microsoft.sqlserver.jdbc.SQLServerException: 호스트 61.32.101.234, 포트 1433에 대한 TCP/IP 연결에 실패했습니다. 오류: "connect timed out. 연결 속성을 확인하십시오. SQL Server의 인스턴스가 호스트에서 실행되고 있고 포트에서 TCP/IP 연결을 허용하고 있는지 확인하십시오. 또한 방화벽에서 포트로의 TCP 연결을 차단하지 않는지 확인하십시오.".
	at com.microsoft.sqlserver.jdbc.SQLServerException.makeFromDriverError(SQLServerException.java:234)
	at com.microsoft.sqlserver.jdbc.SQLServerException.ConvertConnectExceptionToSQLServerException(SQLServerException.java:285)
	at com.microsoft.sqlserver.jdbc.SocketFinder.findSocket(IOBuffer.java:2462)
	at com.microsoft.sqlserver.jdbc.TDSChannel.open(IOBuffer.java:668)
	at com.microsoft.sqlserver.jdbc.SQLServerConnection.connectHelper(SQLServerConnection.java:2695)
	at com.microsoft.sqlserver.jdbc.SQLServerConnection.login(SQLServerConnection.java:2362)
	at com.microsoft.sqlserver.jdbc.SQLServerConnection.connectInternal(SQLServerConnection.java:2213)
	at com.microsoft.sqlserver.jdbc.SQLServerConnection.connect(SQLServerConnection.java:1276)
	at com.microsoft.sqlserver.jdbc.SQLServerDriver.connect(SQLServerDriver.java:861)
	at org.apache.commons.dbcp.DriverConnectionFactory.createConnection(DriverConnectionFactory.java:38)
	at org.apache.commons.dbcp.PoolableConnectionFactory.makeObject(PoolableConnectionFactory.java:582)
	at org.apache.commons.pool.impl.GenericObjectPool.borrowObject(GenericObjectPool.java:1148)
	at org.apache.commons.dbcp.PoolingDataSource.getConnection(PoolingDataSource.java:106)
	at org.apache.commons.dbcp.BasicDataSource.getConnection(BasicDataSource.java:1044)
	at org.springframework.jdbc.datasource.DataSourceUtils.fetchConnection(DataSourceUtils.java:157)
	at org.springframework.jdbc.datasource.DataSourceUtils.doGetConnection(DataSourceUtils.java:115)
	at org.springframework.jdbc.datasource.DataSourceUtils.getConnection(DataSourceUtils.java:78)
	at org.mybatis.spring.transaction.SpringManagedTransaction.openConnection(SpringManagedTransaction.java:80)
	at org.mybatis.spring.transaction.SpringManagedTransaction.getConnection(SpringManagedTransaction.java:67)
	at org.apache.ibatis.executor.BaseExecutor.getConnection(BaseExecutor.java:336)
	at org.apache.ibatis.executor.SimpleExecutor.prepareStatement(SimpleExecutor.java:85)
	at org.apache.ibatis.executor.SimpleExecutor.doQuery(SimpleExecutor.java:62)
	at org.apache.ibatis.executor.BaseExecutor.queryFromDatabase(BaseExecutor.java:324)
	at org.apache.ibatis.executor.BaseExecutor.query(BaseExecutor.java:156)
	at org.apache.ibatis.executor.CachingExecutor.query(CachingExecutor.java:109)
	at org.apache.ibatis.executor.CachingExecutor.query(CachingExecutor.java:83)
	at org.apache.ibatis.session.defaults.DefaultSqlSession.selectList(DefaultSqlSession.java:147)
	at org.apache.ibatis.session.defaults.DefaultSqlSession.selectList(DefaultSqlSession.java:140)
	at org.apache.ibatis.session.defaults.DefaultSqlSession.selectOne(DefaultSqlSession.java:76)
	at sun.reflect.GeneratedMethodAccessor1266.invoke(Unknown Source)
	at sun.reflect.DelegatingMethodAccessorImpl.invoke(DelegatingMethodAccessorImpl.java:43)
	at java.lang.reflect.Method.invoke(Method.java:498)
	at org.mybatis.spring.SqlSessionTemplate$SqlSessionInterceptor.invoke(SqlSessionTemplate.java:426)
	at com.sun.proxy.$Proxy366.selectOne(Unknown Source)
	at org.mybatis.spring.SqlSessionTemplate.selectOne(SqlSessionTemplate.java:159)
	at org.apache.ibatis.binding.MapperMethod.execute(MapperMethod.java:87)
	at org.apache.ibatis.binding.MapperProxy.invoke(MapperProxy.java:57)
	at com.sun.proxy.$Proxy368.LoginMember(Unknown Source)
	at com.daejist.login.service.LoginServiceImp.LoginCheck(LoginServiceImp.java:29)
	at com.daejist.login.controller.LoginController.getLogin(LoginController.java:98)
	at sun.reflect.GeneratedMethodAccessor1348.invoke(Unknown Source)
	at sun.reflect.DelegatingMethodAccessorImpl.invoke(DelegatingMethodAccessorImpl.java:43)
	at java.lang.reflect.Method.invoke(Method.java:498)
	at org.springframework.web.method.support.InvocableHandlerMethod.doInvoke(InvocableHandlerMethod.java:190)
	at org.springframework.web.method.support.InvocableHandlerMethod.invokeForRequest(InvocableHandlerMethod.java:138)
	at org.springframework.web.servlet.mvc.method.annotation.ServletInvocableHandlerMethod.invokeAndHandle(ServletInvocableHandlerMethod.java:104)
	at org.springframework.web.servlet.mvc.method.annotation.RequestMappingHandlerAdapter.invokeHandlerMethod(RequestMappingHandlerAdapter.java:892)
	at org.springframework.web.servlet.mvc.method.annotation.RequestMappingHandlerAdapter.handleInternal(RequestMappingHandlerAdapter.java:797)
	at org.springframework.web.servlet.mvc.method.AbstractHandlerMethodAdapter.handle(AbstractHandlerMethodAdapter.java:87)
	at org.springframework.web.servlet.DispatcherServlet.doDispatch(DispatcherServlet.java:1039)
	at org.springframework.web.servlet.DispatcherServlet.doService(DispatcherServlet.java:942)
	at org.springframework.web.servlet.FrameworkServlet.processRequest(FrameworkServlet.java:1005)
	at org.springframework.web.servlet.FrameworkServlet.doPost(FrameworkServlet.java:908)
	at javax.servlet.http.HttpServlet.service(HttpServlet.java:648)
	at org.springframework.web.servlet.FrameworkServlet.service(FrameworkServlet.java:882)
	at javax.servlet.http.HttpServlet.service(HttpServlet.java:729)
	at org.apache.catalina.core.ApplicationFilterChain.internalDoFilter(ApplicationFilterChain.java:292)
	at org.apache.catalina.core.ApplicationFilterChain.doFilter(ApplicationFilterChain.java:207)
	at org.apache.tomcat.websocket.server.WsFilter.doFilter(WsFilter.java:52)
	at org.apache.catalina.core.ApplicationFilterChain.internalDoFilter(ApplicationFilterChain.java:240)
	at org.apache.catalina.core.ApplicationFilterChain.doFilter(ApplicationFilterChain.java:207)
	at org.springframework.web.filter.CharacterEncodingFilter.doFilterInternal(CharacterEncodingFilter.java:200)
	at org.springframework.web.filter.OncePerRequestFilter.doFilter(OncePerRequestFilter.java:118)
	at org.apache.catalina.core.ApplicationFilterChain.internalDoFilter(ApplicationFilterChain.java:240)
	at org.apache.catalina.core.ApplicationFilterChain.doFilter(ApplicationFilterChain.java:207)
	at org.apache.catalina.core.StandardWrapperValve.invoke(StandardWrapperValve.java:212)
	at org.apache.catalina.core.StandardContextValve.invoke(StandardContextValve.java:94)
	at org.apache.catalina.core.StandardHostValve.invoke(StandardHostValve.java:141)
	at org.apache.catalina.valves.ErrorReportValve.invoke(ErrorReportValve.java:79)
	at org.apache.catalina.core.StandardEngineValve.invoke(StandardEngineValve.java:88)
	at org.apache.catalina.connector.CoyoteAdapter.service(CoyoteAdapter.java:502)
	at org.apache.coyote.http11.AbstractHttp11Processor.process(AbstractHttp11Processor.java:1132)
	at org.apache.coyote.AbstractProtocol$AbstractConnectionHandler.process(AbstractProtocol.java:684)
	at org.apache.tomcat.util.net.NioEndpoint$SocketProcessor.doRun(NioEndpoint.java:1539)
	at org.apache.tomcat.util.net.NioEndpoint$SocketProcessor.run(NioEndpoint.java:1495)
	at java.util.concurrent.ThreadPoolExecutor.runWorker(ThreadPoolExecutor.java:1142)
	at java.util.concurrent.ThreadPoolExecutor$Worker.run(ThreadPoolExecutor.java:617)
	at org.apache.tomcat.util.threads.TaskThread$WrappingRunnable.run(TaskThread.java:61)
	at java.lang.Thread.run(Thread.java:745)

13-Jun-2023 12:05:08.691 심각 [http-nio-8855-exec-228] org.apache.catalina.core.StandardWrapperValve.invoke Servlet.service() for servlet [appServlet] in context with path [] threw exception [Request processing failed; nested exception is org.mybatis.spring.MyBatisSystemException: nested exception is org.apache.ibatis.exceptions.PersistenceException: 
### Error querying database.  Cause: org.springframework.jdbc.CannotGetJdbcConnectionException: Failed to obtain JDBC Connection; nested exception is com.microsoft.sqlserver.jdbc.SQLServerException: 호스트 61.32.101.234, 포트 1433에 대한 TCP/IP 연결에 실패했습니다. 오류: "connect timed out. 연결 속성을 확인하십시오. SQL Server의 인스턴스가 호스트에서 실행되고 있고 포트에서 TCP/IP 연결을 허용하고 있는지 확인하십시오. 또한 방화벽에서 포트로의 TCP 연결을 차단하지 않는지 확인하십시오.".
### The error may exist in com/daejist/login/mapper/LoginMapper.xml
### The error may involve com.daejist.login.mapper.LoginMapper.LoginMember
### The error occurred while executing a query
### Cause: org.springframework.jdbc.CannotGetJdbcConnectionException: Failed to obtain JDBC Connection; nested exception is com.microsoft.sqlserver.jdbc.SQLServerException: 호스트 61.32.101.234, 포트 1433에 대한 TCP/IP 연결에 실패했습니다. 오류: "connect timed out. 연결 속성을 확인하십시오. SQL Server의 인스턴스가 호스트에서 실행되고 있고 포트에서 TCP/IP 연결을 허용하고 있는지 확인하십시오. 또한 방화벽에서 포트로의 TCP 연결을 차단하지 않는지 확인하십시오.".] with root cause
 com.microsoft.sqlserver.jdbc.SQLServerException: 호스트 61.32.101.234, 포트 1433에 대한 TCP/IP 연결에 실패했습니다. 오류: "connect timed out. 연결 속성을 확인하십시오. SQL Server의 인스턴스가 호스트에서 실행되고 있고 포트에서 TCP/IP 연결을 허용하고 있는지 확인하십시오. 또한 방화벽에서 포트로의 TCP 연결을 차단하지 않는지 확인하십시오.".
	at com.microsoft.sqlserver.jdbc.SQLServerException.makeFromDriverError(SQLServerException.java:234)
	at com.microsoft.sqlserver.jdbc.SQLServerException.ConvertConnectExceptionToSQLServerException(SQLServerException.java:285)
	at com.microsoft.sqlserver.jdbc.SocketFinder.findSocket(IOBuffer.java:2462)
	at com.microsoft.sqlserver.jdbc.TDSChannel.open(IOBuffer.java:668)
	at com.microsoft.sqlserver.jdbc.SQLServerConnection.connectHelper(SQLServerConnection.java:2695)
	at com.microsoft.sqlserver.jdbc.SQLServerConnection.login(SQLServerConnection.java:2362)
	at com.microsoft.sqlserver.jdbc.SQLServerConnection.connectInternal(SQLServerConnection.java:2213)
	at com.microsoft.sqlserver.jdbc.SQLServerConnection.connect(SQLServerConnection.java:1276)
	at com.microsoft.sqlserver.jdbc.SQLServerDriver.connect(SQLServerDriver.java:861)
	at org.apache.commons.dbcp.DriverConnectionFactory.createConnection(DriverConnectionFactory.java:38)
	at org.apache.commons.dbcp.PoolableConnectionFactory.makeObject(PoolableConnectionFactory.java:582)
	at org.apache.commons.pool.impl.GenericObjectPool.borrowObject(GenericObjectPool.java:1148)
	at org.apache.commons.dbcp.PoolingDataSource.getConnection(PoolingDataSource.java:106)
	at org.apache.commons.dbcp.BasicDataSource.getConnection(BasicDataSource.java:1044)
	at org.springframework.jdbc.datasource.DataSourceUtils.fetchConnection(DataSourceUtils.java:157)
	at org.springframework.jdbc.datasource.DataSourceUtils.doGetConnection(DataSourceUtils.java:115)
	at org.springframework.jdbc.datasource.DataSourceUtils.getConnection(DataSourceUtils.java:78)
	at org.mybatis.spring.transaction.SpringManagedTransaction.openConnection(SpringManagedTransaction.java:80)
	at org.mybatis.spring.transaction.SpringManagedTransaction.getConnection(SpringManagedTransaction.java:67)
	at org.apache.ibatis.executor.BaseExecutor.getConnection(BaseExecutor.java:336)
	at org.apache.ibatis.executor.SimpleExecutor.prepareStatement(SimpleExecutor.java:85)
	at org.apache.ibatis.executor.SimpleExecutor.doQuery(SimpleExecutor.java:62)
	at org.apache.ibatis.executor.BaseExecutor.queryFromDatabase(BaseExecutor.java:324)
	at org.apache.ibatis.executor.BaseExecutor.query(BaseExecutor.java:156)
	at org.apache.ibatis.executor.CachingExecutor.query(CachingExecutor.java:109)
	at org.apache.ibatis.executor.CachingExecutor.query(CachingExecutor.java:83)
	at org.apache.ibatis.session.defaults.DefaultSqlSession.selectList(DefaultSqlSession.java:147)
	at org.apache.ibatis.session.defaults.DefaultSqlSession.selectList(DefaultSqlSession.java:140)
	at org.apache.ibatis.session.defaults.DefaultSqlSession.selectOne(DefaultSqlSession.java:76)
	at sun.reflect.GeneratedMethodAccessor1266.invoke(Unknown Source)
	at sun.reflect.DelegatingMethodAccessorImpl.invoke(DelegatingMethodAccessorImpl.java:43)
	at java.lang.reflect.Method.invoke(Method.java:498)
	at org.mybatis.spring.SqlSessionTemplate$SqlSessionInterceptor.invoke(SqlSessionTemplate.java:426)
	at com.sun.proxy.$Proxy366.selectOne(Unknown Source)
	at org.mybatis.spring.SqlSessionTemplate.selectOne(SqlSessionTemplate.java:159)
	at org.apache.ibatis.binding.MapperMethod.execute(MapperMethod.java:87)
	at org.apache.ibatis.binding.MapperProxy.invoke(MapperProxy.java:57)
	at com.sun.proxy.$Proxy368.LoginMember(Unknown Source)
	at com.daejist.login.service.LoginServiceImp.LoginCheck(LoginServiceImp.java:29)
	at com.daejist.login.controller.LoginController.getLogin(LoginController.java:98)
	at sun.reflect.GeneratedMethodAccessor1348.invoke(Unknown Source)
	at sun.reflect.DelegatingMethodAccessorImpl.invoke(DelegatingMethodAccessorImpl.java:43)
	at java.lang.reflect.Method.invoke(Method.java:498)
	at org.springframework.web.method.support.InvocableHandlerMethod.doInvoke(InvocableHandlerMethod.java:190)
	at org.springframework.web.method.support.InvocableHandlerMethod.invokeForRequest(InvocableHandlerMethod.java:138)
	at org.springframework.web.servlet.mvc.method.annotation.ServletInvocableHandlerMethod.invokeAndHandle(ServletInvocableHandlerMethod.java:104)
	at org.springframework.web.servlet.mvc.method.annotation.RequestMappingHandlerAdapter.invokeHandlerMethod(RequestMappingHandlerAdapter.java:892)
	at org.springframework.web.servlet.mvc.method.annotation.RequestMappingHandlerAdapter.handleInternal(RequestMappingHandlerAdapter.java:797)
	at org.springframework.web.servlet.mvc.method.AbstractHandlerMethodAdapter.handle(AbstractHandlerMethodAdapter.java:87)
	at org.springframework.web.servlet.DispatcherServlet.doDispatch(DispatcherServlet.java:1039)
	at org.springframework.web.servlet.DispatcherServlet.doService(DispatcherServlet.java:942)
	at org.springframework.web.servlet.FrameworkServlet.processRequest(FrameworkServlet.java:1005)
	at org.springframework.web.servlet.FrameworkServlet.doPost(FrameworkServlet.java:908)
	at javax.servlet.http.HttpServlet.service(HttpServlet.java:648)
	at org.springframework.web.servlet.FrameworkServlet.service(FrameworkServlet.java:882)
	at javax.servlet.http.HttpServlet.service(HttpServlet.java:729)
	at org.apache.catalina.core.ApplicationFilterChain.internalDoFilter(ApplicationFilterChain.java:292)
	at org.apache.catalina.core.ApplicationFilterChain.doFilter(ApplicationFilterChain.java:207)
	at org.apache.tomcat.websocket.server.WsFilter.doFilter(WsFilter.java:52)
	at org.apache.catalina.core.ApplicationFilterChain.internalDoFilter(ApplicationFilterChain.java:240)
	at org.apache.catalina.core.ApplicationFilterChain.doFilter(ApplicationFilterChain.java:207)
	at org.springframework.web.filter.CharacterEncodingFilter.doFilterInternal(CharacterEncodingFilter.java:200)
	at org.springframework.web.filter.OncePerRequestFilter.doFilter(OncePerRequestFilter.java:118)
	at org.apache.catalina.core.ApplicationFilterChain.internalDoFilter(ApplicationFilterChain.java:240)
	at org.apache.catalina.core.ApplicationFilterChain.doFilter(ApplicationFilterChain.java:207)
	at org.apache.catalina.core.StandardWrapperValve.invoke(StandardWrapperValve.java:212)
	at org.apache.catalina.core.StandardContextValve.invoke(StandardContextValve.java:94)
	at org.apache.catalina.core.StandardHostValve.invoke(StandardHostValve.java:141)
	at org.apache.catalina.valves.ErrorReportValve.invoke(ErrorReportValve.java:79)
	at org.apache.catalina.core.StandardEngineValve.invoke(StandardEngineValve.java:88)
	at org.apache.catalina.connector.CoyoteAdapter.service(CoyoteAdapter.java:502)
	at org.apache.coyote.http11.AbstractHttp11Processor.process(AbstractHttp11Processor.java:1132)
	at org.apache.coyote.AbstractProtocol$AbstractConnectionHandler.process(AbstractProtocol.java:684)
	at org.apache.tomcat.util.net.NioEndpoint$SocketProcessor.doRun(NioEndpoint.java:1539)
	at org.apache.tomcat.util.net.NioEndpoint$SocketProcessor.run(NioEndpoint.java:1495)
	at java.util.concurrent.ThreadPoolExecutor.runWorker(ThreadPoolExecutor.java:1142)
	at java.util.concurrent.ThreadPoolExecutor$Worker.run(ThreadPoolExecutor.java:617)
	at org.apache.tomcat.util.threads.TaskThread$WrappingRunnable.run(TaskThread.java:61)
	at java.lang.Thread.run(Thread.java:745)

13-Jun-2023 12:05:15.426 심각 [http-nio-8855-exec-230] org.apache.catalina.core.StandardWrapperValve.invoke Servlet.service() for servlet [appServlet] in context with path [] threw exception [Request processing failed; nested exception is org.mybatis.spring.MyBatisSystemException: nested exception is org.apache.ibatis.exceptions.PersistenceException: 
### Error querying database.  Cause: org.springframework.jdbc.CannotGetJdbcConnectionException: Failed to obtain JDBC Connection; nested exception is com.microsoft.sqlserver.jdbc.SQLServerException: 호스트 61.32.101.234, 포트 1433에 대한 TCP/IP 연결에 실패했습니다. 오류: "connect timed out. 연결 속성을 확인하십시오. SQL Server의 인스턴스가 호스트에서 실행되고 있고 포트에서 TCP/IP 연결을 허용하고 있는지 확인하십시오. 또한 방화벽에서 포트로의 TCP 연결을 차단하지 않는지 확인하십시오.".
### The error may exist in com/daejist/login/mapper/LoginMapper.xml
### The error may involve com.daejist.login.mapper.LoginMapper.LoginMember
### The error occurred while executing a query
### Cause: org.springframework.jdbc.CannotGetJdbcConnectionException: Failed to obtain JDBC Connection; nested exception is com.microsoft.sqlserver.jdbc.SQLServerException: 호스트 61.32.101.234, 포트 1433에 대한 TCP/IP 연결에 실패했습니다. 오류: "connect timed out. 연결 속성을 확인하십시오. SQL Server의 인스턴스가 호스트에서 실행되고 있고 포트에서 TCP/IP 연결을 허용하고 있는지 확인하십시오. 또한 방화벽에서 포트로의 TCP 연결을 차단하지 않는지 확인하십시오.".] with root cause
 com.microsoft.sqlserver.jdbc.SQLServerException: 호스트 61.32.101.234, 포트 1433에 대한 TCP/IP 연결에 실패했습니다. 오류: "connect timed out. 연결 속성을 확인하십시오. SQL Server의 인스턴스가 호스트에서 실행되고 있고 포트에서 TCP/IP 연결을 허용하고 있는지 확인하십시오. 또한 방화벽에서 포트로의 TCP 연결을 차단하지 않는지 확인하십시오.".
	at com.microsoft.sqlserver.jdbc.SQLServerException.makeFromDriverError(SQLServerException.java:234)
	at com.microsoft.sqlserver.jdbc.SQLServerException.ConvertConnectExceptionToSQLServerException(SQLServerException.java:285)
	at com.microsoft.sqlserver.jdbc.SocketFinder.findSocket(IOBuffer.java:2462)
	at com.microsoft.sqlserver.jdbc.TDSChannel.open(IOBuffer.java:668)
	at com.microsoft.sqlserver.jdbc.SQLServerConnection.connectHelper(SQLServerConnection.java:2695)
	at com.microsoft.sqlserver.jdbc.SQLServerConnection.login(SQLServerConnection.java:2362)
	at com.microsoft.sqlserver.jdbc.SQLServerConnection.connectInternal(SQLServerConnection.java:2213)
	at com.microsoft.sqlserver.jdbc.SQLServerConnection.connect(SQLServerConnection.java:1276)
	at com.microsoft.sqlserver.jdbc.SQLServerDriver.connect(SQLServerDriver.java:861)
	at org.apache.commons.dbcp.DriverConnectionFactory.createConnection(DriverConnectionFactory.java:38)
	at org.apache.commons.dbcp.PoolableConnectionFactory.makeObject(PoolableConnectionFactory.java:582)
	at org.apache.commons.pool.impl.GenericObjectPool.borrowObject(GenericObjectPool.java:1148)
	at org.apache.commons.dbcp.PoolingDataSource.getConnection(PoolingDataSource.java:106)
	at org.apache.commons.dbcp.BasicDataSource.getConnection(BasicDataSource.java:1044)
	at org.springframework.jdbc.datasource.DataSourceUtils.fetchConnection(DataSourceUtils.java:157)
	at org.springframework.jdbc.datasource.DataSourceUtils.doGetConnection(DataSourceUtils.java:115)
	at org.springframework.jdbc.datasource.DataSourceUtils.getConnection(DataSourceUtils.java:78)
	at org.mybatis.spring.transaction.SpringManagedTransaction.openConnection(SpringManagedTransaction.java:80)
	at org.mybatis.spring.transaction.SpringManagedTransaction.getConnection(SpringManagedTransaction.java:67)
	at org.apache.ibatis.executor.BaseExecutor.getConnection(BaseExecutor.java:336)
	at org.apache.ibatis.executor.SimpleExecutor.prepareStatement(SimpleExecutor.java:85)
	at org.apache.ibatis.executor.SimpleExecutor.doQuery(SimpleExecutor.java:62)
	at org.apache.ibatis.executor.BaseExecutor.queryFromDatabase(BaseExecutor.java:324)
	at org.apache.ibatis.executor.BaseExecutor.query(BaseExecutor.java:156)
	at org.apache.ibatis.executor.CachingExecutor.query(CachingExecutor.java:109)
	at org.apache.ibatis.executor.CachingExecutor.query(CachingExecutor.java:83)
	at org.apache.ibatis.session.defaults.DefaultSqlSession.selectList(DefaultSqlSession.java:147)
	at org.apache.ibatis.session.defaults.DefaultSqlSession.selectList(DefaultSqlSession.java:140)
	at org.apache.ibatis.session.defaults.DefaultSqlSession.selectOne(DefaultSqlSession.java:76)
	at sun.reflect.GeneratedMethodAccessor1266.invoke(Unknown Source)
	at sun.reflect.DelegatingMethodAccessorImpl.invoke(DelegatingMethodAccessorImpl.java:43)
	at java.lang.reflect.Method.invoke(Method.java:498)
	at org.mybatis.spring.SqlSessionTemplate$SqlSessionInterceptor.invoke(SqlSessionTemplate.java:426)
	at com.sun.proxy.$Proxy366.selectOne(Unknown Source)
	at org.mybatis.spring.SqlSessionTemplate.selectOne(SqlSessionTemplate.java:159)
	at org.apache.ibatis.binding.MapperMethod.execute(MapperMethod.java:87)
	at org.apache.ibatis.binding.MapperProxy.invoke(MapperProxy.java:57)
	at com.sun.proxy.$Proxy368.LoginMember(Unknown Source)
	at com.daejist.login.service.LoginServiceImp.LoginCheck(LoginServiceImp.java:29)
	at com.daejist.login.controller.LoginController.getLogin(LoginController.java:98)
	at sun.reflect.GeneratedMethodAccessor1348.invoke(Unknown Source)
	at sun.reflect.DelegatingMethodAccessorImpl.invoke(DelegatingMethodAccessorImpl.java:43)
	at java.lang.reflect.Method.invoke(Method.java:498)
	at org.springframework.web.method.support.InvocableHandlerMethod.doInvoke(InvocableHandlerMethod.java:190)
	at org.springframework.web.method.support.InvocableHandlerMethod.invokeForRequest(InvocableHandlerMethod.java:138)
	at org.springframework.web.servlet.mvc.method.annotation.ServletInvocableHandlerMethod.invokeAndHandle(ServletInvocableHandlerMethod.java:104)
	at org.springframework.web.servlet.mvc.method.annotation.RequestMappingHandlerAdapter.invokeHandlerMethod(RequestMappingHandlerAdapter.java:892)
	at org.springframework.web.servlet.mvc.method.annotation.RequestMappingHandlerAdapter.handleInternal(RequestMappingHandlerAdapter.java:797)
	at org.springframework.web.servlet.mvc.method.AbstractHandlerMethodAdapter.handle(AbstractHandlerMethodAdapter.java:87)
	at org.springframework.web.servlet.DispatcherServlet.doDispatch(DispatcherServlet.java:1039)
	at org.springframework.web.servlet.DispatcherServlet.doService(DispatcherServlet.java:942)
	at org.springframework.web.servlet.FrameworkServlet.processRequest(FrameworkServlet.java:1005)
	at org.springframework.web.servlet.FrameworkServlet.doPost(FrameworkServlet.java:908)
	at javax.servlet.http.HttpServlet.service(HttpServlet.java:648)
	at org.springframework.web.servlet.FrameworkServlet.service(FrameworkServlet.java:882)
	at javax.servlet.http.HttpServlet.service(HttpServlet.java:729)
	at org.apache.catalina.core.ApplicationFilterChain.internalDoFilter(ApplicationFilterChain.java:292)
	at org.apache.catalina.core.ApplicationFilterChain.doFilter(ApplicationFilterChain.java:207)
	at org.apache.tomcat.websocket.server.WsFilter.doFilter(WsFilter.java:52)
	at org.apache.catalina.core.ApplicationFilterChain.internalDoFilter(ApplicationFilterChain.java:240)
	at org.apache.catalina.core.ApplicationFilterChain.doFilter(ApplicationFilterChain.java:207)
	at org.springframework.web.filter.CharacterEncodingFilter.doFilterInternal(CharacterEncodingFilter.java:200)
	at org.springframework.web.filter.OncePerRequestFilter.doFilter(OncePerRequestFilter.java:118)
	at org.apache.catalina.core.ApplicationFilterChain.internalDoFilter(ApplicationFilterChain.java:240)
	at org.apache.catalina.core.ApplicationFilterChain.doFilter(ApplicationFilterChain.java:207)
	at org.apache.catalina.core.StandardWrapperValve.invoke(StandardWrapperValve.java:212)
	at org.apache.catalina.core.StandardContextValve.invoke(StandardContextValve.java:94)
	at org.apache.catalina.core.StandardHostValve.invoke(StandardHostValve.java:141)
	at org.apache.catalina.valves.ErrorReportValve.invoke(ErrorReportValve.java:79)
	at org.apache.catalina.core.StandardEngineValve.invoke(StandardEngineValve.java:88)
	at org.apache.catalina.connector.CoyoteAdapter.service(CoyoteAdapter.java:502)
	at org.apache.coyote.http11.AbstractHttp11Processor.process(AbstractHttp11Processor.java:1132)
	at org.apache.coyote.AbstractProtocol$AbstractConnectionHandler.process(AbstractProtocol.java:684)
	at org.apache.tomcat.util.net.NioEndpoint$SocketProcessor.doRun(NioEndpoint.java:1539)
	at org.apache.tomcat.util.net.NioEndpoint$SocketProcessor.run(NioEndpoint.java:1495)
	at java.util.concurrent.ThreadPoolExecutor.runWorker(ThreadPoolExecutor.java:1142)
	at java.util.concurrent.ThreadPoolExecutor$Worker.run(ThreadPoolExecutor.java:617)
	at org.apache.tomcat.util.threads.TaskThread$WrappingRunnable.run(TaskThread.java:61)
	at java.lang.Thread.run(Thread.java:745)

13-Jun-2023 12:05:17.580 심각 [http-nio-8855-exec-249] org.apache.catalina.core.StandardWrapperValve.invoke Servlet.service() for servlet [appServlet] in context with path [] threw exception [Request processing failed; nested exception is org.mybatis.spring.MyBatisSystemException: nested exception is org.apache.ibatis.exceptions.PersistenceException: 
### Error querying database.  Cause: org.springframework.jdbc.CannotGetJdbcConnectionException: Failed to obtain JDBC Connection; nested exception is com.microsoft.sqlserver.jdbc.SQLServerException: 호스트 61.32.101.234, 포트 1433에 대한 TCP/IP 연결에 실패했습니다. 오류: "connect timed out. 연결 속성을 확인하십시오. SQL Server의 인스턴스가 호스트에서 실행되고 있고 포트에서 TCP/IP 연결을 허용하고 있는지 확인하십시오. 또한 방화벽에서 포트로의 TCP 연결을 차단하지 않는지 확인하십시오.".
### The error may exist in com/daejist/login/mapper/LoginMapper.xml
### The error may involve com.daejist.login.mapper.LoginMapper.LoginMember
### The error occurred while executing a query
### Cause: org.springframework.jdbc.CannotGetJdbcConnectionException: Failed to obtain JDBC Connection; nested exception is com.microsoft.sqlserver.jdbc.SQLServerException: 호스트 61.32.101.234, 포트 1433에 대한 TCP/IP 연결에 실패했습니다. 오류: "connect timed out. 연결 속성을 확인하십시오. SQL Server의 인스턴스가 호스트에서 실행되고 있고 포트에서 TCP/IP 연결을 허용하고 있는지 확인하십시오. 또한 방화벽에서 포트로의 TCP 연결을 차단하지 않는지 확인하십시오.".] with root cause
 com.microsoft.sqlserver.jdbc.SQLServerException: 호스트 61.32.101.234, 포트 1433에 대한 TCP/IP 연결에 실패했습니다. 오류: "connect timed out. 연결 속성을 확인하십시오. SQL Server의 인스턴스가 호스트에서 실행되고 있고 포트에서 TCP/IP 연결을 허용하고 있는지 확인하십시오. 또한 방화벽에서 포트로의 TCP 연결을 차단하지 않는지 확인하십시오.".
	at com.microsoft.sqlserver.jdbc.SQLServerException.makeFromDriverError(SQLServerException.java:234)
	at com.microsoft.sqlserver.jdbc.SQLServerException.ConvertConnectExceptionToSQLServerException(SQLServerException.java:285)
	at com.microsoft.sqlserver.jdbc.SocketFinder.findSocket(IOBuffer.java:2462)
	at com.microsoft.sqlserver.jdbc.TDSChannel.open(IOBuffer.java:668)
	at com.microsoft.sqlserver.jdbc.SQLServerConnection.connectHelper(SQLServerConnection.java:2695)
	at com.microsoft.sqlserver.jdbc.SQLServerConnection.login(SQLServerConnection.java:2362)
	at com.microsoft.sqlserver.jdbc.SQLServerConnection.connectInternal(SQLServerConnection.java:2213)
	at com.microsoft.sqlserver.jdbc.SQLServerConnection.connect(SQLServerConnection.java:1276)
	at com.microsoft.sqlserver.jdbc.SQLServerDriver.connect(SQLServerDriver.java:861)
	at org.apache.commons.dbcp.DriverConnectionFactory.createConnection(DriverConnectionFactory.java:38)
	at org.apache.commons.dbcp.PoolableConnectionFactory.makeObject(PoolableConnectionFactory.java:582)
	at org.apache.commons.pool.impl.GenericObjectPool.borrowObject(GenericObjectPool.java:1148)
	at org.apache.commons.dbcp.PoolingDataSource.getConnection(PoolingDataSource.java:106)
	at org.apache.commons.dbcp.BasicDataSource.getConnection(BasicDataSource.java:1044)
	at org.springframework.jdbc.datasource.DataSourceUtils.fetchConnection(DataSourceUtils.java:157)
	at org.springframework.jdbc.datasource.DataSourceUtils.doGetConnection(DataSourceUtils.java:115)
	at org.springframework.jdbc.datasource.DataSourceUtils.getConnection(DataSourceUtils.java:78)
	at org.mybatis.spring.transaction.SpringManagedTransaction.openConnection(SpringManagedTransaction.java:80)
	at org.mybatis.spring.transaction.SpringManagedTransaction.getConnection(SpringManagedTransaction.java:67)
	at org.apache.ibatis.executor.BaseExecutor.getConnection(BaseExecutor.java:336)
	at org.apache.ibatis.executor.SimpleExecutor.prepareStatement(SimpleExecutor.java:85)
	at org.apache.ibatis.executor.SimpleExecutor.doQuery(SimpleExecutor.java:62)
	at org.apache.ibatis.executor.BaseExecutor.queryFromDatabase(BaseExecutor.java:324)
	at org.apache.ibatis.executor.BaseExecutor.query(BaseExecutor.java:156)
	at org.apache.ibatis.executor.CachingExecutor.query(CachingExecutor.java:109)
	at org.apache.ibatis.executor.CachingExecutor.query(CachingExecutor.java:83)
	at org.apache.ibatis.session.defaults.DefaultSqlSession.selectList(DefaultSqlSession.java:147)
	at org.apache.ibatis.session.defaults.DefaultSqlSession.selectList(DefaultSqlSession.java:140)
	at org.apache.ibatis.session.defaults.DefaultSqlSession.selectOne(DefaultSqlSession.java:76)
	at sun.reflect.GeneratedMethodAccessor1266.invoke(Unknown Source)
	at sun.reflect.DelegatingMethodAccessorImpl.invoke(DelegatingMethodAccessorImpl.java:43)
	at java.lang.reflect.Method.invoke(Method.java:498)
	at org.mybatis.spring.SqlSessionTemplate$SqlSessionInterceptor.invoke(SqlSessionTemplate.java:426)
	at com.sun.proxy.$Proxy366.selectOne(Unknown Source)
	at org.mybatis.spring.SqlSessionTemplate.selectOne(SqlSessionTemplate.java:159)
	at org.apache.ibatis.binding.MapperMethod.execute(MapperMethod.java:87)
	at org.apache.ibatis.binding.MapperProxy.invoke(MapperProxy.java:57)
	at com.sun.proxy.$Proxy368.LoginMember(Unknown Source)
	at com.daejist.login.service.LoginServiceImp.LoginCheck(LoginServiceImp.java:29)
	at com.daejist.login.controller.LoginController.getLogin(LoginController.java:98)
	at sun.reflect.GeneratedMethodAccessor1348.invoke(Unknown Source)
	at sun.reflect.DelegatingMethodAccessorImpl.invoke(DelegatingMethodAccessorImpl.java:43)
	at java.lang.reflect.Method.invoke(Method.java:498)
	at org.springframework.web.method.support.InvocableHandlerMethod.doInvoke(InvocableHandlerMethod.java:190)
	at org.springframework.web.method.support.InvocableHandlerMethod.invokeForRequest(InvocableHandlerMethod.java:138)
	at org.springframework.web.servlet.mvc.method.annotation.ServletInvocableHandlerMethod.invokeAndHandle(ServletInvocableHandlerMethod.java:104)
	at org.springframework.web.servlet.mvc.method.annotation.RequestMappingHandlerAdapter.invokeHandlerMethod(RequestMappingHandlerAdapter.java:892)
	at org.springframework.web.servlet.mvc.method.annotation.RequestMappingHandlerAdapter.handleInternal(RequestMappingHandlerAdapter.java:797)
	at org.springframework.web.servlet.mvc.method.AbstractHandlerMethodAdapter.handle(AbstractHandlerMethodAdapter.java:87)
	at org.springframework.web.servlet.DispatcherServlet.doDispatch(DispatcherServlet.java:1039)
	at org.springframework.web.servlet.DispatcherServlet.doService(DispatcherServlet.java:942)
	at org.springframework.web.servlet.FrameworkServlet.processRequest(FrameworkServlet.java:1005)
	at org.springframework.web.servlet.FrameworkServlet.doPost(FrameworkServlet.java:908)
	at javax.servlet.http.HttpServlet.service(HttpServlet.java:648)
	at org.springframework.web.servlet.FrameworkServlet.service(FrameworkServlet.java:882)
	at javax.servlet.http.HttpServlet.service(HttpServlet.java:729)
	at org.apache.catalina.core.ApplicationFilterChain.internalDoFilter(ApplicationFilterChain.java:292)
	at org.apache.catalina.core.ApplicationFilterChain.doFilter(ApplicationFilterChain.java:207)
	at org.apache.tomcat.websocket.server.WsFilter.doFilter(WsFilter.java:52)
	at org.apache.catalina.core.ApplicationFilterChain.internalDoFilter(ApplicationFilterChain.java:240)
	at org.apache.catalina.core.ApplicationFilterChain.doFilter(ApplicationFilterChain.java:207)
	at org.springframework.web.filter.CharacterEncodingFilter.doFilterInternal(CharacterEncodingFilter.java:200)
	at org.springframework.web.filter.OncePerRequestFilter.doFilter(OncePerRequestFilter.java:118)
	at org.apache.catalina.core.ApplicationFilterChain.internalDoFilter(ApplicationFilterChain.java:240)
	at org.apache.catalina.core.ApplicationFilterChain.doFilter(ApplicationFilterChain.java:207)
	at org.apache.catalina.core.StandardWrapperValve.invoke(StandardWrapperValve.java:212)
	at org.apache.catalina.core.StandardContextValve.invoke(StandardContextValve.java:94)
	at org.apache.catalina.core.StandardHostValve.invoke(StandardHostValve.java:141)
	at org.apache.catalina.valves.ErrorReportValve.invoke(ErrorReportValve.java:79)
	at org.apache.catalina.core.StandardEngineValve.invoke(StandardEngineValve.java:88)
	at org.apache.catalina.connector.CoyoteAdapter.service(CoyoteAdapter.java:502)
	at org.apache.coyote.http11.AbstractHttp11Processor.process(AbstractHttp11Processor.java:1132)
	at org.apache.coyote.AbstractProtocol$AbstractConnectionHandler.process(AbstractProtocol.java:684)
	at org.apache.tomcat.util.net.NioEndpoint$SocketProcessor.doRun(NioEndpoint.java:1539)
	at org.apache.tomcat.util.net.NioEndpoint$SocketProcessor.run(NioEndpoint.java:1495)
	at java.util.concurrent.ThreadPoolExecutor.runWorker(ThreadPoolExecutor.java:1142)
	at java.util.concurrent.ThreadPoolExecutor$Worker.run(ThreadPoolExecutor.java:617)
	at org.apache.tomcat.util.threads.TaskThread$WrappingRunnable.run(TaskThread.java:61)
	at java.lang.Thread.run(Thread.java:745)

13-Jun-2023 12:05:19.226 심각 [http-nio-8855-exec-250] org.apache.catalina.core.StandardWrapperValve.invoke Servlet.service() for servlet [appServlet] in context with path [] threw exception [Request processing failed; nested exception is org.mybatis.spring.MyBatisSystemException: nested exception is org.apache.ibatis.exceptions.PersistenceException: 
### Error querying database.  Cause: org.springframework.jdbc.CannotGetJdbcConnectionException: Failed to obtain JDBC Connection; nested exception is com.microsoft.sqlserver.jdbc.SQLServerException: 호스트 61.32.101.234, 포트 1433에 대한 TCP/IP 연결에 실패했습니다. 오류: "connect timed out. 연결 속성을 확인하십시오. SQL Server의 인스턴스가 호스트에서 실행되고 있고 포트에서 TCP/IP 연결을 허용하고 있는지 확인하십시오. 또한 방화벽에서 포트로의 TCP 연결을 차단하지 않는지 확인하십시오.".
### The error may exist in com/daejist/login/mapper/LoginMapper.xml
### The error may involve com.daejist.login.mapper.LoginMapper.LoginMember
### The error occurred while executing a query
### Cause: org.springframework.jdbc.CannotGetJdbcConnectionException: Failed to obtain JDBC Connection; nested exception is com.microsoft.sqlserver.jdbc.SQLServerException: 호스트 61.32.101.234, 포트 1433에 대한 TCP/IP 연결에 실패했습니다. 오류: "connect timed out. 연결 속성을 확인하십시오. SQL Server의 인스턴스가 호스트에서 실행되고 있고 포트에서 TCP/IP 연결을 허용하고 있는지 확인하십시오. 또한 방화벽에서 포트로의 TCP 연결을 차단하지 않는지 확인하십시오.".] with root cause
 com.microsoft.sqlserver.jdbc.SQLServerException: 호스트 61.32.101.234, 포트 1433에 대한 TCP/IP 연결에 실패했습니다. 오류: "connect timed out. 연결 속성을 확인하십시오. SQL Server의 인스턴스가 호스트에서 실행되고 있고 포트에서 TCP/IP 연결을 허용하고 있는지 확인하십시오. 또한 방화벽에서 포트로의 TCP 연결을 차단하지 않는지 확인하십시오.".
	at com.microsoft.sqlserver.jdbc.SQLServerException.makeFromDriverError(SQLServerException.java:234)
	at com.microsoft.sqlserver.jdbc.SQLServerException.ConvertConnectExceptionToSQLServerException(SQLServerException.java:285)
	at com.microsoft.sqlserver.jdbc.SocketFinder.findSocket(IOBuffer.java:2462)
	at com.microsoft.sqlserver.jdbc.TDSChannel.open(IOBuffer.java:668)
	at com.microsoft.sqlserver.jdbc.SQLServerConnection.connectHelper(SQLServerConnection.java:2695)
	at com.microsoft.sqlserver.jdbc.SQLServerConnection.login(SQLServerConnection.java:2362)
	at com.microsoft.sqlserver.jdbc.SQLServerConnection.connectInternal(SQLServerConnection.java:2213)
	at com.microsoft.sqlserver.jdbc.SQLServerConnection.connect(SQLServerConnection.java:1276)
	at com.microsoft.sqlserver.jdbc.SQLServerDriver.connect(SQLServerDriver.java:861)
	at org.apache.commons.dbcp.DriverConnectionFactory.createConnection(DriverConnectionFactory.java:38)
	at org.apache.commons.dbcp.PoolableConnectionFactory.makeObject(PoolableConnectionFactory.java:582)
	at org.apache.commons.pool.impl.GenericObjectPool.borrowObject(GenericObjectPool.java:1148)
	at org.apache.commons.dbcp.PoolingDataSource.getConnection(PoolingDataSource.java:106)
	at org.apache.commons.dbcp.BasicDataSource.getConnection(BasicDataSource.java:1044)
	at org.springframework.jdbc.datasource.DataSourceUtils.fetchConnection(DataSourceUtils.java:157)
	at org.springframework.jdbc.datasource.DataSourceUtils.doGetConnection(DataSourceUtils.java:115)
	at org.springframework.jdbc.datasource.DataSourceUtils.getConnection(DataSourceUtils.java:78)
	at org.mybatis.spring.transaction.SpringManagedTransaction.openConnection(SpringManagedTransaction.java:80)
	at org.mybatis.spring.transaction.SpringManagedTransaction.getConnection(SpringManagedTransaction.java:67)
	at org.apache.ibatis.executor.BaseExecutor.getConnection(BaseExecutor.java:336)
	at org.apache.ibatis.executor.SimpleExecutor.prepareStatement(SimpleExecutor.java:85)
	at org.apache.ibatis.executor.SimpleExecutor.doQuery(SimpleExecutor.java:62)
	at org.apache.ibatis.executor.BaseExecutor.queryFromDatabase(BaseExecutor.java:324)
	at org.apache.ibatis.executor.BaseExecutor.query(BaseExecutor.java:156)
	at org.apache.ibatis.executor.CachingExecutor.query(CachingExecutor.java:109)
	at org.apache.ibatis.executor.CachingExecutor.query(CachingExecutor.java:83)
	at org.apache.ibatis.session.defaults.DefaultSqlSession.selectList(DefaultSqlSession.java:147)
	at org.apache.ibatis.session.defaults.DefaultSqlSession.selectList(DefaultSqlSession.java:140)
	at org.apache.ibatis.session.defaults.DefaultSqlSession.selectOne(DefaultSqlSession.java:76)
	at sun.reflect.GeneratedMethodAccessor1266.invoke(Unknown Source)
	at sun.reflect.DelegatingMethodAccessorImpl.invoke(DelegatingMethodAccessorImpl.java:43)
	at java.lang.reflect.Method.invoke(Method.java:498)
	at org.mybatis.spring.SqlSessionTemplate$SqlSessionInterceptor.invoke(SqlSessionTemplate.java:426)
	at com.sun.proxy.$Proxy366.selectOne(Unknown Source)
	at org.mybatis.spring.SqlSessionTemplate.selectOne(SqlSessionTemplate.java:159)
	at org.apache.ibatis.binding.MapperMethod.execute(MapperMethod.java:87)
	at org.apache.ibatis.binding.MapperProxy.invoke(MapperProxy.java:57)
	at com.sun.proxy.$Proxy368.LoginMember(Unknown Source)
	at com.daejist.login.service.LoginServiceImp.LoginCheck(LoginServiceImp.java:29)
	at com.daejist.login.controller.LoginController.getLogin(LoginController.java:98)
	at sun.reflect.GeneratedMethodAccessor1348.invoke(Unknown Source)
	at sun.reflect.DelegatingMethodAccessorImpl.invoke(DelegatingMethodAccessorImpl.java:43)
	at java.lang.reflect.Method.invoke(Method.java:498)
	at org.springframework.web.method.support.InvocableHandlerMethod.doInvoke(InvocableHandlerMethod.java:190)
	at org.springframework.web.method.support.InvocableHandlerMethod.invokeForRequest(InvocableHandlerMethod.java:138)
	at org.springframework.web.servlet.mvc.method.annotation.ServletInvocableHandlerMethod.invokeAndHandle(ServletInvocableHandlerMethod.java:104)
	at org.springframework.web.servlet.mvc.method.annotation.RequestMappingHandlerAdapter.invokeHandlerMethod(RequestMappingHandlerAdapter.java:892)
	at org.springframework.web.servlet.mvc.method.annotation.RequestMappingHandlerAdapter.handleInternal(RequestMappingHandlerAdapter.java:797)
	at org.springframework.web.servlet.mvc.method.AbstractHandlerMethodAdapter.handle(AbstractHandlerMethodAdapter.java:87)
	at org.springframework.web.servlet.DispatcherServlet.doDispatch(DispatcherServlet.java:1039)
	at org.springframework.web.servlet.DispatcherServlet.doService(DispatcherServlet.java:942)
	at org.springframework.web.servlet.FrameworkServlet.processRequest(FrameworkServlet.java:1005)
	at org.springframework.web.servlet.FrameworkServlet.doPost(FrameworkServlet.java:908)
	at javax.servlet.http.HttpServlet.service(HttpServlet.java:648)
	at org.springframework.web.servlet.FrameworkServlet.service(FrameworkServlet.java:882)
	at javax.servlet.http.HttpServlet.service(HttpServlet.java:729)
	at org.apache.catalina.core.ApplicationFilterChain.internalDoFilter(ApplicationFilterChain.java:292)
	at org.apache.catalina.core.ApplicationFilterChain.doFilter(ApplicationFilterChain.java:207)
	at org.apache.tomcat.websocket.server.WsFilter.doFilter(WsFilter.java:52)
	at org.apache.catalina.core.ApplicationFilterChain.internalDoFilter(ApplicationFilterChain.java:240)
	at org.apache.catalina.core.ApplicationFilterChain.doFilter(ApplicationFilterChain.java:207)
	at org.springframework.web.filter.CharacterEncodingFilter.doFilterInternal(CharacterEncodingFilter.java:200)
	at org.springframework.web.filter.OncePerRequestFilter.doFilter(OncePerRequestFilter.java:118)
	at org.apache.catalina.core.ApplicationFilterChain.internalDoFilter(ApplicationFilterChain.java:240)
	at org.apache.catalina.core.ApplicationFilterChain.doFilter(ApplicationFilterChain.java:207)
	at org.apache.catalina.core.StandardWrapperValve.invoke(StandardWrapperValve.java:212)
	at org.apache.catalina.core.StandardContextValve.invoke(StandardContextValve.java:94)
	at org.apache.catalina.core.StandardHostValve.invoke(StandardHostValve.java:141)
	at org.apache.catalina.valves.ErrorReportValve.invoke(ErrorReportValve.java:79)
	at org.apache.catalina.core.StandardEngineValve.invoke(StandardEngineValve.java:88)
	at org.apache.catalina.connector.CoyoteAdapter.service(CoyoteAdapter.java:502)
	at org.apache.coyote.http11.AbstractHttp11Processor.process(AbstractHttp11Processor.java:1132)
	at org.apache.coyote.AbstractProtocol$AbstractConnectionHandler.process(AbstractProtocol.java:684)
	at org.apache.tomcat.util.net.NioEndpoint$SocketProcessor.doRun(NioEndpoint.java:1539)
	at org.apache.tomcat.util.net.NioEndpoint$SocketProcessor.run(NioEndpoint.java:1495)
	at java.util.concurrent.ThreadPoolExecutor.runWorker(ThreadPoolExecutor.java:1142)
	at java.util.concurrent.ThreadPoolExecutor$Worker.run(ThreadPoolExecutor.java:617)
	at org.apache.tomcat.util.threads.TaskThread$WrappingRunnable.run(TaskThread.java:61)
	at java.lang.Thread.run(Thread.java:745)

13-Jun-2023 12:05:21.018 심각 [http-nio-8855-exec-251] org.apache.catalina.core.StandardWrapperValve.invoke Servlet.service() for servlet [appServlet] in context with path [] threw exception [Request processing failed; nested exception is org.mybatis.spring.MyBatisSystemException: nested exception is org.apache.ibatis.exceptions.PersistenceException: 
### Error querying database.  Cause: org.springframework.jdbc.CannotGetJdbcConnectionException: Failed to obtain JDBC Connection; nested exception is com.microsoft.sqlserver.jdbc.SQLServerException: 호스트 61.32.101.234, 포트 1433에 대한 TCP/IP 연결에 실패했습니다. 오류: "connect timed out. 연결 속성을 확인하십시오. SQL Server의 인스턴스가 호스트에서 실행되고 있고 포트에서 TCP/IP 연결을 허용하고 있는지 확인하십시오. 또한 방화벽에서 포트로의 TCP 연결을 차단하지 않는지 확인하십시오.".
### The error may exist in com/daejist/login/mapper/LoginMapper.xml
### The error may involve com.daejist.login.mapper.LoginMapper.LoginMember
### The error occurred while executing a query
### Cause: org.springframework.jdbc.CannotGetJdbcConnectionException: Failed to obtain JDBC Connection; nested exception is com.microsoft.sqlserver.jdbc.SQLServerException: 호스트 61.32.101.234, 포트 1433에 대한 TCP/IP 연결에 실패했습니다. 오류: "connect timed out. 연결 속성을 확인하십시오. SQL Server의 인스턴스가 호스트에서 실행되고 있고 포트에서 TCP/IP 연결을 허용하고 있는지 확인하십시오. 또한 방화벽에서 포트로의 TCP 연결을 차단하지 않는지 확인하십시오.".] with root cause
 com.microsoft.sqlserver.jdbc.SQLServerException: 호스트 61.32.101.234, 포트 1433에 대한 TCP/IP 연결에 실패했습니다. 오류: "connect timed out. 연결 속성을 확인하십시오. SQL Server의 인스턴스가 호스트에서 실행되고 있고 포트에서 TCP/IP 연결을 허용하고 있는지 확인하십시오. 또한 방화벽에서 포트로의 TCP 연결을 차단하지 않는지 확인하십시오.".
	at com.microsoft.sqlserver.jdbc.SQLServerException.makeFromDriverError(SQLServerException.java:234)
	at com.microsoft.sqlserver.jdbc.SQLServerException.ConvertConnectExceptionToSQLServerException(SQLServerException.java:285)
	at com.microsoft.sqlserver.jdbc.SocketFinder.findSocket(IOBuffer.java:2462)
	at com.microsoft.sqlserver.jdbc.TDSChannel.open(IOBuffer.java:668)
	at com.microsoft.sqlserver.jdbc.SQLServerConnection.connectHelper(SQLServerConnection.java:2695)
	at com.microsoft.sqlserver.jdbc.SQLServerConnection.login(SQLServerConnection.java:2362)
	at com.microsoft.sqlserver.jdbc.SQLServerConnection.connectInternal(SQLServerConnection.java:2213)
	at com.microsoft.sqlserver.jdbc.SQLServerConnection.connect(SQLServerConnection.java:1276)
	at com.microsoft.sqlserver.jdbc.SQLServerDriver.connect(SQLServerDriver.java:861)
	at org.apache.commons.dbcp.DriverConnectionFactory.createConnection(DriverConnectionFactory.java:38)
	at org.apache.commons.dbcp.PoolableConnectionFactory.makeObject(PoolableConnectionFactory.java:582)
	at org.apache.commons.pool.impl.GenericObjectPool.borrowObject(GenericObjectPool.java:1148)
	at org.apache.commons.dbcp.PoolingDataSource.getConnection(PoolingDataSource.java:106)
	at org.apache.commons.dbcp.BasicDataSource.getConnection(BasicDataSource.java:1044)
	at org.springframework.jdbc.datasource.DataSourceUtils.fetchConnection(DataSourceUtils.java:157)
	at org.springframework.jdbc.datasource.DataSourceUtils.doGetConnection(DataSourceUtils.java:115)
	at org.springframework.jdbc.datasource.DataSourceUtils.getConnection(DataSourceUtils.java:78)
	at org.mybatis.spring.transaction.SpringManagedTransaction.openConnection(SpringManagedTransaction.java:80)
	at org.mybatis.spring.transaction.SpringManagedTransaction.getConnection(SpringManagedTransaction.java:67)
	at org.apache.ibatis.executor.BaseExecutor.getConnection(BaseExecutor.java:336)
	at org.apache.ibatis.executor.SimpleExecutor.prepareStatement(SimpleExecutor.java:85)
	at org.apache.ibatis.executor.SimpleExecutor.doQuery(SimpleExecutor.java:62)
	at org.apache.ibatis.executor.BaseExecutor.queryFromDatabase(BaseExecutor.java:324)
	at org.apache.ibatis.executor.BaseExecutor.query(BaseExecutor.java:156)
	at org.apache.ibatis.executor.CachingExecutor.query(CachingExecutor.java:109)
	at org.apache.ibatis.executor.CachingExecutor.query(CachingExecutor.java:83)
	at org.apache.ibatis.session.defaults.DefaultSqlSession.selectList(DefaultSqlSession.java:147)
	at org.apache.ibatis.session.defaults.DefaultSqlSession.selectList(DefaultSqlSession.java:140)
	at org.apache.ibatis.session.defaults.DefaultSqlSession.selectOne(DefaultSqlSession.java:76)
	at sun.reflect.GeneratedMethodAccessor1266.invoke(Unknown Source)
	at sun.reflect.DelegatingMethodAccessorImpl.invoke(DelegatingMethodAccessorImpl.java:43)
	at java.lang.reflect.Method.invoke(Method.java:498)
	at org.mybatis.spring.SqlSessionTemplate$SqlSessionInterceptor.invoke(SqlSessionTemplate.java:426)
	at com.sun.proxy.$Proxy366.selectOne(Unknown Source)
	at org.mybatis.spring.SqlSessionTemplate.selectOne(SqlSessionTemplate.java:159)
	at org.apache.ibatis.binding.MapperMethod.execute(MapperMethod.java:87)
	at org.apache.ibatis.binding.MapperProxy.invoke(MapperProxy.java:57)
	at com.sun.proxy.$Proxy368.LoginMember(Unknown Source)
	at com.daejist.login.service.LoginServiceImp.LoginCheck(LoginServiceImp.java:29)
	at com.daejist.login.controller.LoginController.getLogin(LoginController.java:98)
	at sun.reflect.GeneratedMethodAccessor1348.invoke(Unknown Source)
	at sun.reflect.DelegatingMethodAccessorImpl.invoke(DelegatingMethodAccessorImpl.java:43)
	at java.lang.reflect.Method.invoke(Method.java:498)
	at org.springframework.web.method.support.InvocableHandlerMethod.doInvoke(InvocableHandlerMethod.java:190)
	at org.springframework.web.method.support.InvocableHandlerMethod.invokeForRequest(InvocableHandlerMethod.java:138)
	at org.springframework.web.servlet.mvc.method.annotation.ServletInvocableHandlerMethod.invokeAndHandle(ServletInvocableHandlerMethod.java:104)
	at org.springframework.web.servlet.mvc.method.annotation.RequestMappingHandlerAdapter.invokeHandlerMethod(RequestMappingHandlerAdapter.java:892)
	at org.springframework.web.servlet.mvc.method.annotation.RequestMappingHandlerAdapter.handleInternal(RequestMappingHandlerAdapter.java:797)
	at org.springframework.web.servlet.mvc.method.AbstractHandlerMethodAdapter.handle(AbstractHandlerMethodAdapter.java:87)
	at org.springframework.web.servlet.DispatcherServlet.doDispatch(DispatcherServlet.java:1039)
	at org.springframework.web.servlet.DispatcherServlet.doService(DispatcherServlet.java:942)
	at org.springframework.web.servlet.FrameworkServlet.processRequest(FrameworkServlet.java:1005)
	at org.springframework.web.servlet.FrameworkServlet.doPost(FrameworkServlet.java:908)
	at javax.servlet.http.HttpServlet.service(HttpServlet.java:648)
	at org.springframework.web.servlet.FrameworkServlet.service(FrameworkServlet.java:882)
	at javax.servlet.http.HttpServlet.service(HttpServlet.java:729)
	at org.apache.catalina.core.ApplicationFilterChain.internalDoFilter(ApplicationFilterChain.java:292)
	at org.apache.catalina.core.ApplicationFilterChain.doFilter(ApplicationFilterChain.java:207)
	at org.apache.tomcat.websocket.server.WsFilter.doFilter(WsFilter.java:52)
	at org.apache.catalina.core.ApplicationFilterChain.internalDoFilter(ApplicationFilterChain.java:240)
	at org.apache.catalina.core.ApplicationFilterChain.doFilter(ApplicationFilterChain.java:207)
	at org.springframework.web.filter.CharacterEncodingFilter.doFilterInternal(CharacterEncodingFilter.java:200)
	at org.springframework.web.filter.OncePerRequestFilter.doFilter(OncePerRequestFilter.java:118)
	at org.apache.catalina.core.ApplicationFilterChain.internalDoFilter(ApplicationFilterChain.java:240)
	at org.apache.catalina.core.ApplicationFilterChain.doFilter(ApplicationFilterChain.java:207)
	at org.apache.catalina.core.StandardWrapperValve.invoke(StandardWrapperValve.java:212)
	at org.apache.catalina.core.StandardContextValve.invoke(StandardContextValve.java:94)
	at org.apache.catalina.core.StandardHostValve.invoke(StandardHostValve.java:141)
	at org.apache.catalina.valves.ErrorReportValve.invoke(ErrorReportValve.java:79)
	at org.apache.catalina.core.StandardEngineValve.invoke(StandardEngineValve.java:88)
	at org.apache.catalina.connector.CoyoteAdapter.service(CoyoteAdapter.java:502)
	at org.apache.coyote.http11.AbstractHttp11Processor.process(AbstractHttp11Processor.java:1132)
	at org.apache.coyote.AbstractProtocol$AbstractConnectionHandler.process(AbstractProtocol.java:684)
	at org.apache.tomcat.util.net.NioEndpoint$SocketProcessor.doRun(NioEndpoint.java:1539)
	at org.apache.tomcat.util.net.NioEndpoint$SocketProcessor.run(NioEndpoint.java:1495)
	at java.util.concurrent.ThreadPoolExecutor.runWorker(ThreadPoolExecutor.java:1142)
	at java.util.concurrent.ThreadPoolExecutor$Worker.run(ThreadPoolExecutor.java:617)
	at org.apache.tomcat.util.threads.TaskThread$WrappingRunnable.run(TaskThread.java:61)
	at java.lang.Thread.run(Thread.java:745)

13-Jun-2023 12:05:22.858 심각 [http-nio-8855-exec-252] org.apache.catalina.core.StandardWrapperValve.invoke Servlet.service() for servlet [appServlet] in context with path [] threw exception [Request processing failed; nested exception is org.mybatis.spring.MyBatisSystemException: nested exception is org.apache.ibatis.exceptions.PersistenceException: 
### Error querying database.  Cause: org.springframework.jdbc.CannotGetJdbcConnectionException: Failed to obtain JDBC Connection; nested exception is com.microsoft.sqlserver.jdbc.SQLServerException: 호스트 61.32.101.234, 포트 1433에 대한 TCP/IP 연결에 실패했습니다. 오류: "connect timed out. 연결 속성을 확인하십시오. SQL Server의 인스턴스가 호스트에서 실행되고 있고 포트에서 TCP/IP 연결을 허용하고 있는지 확인하십시오. 또한 방화벽에서 포트로의 TCP 연결을 차단하지 않는지 확인하십시오.".
### The error may exist in com/daejist/login/mapper/LoginMapper.xml
### The error may involve com.daejist.login.mapper.LoginMapper.LoginMember
### The error occurred while executing a query
### Cause: org.springframework.jdbc.CannotGetJdbcConnectionException: Failed to obtain JDBC Connection; nested exception is com.microsoft.sqlserver.jdbc.SQLServerException: 호스트 61.32.101.234, 포트 1433에 대한 TCP/IP 연결에 실패했습니다. 오류: "connect timed out. 연결 속성을 확인하십시오. SQL Server의 인스턴스가 호스트에서 실행되고 있고 포트에서 TCP/IP 연결을 허용하고 있는지 확인하십시오. 또한 방화벽에서 포트로의 TCP 연결을 차단하지 않는지 확인하십시오.".] with root cause
 com.microsoft.sqlserver.jdbc.SQLServerException: 호스트 61.32.101.234, 포트 1433에 대한 TCP/IP 연결에 실패했습니다. 오류: "connect timed out. 연결 속성을 확인하십시오. SQL Server의 인스턴스가 호스트에서 실행되고 있고 포트에서 TCP/IP 연결을 허용하고 있는지 확인하십시오. 또한 방화벽에서 포트로의 TCP 연결을 차단하지 않는지 확인하십시오.".
	at com.microsoft.sqlserver.jdbc.SQLServerException.makeFromDriverError(SQLServerException.java:234)
	at com.microsoft.sqlserver.jdbc.SQLServerException.ConvertConnectExceptionToSQLServerException(SQLServerException.java:285)
	at com.microsoft.sqlserver.jdbc.SocketFinder.findSocket(IOBuffer.java:2462)
	at com.microsoft.sqlserver.jdbc.TDSChannel.open(IOBuffer.java:668)
	at com.microsoft.sqlserver.jdbc.SQLServerConnection.connectHelper(SQLServerConnection.java:2695)
	at com.microsoft.sqlserver.jdbc.SQLServerConnection.login(SQLServerConnection.java:2362)
	at com.microsoft.sqlserver.jdbc.SQLServerConnection.connectInternal(SQLServerConnection.java:2213)
	at com.microsoft.sqlserver.jdbc.SQLServerConnection.connect(SQLServerConnection.java:1276)
	at com.microsoft.sqlserver.jdbc.SQLServerDriver.connect(SQLServerDriver.java:861)
	at org.apache.commons.dbcp.DriverConnectionFactory.createConnection(DriverConnectionFactory.java:38)
	at org.apache.commons.dbcp.PoolableConnectionFactory.makeObject(PoolableConnectionFactory.java:582)
	at org.apache.commons.pool.impl.GenericObjectPool.borrowObject(GenericObjectPool.java:1148)
	at org.apache.commons.dbcp.PoolingDataSource.getConnection(PoolingDataSource.java:106)
	at org.apache.commons.dbcp.BasicDataSource.getConnection(BasicDataSource.java:1044)
	at org.springframework.jdbc.datasource.DataSourceUtils.fetchConnection(DataSourceUtils.java:157)
	at org.springframework.jdbc.datasource.DataSourceUtils.doGetConnection(DataSourceUtils.java:115)
	at org.springframework.jdbc.datasource.DataSourceUtils.getConnection(DataSourceUtils.java:78)
	at org.mybatis.spring.transaction.SpringManagedTransaction.openConnection(SpringManagedTransaction.java:80)
	at org.mybatis.spring.transaction.SpringManagedTransaction.getConnection(SpringManagedTransaction.java:67)
	at org.apache.ibatis.executor.BaseExecutor.getConnection(BaseExecutor.java:336)
	at org.apache.ibatis.executor.SimpleExecutor.prepareStatement(SimpleExecutor.java:85)
	at org.apache.ibatis.executor.SimpleExecutor.doQuery(SimpleExecutor.java:62)
	at org.apache.ibatis.executor.BaseExecutor.queryFromDatabase(BaseExecutor.java:324)
	at org.apache.ibatis.executor.BaseExecutor.query(BaseExecutor.java:156)
	at org.apache.ibatis.executor.CachingExecutor.query(CachingExecutor.java:109)
	at org.apache.ibatis.executor.CachingExecutor.query(CachingExecutor.java:83)
	at org.apache.ibatis.session.defaults.DefaultSqlSession.selectList(DefaultSqlSession.java:147)
	at org.apache.ibatis.session.defaults.DefaultSqlSession.selectList(DefaultSqlSession.java:140)
	at org.apache.ibatis.session.defaults.DefaultSqlSession.selectOne(DefaultSqlSession.java:76)
	at sun.reflect.GeneratedMethodAccessor1266.invoke(Unknown Source)
	at sun.reflect.DelegatingMethodAccessorImpl.invoke(DelegatingMethodAccessorImpl.java:43)
	at java.lang.reflect.Method.invoke(Method.java:498)
	at org.mybatis.spring.SqlSessionTemplate$SqlSessionInterceptor.invoke(SqlSessionTemplate.java:426)
	at com.sun.proxy.$Proxy366.selectOne(Unknown Source)
	at org.mybatis.spring.SqlSessionTemplate.selectOne(SqlSessionTemplate.java:159)
	at org.apache.ibatis.binding.MapperMethod.execute(MapperMethod.java:87)
	at org.apache.ibatis.binding.MapperProxy.invoke(MapperProxy.java:57)
	at com.sun.proxy.$Proxy368.LoginMember(Unknown Source)
	at com.daejist.login.service.LoginServiceImp.LoginCheck(LoginServiceImp.java:29)
	at com.daejist.login.controller.LoginController.getLogin(LoginController.java:98)
	at sun.reflect.GeneratedMethodAccessor1348.invoke(Unknown Source)
	at sun.reflect.DelegatingMethodAccessorImpl.invoke(DelegatingMethodAccessorImpl.java:43)
	at java.lang.reflect.Method.invoke(Method.java:498)
	at org.springframework.web.method.support.InvocableHandlerMethod.doInvoke(InvocableHandlerMethod.java:190)
	at org.springframework.web.method.support.InvocableHandlerMethod.invokeForRequest(InvocableHandlerMethod.java:138)
	at org.springframework.web.servlet.mvc.method.annotation.ServletInvocableHandlerMethod.invokeAndHandle(ServletInvocableHandlerMethod.java:104)
	at org.springframework.web.servlet.mvc.method.annotation.RequestMappingHandlerAdapter.invokeHandlerMethod(RequestMappingHandlerAdapter.java:892)
	at org.springframework.web.servlet.mvc.method.annotation.RequestMappingHandlerAdapter.handleInternal(RequestMappingHandlerAdapter.java:797)
	at org.springframework.web.servlet.mvc.method.AbstractHandlerMethodAdapter.handle(AbstractHandlerMethodAdapter.java:87)
	at org.springframework.web.servlet.DispatcherServlet.doDispatch(DispatcherServlet.java:1039)
	at org.springframework.web.servlet.DispatcherServlet.doService(DispatcherServlet.java:942)
	at org.springframework.web.servlet.FrameworkServlet.processRequest(FrameworkServlet.java:1005)
	at org.springframework.web.servlet.FrameworkServlet.doPost(FrameworkServlet.java:908)
	at javax.servlet.http.HttpServlet.service(HttpServlet.java:648)
	at org.springframework.web.servlet.FrameworkServlet.service(FrameworkServlet.java:882)
	at javax.servlet.http.HttpServlet.service(HttpServlet.java:729)
	at org.apache.catalina.core.ApplicationFilterChain.internalDoFilter(ApplicationFilterChain.java:292)
	at org.apache.catalina.core.ApplicationFilterChain.doFilter(ApplicationFilterChain.java:207)
	at org.apache.tomcat.websocket.server.WsFilter.doFilter(WsFilter.java:52)
	at org.apache.catalina.core.ApplicationFilterChain.internalDoFilter(ApplicationFilterChain.java:240)
	at org.apache.catalina.core.ApplicationFilterChain.doFilter(ApplicationFilterChain.java:207)
	at org.springframework.web.filter.CharacterEncodingFilter.doFilterInternal(CharacterEncodingFilter.java:200)
	at org.springframework.web.filter.OncePerRequestFilter.doFilter(OncePerRequestFilter.java:118)
	at org.apache.catalina.core.ApplicationFilterChain.internalDoFilter(ApplicationFilterChain.java:240)
	at org.apache.catalina.core.ApplicationFilterChain.doFilter(ApplicationFilterChain.java:207)
	at org.apache.catalina.core.StandardWrapperValve.invoke(StandardWrapperValve.java:212)
	at org.apache.catalina.core.StandardContextValve.invoke(StandardContextValve.java:94)
	at org.apache.catalina.core.StandardHostValve.invoke(StandardHostValve.java:141)
	at org.apache.catalina.valves.ErrorReportValve.invoke(ErrorReportValve.java:79)
	at org.apache.catalina.core.StandardEngineValve.invoke(StandardEngineValve.java:88)
	at org.apache.catalina.connector.CoyoteAdapter.service(CoyoteAdapter.java:502)
	at org.apache.coyote.http11.AbstractHttp11Processor.process(AbstractHttp11Processor.java:1132)
	at org.apache.coyote.AbstractProtocol$AbstractConnectionHandler.process(AbstractProtocol.java:684)
	at org.apache.tomcat.util.net.NioEndpoint$SocketProcessor.doRun(NioEndpoint.java:1539)
	at org.apache.tomcat.util.net.NioEndpoint$SocketProcessor.run(NioEndpoint.java:1495)
	at java.util.concurrent.ThreadPoolExecutor.runWorker(ThreadPoolExecutor.java:1142)
	at java.util.concurrent.ThreadPoolExecutor$Worker.run(ThreadPoolExecutor.java:617)
	at org.apache.tomcat.util.threads.TaskThread$WrappingRunnable.run(TaskThread.java:61)
	at java.lang.Thread.run(Thread.java:745)

13-Jun-2023 12:05:23.693 심각 [http-nio-8855-exec-253] org.apache.catalina.core.StandardWrapperValve.invoke Servlet.service() for servlet [appServlet] in context with path [] threw exception [Request processing failed; nested exception is org.mybatis.spring.MyBatisSystemException: nested exception is org.apache.ibatis.exceptions.PersistenceException: 
### Error querying database.  Cause: org.springframework.jdbc.CannotGetJdbcConnectionException: Failed to obtain JDBC Connection; nested exception is com.microsoft.sqlserver.jdbc.SQLServerException: 호스트 61.32.101.234, 포트 1433에 대한 TCP/IP 연결에 실패했습니다. 오류: "connect timed out. 연결 속성을 확인하십시오. SQL Server의 인스턴스가 호스트에서 실행되고 있고 포트에서 TCP/IP 연결을 허용하고 있는지 확인하십시오. 또한 방화벽에서 포트로의 TCP 연결을 차단하지 않는지 확인하십시오.".
### The error may exist in com/daejist/login/mapper/LoginMapper.xml
### The error may involve com.daejist.login.mapper.LoginMapper.LoginMember
### The error occurred while executing a query
### Cause: org.springframework.jdbc.CannotGetJdbcConnectionException: Failed to obtain JDBC Connection; nested exception is com.microsoft.sqlserver.jdbc.SQLServerException: 호스트 61.32.101.234, 포트 1433에 대한 TCP/IP 연결에 실패했습니다. 오류: "connect timed out. 연결 속성을 확인하십시오. SQL Server의 인스턴스가 호스트에서 실행되고 있고 포트에서 TCP/IP 연결을 허용하고 있는지 확인하십시오. 또한 방화벽에서 포트로의 TCP 연결을 차단하지 않는지 확인하십시오.".] with root cause
 com.microsoft.sqlserver.jdbc.SQLServerException: 호스트 61.32.101.234, 포트 1433에 대한 TCP/IP 연결에 실패했습니다. 오류: "connect timed out. 연결 속성을 확인하십시오. SQL Server의 인스턴스가 호스트에서 실행되고 있고 포트에서 TCP/IP 연결을 허용하고 있는지 확인하십시오. 또한 방화벽에서 포트로의 TCP 연결을 차단하지 않는지 확인하십시오.".
	at com.microsoft.sqlserver.jdbc.SQLServerException.makeFromDriverError(SQLServerException.java:234)
	at com.microsoft.sqlserver.jdbc.SQLServerException.ConvertConnectExceptionToSQLServerException(SQLServerException.java:285)
	at com.microsoft.sqlserver.jdbc.SocketFinder.findSocket(IOBuffer.java:2462)
	at com.microsoft.sqlserver.jdbc.TDSChannel.open(IOBuffer.java:668)
	at com.microsoft.sqlserver.jdbc.SQLServerConnection.connectHelper(SQLServerConnection.java:2695)
	at com.microsoft.sqlserver.jdbc.SQLServerConnection.login(SQLServerConnection.java:2362)
	at com.microsoft.sqlserver.jdbc.SQLServerConnection.connectInternal(SQLServerConnection.java:2213)
	at com.microsoft.sqlserver.jdbc.SQLServerConnection.connect(SQLServerConnection.java:1276)
	at com.microsoft.sqlserver.jdbc.SQLServerDriver.connect(SQLServerDriver.java:861)
	at org.apache.commons.dbcp.DriverConnectionFactory.createConnection(DriverConnectionFactory.java:38)
	at org.apache.commons.dbcp.PoolableConnectionFactory.makeObject(PoolableConnectionFactory.java:582)
	at org.apache.commons.pool.impl.GenericObjectPool.borrowObject(GenericObjectPool.java:1148)
	at org.apache.commons.dbcp.PoolingDataSource.getConnection(PoolingDataSource.java:106)
	at org.apache.commons.dbcp.BasicDataSource.getConnection(BasicDataSource.java:1044)
	at org.springframework.jdbc.datasource.DataSourceUtils.fetchConnection(DataSourceUtils.java:157)
	at org.springframework.jdbc.datasource.DataSourceUtils.doGetConnection(DataSourceUtils.java:115)
	at org.springframework.jdbc.datasource.DataSourceUtils.getConnection(DataSourceUtils.java:78)
	at org.mybatis.spring.transaction.SpringManagedTransaction.openConnection(SpringManagedTransaction.java:80)
	at org.mybatis.spring.transaction.SpringManagedTransaction.getConnection(SpringManagedTransaction.java:67)
	at org.apache.ibatis.executor.BaseExecutor.getConnection(BaseExecutor.java:336)
	at org.apache.ibatis.executor.SimpleExecutor.prepareStatement(SimpleExecutor.java:85)
	at org.apache.ibatis.executor.SimpleExecutor.doQuery(SimpleExecutor.java:62)
	at org.apache.ibatis.executor.BaseExecutor.queryFromDatabase(BaseExecutor.java:324)
	at org.apache.ibatis.executor.BaseExecutor.query(BaseExecutor.java:156)
	at org.apache.ibatis.executor.CachingExecutor.query(CachingExecutor.java:109)
	at org.apache.ibatis.executor.CachingExecutor.query(CachingExecutor.java:83)
	at org.apache.ibatis.session.defaults.DefaultSqlSession.selectList(DefaultSqlSession.java:147)
	at org.apache.ibatis.session.defaults.DefaultSqlSession.selectList(DefaultSqlSession.java:140)
	at org.apache.ibatis.session.defaults.DefaultSqlSession.selectOne(DefaultSqlSession.java:76)
	at sun.reflect.GeneratedMethodAccessor1266.invoke(Unknown Source)
	at sun.reflect.DelegatingMethodAccessorImpl.invoke(DelegatingMethodAccessorImpl.java:43)
	at java.lang.reflect.Method.invoke(Method.java:498)
	at org.mybatis.spring.SqlSessionTemplate$SqlSessionInterceptor.invoke(SqlSessionTemplate.java:426)
	at com.sun.proxy.$Proxy366.selectOne(Unknown Source)
	at org.mybatis.spring.SqlSessionTemplate.selectOne(SqlSessionTemplate.java:159)
	at org.apache.ibatis.binding.MapperMethod.execute(MapperMethod.java:87)
	at org.apache.ibatis.binding.MapperProxy.invoke(MapperProxy.java:57)
	at com.sun.proxy.$Proxy368.LoginMember(Unknown Source)
	at com.daejist.login.service.LoginServiceImp.LoginCheck(LoginServiceImp.java:29)
	at com.daejist.login.controller.LoginController.getLogin(LoginController.java:98)
	at sun.reflect.GeneratedMethodAccessor1348.invoke(Unknown Source)
	at sun.reflect.DelegatingMethodAccessorImpl.invoke(DelegatingMethodAccessorImpl.java:43)
	at java.lang.reflect.Method.invoke(Method.java:498)
	at org.springframework.web.method.support.InvocableHandlerMethod.doInvoke(InvocableHandlerMethod.java:190)
	at org.springframework.web.method.support.InvocableHandlerMethod.invokeForRequest(InvocableHandlerMethod.java:138)
	at org.springframework.web.servlet.mvc.method.annotation.ServletInvocableHandlerMethod.invokeAndHandle(ServletInvocableHandlerMethod.java:104)
	at org.springframework.web.servlet.mvc.method.annotation.RequestMappingHandlerAdapter.invokeHandlerMethod(RequestMappingHandlerAdapter.java:892)
	at org.springframework.web.servlet.mvc.method.annotation.RequestMappingHandlerAdapter.handleInternal(RequestMappingHandlerAdapter.java:797)
	at org.springframework.web.servlet.mvc.method.AbstractHandlerMethodAdapter.handle(AbstractHandlerMethodAdapter.java:87)
	at org.springframework.web.servlet.DispatcherServlet.doDispatch(DispatcherServlet.java:1039)
	at org.springframework.web.servlet.DispatcherServlet.doService(DispatcherServlet.java:942)
	at org.springframework.web.servlet.FrameworkServlet.processRequest(FrameworkServlet.java:1005)
	at org.springframework.web.servlet.FrameworkServlet.doPost(FrameworkServlet.java:908)
	at javax.servlet.http.HttpServlet.service(HttpServlet.java:648)
	at org.springframework.web.servlet.FrameworkServlet.service(FrameworkServlet.java:882)
	at javax.servlet.http.HttpServlet.service(HttpServlet.java:729)
	at org.apache.catalina.core.ApplicationFilterChain.internalDoFilter(ApplicationFilterChain.java:292)
	at org.apache.catalina.core.ApplicationFilterChain.doFilter(ApplicationFilterChain.java:207)
	at org.apache.tomcat.websocket.server.WsFilter.doFilter(WsFilter.java:52)
	at org.apache.catalina.core.ApplicationFilterChain.internalDoFilter(ApplicationFilterChain.java:240)
	at org.apache.catalina.core.ApplicationFilterChain.doFilter(ApplicationFilterChain.java:207)
	at org.springframework.web.filter.CharacterEncodingFilter.doFilterInternal(CharacterEncodingFilter.java:200)
	at org.springframework.web.filter.OncePerRequestFilter.doFilter(OncePerRequestFilter.java:118)
	at org.apache.catalina.core.ApplicationFilterChain.internalDoFilter(ApplicationFilterChain.java:240)
	at org.apache.catalina.core.ApplicationFilterChain.doFilter(ApplicationFilterChain.java:207)
	at org.apache.catalina.core.StandardWrapperValve.invoke(StandardWrapperValve.java:212)
	at org.apache.catalina.core.StandardContextValve.invoke(StandardContextValve.java:94)
	at org.apache.catalina.core.StandardHostValve.invoke(StandardHostValve.java:141)
	at org.apache.catalina.valves.ErrorReportValve.invoke(ErrorReportValve.java:79)
	at org.apache.catalina.core.StandardEngineValve.invoke(StandardEngineValve.java:88)
	at org.apache.catalina.connector.CoyoteAdapter.service(CoyoteAdapter.java:502)
	at org.apache.coyote.http11.AbstractHttp11Processor.process(AbstractHttp11Processor.java:1132)
	at org.apache.coyote.AbstractProtocol$AbstractConnectionHandler.process(AbstractProtocol.java:684)
	at org.apache.tomcat.util.net.NioEndpoint$SocketProcessor.doRun(NioEndpoint.java:1539)
	at org.apache.tomcat.util.net.NioEndpoint$SocketProcessor.run(NioEndpoint.java:1495)
	at java.util.concurrent.ThreadPoolExecutor.runWorker(ThreadPoolExecutor.java:1142)
	at java.util.concurrent.ThreadPoolExecutor$Worker.run(ThreadPoolExecutor.java:617)
	at org.apache.tomcat.util.threads.TaskThread$WrappingRunnable.run(TaskThread.java:61)
	at java.lang.Thread.run(Thread.java:745)

13-Jun-2023 12:05:30.428 심각 [http-nio-8855-exec-254] org.apache.catalina.core.StandardWrapperValve.invoke Servlet.service() for servlet [appServlet] in context with path [] threw exception [Request processing failed; nested exception is org.mybatis.spring.MyBatisSystemException: nested exception is org.apache.ibatis.exceptions.PersistenceException: 
### Error querying database.  Cause: org.springframework.jdbc.CannotGetJdbcConnectionException: Failed to obtain JDBC Connection; nested exception is com.microsoft.sqlserver.jdbc.SQLServerException: 호스트 61.32.101.234, 포트 1433에 대한 TCP/IP 연결에 실패했습니다. 오류: "connect timed out. 연결 속성을 확인하십시오. SQL Server의 인스턴스가 호스트에서 실행되고 있고 포트에서 TCP/IP 연결을 허용하고 있는지 확인하십시오. 또한 방화벽에서 포트로의 TCP 연결을 차단하지 않는지 확인하십시오.".
### The error may exist in com/daejist/login/mapper/LoginMapper.xml
### The error may involve com.daejist.login.mapper.LoginMapper.LoginMember
### The error occurred while executing a query
### Cause: org.springframework.jdbc.CannotGetJdbcConnectionException: Failed to obtain JDBC Connection; nested exception is com.microsoft.sqlserver.jdbc.SQLServerException: 호스트 61.32.101.234, 포트 1433에 대한 TCP/IP 연결에 실패했습니다. 오류: "connect timed out. 연결 속성을 확인하십시오. SQL Server의 인스턴스가 호스트에서 실행되고 있고 포트에서 TCP/IP 연결을 허용하고 있는지 확인하십시오. 또한 방화벽에서 포트로의 TCP 연결을 차단하지 않는지 확인하십시오.".] with root cause
 com.microsoft.sqlserver.jdbc.SQLServerException: 호스트 61.32.101.234, 포트 1433에 대한 TCP/IP 연결에 실패했습니다. 오류: "connect timed out. 연결 속성을 확인하십시오. SQL Server의 인스턴스가 호스트에서 실행되고 있고 포트에서 TCP/IP 연결을 허용하고 있는지 확인하십시오. 또한 방화벽에서 포트로의 TCP 연결을 차단하지 않는지 확인하십시오.".
	at com.microsoft.sqlserver.jdbc.SQLServerException.makeFromDriverError(SQLServerException.java:234)
	at com.microsoft.sqlserver.jdbc.SQLServerException.ConvertConnectExceptionToSQLServerException(SQLServerException.java:285)
	at com.microsoft.sqlserver.jdbc.SocketFinder.findSocket(IOBuffer.java:2462)
	at com.microsoft.sqlserver.jdbc.TDSChannel.open(IOBuffer.java:668)
	at com.microsoft.sqlserver.jdbc.SQLServerConnection.connectHelper(SQLServerConnection.java:2695)
	at com.microsoft.sqlserver.jdbc.SQLServerConnection.login(SQLServerConnection.java:2362)
	at com.microsoft.sqlserver.jdbc.SQLServerConnection.connectInternal(SQLServerConnection.java:2213)
	at com.microsoft.sqlserver.jdbc.SQLServerConnection.connect(SQLServerConnection.java:1276)
	at com.microsoft.sqlserver.jdbc.SQLServerDriver.connect(SQLServerDriver.java:861)
	at org.apache.commons.dbcp.DriverConnectionFactory.createConnection(DriverConnectionFactory.java:38)
	at org.apache.commons.dbcp.PoolableConnectionFactory.makeObject(PoolableConnectionFactory.java:582)
	at org.apache.commons.pool.impl.GenericObjectPool.borrowObject(GenericObjectPool.java:1148)
	at org.apache.commons.dbcp.PoolingDataSource.getConnection(PoolingDataSource.java:106)
	at org.apache.commons.dbcp.BasicDataSource.getConnection(BasicDataSource.java:1044)
	at org.springframework.jdbc.datasource.DataSourceUtils.fetchConnection(DataSourceUtils.java:157)
	at org.springframework.jdbc.datasource.DataSourceUtils.doGetConnection(DataSourceUtils.java:115)
	at org.springframework.jdbc.datasource.DataSourceUtils.getConnection(DataSourceUtils.java:78)
	at org.mybatis.spring.transaction.SpringManagedTransaction.openConnection(SpringManagedTransaction.java:80)
	at org.mybatis.spring.transaction.SpringManagedTransaction.getConnection(SpringManagedTransaction.java:67)
	at org.apache.ibatis.executor.BaseExecutor.getConnection(BaseExecutor.java:336)
	at org.apache.ibatis.executor.SimpleExecutor.prepareStatement(SimpleExecutor.java:85)
	at org.apache.ibatis.executor.SimpleExecutor.doQuery(SimpleExecutor.java:62)
	at org.apache.ibatis.executor.BaseExecutor.queryFromDatabase(BaseExecutor.java:324)
	at org.apache.ibatis.executor.BaseExecutor.query(BaseExecutor.java:156)
	at org.apache.ibatis.executor.CachingExecutor.query(CachingExecutor.java:109)
	at org.apache.ibatis.executor.CachingExecutor.query(CachingExecutor.java:83)
	at org.apache.ibatis.session.defaults.DefaultSqlSession.selectList(DefaultSqlSession.java:147)
	at org.apache.ibatis.session.defaults.DefaultSqlSession.selectList(DefaultSqlSession.java:140)
	at org.apache.ibatis.session.defaults.DefaultSqlSession.selectOne(DefaultSqlSession.java:76)
	at sun.reflect.GeneratedMethodAccessor1266.invoke(Unknown Source)
	at sun.reflect.DelegatingMethodAccessorImpl.invoke(DelegatingMethodAccessorImpl.java:43)
	at java.lang.reflect.Method.invoke(Method.java:498)
	at org.mybatis.spring.SqlSessionTemplate$SqlSessionInterceptor.invoke(SqlSessionTemplate.java:426)
	at com.sun.proxy.$Proxy366.selectOne(Unknown Source)
	at org.mybatis.spring.SqlSessionTemplate.selectOne(SqlSessionTemplate.java:159)
	at org.apache.ibatis.binding.MapperMethod.execute(MapperMethod.java:87)
	at org.apache.ibatis.binding.MapperProxy.invoke(MapperProxy.java:57)
	at com.sun.proxy.$Proxy368.LoginMember(Unknown Source)
	at com.daejist.login.service.LoginServiceImp.LoginCheck(LoginServiceImp.java:29)
	at com.daejist.login.controller.LoginController.getLogin(LoginController.java:98)
	at sun.reflect.GeneratedMethodAccessor1348.invoke(Unknown Source)
	at sun.reflect.DelegatingMethodAccessorImpl.invoke(DelegatingMethodAccessorImpl.java:43)
	at java.lang.reflect.Method.invoke(Method.java:498)
	at org.springframework.web.method.support.InvocableHandlerMethod.doInvoke(InvocableHandlerMethod.java:190)
	at org.springframework.web.method.support.InvocableHandlerMethod.invokeForRequest(InvocableHandlerMethod.java:138)
	at org.springframework.web.servlet.mvc.method.annotation.ServletInvocableHandlerMethod.invokeAndHandle(ServletInvocableHandlerMethod.java:104)
	at org.springframework.web.servlet.mvc.method.annotation.RequestMappingHandlerAdapter.invokeHandlerMethod(RequestMappingHandlerAdapter.java:892)
	at org.springframework.web.servlet.mvc.method.annotation.RequestMappingHandlerAdapter.handleInternal(RequestMappingHandlerAdapter.java:797)
	at org.springframework.web.servlet.mvc.method.AbstractHandlerMethodAdapter.handle(AbstractHandlerMethodAdapter.java:87)
	at org.springframework.web.servlet.DispatcherServlet.doDispatch(DispatcherServlet.java:1039)
	at org.springframework.web.servlet.DispatcherServlet.doService(DispatcherServlet.java:942)
	at org.springframework.web.servlet.FrameworkServlet.processRequest(FrameworkServlet.java:1005)
	at org.springframework.web.servlet.FrameworkServlet.doPost(FrameworkServlet.java:908)
	at javax.servlet.http.HttpServlet.service(HttpServlet.java:648)
	at org.springframework.web.servlet.FrameworkServlet.service(FrameworkServlet.java:882)
	at javax.servlet.http.HttpServlet.service(HttpServlet.java:729)
	at org.apache.catalina.core.ApplicationFilterChain.internalDoFilter(ApplicationFilterChain.java:292)
	at org.apache.catalina.core.ApplicationFilterChain.doFilter(ApplicationFilterChain.java:207)
	at org.apache.tomcat.websocket.server.WsFilter.doFilter(WsFilter.java:52)
	at org.apache.catalina.core.ApplicationFilterChain.internalDoFilter(ApplicationFilterChain.java:240)
	at org.apache.catalina.core.ApplicationFilterChain.doFilter(ApplicationFilterChain.java:207)
	at org.springframework.web.filter.CharacterEncodingFilter.doFilterInternal(CharacterEncodingFilter.java:200)
	at org.springframework.web.filter.OncePerRequestFilter.doFilter(OncePerRequestFilter.java:118)
	at org.apache.catalina.core.ApplicationFilterChain.internalDoFilter(ApplicationFilterChain.java:240)
	at org.apache.catalina.core.ApplicationFilterChain.doFilter(ApplicationFilterChain.java:207)
	at org.apache.catalina.core.StandardWrapperValve.invoke(StandardWrapperValve.java:212)
	at org.apache.catalina.core.StandardContextValve.invoke(StandardContextValve.java:94)
	at org.apache.catalina.core.StandardHostValve.invoke(StandardHostValve.java:141)
	at org.apache.catalina.valves.ErrorReportValve.invoke(ErrorReportValve.java:79)
	at org.apache.catalina.core.StandardEngineValve.invoke(StandardEngineValve.java:88)
	at org.apache.catalina.connector.CoyoteAdapter.service(CoyoteAdapter.java:502)
	at org.apache.coyote.http11.AbstractHttp11Processor.process(AbstractHttp11Processor.java:1132)
	at org.apache.coyote.AbstractProtocol$AbstractConnectionHandler.process(AbstractProtocol.java:684)
	at org.apache.tomcat.util.net.NioEndpoint$SocketProcessor.doRun(NioEndpoint.java:1539)
	at org.apache.tomcat.util.net.NioEndpoint$SocketProcessor.run(NioEndpoint.java:1495)
	at java.util.concurrent.ThreadPoolExecutor.runWorker(ThreadPoolExecutor.java:1142)
	at java.util.concurrent.ThreadPoolExecutor$Worker.run(ThreadPoolExecutor.java:617)
	at org.apache.tomcat.util.threads.TaskThread$WrappingRunnable.run(TaskThread.java:61)
	at java.lang.Thread.run(Thread.java:745)

13-Jun-2023 12:05:32.581 심각 [http-nio-8855-exec-255] org.apache.catalina.core.StandardWrapperValve.invoke Servlet.service() for servlet [appServlet] in context with path [] threw exception [Request processing failed; nested exception is org.mybatis.spring.MyBatisSystemException: nested exception is org.apache.ibatis.exceptions.PersistenceException: 
### Error querying database.  Cause: org.springframework.jdbc.CannotGetJdbcConnectionException: Failed to obtain JDBC Connection; nested exception is com.microsoft.sqlserver.jdbc.SQLServerException: 호스트 61.32.101.234, 포트 1433에 대한 TCP/IP 연결에 실패했습니다. 오류: "connect timed out. 연결 속성을 확인하십시오. SQL Server의 인스턴스가 호스트에서 실행되고 있고 포트에서 TCP/IP 연결을 허용하고 있는지 확인하십시오. 또한 방화벽에서 포트로의 TCP 연결을 차단하지 않는지 확인하십시오.".
### The error may exist in com/daejist/login/mapper/LoginMapper.xml
### The error may involve com.daejist.login.mapper.LoginMapper.LoginMember
### The error occurred while executing a query
### Cause: org.springframework.jdbc.CannotGetJdbcConnectionException: Failed to obtain JDBC Connection; nested exception is com.microsoft.sqlserver.jdbc.SQLServerException: 호스트 61.32.101.234, 포트 1433에 대한 TCP/IP 연결에 실패했습니다. 오류: "connect timed out. 연결 속성을 확인하십시오. SQL Server의 인스턴스가 호스트에서 실행되고 있고 포트에서 TCP/IP 연결을 허용하고 있는지 확인하십시오. 또한 방화벽에서 포트로의 TCP 연결을 차단하지 않는지 확인하십시오.".] with root cause
 com.microsoft.sqlserver.jdbc.SQLServerException: 호스트 61.32.101.234, 포트 1433에 대한 TCP/IP 연결에 실패했습니다. 오류: "connect timed out. 연결 속성을 확인하십시오. SQL Server의 인스턴스가 호스트에서 실행되고 있고 포트에서 TCP/IP 연결을 허용하고 있는지 확인하십시오. 또한 방화벽에서 포트로의 TCP 연결을 차단하지 않는지 확인하십시오.".
	at com.microsoft.sqlserver.jdbc.SQLServerException.makeFromDriverError(SQLServerException.java:234)
	at com.microsoft.sqlserver.jdbc.SQLServerException.ConvertConnectExceptionToSQLServerException(SQLServerException.java:285)
	at com.microsoft.sqlserver.jdbc.SocketFinder.findSocket(IOBuffer.java:2462)
	at com.microsoft.sqlserver.jdbc.TDSChannel.open(IOBuffer.java:668)
	at com.microsoft.sqlserver.jdbc.SQLServerConnection.connectHelper(SQLServerConnection.java:2695)
	at com.microsoft.sqlserver.jdbc.SQLServerConnection.login(SQLServerConnection.java:2362)
	at com.microsoft.sqlserver.jdbc.SQLServerConnection.connectInternal(SQLServerConnection.java:2213)
	at com.microsoft.sqlserver.jdbc.SQLServerConnection.connect(SQLServerConnection.java:1276)
	at com.microsoft.sqlserver.jdbc.SQLServerDriver.connect(SQLServerDriver.java:861)
	at org.apache.commons.dbcp.DriverConnectionFactory.createConnection(DriverConnectionFactory.java:38)
	at org.apache.commons.dbcp.PoolableConnectionFactory.makeObject(PoolableConnectionFactory.java:582)
	at org.apache.commons.pool.impl.GenericObjectPool.borrowObject(GenericObjectPool.java:1148)
	at org.apache.commons.dbcp.PoolingDataSource.getConnection(PoolingDataSource.java:106)
	at org.apache.commons.dbcp.BasicDataSource.getConnection(BasicDataSource.java:1044)
	at org.springframework.jdbc.datasource.DataSourceUtils.fetchConnection(DataSourceUtils.java:157)
	at org.springframework.jdbc.datasource.DataSourceUtils.doGetConnection(DataSourceUtils.java:115)
	at org.springframework.jdbc.datasource.DataSourceUtils.getConnection(DataSourceUtils.java:78)
	at org.mybatis.spring.transaction.SpringManagedTransaction.openConnection(SpringManagedTransaction.java:80)
	at org.mybatis.spring.transaction.SpringManagedTransaction.getConnection(SpringManagedTransaction.java:67)
	at org.apache.ibatis.executor.BaseExecutor.getConnection(BaseExecutor.java:336)
	at org.apache.ibatis.executor.SimpleExecutor.prepareStatement(SimpleExecutor.java:85)
	at org.apache.ibatis.executor.SimpleExecutor.doQuery(SimpleExecutor.java:62)
	at org.apache.ibatis.executor.BaseExecutor.queryFromDatabase(BaseExecutor.java:324)
	at org.apache.ibatis.executor.BaseExecutor.query(BaseExecutor.java:156)
	at org.apache.ibatis.executor.CachingExecutor.query(CachingExecutor.java:109)
	at org.apache.ibatis.executor.CachingExecutor.query(CachingExecutor.java:83)
	at org.apache.ibatis.session.defaults.DefaultSqlSession.selectList(DefaultSqlSession.java:147)
	at org.apache.ibatis.session.defaults.DefaultSqlSession.selectList(DefaultSqlSession.java:140)
	at org.apache.ibatis.session.defaults.DefaultSqlSession.selectOne(DefaultSqlSession.java:76)
	at sun.reflect.GeneratedMethodAccessor1266.invoke(Unknown Source)
	at sun.reflect.DelegatingMethodAccessorImpl.invoke(DelegatingMethodAccessorImpl.java:43)
	at java.lang.reflect.Method.invoke(Method.java:498)
	at org.mybatis.spring.SqlSessionTemplate$SqlSessionInterceptor.invoke(SqlSessionTemplate.java:426)
	at com.sun.proxy.$Proxy366.selectOne(Unknown Source)
	at org.mybatis.spring.SqlSessionTemplate.selectOne(SqlSessionTemplate.java:159)
	at org.apache.ibatis.binding.MapperMethod.execute(MapperMethod.java:87)
	at org.apache.ibatis.binding.MapperProxy.invoke(MapperProxy.java:57)
	at com.sun.proxy.$Proxy368.LoginMember(Unknown Source)
	at com.daejist.login.service.LoginServiceImp.LoginCheck(LoginServiceImp.java:29)
	at com.daejist.login.controller.LoginController.getLogin(LoginController.java:98)
	at sun.reflect.GeneratedMethodAccessor1348.invoke(Unknown Source)
	at sun.reflect.DelegatingMethodAccessorImpl.invoke(DelegatingMethodAccessorImpl.java:43)
	at java.lang.reflect.Method.invoke(Method.java:498)
	at org.springframework.web.method.support.InvocableHandlerMethod.doInvoke(InvocableHandlerMethod.java:190)
	at org.springframework.web.method.support.InvocableHandlerMethod.invokeForRequest(InvocableHandlerMethod.java:138)
	at org.springframework.web.servlet.mvc.method.annotation.ServletInvocableHandlerMethod.invokeAndHandle(ServletInvocableHandlerMethod.java:104)
	at org.springframework.web.servlet.mvc.method.annotation.RequestMappingHandlerAdapter.invokeHandlerMethod(RequestMappingHandlerAdapter.java:892)
	at org.springframework.web.servlet.mvc.method.annotation.RequestMappingHandlerAdapter.handleInternal(RequestMappingHandlerAdapter.java:797)
	at org.springframework.web.servlet.mvc.method.AbstractHandlerMethodAdapter.handle(AbstractHandlerMethodAdapter.java:87)
	at org.springframework.web.servlet.DispatcherServlet.doDispatch(DispatcherServlet.java:1039)
	at org.springframework.web.servlet.DispatcherServlet.doService(DispatcherServlet.java:942)
	at org.springframework.web.servlet.FrameworkServlet.processRequest(FrameworkServlet.java:1005)
	at org.springframework.web.servlet.FrameworkServlet.doPost(FrameworkServlet.java:908)
	at javax.servlet.http.HttpServlet.service(HttpServlet.java:648)
	at org.springframework.web.servlet.FrameworkServlet.service(FrameworkServlet.java:882)
	at javax.servlet.http.HttpServlet.service(HttpServlet.java:729)
	at org.apache.catalina.core.ApplicationFilterChain.internalDoFilter(ApplicationFilterChain.java:292)
	at org.apache.catalina.core.ApplicationFilterChain.doFilter(ApplicationFilterChain.java:207)
	at org.apache.tomcat.websocket.server.WsFilter.doFilter(WsFilter.java:52)
	at org.apache.catalina.core.ApplicationFilterChain.internalDoFilter(ApplicationFilterChain.java:240)
	at org.apache.catalina.core.ApplicationFilterChain.doFilter(ApplicationFilterChain.java:207)
	at org.springframework.web.filter.CharacterEncodingFilter.doFilterInternal(CharacterEncodingFilter.java:200)
	at org.springframework.web.filter.OncePerRequestFilter.doFilter(OncePerRequestFilter.java:118)
	at org.apache.catalina.core.ApplicationFilterChain.internalDoFilter(ApplicationFilterChain.java:240)
	at org.apache.catalina.core.ApplicationFilterChain.doFilter(ApplicationFilterChain.java:207)
	at org.apache.catalina.core.StandardWrapperValve.invoke(StandardWrapperValve.java:212)
	at org.apache.catalina.core.StandardContextValve.invoke(StandardContextValve.java:94)
	at org.apache.catalina.core.StandardHostValve.invoke(StandardHostValve.java:141)
	at org.apache.catalina.valves.ErrorReportValve.invoke(ErrorReportValve.java:79)
	at org.apache.catalina.core.StandardEngineValve.invoke(StandardEngineValve.java:88)
	at org.apache.catalina.connector.CoyoteAdapter.service(CoyoteAdapter.java:502)
	at org.apache.coyote.http11.AbstractHttp11Processor.process(AbstractHttp11Processor.java:1132)
	at org.apache.coyote.AbstractProtocol$AbstractConnectionHandler.process(AbstractProtocol.java:684)
	at org.apache.tomcat.util.net.NioEndpoint$SocketProcessor.doRun(NioEndpoint.java:1539)
	at org.apache.tomcat.util.net.NioEndpoint$SocketProcessor.run(NioEndpoint.java:1495)
	at java.util.concurrent.ThreadPoolExecutor.runWorker(ThreadPoolExecutor.java:1142)
	at java.util.concurrent.ThreadPoolExecutor$Worker.run(ThreadPoolExecutor.java:617)
	at org.apache.tomcat.util.threads.TaskThread$WrappingRunnable.run(TaskThread.java:61)
	at java.lang.Thread.run(Thread.java:745)

13-Jun-2023 12:05:34.228 심각 [http-nio-8855-exec-256] org.apache.catalina.core.StandardWrapperValve.invoke Servlet.service() for servlet [appServlet] in context with path [] threw exception [Request processing failed; nested exception is org.mybatis.spring.MyBatisSystemException: nested exception is org.apache.ibatis.exceptions.PersistenceException: 
### Error querying database.  Cause: org.springframework.jdbc.CannotGetJdbcConnectionException: Failed to obtain JDBC Connection; nested exception is com.microsoft.sqlserver.jdbc.SQLServerException: 호스트 61.32.101.234, 포트 1433에 대한 TCP/IP 연결에 실패했습니다. 오류: "connect timed out. 연결 속성을 확인하십시오. SQL Server의 인스턴스가 호스트에서 실행되고 있고 포트에서 TCP/IP 연결을 허용하고 있는지 확인하십시오. 또한 방화벽에서 포트로의 TCP 연결을 차단하지 않는지 확인하십시오.".
### The error may exist in com/daejist/login/mapper/LoginMapper.xml
### The error may involve com.daejist.login.mapper.LoginMapper.LoginMember
### The error occurred while executing a query
### Cause: org.springframework.jdbc.CannotGetJdbcConnectionException: Failed to obtain JDBC Connection; nested exception is com.microsoft.sqlserver.jdbc.SQLServerException: 호스트 61.32.101.234, 포트 1433에 대한 TCP/IP 연결에 실패했습니다. 오류: "connect timed out. 연결 속성을 확인하십시오. SQL Server의 인스턴스가 호스트에서 실행되고 있고 포트에서 TCP/IP 연결을 허용하고 있는지 확인하십시오. 또한 방화벽에서 포트로의 TCP 연결을 차단하지 않는지 확인하십시오.".] with root cause
 com.microsoft.sqlserver.jdbc.SQLServerException: 호스트 61.32.101.234, 포트 1433에 대한 TCP/IP 연결에 실패했습니다. 오류: "connect timed out. 연결 속성을 확인하십시오. SQL Server의 인스턴스가 호스트에서 실행되고 있고 포트에서 TCP/IP 연결을 허용하고 있는지 확인하십시오. 또한 방화벽에서 포트로의 TCP 연결을 차단하지 않는지 확인하십시오.".
	at com.microsoft.sqlserver.jdbc.SQLServerException.makeFromDriverError(SQLServerException.java:234)
	at com.microsoft.sqlserver.jdbc.SQLServerException.ConvertConnectExceptionToSQLServerException(SQLServerException.java:285)
	at com.microsoft.sqlserver.jdbc.SocketFinder.findSocket(IOBuffer.java:2462)
	at com.microsoft.sqlserver.jdbc.TDSChannel.open(IOBuffer.java:668)
	at com.microsoft.sqlserver.jdbc.SQLServerConnection.connectHelper(SQLServerConnection.java:2695)
	at com.microsoft.sqlserver.jdbc.SQLServerConnection.login(SQLServerConnection.java:2362)
	at com.microsoft.sqlserver.jdbc.SQLServerConnection.connectInternal(SQLServerConnection.java:2213)
	at com.microsoft.sqlserver.jdbc.SQLServerConnection.connect(SQLServerConnection.java:1276)
	at com.microsoft.sqlserver.jdbc.SQLServerDriver.connect(SQLServerDriver.java:861)
	at org.apache.commons.dbcp.DriverConnectionFactory.createConnection(DriverConnectionFactory.java:38)
	at org.apache.commons.dbcp.PoolableConnectionFactory.makeObject(PoolableConnectionFactory.java:582)
	at org.apache.commons.pool.impl.GenericObjectPool.borrowObject(GenericObjectPool.java:1148)
	at org.apache.commons.dbcp.PoolingDataSource.getConnection(PoolingDataSource.java:106)
	at org.apache.commons.dbcp.BasicDataSource.getConnection(BasicDataSource.java:1044)
	at org.springframework.jdbc.datasource.DataSourceUtils.fetchConnection(DataSourceUtils.java:157)
	at org.springframework.jdbc.datasource.DataSourceUtils.doGetConnection(DataSourceUtils.java:115)
	at org.springframework.jdbc.datasource.DataSourceUtils.getConnection(DataSourceUtils.java:78)
	at org.mybatis.spring.transaction.SpringManagedTransaction.openConnection(SpringManagedTransaction.java:80)
	at org.mybatis.spring.transaction.SpringManagedTransaction.getConnection(SpringManagedTransaction.java:67)
	at org.apache.ibatis.executor.BaseExecutor.getConnection(BaseExecutor.java:336)
	at org.apache.ibatis.executor.SimpleExecutor.prepareStatement(SimpleExecutor.java:85)
	at org.apache.ibatis.executor.SimpleExecutor.doQuery(SimpleExecutor.java:62)
	at org.apache.ibatis.executor.BaseExecutor.queryFromDatabase(BaseExecutor.java:324)
	at org.apache.ibatis.executor.BaseExecutor.query(BaseExecutor.java:156)
	at org.apache.ibatis.executor.CachingExecutor.query(CachingExecutor.java:109)
	at org.apache.ibatis.executor.CachingExecutor.query(CachingExecutor.java:83)
	at org.apache.ibatis.session.defaults.DefaultSqlSession.selectList(DefaultSqlSession.java:147)
	at org.apache.ibatis.session.defaults.DefaultSqlSession.selectList(DefaultSqlSession.java:140)
	at org.apache.ibatis.session.defaults.DefaultSqlSession.selectOne(DefaultSqlSession.java:76)
	at sun.reflect.GeneratedMethodAccessor1266.invoke(Unknown Source)
	at sun.reflect.DelegatingMethodAccessorImpl.invoke(DelegatingMethodAccessorImpl.java:43)
	at java.lang.reflect.Method.invoke(Method.java:498)
	at org.mybatis.spring.SqlSessionTemplate$SqlSessionInterceptor.invoke(SqlSessionTemplate.java:426)
	at com.sun.proxy.$Proxy366.selectOne(Unknown Source)
	at org.mybatis.spring.SqlSessionTemplate.selectOne(SqlSessionTemplate.java:159)
	at org.apache.ibatis.binding.MapperMethod.execute(MapperMethod.java:87)
	at org.apache.ibatis.binding.MapperProxy.invoke(MapperProxy.java:57)
	at com.sun.proxy.$Proxy368.LoginMember(Unknown Source)
	at com.daejist.login.service.LoginServiceImp.LoginCheck(LoginServiceImp.java:29)
	at com.daejist.login.controller.LoginController.getLogin(LoginController.java:98)
	at sun.reflect.GeneratedMethodAccessor1348.invoke(Unknown Source)
	at sun.reflect.DelegatingMethodAccessorImpl.invoke(DelegatingMethodAccessorImpl.java:43)
	at java.lang.reflect.Method.invoke(Method.java:498)
	at org.springframework.web.method.support.InvocableHandlerMethod.doInvoke(InvocableHandlerMethod.java:190)
	at org.springframework.web.method.support.InvocableHandlerMethod.invokeForRequest(InvocableHandlerMethod.java:138)
	at org.springframework.web.servlet.mvc.method.annotation.ServletInvocableHandlerMethod.invokeAndHandle(ServletInvocableHandlerMethod.java:104)
	at org.springframework.web.servlet.mvc.method.annotation.RequestMappingHandlerAdapter.invokeHandlerMethod(RequestMappingHandlerAdapter.java:892)
	at org.springframework.web.servlet.mvc.method.annotation.RequestMappingHandlerAdapter.handleInternal(RequestMappingHandlerAdapter.java:797)
	at org.springframework.web.servlet.mvc.method.AbstractHandlerMethodAdapter.handle(AbstractHandlerMethodAdapter.java:87)
	at org.springframework.web.servlet.DispatcherServlet.doDispatch(DispatcherServlet.java:1039)
	at org.springframework.web.servlet.DispatcherServlet.doService(DispatcherServlet.java:942)
	at org.springframework.web.servlet.FrameworkServlet.processRequest(FrameworkServlet.java:1005)
	at org.springframework.web.servlet.FrameworkServlet.doPost(FrameworkServlet.java:908)
	at javax.servlet.http.HttpServlet.service(HttpServlet.java:648)
	at org.springframework.web.servlet.FrameworkServlet.service(FrameworkServlet.java:882)
	at javax.servlet.http.HttpServlet.service(HttpServlet.java:729)
	at org.apache.catalina.core.ApplicationFilterChain.internalDoFilter(ApplicationFilterChain.java:292)
	at org.apache.catalina.core.ApplicationFilterChain.doFilter(ApplicationFilterChain.java:207)
	at org.apache.tomcat.websocket.server.WsFilter.doFilter(WsFilter.java:52)
	at org.apache.catalina.core.ApplicationFilterChain.internalDoFilter(ApplicationFilterChain.java:240)
	at org.apache.catalina.core.ApplicationFilterChain.doFilter(ApplicationFilterChain.java:207)
	at org.springframework.web.filter.CharacterEncodingFilter.doFilterInternal(CharacterEncodingFilter.java:200)
	at org.springframework.web.filter.OncePerRequestFilter.doFilter(OncePerRequestFilter.java:118)
	at org.apache.catalina.core.ApplicationFilterChain.internalDoFilter(ApplicationFilterChain.java:240)
	at org.apache.catalina.core.ApplicationFilterChain.doFilter(ApplicationFilterChain.java:207)
	at org.apache.catalina.core.StandardWrapperValve.invoke(StandardWrapperValve.java:212)
	at org.apache.catalina.core.StandardContextValve.invoke(StandardContextValve.java:94)
	at org.apache.catalina.core.StandardHostValve.invoke(StandardHostValve.java:141)
	at org.apache.catalina.valves.ErrorReportValve.invoke(ErrorReportValve.java:79)
	at org.apache.catalina.core.StandardEngineValve.invoke(StandardEngineValve.java:88)
	at org.apache.catalina.connector.CoyoteAdapter.service(CoyoteAdapter.java:502)
	at org.apache.coyote.http11.AbstractHttp11Processor.process(AbstractHttp11Processor.java:1132)
	at org.apache.coyote.AbstractProtocol$AbstractConnectionHandler.process(AbstractProtocol.java:684)
	at org.apache.tomcat.util.net.NioEndpoint$SocketProcessor.doRun(NioEndpoint.java:1539)
	at org.apache.tomcat.util.net.NioEndpoint$SocketProcessor.run(NioEndpoint.java:1495)
	at java.util.concurrent.ThreadPoolExecutor.runWorker(ThreadPoolExecutor.java:1142)
	at java.util.concurrent.ThreadPoolExecutor$Worker.run(ThreadPoolExecutor.java:617)
	at org.apache.tomcat.util.threads.TaskThread$WrappingRunnable.run(TaskThread.java:61)
	at java.lang.Thread.run(Thread.java:745)

13-Jun-2023 12:05:36.020 심각 [http-nio-8855-exec-257] org.apache.catalina.core.StandardWrapperValve.invoke Servlet.service() for servlet [appServlet] in context with path [] threw exception [Request processing failed; nested exception is org.mybatis.spring.MyBatisSystemException: nested exception is org.apache.ibatis.exceptions.PersistenceException: 
### Error querying database.  Cause: org.springframework.jdbc.CannotGetJdbcConnectionException: Failed to obtain JDBC Connection; nested exception is com.microsoft.sqlserver.jdbc.SQLServerException: 호스트 61.32.101.234, 포트 1433에 대한 TCP/IP 연결에 실패했습니다. 오류: "connect timed out. 연결 속성을 확인하십시오. SQL Server의 인스턴스가 호스트에서 실행되고 있고 포트에서 TCP/IP 연결을 허용하고 있는지 확인하십시오. 또한 방화벽에서 포트로의 TCP 연결을 차단하지 않는지 확인하십시오.".
### The error may exist in com/daejist/login/mapper/LoginMapper.xml
### The error may involve com.daejist.login.mapper.LoginMapper.LoginMember
### The error occurred while executing a query
### Cause: org.springframework.jdbc.CannotGetJdbcConnectionException: Failed to obtain JDBC Connection; nested exception is com.microsoft.sqlserver.jdbc.SQLServerException: 호스트 61.32.101.234, 포트 1433에 대한 TCP/IP 연결에 실패했습니다. 오류: "connect timed out. 연결 속성을 확인하십시오. SQL Server의 인스턴스가 호스트에서 실행되고 있고 포트에서 TCP/IP 연결을 허용하고 있는지 확인하십시오. 또한 방화벽에서 포트로의 TCP 연결을 차단하지 않는지 확인하십시오.".] with root cause
 com.microsoft.sqlserver.jdbc.SQLServerException: 호스트 61.32.101.234, 포트 1433에 대한 TCP/IP 연결에 실패했습니다. 오류: "connect timed out. 연결 속성을 확인하십시오. SQL Server의 인스턴스가 호스트에서 실행되고 있고 포트에서 TCP/IP 연결을 허용하고 있는지 확인하십시오. 또한 방화벽에서 포트로의 TCP 연결을 차단하지 않는지 확인하십시오.".
	at com.microsoft.sqlserver.jdbc.SQLServerException.makeFromDriverError(SQLServerException.java:234)
	at com.microsoft.sqlserver.jdbc.SQLServerException.ConvertConnectExceptionToSQLServerException(SQLServerException.java:285)
	at com.microsoft.sqlserver.jdbc.SocketFinder.findSocket(IOBuffer.java:2462)
	at com.microsoft.sqlserver.jdbc.TDSChannel.open(IOBuffer.java:668)
	at com.microsoft.sqlserver.jdbc.SQLServerConnection.connectHelper(SQLServerConnection.java:2695)
	at com.microsoft.sqlserver.jdbc.SQLServerConnection.login(SQLServerConnection.java:2362)
	at com.microsoft.sqlserver.jdbc.SQLServerConnection.connectInternal(SQLServerConnection.java:2213)
	at com.microsoft.sqlserver.jdbc.SQLServerConnection.connect(SQLServerConnection.java:1276)
	at com.microsoft.sqlserver.jdbc.SQLServerDriver.connect(SQLServerDriver.java:861)
	at org.apache.commons.dbcp.DriverConnectionFactory.createConnection(DriverConnectionFactory.java:38)
	at org.apache.commons.dbcp.PoolableConnectionFactory.makeObject(PoolableConnectionFactory.java:582)
	at org.apache.commons.pool.impl.GenericObjectPool.borrowObject(GenericObjectPool.java:1148)
	at org.apache.commons.dbcp.PoolingDataSource.getConnection(PoolingDataSource.java:106)
	at org.apache.commons.dbcp.BasicDataSource.getConnection(BasicDataSource.java:1044)
	at org.springframework.jdbc.datasource.DataSourceUtils.fetchConnection(DataSourceUtils.java:157)
	at org.springframework.jdbc.datasource.DataSourceUtils.doGetConnection(DataSourceUtils.java:115)
	at org.springframework.jdbc.datasource.DataSourceUtils.getConnection(DataSourceUtils.java:78)
	at org.mybatis.spring.transaction.SpringManagedTransaction.openConnection(SpringManagedTransaction.java:80)
	at org.mybatis.spring.transaction.SpringManagedTransaction.getConnection(SpringManagedTransaction.java:67)
	at org.apache.ibatis.executor.BaseExecutor.getConnection(BaseExecutor.java:336)
	at org.apache.ibatis.executor.SimpleExecutor.prepareStatement(SimpleExecutor.java:85)
	at org.apache.ibatis.executor.SimpleExecutor.doQuery(SimpleExecutor.java:62)
	at org.apache.ibatis.executor.BaseExecutor.queryFromDatabase(BaseExecutor.java:324)
	at org.apache.ibatis.executor.BaseExecutor.query(BaseExecutor.java:156)
	at org.apache.ibatis.executor.CachingExecutor.query(CachingExecutor.java:109)
	at org.apache.ibatis.executor.CachingExecutor.query(CachingExecutor.java:83)
	at org.apache.ibatis.session.defaults.DefaultSqlSession.selectList(DefaultSqlSession.java:147)
	at org.apache.ibatis.session.defaults.DefaultSqlSession.selectList(DefaultSqlSession.java:140)
	at org.apache.ibatis.session.defaults.DefaultSqlSession.selectOne(DefaultSqlSession.java:76)
	at sun.reflect.GeneratedMethodAccessor1266.invoke(Unknown Source)
	at sun.reflect.DelegatingMethodAccessorImpl.invoke(DelegatingMethodAccessorImpl.java:43)
	at java.lang.reflect.Method.invoke(Method.java:498)
	at org.mybatis.spring.SqlSessionTemplate$SqlSessionInterceptor.invoke(SqlSessionTemplate.java:426)
	at com.sun.proxy.$Proxy366.selectOne(Unknown Source)
	at org.mybatis.spring.SqlSessionTemplate.selectOne(SqlSessionTemplate.java:159)
	at org.apache.ibatis.binding.MapperMethod.execute(MapperMethod.java:87)
	at org.apache.ibatis.binding.MapperProxy.invoke(MapperProxy.java:57)
	at com.sun.proxy.$Proxy368.LoginMember(Unknown Source)
	at com.daejist.login.service.LoginServiceImp.LoginCheck(LoginServiceImp.java:29)
	at com.daejist.login.controller.LoginController.getLogin(LoginController.java:98)
	at sun.reflect.GeneratedMethodAccessor1348.invoke(Unknown Source)
	at sun.reflect.DelegatingMethodAccessorImpl.invoke(DelegatingMethodAccessorImpl.java:43)
	at java.lang.reflect.Method.invoke(Method.java:498)
	at org.springframework.web.method.support.InvocableHandlerMethod.doInvoke(InvocableHandlerMethod.java:190)
	at org.springframework.web.method.support.InvocableHandlerMethod.invokeForRequest(InvocableHandlerMethod.java:138)
	at org.springframework.web.servlet.mvc.method.annotation.ServletInvocableHandlerMethod.invokeAndHandle(ServletInvocableHandlerMethod.java:104)
	at org.springframework.web.servlet.mvc.method.annotation.RequestMappingHandlerAdapter.invokeHandlerMethod(RequestMappingHandlerAdapter.java:892)
	at org.springframework.web.servlet.mvc.method.annotation.RequestMappingHandlerAdapter.handleInternal(RequestMappingHandlerAdapter.java:797)
	at org.springframework.web.servlet.mvc.method.AbstractHandlerMethodAdapter.handle(AbstractHandlerMethodAdapter.java:87)
	at org.springframework.web.servlet.DispatcherServlet.doDispatch(DispatcherServlet.java:1039)
	at org.springframework.web.servlet.DispatcherServlet.doService(DispatcherServlet.java:942)
	at org.springframework.web.servlet.FrameworkServlet.processRequest(FrameworkServlet.java:1005)
	at org.springframework.web.servlet.FrameworkServlet.doPost(FrameworkServlet.java:908)
	at javax.servlet.http.HttpServlet.service(HttpServlet.java:648)
	at org.springframework.web.servlet.FrameworkServlet.service(FrameworkServlet.java:882)
	at javax.servlet.http.HttpServlet.service(HttpServlet.java:729)
	at org.apache.catalina.core.ApplicationFilterChain.internalDoFilter(ApplicationFilterChain.java:292)
	at org.apache.catalina.core.ApplicationFilterChain.doFilter(ApplicationFilterChain.java:207)
	at org.apache.tomcat.websocket.server.WsFilter.doFilter(WsFilter.java:52)
	at org.apache.catalina.core.ApplicationFilterChain.internalDoFilter(ApplicationFilterChain.java:240)
	at org.apache.catalina.core.ApplicationFilterChain.doFilter(ApplicationFilterChain.java:207)
	at org.springframework.web.filter.CharacterEncodingFilter.doFilterInternal(CharacterEncodingFilter.java:200)
	at org.springframework.web.filter.OncePerRequestFilter.doFilter(OncePerRequestFilter.java:118)
	at org.apache.catalina.core.ApplicationFilterChain.internalDoFilter(ApplicationFilterChain.java:240)
	at org.apache.catalina.core.ApplicationFilterChain.doFilter(ApplicationFilterChain.java:207)
	at org.apache.catalina.core.StandardWrapperValve.invoke(StandardWrapperValve.java:212)
	at org.apache.catalina.core.StandardContextValve.invoke(StandardContextValve.java:94)
	at org.apache.catalina.core.StandardHostValve.invoke(StandardHostValve.java:141)
	at org.apache.catalina.valves.ErrorReportValve.invoke(ErrorReportValve.java:79)
	at org.apache.catalina.core.StandardEngineValve.invoke(StandardEngineValve.java:88)
	at org.apache.catalina.connector.CoyoteAdapter.service(CoyoteAdapter.java:502)
	at org.apache.coyote.http11.AbstractHttp11Processor.process(AbstractHttp11Processor.java:1132)
	at org.apache.coyote.AbstractProtocol$AbstractConnectionHandler.process(AbstractProtocol.java:684)
	at org.apache.tomcat.util.net.NioEndpoint$SocketProcessor.doRun(NioEndpoint.java:1539)
	at org.apache.tomcat.util.net.NioEndpoint$SocketProcessor.run(NioEndpoint.java:1495)
	at java.util.concurrent.ThreadPoolExecutor.runWorker(ThreadPoolExecutor.java:1142)
	at java.util.concurrent.ThreadPoolExecutor$Worker.run(ThreadPoolExecutor.java:617)
	at org.apache.tomcat.util.threads.TaskThread$WrappingRunnable.run(TaskThread.java:61)
	at java.lang.Thread.run(Thread.java:745)

13-Jun-2023 12:05:37.860 심각 [http-nio-8855-exec-258] org.apache.catalina.core.StandardWrapperValve.invoke Servlet.service() for servlet [appServlet] in context with path [] threw exception [Request processing failed; nested exception is org.mybatis.spring.MyBatisSystemException: nested exception is org.apache.ibatis.exceptions.PersistenceException: 
### Error querying database.  Cause: org.springframework.jdbc.CannotGetJdbcConnectionException: Failed to obtain JDBC Connection; nested exception is com.microsoft.sqlserver.jdbc.SQLServerException: 호스트 61.32.101.234, 포트 1433에 대한 TCP/IP 연결에 실패했습니다. 오류: "connect timed out. 연결 속성을 확인하십시오. SQL Server의 인스턴스가 호스트에서 실행되고 있고 포트에서 TCP/IP 연결을 허용하고 있는지 확인하십시오. 또한 방화벽에서 포트로의 TCP 연결을 차단하지 않는지 확인하십시오.".
### The error may exist in com/daejist/login/mapper/LoginMapper.xml
### The error may involve com.daejist.login.mapper.LoginMapper.LoginMember
### The error occurred while executing a query
### Cause: org.springframework.jdbc.CannotGetJdbcConnectionException: Failed to obtain JDBC Connection; nested exception is com.microsoft.sqlserver.jdbc.SQLServerException: 호스트 61.32.101.234, 포트 1433에 대한 TCP/IP 연결에 실패했습니다. 오류: "connect timed out. 연결 속성을 확인하십시오. SQL Server의 인스턴스가 호스트에서 실행되고 있고 포트에서 TCP/IP 연결을 허용하고 있는지 확인하십시오. 또한 방화벽에서 포트로의 TCP 연결을 차단하지 않는지 확인하십시오.".] with root cause
 com.microsoft.sqlserver.jdbc.SQLServerException: 호스트 61.32.101.234, 포트 1433에 대한 TCP/IP 연결에 실패했습니다. 오류: "connect timed out. 연결 속성을 확인하십시오. SQL Server의 인스턴스가 호스트에서 실행되고 있고 포트에서 TCP/IP 연결을 허용하고 있는지 확인하십시오. 또한 방화벽에서 포트로의 TCP 연결을 차단하지 않는지 확인하십시오.".
	at com.microsoft.sqlserver.jdbc.SQLServerException.makeFromDriverError(SQLServerException.java:234)
	at com.microsoft.sqlserver.jdbc.SQLServerException.ConvertConnectExceptionToSQLServerException(SQLServerException.java:285)
	at com.microsoft.sqlserver.jdbc.SocketFinder.findSocket(IOBuffer.java:2462)
	at com.microsoft.sqlserver.jdbc.TDSChannel.open(IOBuffer.java:668)
	at com.microsoft.sqlserver.jdbc.SQLServerConnection.connectHelper(SQLServerConnection.java:2695)
	at com.microsoft.sqlserver.jdbc.SQLServerConnection.login(SQLServerConnection.java:2362)
	at com.microsoft.sqlserver.jdbc.SQLServerConnection.connectInternal(SQLServerConnection.java:2213)
	at com.microsoft.sqlserver.jdbc.SQLServerConnection.connect(SQLServerConnection.java:1276)
	at com.microsoft.sqlserver.jdbc.SQLServerDriver.connect(SQLServerDriver.java:861)
	at org.apache.commons.dbcp.DriverConnectionFactory.createConnection(DriverConnectionFactory.java:38)
	at org.apache.commons.dbcp.PoolableConnectionFactory.makeObject(PoolableConnectionFactory.java:582)
	at org.apache.commons.pool.impl.GenericObjectPool.borrowObject(GenericObjectPool.java:1148)
	at org.apache.commons.dbcp.PoolingDataSource.getConnection(PoolingDataSource.java:106)
	at org.apache.commons.dbcp.BasicDataSource.getConnection(BasicDataSource.java:1044)
	at org.springframework.jdbc.datasource.DataSourceUtils.fetchConnection(DataSourceUtils.java:157)
	at org.springframework.jdbc.datasource.DataSourceUtils.doGetConnection(DataSourceUtils.java:115)
	at org.springframework.jdbc.datasource.DataSourceUtils.getConnection(DataSourceUtils.java:78)
	at org.mybatis.spring.transaction.SpringManagedTransaction.openConnection(SpringManagedTransaction.java:80)
	at org.mybatis.spring.transaction.SpringManagedTransaction.getConnection(SpringManagedTransaction.java:67)
	at org.apache.ibatis.executor.BaseExecutor.getConnection(BaseExecutor.java:336)
	at org.apache.ibatis.executor.SimpleExecutor.prepareStatement(SimpleExecutor.java:85)
	at org.apache.ibatis.executor.SimpleExecutor.doQuery(SimpleExecutor.java:62)
	at org.apache.ibatis.executor.BaseExecutor.queryFromDatabase(BaseExecutor.java:324)
	at org.apache.ibatis.executor.BaseExecutor.query(BaseExecutor.java:156)
	at org.apache.ibatis.executor.CachingExecutor.query(CachingExecutor.java:109)
	at org.apache.ibatis.executor.CachingExecutor.query(CachingExecutor.java:83)
	at org.apache.ibatis.session.defaults.DefaultSqlSession.selectList(DefaultSqlSession.java:147)
	at org.apache.ibatis.session.defaults.DefaultSqlSession.selectList(DefaultSqlSession.java:140)
	at org.apache.ibatis.session.defaults.DefaultSqlSession.selectOne(DefaultSqlSession.java:76)
	at sun.reflect.GeneratedMethodAccessor1266.invoke(Unknown Source)
	at sun.reflect.DelegatingMethodAccessorImpl.invoke(DelegatingMethodAccessorImpl.java:43)
	at java.lang.reflect.Method.invoke(Method.java:498)
	at org.mybatis.spring.SqlSessionTemplate$SqlSessionInterceptor.invoke(SqlSessionTemplate.java:426)
	at com.sun.proxy.$Proxy366.selectOne(Unknown Source)
	at org.mybatis.spring.SqlSessionTemplate.selectOne(SqlSessionTemplate.java:159)
	at org.apache.ibatis.binding.MapperMethod.execute(MapperMethod.java:87)
	at org.apache.ibatis.binding.MapperProxy.invoke(MapperProxy.java:57)
	at com.sun.proxy.$Proxy368.LoginMember(Unknown Source)
	at com.daejist.login.service.LoginServiceImp.LoginCheck(LoginServiceImp.java:29)
	at com.daejist.login.controller.LoginController.getLogin(LoginController.java:98)
	at sun.reflect.GeneratedMethodAccessor1348.invoke(Unknown Source)
	at sun.reflect.DelegatingMethodAccessorImpl.invoke(DelegatingMethodAccessorImpl.java:43)
	at java.lang.reflect.Method.invoke(Method.java:498)
	at org.springframework.web.method.support.InvocableHandlerMethod.doInvoke(InvocableHandlerMethod.java:190)
	at org.springframework.web.method.support.InvocableHandlerMethod.invokeForRequest(InvocableHandlerMethod.java:138)
	at org.springframework.web.servlet.mvc.method.annotation.ServletInvocableHandlerMethod.invokeAndHandle(ServletInvocableHandlerMethod.java:104)
	at org.springframework.web.servlet.mvc.method.annotation.RequestMappingHandlerAdapter.invokeHandlerMethod(RequestMappingHandlerAdapter.java:892)
	at org.springframework.web.servlet.mvc.method.annotation.RequestMappingHandlerAdapter.handleInternal(RequestMappingHandlerAdapter.java:797)
	at org.springframework.web.servlet.mvc.method.AbstractHandlerMethodAdapter.handle(AbstractHandlerMethodAdapter.java:87)
	at org.springframework.web.servlet.DispatcherServlet.doDispatch(DispatcherServlet.java:1039)
	at org.springframework.web.servlet.DispatcherServlet.doService(DispatcherServlet.java:942)
	at org.springframework.web.servlet.FrameworkServlet.processRequest(FrameworkServlet.java:1005)
	at org.springframework.web.servlet.FrameworkServlet.doPost(FrameworkServlet.java:908)
	at javax.servlet.http.HttpServlet.service(HttpServlet.java:648)
	at org.springframework.web.servlet.FrameworkServlet.service(FrameworkServlet.java:882)
	at javax.servlet.http.HttpServlet.service(HttpServlet.java:729)
	at org.apache.catalina.core.ApplicationFilterChain.internalDoFilter(ApplicationFilterChain.java:292)
	at org.apache.catalina.core.ApplicationFilterChain.doFilter(ApplicationFilterChain.java:207)
	at org.apache.tomcat.websocket.server.WsFilter.doFilter(WsFilter.java:52)
	at org.apache.catalina.core.ApplicationFilterChain.internalDoFilter(ApplicationFilterChain.java:240)
	at org.apache.catalina.core.ApplicationFilterChain.doFilter(ApplicationFilterChain.java:207)
	at org.springframework.web.filter.CharacterEncodingFilter.doFilterInternal(CharacterEncodingFilter.java:200)
	at org.springframework.web.filter.OncePerRequestFilter.doFilter(OncePerRequestFilter.java:118)
	at org.apache.catalina.core.ApplicationFilterChain.internalDoFilter(ApplicationFilterChain.java:240)
	at org.apache.catalina.core.ApplicationFilterChain.doFilter(ApplicationFilterChain.java:207)
	at org.apache.catalina.core.StandardWrapperValve.invoke(StandardWrapperValve.java:212)
	at org.apache.catalina.core.StandardContextValve.invoke(StandardContextValve.java:94)
	at org.apache.catalina.core.StandardHostValve.invoke(StandardHostValve.java:141)
	at org.apache.catalina.valves.ErrorReportValve.invoke(ErrorReportValve.java:79)
	at org.apache.catalina.core.StandardEngineValve.invoke(StandardEngineValve.java:88)
	at org.apache.catalina.connector.CoyoteAdapter.service(CoyoteAdapter.java:502)
	at org.apache.coyote.http11.AbstractHttp11Processor.process(AbstractHttp11Processor.java:1132)
	at org.apache.coyote.AbstractProtocol$AbstractConnectionHandler.process(AbstractProtocol.java:684)
	at org.apache.tomcat.util.net.NioEndpoint$SocketProcessor.doRun(NioEndpoint.java:1539)
	at org.apache.tomcat.util.net.NioEndpoint$SocketProcessor.run(NioEndpoint.java:1495)
	at java.util.concurrent.ThreadPoolExecutor.runWorker(ThreadPoolExecutor.java:1142)
	at java.util.concurrent.ThreadPoolExecutor$Worker.run(ThreadPoolExecutor.java:617)
	at org.apache.tomcat.util.threads.TaskThread$WrappingRunnable.run(TaskThread.java:61)
	at java.lang.Thread.run(Thread.java:745)

13-Jun-2023 12:05:38.696 심각 [http-nio-8855-exec-259] org.apache.catalina.core.StandardWrapperValve.invoke Servlet.service() for servlet [appServlet] in context with path [] threw exception [Request processing failed; nested exception is org.mybatis.spring.MyBatisSystemException: nested exception is org.apache.ibatis.exceptions.PersistenceException: 
### Error querying database.  Cause: org.springframework.jdbc.CannotGetJdbcConnectionException: Failed to obtain JDBC Connection; nested exception is com.microsoft.sqlserver.jdbc.SQLServerException: 호스트 61.32.101.234, 포트 1433에 대한 TCP/IP 연결에 실패했습니다. 오류: "connect timed out. 연결 속성을 확인하십시오. SQL Server의 인스턴스가 호스트에서 실행되고 있고 포트에서 TCP/IP 연결을 허용하고 있는지 확인하십시오. 또한 방화벽에서 포트로의 TCP 연결을 차단하지 않는지 확인하십시오.".
### The error may exist in com/daejist/login/mapper/LoginMapper.xml
### The error may involve com.daejist.login.mapper.LoginMapper.LoginMember
### The error occurred while executing a query
### Cause: org.springframework.jdbc.CannotGetJdbcConnectionException: Failed to obtain JDBC Connection; nested exception is com.microsoft.sqlserver.jdbc.SQLServerException: 호스트 61.32.101.234, 포트 1433에 대한 TCP/IP 연결에 실패했습니다. 오류: "connect timed out. 연결 속성을 확인하십시오. SQL Server의 인스턴스가 호스트에서 실행되고 있고 포트에서 TCP/IP 연결을 허용하고 있는지 확인하십시오. 또한 방화벽에서 포트로의 TCP 연결을 차단하지 않는지 확인하십시오.".] with root cause
 com.microsoft.sqlserver.jdbc.SQLServerException: 호스트 61.32.101.234, 포트 1433에 대한 TCP/IP 연결에 실패했습니다. 오류: "connect timed out. 연결 속성을 확인하십시오. SQL Server의 인스턴스가 호스트에서 실행되고 있고 포트에서 TCP/IP 연결을 허용하고 있는지 확인하십시오. 또한 방화벽에서 포트로의 TCP 연결을 차단하지 않는지 확인하십시오.".
	at com.microsoft.sqlserver.jdbc.SQLServerException.makeFromDriverError(SQLServerException.java:234)
	at com.microsoft.sqlserver.jdbc.SQLServerException.ConvertConnectExceptionToSQLServerException(SQLServerException.java:285)
	at com.microsoft.sqlserver.jdbc.SocketFinder.findSocket(IOBuffer.java:2462)
	at com.microsoft.sqlserver.jdbc.TDSChannel.open(IOBuffer.java:668)
	at com.microsoft.sqlserver.jdbc.SQLServerConnection.connectHelper(SQLServerConnection.java:2695)
	at com.microsoft.sqlserver.jdbc.SQLServerConnection.login(SQLServerConnection.java:2362)
	at com.microsoft.sqlserver.jdbc.SQLServerConnection.connectInternal(SQLServerConnection.java:2213)
	at com.microsoft.sqlserver.jdbc.SQLServerConnection.connect(SQLServerConnection.java:1276)
	at com.microsoft.sqlserver.jdbc.SQLServerDriver.connect(SQLServerDriver.java:861)
	at org.apache.commons.dbcp.DriverConnectionFactory.createConnection(DriverConnectionFactory.java:38)
	at org.apache.commons.dbcp.PoolableConnectionFactory.makeObject(PoolableConnectionFactory.java:582)
	at org.apache.commons.pool.impl.GenericObjectPool.borrowObject(GenericObjectPool.java:1148)
	at org.apache.commons.dbcp.PoolingDataSource.getConnection(PoolingDataSource.java:106)
	at org.apache.commons.dbcp.BasicDataSource.getConnection(BasicDataSource.java:1044)
	at org.springframework.jdbc.datasource.DataSourceUtils.fetchConnection(DataSourceUtils.java:157)
	at org.springframework.jdbc.datasource.DataSourceUtils.doGetConnection(DataSourceUtils.java:115)
	at org.springframework.jdbc.datasource.DataSourceUtils.getConnection(DataSourceUtils.java:78)
	at org.mybatis.spring.transaction.SpringManagedTransaction.openConnection(SpringManagedTransaction.java:80)
	at org.mybatis.spring.transaction.SpringManagedTransaction.getConnection(SpringManagedTransaction.java:67)
	at org.apache.ibatis.executor.BaseExecutor.getConnection(BaseExecutor.java:336)
	at org.apache.ibatis.executor.SimpleExecutor.prepareStatement(SimpleExecutor.java:85)
	at org.apache.ibatis.executor.SimpleExecutor.doQuery(SimpleExecutor.java:62)
	at org.apache.ibatis.executor.BaseExecutor.queryFromDatabase(BaseExecutor.java:324)
	at org.apache.ibatis.executor.BaseExecutor.query(BaseExecutor.java:156)
	at org.apache.ibatis.executor.CachingExecutor.query(CachingExecutor.java:109)
	at org.apache.ibatis.executor.CachingExecutor.query(CachingExecutor.java:83)
	at org.apache.ibatis.session.defaults.DefaultSqlSession.selectList(DefaultSqlSession.java:147)
	at org.apache.ibatis.session.defaults.DefaultSqlSession.selectList(DefaultSqlSession.java:140)
	at org.apache.ibatis.session.defaults.DefaultSqlSession.selectOne(DefaultSqlSession.java:76)
	at sun.reflect.GeneratedMethodAccessor1266.invoke(Unknown Source)
	at sun.reflect.DelegatingMethodAccessorImpl.invoke(DelegatingMethodAccessorImpl.java:43)
	at java.lang.reflect.Method.invoke(Method.java:498)
	at org.mybatis.spring.SqlSessionTemplate$SqlSessionInterceptor.invoke(SqlSessionTemplate.java:426)
	at com.sun.proxy.$Proxy366.selectOne(Unknown Source)
	at org.mybatis.spring.SqlSessionTemplate.selectOne(SqlSessionTemplate.java:159)
	at org.apache.ibatis.binding.MapperMethod.execute(MapperMethod.java:87)
	at org.apache.ibatis.binding.MapperProxy.invoke(MapperProxy.java:57)
	at com.sun.proxy.$Proxy368.LoginMember(Unknown Source)
	at com.daejist.login.service.LoginServiceImp.LoginCheck(LoginServiceImp.java:29)
	at com.daejist.login.controller.LoginController.getLogin(LoginController.java:98)
	at sun.reflect.GeneratedMethodAccessor1348.invoke(Unknown Source)
	at sun.reflect.DelegatingMethodAccessorImpl.invoke(DelegatingMethodAccessorImpl.java:43)
	at java.lang.reflect.Method.invoke(Method.java:498)
	at org.springframework.web.method.support.InvocableHandlerMethod.doInvoke(InvocableHandlerMethod.java:190)
	at org.springframework.web.method.support.InvocableHandlerMethod.invokeForRequest(InvocableHandlerMethod.java:138)
	at org.springframework.web.servlet.mvc.method.annotation.ServletInvocableHandlerMethod.invokeAndHandle(ServletInvocableHandlerMethod.java:104)
	at org.springframework.web.servlet.mvc.method.annotation.RequestMappingHandlerAdapter.invokeHandlerMethod(RequestMappingHandlerAdapter.java:892)
	at org.springframework.web.servlet.mvc.method.annotation.RequestMappingHandlerAdapter.handleInternal(RequestMappingHandlerAdapter.java:797)
	at org.springframework.web.servlet.mvc.method.AbstractHandlerMethodAdapter.handle(AbstractHandlerMethodAdapter.java:87)
	at org.springframework.web.servlet.DispatcherServlet.doDispatch(DispatcherServlet.java:1039)
	at org.springframework.web.servlet.DispatcherServlet.doService(DispatcherServlet.java:942)
	at org.springframework.web.servlet.FrameworkServlet.processRequest(FrameworkServlet.java:1005)
	at org.springframework.web.servlet.FrameworkServlet.doPost(FrameworkServlet.java:908)
	at javax.servlet.http.HttpServlet.service(HttpServlet.java:648)
	at org.springframework.web.servlet.FrameworkServlet.service(FrameworkServlet.java:882)
	at javax.servlet.http.HttpServlet.service(HttpServlet.java:729)
	at org.apache.catalina.core.ApplicationFilterChain.internalDoFilter(ApplicationFilterChain.java:292)
	at org.apache.catalina.core.ApplicationFilterChain.doFilter(ApplicationFilterChain.java:207)
	at org.apache.tomcat.websocket.server.WsFilter.doFilter(WsFilter.java:52)
	at org.apache.catalina.core.ApplicationFilterChain.internalDoFilter(ApplicationFilterChain.java:240)
	at org.apache.catalina.core.ApplicationFilterChain.doFilter(ApplicationFilterChain.java:207)
	at org.springframework.web.filter.CharacterEncodingFilter.doFilterInternal(CharacterEncodingFilter.java:200)
	at org.springframework.web.filter.OncePerRequestFilter.doFilter(OncePerRequestFilter.java:118)
	at org.apache.catalina.core.ApplicationFilterChain.internalDoFilter(ApplicationFilterChain.java:240)
	at org.apache.catalina.core.ApplicationFilterChain.doFilter(ApplicationFilterChain.java:207)
	at org.apache.catalina.core.StandardWrapperValve.invoke(StandardWrapperValve.java:212)
	at org.apache.catalina.core.StandardContextValve.invoke(StandardContextValve.java:94)
	at org.apache.catalina.core.StandardHostValve.invoke(StandardHostValve.java:141)
	at org.apache.catalina.valves.ErrorReportValve.invoke(ErrorReportValve.java:79)
	at org.apache.catalina.core.StandardEngineValve.invoke(StandardEngineValve.java:88)
	at org.apache.catalina.connector.CoyoteAdapter.service(CoyoteAdapter.java:502)
	at org.apache.coyote.http11.AbstractHttp11Processor.process(AbstractHttp11Processor.java:1132)
	at org.apache.coyote.AbstractProtocol$AbstractConnectionHandler.process(AbstractProtocol.java:684)
	at org.apache.tomcat.util.net.NioEndpoint$SocketProcessor.doRun(NioEndpoint.java:1539)
	at org.apache.tomcat.util.net.NioEndpoint$SocketProcessor.run(NioEndpoint.java:1495)
	at java.util.concurrent.ThreadPoolExecutor.runWorker(ThreadPoolExecutor.java:1142)
	at java.util.concurrent.ThreadPoolExecutor$Worker.run(ThreadPoolExecutor.java:617)
	at org.apache.tomcat.util.threads.TaskThread$WrappingRunnable.run(TaskThread.java:61)
	at java.lang.Thread.run(Thread.java:745)

13-Jun-2023 12:05:45.431 심각 [http-nio-8855-exec-234] org.apache.catalina.core.StandardWrapperValve.invoke Servlet.service() for servlet [appServlet] in context with path [] threw exception [Request processing failed; nested exception is org.mybatis.spring.MyBatisSystemException: nested exception is org.apache.ibatis.exceptions.PersistenceException: 
### Error querying database.  Cause: org.springframework.jdbc.CannotGetJdbcConnectionException: Failed to obtain JDBC Connection; nested exception is com.microsoft.sqlserver.jdbc.SQLServerException: 호스트 61.32.101.234, 포트 1433에 대한 TCP/IP 연결에 실패했습니다. 오류: "connect timed out. 연결 속성을 확인하십시오. SQL Server의 인스턴스가 호스트에서 실행되고 있고 포트에서 TCP/IP 연결을 허용하고 있는지 확인하십시오. 또한 방화벽에서 포트로의 TCP 연결을 차단하지 않는지 확인하십시오.".
### The error may exist in com/daejist/login/mapper/LoginMapper.xml
### The error may involve com.daejist.login.mapper.LoginMapper.LoginMember
### The error occurred while executing a query
### Cause: org.springframework.jdbc.CannotGetJdbcConnectionException: Failed to obtain JDBC Connection; nested exception is com.microsoft.sqlserver.jdbc.SQLServerException: 호스트 61.32.101.234, 포트 1433에 대한 TCP/IP 연결에 실패했습니다. 오류: "connect timed out. 연결 속성을 확인하십시오. SQL Server의 인스턴스가 호스트에서 실행되고 있고 포트에서 TCP/IP 연결을 허용하고 있는지 확인하십시오. 또한 방화벽에서 포트로의 TCP 연결을 차단하지 않는지 확인하십시오.".] with root cause
 com.microsoft.sqlserver.jdbc.SQLServerException: 호스트 61.32.101.234, 포트 1433에 대한 TCP/IP 연결에 실패했습니다. 오류: "connect timed out. 연결 속성을 확인하십시오. SQL Server의 인스턴스가 호스트에서 실행되고 있고 포트에서 TCP/IP 연결을 허용하고 있는지 확인하십시오. 또한 방화벽에서 포트로의 TCP 연결을 차단하지 않는지 확인하십시오.".
	at com.microsoft.sqlserver.jdbc.SQLServerException.makeFromDriverError(SQLServerException.java:234)
	at com.microsoft.sqlserver.jdbc.SQLServerException.ConvertConnectExceptionToSQLServerException(SQLServerException.java:285)
	at com.microsoft.sqlserver.jdbc.SocketFinder.findSocket(IOBuffer.java:2462)
	at com.microsoft.sqlserver.jdbc.TDSChannel.open(IOBuffer.java:668)
	at com.microsoft.sqlserver.jdbc.SQLServerConnection.connectHelper(SQLServerConnection.java:2695)
	at com.microsoft.sqlserver.jdbc.SQLServerConnection.login(SQLServerConnection.java:2362)
	at com.microsoft.sqlserver.jdbc.SQLServerConnection.connectInternal(SQLServerConnection.java:2213)
	at com.microsoft.sqlserver.jdbc.SQLServerConnection.connect(SQLServerConnection.java:1276)
	at com.microsoft.sqlserver.jdbc.SQLServerDriver.connect(SQLServerDriver.java:861)
	at org.apache.commons.dbcp.DriverConnectionFactory.createConnection(DriverConnectionFactory.java:38)
	at org.apache.commons.dbcp.PoolableConnectionFactory.makeObject(PoolableConnectionFactory.java:582)
	at org.apache.commons.pool.impl.GenericObjectPool.borrowObject(GenericObjectPool.java:1148)
	at org.apache.commons.dbcp.PoolingDataSource.getConnection(PoolingDataSource.java:106)
	at org.apache.commons.dbcp.BasicDataSource.getConnection(BasicDataSource.java:1044)
	at org.springframework.jdbc.datasource.DataSourceUtils.fetchConnection(DataSourceUtils.java:157)
	at org.springframework.jdbc.datasource.DataSourceUtils.doGetConnection(DataSourceUtils.java:115)
	at org.springframework.jdbc.datasource.DataSourceUtils.getConnection(DataSourceUtils.java:78)
	at org.mybatis.spring.transaction.SpringManagedTransaction.openConnection(SpringManagedTransaction.java:80)
	at org.mybatis.spring.transaction.SpringManagedTransaction.getConnection(SpringManagedTransaction.java:67)
	at org.apache.ibatis.executor.BaseExecutor.getConnection(BaseExecutor.java:336)
	at org.apache.ibatis.executor.SimpleExecutor.prepareStatement(SimpleExecutor.java:85)
	at org.apache.ibatis.executor.SimpleExecutor.doQuery(SimpleExecutor.java:62)
	at org.apache.ibatis.executor.BaseExecutor.queryFromDatabase(BaseExecutor.java:324)
	at org.apache.ibatis.executor.BaseExecutor.query(BaseExecutor.java:156)
	at org.apache.ibatis.executor.CachingExecutor.query(CachingExecutor.java:109)
	at org.apache.ibatis.executor.CachingExecutor.query(CachingExecutor.java:83)
	at org.apache.ibatis.session.defaults.DefaultSqlSession.selectList(DefaultSqlSession.java:147)
	at org.apache.ibatis.session.defaults.DefaultSqlSession.selectList(DefaultSqlSession.java:140)
	at org.apache.ibatis.session.defaults.DefaultSqlSession.selectOne(DefaultSqlSession.java:76)
	at sun.reflect.GeneratedMethodAccessor1266.invoke(Unknown Source)
	at sun.reflect.DelegatingMethodAccessorImpl.invoke(DelegatingMethodAccessorImpl.java:43)
	at java.lang.reflect.Method.invoke(Method.java:498)
	at org.mybatis.spring.SqlSessionTemplate$SqlSessionInterceptor.invoke(SqlSessionTemplate.java:426)
	at com.sun.proxy.$Proxy366.selectOne(Unknown Source)
	at org.mybatis.spring.SqlSessionTemplate.selectOne(SqlSessionTemplate.java:159)
	at org.apache.ibatis.binding.MapperMethod.execute(MapperMethod.java:87)
	at org.apache.ibatis.binding.MapperProxy.invoke(MapperProxy.java:57)
	at com.sun.proxy.$Proxy368.LoginMember(Unknown Source)
	at com.daejist.login.service.LoginServiceImp.LoginCheck(LoginServiceImp.java:29)
	at com.daejist.login.controller.LoginController.getLogin(LoginController.java:98)
	at sun.reflect.GeneratedMethodAccessor1348.invoke(Unknown Source)
	at sun.reflect.DelegatingMethodAccessorImpl.invoke(DelegatingMethodAccessorImpl.java:43)
	at java.lang.reflect.Method.invoke(Method.java:498)
	at org.springframework.web.method.support.InvocableHandlerMethod.doInvoke(InvocableHandlerMethod.java:190)
	at org.springframework.web.method.support.InvocableHandlerMethod.invokeForRequest(InvocableHandlerMethod.java:138)
	at org.springframework.web.servlet.mvc.method.annotation.ServletInvocableHandlerMethod.invokeAndHandle(ServletInvocableHandlerMethod.java:104)
	at org.springframework.web.servlet.mvc.method.annotation.RequestMappingHandlerAdapter.invokeHandlerMethod(RequestMappingHandlerAdapter.java:892)
	at org.springframework.web.servlet.mvc.method.annotation.RequestMappingHandlerAdapter.handleInternal(RequestMappingHandlerAdapter.java:797)
	at org.springframework.web.servlet.mvc.method.AbstractHandlerMethodAdapter.handle(AbstractHandlerMethodAdapter.java:87)
	at org.springframework.web.servlet.DispatcherServlet.doDispatch(DispatcherServlet.java:1039)
	at org.springframework.web.servlet.DispatcherServlet.doService(DispatcherServlet.java:942)
	at org.springframework.web.servlet.FrameworkServlet.processRequest(FrameworkServlet.java:1005)
	at org.springframework.web.servlet.FrameworkServlet.doPost(FrameworkServlet.java:908)
	at javax.servlet.http.HttpServlet.service(HttpServlet.java:648)
	at org.springframework.web.servlet.FrameworkServlet.service(FrameworkServlet.java:882)
	at javax.servlet.http.HttpServlet.service(HttpServlet.java:729)
	at org.apache.catalina.core.ApplicationFilterChain.internalDoFilter(ApplicationFilterChain.java:292)
	at org.apache.catalina.core.ApplicationFilterChain.doFilter(ApplicationFilterChain.java:207)
	at org.apache.tomcat.websocket.server.WsFilter.doFilter(WsFilter.java:52)
	at org.apache.catalina.core.ApplicationFilterChain.internalDoFilter(ApplicationFilterChain.java:240)
	at org.apache.catalina.core.ApplicationFilterChain.doFilter(ApplicationFilterChain.java:207)
	at org.springframework.web.filter.CharacterEncodingFilter.doFilterInternal(CharacterEncodingFilter.java:200)
	at org.springframework.web.filter.OncePerRequestFilter.doFilter(OncePerRequestFilter.java:118)
	at org.apache.catalina.core.ApplicationFilterChain.internalDoFilter(ApplicationFilterChain.java:240)
	at org.apache.catalina.core.ApplicationFilterChain.doFilter(ApplicationFilterChain.java:207)
	at org.apache.catalina.core.StandardWrapperValve.invoke(StandardWrapperValve.java:212)
	at org.apache.catalina.core.StandardContextValve.invoke(StandardContextValve.java:94)
	at org.apache.catalina.core.StandardHostValve.invoke(StandardHostValve.java:141)
	at org.apache.catalina.valves.ErrorReportValve.invoke(ErrorReportValve.java:79)
	at org.apache.catalina.core.StandardEngineValve.invoke(StandardEngineValve.java:88)
	at org.apache.catalina.connector.CoyoteAdapter.service(CoyoteAdapter.java:502)
	at org.apache.coyote.http11.AbstractHttp11Processor.process(AbstractHttp11Processor.java:1132)
	at org.apache.coyote.AbstractProtocol$AbstractConnectionHandler.process(AbstractProtocol.java:684)
	at org.apache.tomcat.util.net.NioEndpoint$SocketProcessor.doRun(NioEndpoint.java:1539)
	at org.apache.tomcat.util.net.NioEndpoint$SocketProcessor.run(NioEndpoint.java:1495)
	at java.util.concurrent.ThreadPoolExecutor.runWorker(ThreadPoolExecutor.java:1142)
	at java.util.concurrent.ThreadPoolExecutor$Worker.run(ThreadPoolExecutor.java:617)
	at org.apache.tomcat.util.threads.TaskThread$WrappingRunnable.run(TaskThread.java:61)
	at java.lang.Thread.run(Thread.java:745)

13-Jun-2023 12:05:47.583 심각 [http-nio-8855-exec-260] org.apache.catalina.core.StandardWrapperValve.invoke Servlet.service() for servlet [appServlet] in context with path [] threw exception [Request processing failed; nested exception is org.mybatis.spring.MyBatisSystemException: nested exception is org.apache.ibatis.exceptions.PersistenceException: 
### Error querying database.  Cause: org.springframework.jdbc.CannotGetJdbcConnectionException: Failed to obtain JDBC Connection; nested exception is com.microsoft.sqlserver.jdbc.SQLServerException: 호스트 61.32.101.234, 포트 1433에 대한 TCP/IP 연결에 실패했습니다. 오류: "connect timed out. 연결 속성을 확인하십시오. SQL Server의 인스턴스가 호스트에서 실행되고 있고 포트에서 TCP/IP 연결을 허용하고 있는지 확인하십시오. 또한 방화벽에서 포트로의 TCP 연결을 차단하지 않는지 확인하십시오.".
### The error may exist in com/daejist/login/mapper/LoginMapper.xml
### The error may involve com.daejist.login.mapper.LoginMapper.LoginMember
### The error occurred while executing a query
### Cause: org.springframework.jdbc.CannotGetJdbcConnectionException: Failed to obtain JDBC Connection; nested exception is com.microsoft.sqlserver.jdbc.SQLServerException: 호스트 61.32.101.234, 포트 1433에 대한 TCP/IP 연결에 실패했습니다. 오류: "connect timed out. 연결 속성을 확인하십시오. SQL Server의 인스턴스가 호스트에서 실행되고 있고 포트에서 TCP/IP 연결을 허용하고 있는지 확인하십시오. 또한 방화벽에서 포트로의 TCP 연결을 차단하지 않는지 확인하십시오.".] with root cause
 com.microsoft.sqlserver.jdbc.SQLServerException: 호스트 61.32.101.234, 포트 1433에 대한 TCP/IP 연결에 실패했습니다. 오류: "connect timed out. 연결 속성을 확인하십시오. SQL Server의 인스턴스가 호스트에서 실행되고 있고 포트에서 TCP/IP 연결을 허용하고 있는지 확인하십시오. 또한 방화벽에서 포트로의 TCP 연결을 차단하지 않는지 확인하십시오.".
	at com.microsoft.sqlserver.jdbc.SQLServerException.makeFromDriverError(SQLServerException.java:234)
	at com.microsoft.sqlserver.jdbc.SQLServerException.ConvertConnectExceptionToSQLServerException(SQLServerException.java:285)
	at com.microsoft.sqlserver.jdbc.SocketFinder.findSocket(IOBuffer.java:2462)
	at com.microsoft.sqlserver.jdbc.TDSChannel.open(IOBuffer.java:668)
	at com.microsoft.sqlserver.jdbc.SQLServerConnection.connectHelper(SQLServerConnection.java:2695)
	at com.microsoft.sqlserver.jdbc.SQLServerConnection.login(SQLServerConnection.java:2362)
	at com.microsoft.sqlserver.jdbc.SQLServerConnection.connectInternal(SQLServerConnection.java:2213)
	at com.microsoft.sqlserver.jdbc.SQLServerConnection.connect(SQLServerConnection.java:1276)
	at com.microsoft.sqlserver.jdbc.SQLServerDriver.connect(SQLServerDriver.java:861)
	at org.apache.commons.dbcp.DriverConnectionFactory.createConnection(DriverConnectionFactory.java:38)
	at org.apache.commons.dbcp.PoolableConnectionFactory.makeObject(PoolableConnectionFactory.java:582)
	at org.apache.commons.pool.impl.GenericObjectPool.borrowObject(GenericObjectPool.java:1148)
	at org.apache.commons.dbcp.PoolingDataSource.getConnection(PoolingDataSource.java:106)
	at org.apache.commons.dbcp.BasicDataSource.getConnection(BasicDataSource.java:1044)
	at org.springframework.jdbc.datasource.DataSourceUtils.fetchConnection(DataSourceUtils.java:157)
	at org.springframework.jdbc.datasource.DataSourceUtils.doGetConnection(DataSourceUtils.java:115)
	at org.springframework.jdbc.datasource.DataSourceUtils.getConnection(DataSourceUtils.java:78)
	at org.mybatis.spring.transaction.SpringManagedTransaction.openConnection(SpringManagedTransaction.java:80)
	at org.mybatis.spring.transaction.SpringManagedTransaction.getConnection(SpringManagedTransaction.java:67)
	at org.apache.ibatis.executor.BaseExecutor.getConnection(BaseExecutor.java:336)
	at org.apache.ibatis.executor.SimpleExecutor.prepareStatement(SimpleExecutor.java:85)
	at org.apache.ibatis.executor.SimpleExecutor.doQuery(SimpleExecutor.java:62)
	at org.apache.ibatis.executor.BaseExecutor.queryFromDatabase(BaseExecutor.java:324)
	at org.apache.ibatis.executor.BaseExecutor.query(BaseExecutor.java:156)
	at org.apache.ibatis.executor.CachingExecutor.query(CachingExecutor.java:109)
	at org.apache.ibatis.executor.CachingExecutor.query(CachingExecutor.java:83)
	at org.apache.ibatis.session.defaults.DefaultSqlSession.selectList(DefaultSqlSession.java:147)
	at org.apache.ibatis.session.defaults.DefaultSqlSession.selectList(DefaultSqlSession.java:140)
	at org.apache.ibatis.session.defaults.DefaultSqlSession.selectOne(DefaultSqlSession.java:76)
	at sun.reflect.GeneratedMethodAccessor1266.invoke(Unknown Source)
	at sun.reflect.DelegatingMethodAccessorImpl.invoke(DelegatingMethodAccessorImpl.java:43)
	at java.lang.reflect.Method.invoke(Method.java:498)
	at org.mybatis.spring.SqlSessionTemplate$SqlSessionInterceptor.invoke(SqlSessionTemplate.java:426)
	at com.sun.proxy.$Proxy366.selectOne(Unknown Source)
	at org.mybatis.spring.SqlSessionTemplate.selectOne(SqlSessionTemplate.java:159)
	at org.apache.ibatis.binding.MapperMethod.execute(MapperMethod.java:87)
	at org.apache.ibatis.binding.MapperProxy.invoke(MapperProxy.java:57)
	at com.sun.proxy.$Proxy368.LoginMember(Unknown Source)
	at com.daejist.login.service.LoginServiceImp.LoginCheck(LoginServiceImp.java:29)
	at com.daejist.login.controller.LoginController.getLogin(LoginController.java:98)
	at sun.reflect.GeneratedMethodAccessor1348.invoke(Unknown Source)
	at sun.reflect.DelegatingMethodAccessorImpl.invoke(DelegatingMethodAccessorImpl.java:43)
	at java.lang.reflect.Method.invoke(Method.java:498)
	at org.springframework.web.method.support.InvocableHandlerMethod.doInvoke(InvocableHandlerMethod.java:190)
	at org.springframework.web.method.support.InvocableHandlerMethod.invokeForRequest(InvocableHandlerMethod.java:138)
	at org.springframework.web.servlet.mvc.method.annotation.ServletInvocableHandlerMethod.invokeAndHandle(ServletInvocableHandlerMethod.java:104)
	at org.springframework.web.servlet.mvc.method.annotation.RequestMappingHandlerAdapter.invokeHandlerMethod(RequestMappingHandlerAdapter.java:892)
	at org.springframework.web.servlet.mvc.method.annotation.RequestMappingHandlerAdapter.handleInternal(RequestMappingHandlerAdapter.java:797)
	at org.springframework.web.servlet.mvc.method.AbstractHandlerMethodAdapter.handle(AbstractHandlerMethodAdapter.java:87)
	at org.springframework.web.servlet.DispatcherServlet.doDispatch(DispatcherServlet.java:1039)
	at org.springframework.web.servlet.DispatcherServlet.doService(DispatcherServlet.java:942)
	at org.springframework.web.servlet.FrameworkServlet.processRequest(FrameworkServlet.java:1005)
	at org.springframework.web.servlet.FrameworkServlet.doPost(FrameworkServlet.java:908)
	at javax.servlet.http.HttpServlet.service(HttpServlet.java:648)
	at org.springframework.web.servlet.FrameworkServlet.service(FrameworkServlet.java:882)
	at javax.servlet.http.HttpServlet.service(HttpServlet.java:729)
	at org.apache.catalina.core.ApplicationFilterChain.internalDoFilter(ApplicationFilterChain.java:292)
	at org.apache.catalina.core.ApplicationFilterChain.doFilter(ApplicationFilterChain.java:207)
	at org.apache.tomcat.websocket.server.WsFilter.doFilter(WsFilter.java:52)
	at org.apache.catalina.core.ApplicationFilterChain.internalDoFilter(ApplicationFilterChain.java:240)
	at org.apache.catalina.core.ApplicationFilterChain.doFilter(ApplicationFilterChain.java:207)
	at org.springframework.web.filter.CharacterEncodingFilter.doFilterInternal(CharacterEncodingFilter.java:200)
	at org.springframework.web.filter.OncePerRequestFilter.doFilter(OncePerRequestFilter.java:118)
	at org.apache.catalina.core.ApplicationFilterChain.internalDoFilter(ApplicationFilterChain.java:240)
	at org.apache.catalina.core.ApplicationFilterChain.doFilter(ApplicationFilterChain.java:207)
	at org.apache.catalina.core.StandardWrapperValve.invoke(StandardWrapperValve.java:212)
	at org.apache.catalina.core.StandardContextValve.invoke(StandardContextValve.java:94)
	at org.apache.catalina.core.StandardHostValve.invoke(StandardHostValve.java:141)
	at org.apache.catalina.valves.ErrorReportValve.invoke(ErrorReportValve.java:79)
	at org.apache.catalina.core.StandardEngineValve.invoke(StandardEngineValve.java:88)
	at org.apache.catalina.connector.CoyoteAdapter.service(CoyoteAdapter.java:502)
	at org.apache.coyote.http11.AbstractHttp11Processor.process(AbstractHttp11Processor.java:1132)
	at org.apache.coyote.AbstractProtocol$AbstractConnectionHandler.process(AbstractProtocol.java:684)
	at org.apache.tomcat.util.net.NioEndpoint$SocketProcessor.doRun(NioEndpoint.java:1539)
	at org.apache.tomcat.util.net.NioEndpoint$SocketProcessor.run(NioEndpoint.java:1495)
	at java.util.concurrent.ThreadPoolExecutor.runWorker(ThreadPoolExecutor.java:1142)
	at java.util.concurrent.ThreadPoolExecutor$Worker.run(ThreadPoolExecutor.java:617)
	at org.apache.tomcat.util.threads.TaskThread$WrappingRunnable.run(TaskThread.java:61)
	at java.lang.Thread.run(Thread.java:745)

13-Jun-2023 12:05:49.231 심각 [http-nio-8855-exec-261] org.apache.catalina.core.StandardWrapperValve.invoke Servlet.service() for servlet [appServlet] in context with path [] threw exception [Request processing failed; nested exception is org.mybatis.spring.MyBatisSystemException: nested exception is org.apache.ibatis.exceptions.PersistenceException: 
### Error querying database.  Cause: org.springframework.jdbc.CannotGetJdbcConnectionException: Failed to obtain JDBC Connection; nested exception is com.microsoft.sqlserver.jdbc.SQLServerException: 호스트 61.32.101.234, 포트 1433에 대한 TCP/IP 연결에 실패했습니다. 오류: "connect timed out. 연결 속성을 확인하십시오. SQL Server의 인스턴스가 호스트에서 실행되고 있고 포트에서 TCP/IP 연결을 허용하고 있는지 확인하십시오. 또한 방화벽에서 포트로의 TCP 연결을 차단하지 않는지 확인하십시오.".
### The error may exist in com/daejist/login/mapper/LoginMapper.xml
### The error may involve com.daejist.login.mapper.LoginMapper.LoginMember
### The error occurred while executing a query
### Cause: org.springframework.jdbc.CannotGetJdbcConnectionException: Failed to obtain JDBC Connection; nested exception is com.microsoft.sqlserver.jdbc.SQLServerException: 호스트 61.32.101.234, 포트 1433에 대한 TCP/IP 연결에 실패했습니다. 오류: "connect timed out. 연결 속성을 확인하십시오. SQL Server의 인스턴스가 호스트에서 실행되고 있고 포트에서 TCP/IP 연결을 허용하고 있는지 확인하십시오. 또한 방화벽에서 포트로의 TCP 연결을 차단하지 않는지 확인하십시오.".] with root cause
 com.microsoft.sqlserver.jdbc.SQLServerException: 호스트 61.32.101.234, 포트 1433에 대한 TCP/IP 연결에 실패했습니다. 오류: "connect timed out. 연결 속성을 확인하십시오. SQL Server의 인스턴스가 호스트에서 실행되고 있고 포트에서 TCP/IP 연결을 허용하고 있는지 확인하십시오. 또한 방화벽에서 포트로의 TCP 연결을 차단하지 않는지 확인하십시오.".
	at com.microsoft.sqlserver.jdbc.SQLServerException.makeFromDriverError(SQLServerException.java:234)
	at com.microsoft.sqlserver.jdbc.SQLServerException.ConvertConnectExceptionToSQLServerException(SQLServerException.java:285)
	at com.microsoft.sqlserver.jdbc.SocketFinder.findSocket(IOBuffer.java:2462)
	at com.microsoft.sqlserver.jdbc.TDSChannel.open(IOBuffer.java:668)
	at com.microsoft.sqlserver.jdbc.SQLServerConnection.connectHelper(SQLServerConnection.java:2695)
	at com.microsoft.sqlserver.jdbc.SQLServerConnection.login(SQLServerConnection.java:2362)
	at com.microsoft.sqlserver.jdbc.SQLServerConnection.connectInternal(SQLServerConnection.java:2213)
	at com.microsoft.sqlserver.jdbc.SQLServerConnection.connect(SQLServerConnection.java:1276)
	at com.microsoft.sqlserver.jdbc.SQLServerDriver.connect(SQLServerDriver.java:861)
	at org.apache.commons.dbcp.DriverConnectionFactory.createConnection(DriverConnectionFactory.java:38)
	at org.apache.commons.dbcp.PoolableConnectionFactory.makeObject(PoolableConnectionFactory.java:582)
	at org.apache.commons.pool.impl.GenericObjectPool.borrowObject(GenericObjectPool.java:1148)
	at org.apache.commons.dbcp.PoolingDataSource.getConnection(PoolingDataSource.java:106)
	at org.apache.commons.dbcp.BasicDataSource.getConnection(BasicDataSource.java:1044)
	at org.springframework.jdbc.datasource.DataSourceUtils.fetchConnection(DataSourceUtils.java:157)
	at org.springframework.jdbc.datasource.DataSourceUtils.doGetConnection(DataSourceUtils.java:115)
	at org.springframework.jdbc.datasource.DataSourceUtils.getConnection(DataSourceUtils.java:78)
	at org.mybatis.spring.transaction.SpringManagedTransaction.openConnection(SpringManagedTransaction.java:80)
	at org.mybatis.spring.transaction.SpringManagedTransaction.getConnection(SpringManagedTransaction.java:67)
	at org.apache.ibatis.executor.BaseExecutor.getConnection(BaseExecutor.java:336)
	at org.apache.ibatis.executor.SimpleExecutor.prepareStatement(SimpleExecutor.java:85)
	at org.apache.ibatis.executor.SimpleExecutor.doQuery(SimpleExecutor.java:62)
	at org.apache.ibatis.executor.BaseExecutor.queryFromDatabase(BaseExecutor.java:324)
	at org.apache.ibatis.executor.BaseExecutor.query(BaseExecutor.java:156)
	at org.apache.ibatis.executor.CachingExecutor.query(CachingExecutor.java:109)
	at org.apache.ibatis.executor.CachingExecutor.query(CachingExecutor.java:83)
	at org.apache.ibatis.session.defaults.DefaultSqlSession.selectList(DefaultSqlSession.java:147)
	at org.apache.ibatis.session.defaults.DefaultSqlSession.selectList(DefaultSqlSession.java:140)
	at org.apache.ibatis.session.defaults.DefaultSqlSession.selectOne(DefaultSqlSession.java:76)
	at sun.reflect.GeneratedMethodAccessor1266.invoke(Unknown Source)
	at sun.reflect.DelegatingMethodAccessorImpl.invoke(DelegatingMethodAccessorImpl.java:43)
	at java.lang.reflect.Method.invoke(Method.java:498)
	at org.mybatis.spring.SqlSessionTemplate$SqlSessionInterceptor.invoke(SqlSessionTemplate.java:426)
	at com.sun.proxy.$Proxy366.selectOne(Unknown Source)
	at org.mybatis.spring.SqlSessionTemplate.selectOne(SqlSessionTemplate.java:159)
	at org.apache.ibatis.binding.MapperMethod.execute(MapperMethod.java:87)
	at org.apache.ibatis.binding.MapperProxy.invoke(MapperProxy.java:57)
	at com.sun.proxy.$Proxy368.LoginMember(Unknown Source)
	at com.daejist.login.service.LoginServiceImp.LoginCheck(LoginServiceImp.java:29)
	at com.daejist.login.controller.LoginController.getLogin(LoginController.java:98)
	at sun.reflect.GeneratedMethodAccessor1348.invoke(Unknown Source)
	at sun.reflect.DelegatingMethodAccessorImpl.invoke(DelegatingMethodAccessorImpl.java:43)
	at java.lang.reflect.Method.invoke(Method.java:498)
	at org.springframework.web.method.support.InvocableHandlerMethod.doInvoke(InvocableHandlerMethod.java:190)
	at org.springframework.web.method.support.InvocableHandlerMethod.invokeForRequest(InvocableHandlerMethod.java:138)
	at org.springframework.web.servlet.mvc.method.annotation.ServletInvocableHandlerMethod.invokeAndHandle(ServletInvocableHandlerMethod.java:104)
	at org.springframework.web.servlet.mvc.method.annotation.RequestMappingHandlerAdapter.invokeHandlerMethod(RequestMappingHandlerAdapter.java:892)
	at org.springframework.web.servlet.mvc.method.annotation.RequestMappingHandlerAdapter.handleInternal(RequestMappingHandlerAdapter.java:797)
	at org.springframework.web.servlet.mvc.method.AbstractHandlerMethodAdapter.handle(AbstractHandlerMethodAdapter.java:87)
	at org.springframework.web.servlet.DispatcherServlet.doDispatch(DispatcherServlet.java:1039)
	at org.springframework.web.servlet.DispatcherServlet.doService(DispatcherServlet.java:942)
	at org.springframework.web.servlet.FrameworkServlet.processRequest(FrameworkServlet.java:1005)
	at org.springframework.web.servlet.FrameworkServlet.doPost(FrameworkServlet.java:908)
	at javax.servlet.http.HttpServlet.service(HttpServlet.java:648)
	at org.springframework.web.servlet.FrameworkServlet.service(FrameworkServlet.java:882)
	at javax.servlet.http.HttpServlet.service(HttpServlet.java:729)
	at org.apache.catalina.core.ApplicationFilterChain.internalDoFilter(ApplicationFilterChain.java:292)
	at org.apache.catalina.core.ApplicationFilterChain.doFilter(ApplicationFilterChain.java:207)
	at org.apache.tomcat.websocket.server.WsFilter.doFilter(WsFilter.java:52)
	at org.apache.catalina.core.ApplicationFilterChain.internalDoFilter(ApplicationFilterChain.java:240)
	at org.apache.catalina.core.ApplicationFilterChain.doFilter(ApplicationFilterChain.java:207)
	at org.springframework.web.filter.CharacterEncodingFilter.doFilterInternal(CharacterEncodingFilter.java:200)
	at org.springframework.web.filter.OncePerRequestFilter.doFilter(OncePerRequestFilter.java:118)
	at org.apache.catalina.core.ApplicationFilterChain.internalDoFilter(ApplicationFilterChain.java:240)
	at org.apache.catalina.core.ApplicationFilterChain.doFilter(ApplicationFilterChain.java:207)
	at org.apache.catalina.core.StandardWrapperValve.invoke(StandardWrapperValve.java:212)
	at org.apache.catalina.core.StandardContextValve.invoke(StandardContextValve.java:94)
	at org.apache.catalina.core.StandardHostValve.invoke(StandardHostValve.java:141)
	at org.apache.catalina.valves.ErrorReportValve.invoke(ErrorReportValve.java:79)
	at org.apache.catalina.core.StandardEngineValve.invoke(StandardEngineValve.java:88)
	at org.apache.catalina.connector.CoyoteAdapter.service(CoyoteAdapter.java:502)
	at org.apache.coyote.http11.AbstractHttp11Processor.process(AbstractHttp11Processor.java:1132)
	at org.apache.coyote.AbstractProtocol$AbstractConnectionHandler.process(AbstractProtocol.java:684)
	at org.apache.tomcat.util.net.NioEndpoint$SocketProcessor.doRun(NioEndpoint.java:1539)
	at org.apache.tomcat.util.net.NioEndpoint$SocketProcessor.run(NioEndpoint.java:1495)
	at java.util.concurrent.ThreadPoolExecutor.runWorker(ThreadPoolExecutor.java:1142)
	at java.util.concurrent.ThreadPoolExecutor$Worker.run(ThreadPoolExecutor.java:617)
	at org.apache.tomcat.util.threads.TaskThread$WrappingRunnable.run(TaskThread.java:61)
	at java.lang.Thread.run(Thread.java:745)

13-Jun-2023 12:05:51.021 심각 [http-nio-8855-exec-235] org.apache.catalina.core.StandardWrapperValve.invoke Servlet.service() for servlet [appServlet] in context with path [] threw exception [Request processing failed; nested exception is org.mybatis.spring.MyBatisSystemException: nested exception is org.apache.ibatis.exceptions.PersistenceException: 
### Error querying database.  Cause: org.springframework.jdbc.CannotGetJdbcConnectionException: Failed to obtain JDBC Connection; nested exception is com.microsoft.sqlserver.jdbc.SQLServerException: 호스트 61.32.101.234, 포트 1433에 대한 TCP/IP 연결에 실패했습니다. 오류: "connect timed out. 연결 속성을 확인하십시오. SQL Server의 인스턴스가 호스트에서 실행되고 있고 포트에서 TCP/IP 연결을 허용하고 있는지 확인하십시오. 또한 방화벽에서 포트로의 TCP 연결을 차단하지 않는지 확인하십시오.".
### The error may exist in com/daejist/login/mapper/LoginMapper.xml
### The error may involve com.daejist.login.mapper.LoginMapper.LoginMember
### The error occurred while executing a query
### Cause: org.springframework.jdbc.CannotGetJdbcConnectionException: Failed to obtain JDBC Connection; nested exception is com.microsoft.sqlserver.jdbc.SQLServerException: 호스트 61.32.101.234, 포트 1433에 대한 TCP/IP 연결에 실패했습니다. 오류: "connect timed out. 연결 속성을 확인하십시오. SQL Server의 인스턴스가 호스트에서 실행되고 있고 포트에서 TCP/IP 연결을 허용하고 있는지 확인하십시오. 또한 방화벽에서 포트로의 TCP 연결을 차단하지 않는지 확인하십시오.".] with root cause
 com.microsoft.sqlserver.jdbc.SQLServerException: 호스트 61.32.101.234, 포트 1433에 대한 TCP/IP 연결에 실패했습니다. 오류: "connect timed out. 연결 속성을 확인하십시오. SQL Server의 인스턴스가 호스트에서 실행되고 있고 포트에서 TCP/IP 연결을 허용하고 있는지 확인하십시오. 또한 방화벽에서 포트로의 TCP 연결을 차단하지 않는지 확인하십시오.".
	at com.microsoft.sqlserver.jdbc.SQLServerException.makeFromDriverError(SQLServerException.java:234)
	at com.microsoft.sqlserver.jdbc.SQLServerException.ConvertConnectExceptionToSQLServerException(SQLServerException.java:285)
	at com.microsoft.sqlserver.jdbc.SocketFinder.findSocket(IOBuffer.java:2462)
	at com.microsoft.sqlserver.jdbc.TDSChannel.open(IOBuffer.java:668)
	at com.microsoft.sqlserver.jdbc.SQLServerConnection.connectHelper(SQLServerConnection.java:2695)
	at com.microsoft.sqlserver.jdbc.SQLServerConnection.login(SQLServerConnection.java:2362)
	at com.microsoft.sqlserver.jdbc.SQLServerConnection.connectInternal(SQLServerConnection.java:2213)
	at com.microsoft.sqlserver.jdbc.SQLServerConnection.connect(SQLServerConnection.java:1276)
	at com.microsoft.sqlserver.jdbc.SQLServerDriver.connect(SQLServerDriver.java:861)
	at org.apache.commons.dbcp.DriverConnectionFactory.createConnection(DriverConnectionFactory.java:38)
	at org.apache.commons.dbcp.PoolableConnectionFactory.makeObject(PoolableConnectionFactory.java:582)
	at org.apache.commons.pool.impl.GenericObjectPool.borrowObject(GenericObjectPool.java:1148)
	at org.apache.commons.dbcp.PoolingDataSource.getConnection(PoolingDataSource.java:106)
	at org.apache.commons.dbcp.BasicDataSource.getConnection(BasicDataSource.java:1044)
	at org.springframework.jdbc.datasource.DataSourceUtils.fetchConnection(DataSourceUtils.java:157)
	at org.springframework.jdbc.datasource.DataSourceUtils.doGetConnection(DataSourceUtils.java:115)
	at org.springframework.jdbc.datasource.DataSourceUtils.getConnection(DataSourceUtils.java:78)
	at org.mybatis.spring.transaction.SpringManagedTransaction.openConnection(SpringManagedTransaction.java:80)
	at org.mybatis.spring.transaction.SpringManagedTransaction.getConnection(SpringManagedTransaction.java:67)
	at org.apache.ibatis.executor.BaseExecutor.getConnection(BaseExecutor.java:336)
	at org.apache.ibatis.executor.SimpleExecutor.prepareStatement(SimpleExecutor.java:85)
	at org.apache.ibatis.executor.SimpleExecutor.doQuery(SimpleExecutor.java:62)
	at org.apache.ibatis.executor.BaseExecutor.queryFromDatabase(BaseExecutor.java:324)
	at org.apache.ibatis.executor.BaseExecutor.query(BaseExecutor.java:156)
	at org.apache.ibatis.executor.CachingExecutor.query(CachingExecutor.java:109)
	at org.apache.ibatis.executor.CachingExecutor.query(CachingExecutor.java:83)
	at org.apache.ibatis.session.defaults.DefaultSqlSession.selectList(DefaultSqlSession.java:147)
	at org.apache.ibatis.session.defaults.DefaultSqlSession.selectList(DefaultSqlSession.java:140)
	at org.apache.ibatis.session.defaults.DefaultSqlSession.selectOne(DefaultSqlSession.java:76)
	at sun.reflect.GeneratedMethodAccessor1266.invoke(Unknown Source)
	at sun.reflect.DelegatingMethodAccessorImpl.invoke(DelegatingMethodAccessorImpl.java:43)
	at java.lang.reflect.Method.invoke(Method.java:498)
	at org.mybatis.spring.SqlSessionTemplate$SqlSessionInterceptor.invoke(SqlSessionTemplate.java:426)
	at com.sun.proxy.$Proxy366.selectOne(Unknown Source)
	at org.mybatis.spring.SqlSessionTemplate.selectOne(SqlSessionTemplate.java:159)
	at org.apache.ibatis.binding.MapperMethod.execute(MapperMethod.java:87)
	at org.apache.ibatis.binding.MapperProxy.invoke(MapperProxy.java:57)
	at com.sun.proxy.$Proxy368.LoginMember(Unknown Source)
	at com.daejist.login.service.LoginServiceImp.LoginCheck(LoginServiceImp.java:29)
	at com.daejist.login.controller.LoginController.getLogin(LoginController.java:98)
	at sun.reflect.GeneratedMethodAccessor1348.invoke(Unknown Source)
	at sun.reflect.DelegatingMethodAccessorImpl.invoke(DelegatingMethodAccessorImpl.java:43)
	at java.lang.reflect.Method.invoke(Method.java:498)
	at org.springframework.web.method.support.InvocableHandlerMethod.doInvoke(InvocableHandlerMethod.java:190)
	at org.springframework.web.method.support.InvocableHandlerMethod.invokeForRequest(InvocableHandlerMethod.java:138)
	at org.springframework.web.servlet.mvc.method.annotation.ServletInvocableHandlerMethod.invokeAndHandle(ServletInvocableHandlerMethod.java:104)
	at org.springframework.web.servlet.mvc.method.annotation.RequestMappingHandlerAdapter.invokeHandlerMethod(RequestMappingHandlerAdapter.java:892)
	at org.springframework.web.servlet.mvc.method.annotation.RequestMappingHandlerAdapter.handleInternal(RequestMappingHandlerAdapter.java:797)
	at org.springframework.web.servlet.mvc.method.AbstractHandlerMethodAdapter.handle(AbstractHandlerMethodAdapter.java:87)
	at org.springframework.web.servlet.DispatcherServlet.doDispatch(DispatcherServlet.java:1039)
	at org.springframework.web.servlet.DispatcherServlet.doService(DispatcherServlet.java:942)
	at org.springframework.web.servlet.FrameworkServlet.processRequest(FrameworkServlet.java:1005)
	at org.springframework.web.servlet.FrameworkServlet.doPost(FrameworkServlet.java:908)
	at javax.servlet.http.HttpServlet.service(HttpServlet.java:648)
	at org.springframework.web.servlet.FrameworkServlet.service(FrameworkServlet.java:882)
	at javax.servlet.http.HttpServlet.service(HttpServlet.java:729)
	at org.apache.catalina.core.ApplicationFilterChain.internalDoFilter(ApplicationFilterChain.java:292)
	at org.apache.catalina.core.ApplicationFilterChain.doFilter(ApplicationFilterChain.java:207)
	at org.apache.tomcat.websocket.server.WsFilter.doFilter(WsFilter.java:52)
	at org.apache.catalina.core.ApplicationFilterChain.internalDoFilter(ApplicationFilterChain.java:240)
	at org.apache.catalina.core.ApplicationFilterChain.doFilter(ApplicationFilterChain.java:207)
	at org.springframework.web.filter.CharacterEncodingFilter.doFilterInternal(CharacterEncodingFilter.java:200)
	at org.springframework.web.filter.OncePerRequestFilter.doFilter(OncePerRequestFilter.java:118)
	at org.apache.catalina.core.ApplicationFilterChain.internalDoFilter(ApplicationFilterChain.java:240)
	at org.apache.catalina.core.ApplicationFilterChain.doFilter(ApplicationFilterChain.java:207)
	at org.apache.catalina.core.StandardWrapperValve.invoke(StandardWrapperValve.java:212)
	at org.apache.catalina.core.StandardContextValve.invoke(StandardContextValve.java:94)
	at org.apache.catalina.core.StandardHostValve.invoke(StandardHostValve.java:141)
	at org.apache.catalina.valves.ErrorReportValve.invoke(ErrorReportValve.java:79)
	at org.apache.catalina.core.StandardEngineValve.invoke(StandardEngineValve.java:88)
	at org.apache.catalina.connector.CoyoteAdapter.service(CoyoteAdapter.java:502)
	at org.apache.coyote.http11.AbstractHttp11Processor.process(AbstractHttp11Processor.java:1132)
	at org.apache.coyote.AbstractProtocol$AbstractConnectionHandler.process(AbstractProtocol.java:684)
	at org.apache.tomcat.util.net.NioEndpoint$SocketProcessor.doRun(NioEndpoint.java:1539)
	at org.apache.tomcat.util.net.NioEndpoint$SocketProcessor.run(NioEndpoint.java:1495)
	at java.util.concurrent.ThreadPoolExecutor.runWorker(ThreadPoolExecutor.java:1142)
	at java.util.concurrent.ThreadPoolExecutor$Worker.run(ThreadPoolExecutor.java:617)
	at org.apache.tomcat.util.threads.TaskThread$WrappingRunnable.run(TaskThread.java:61)
	at java.lang.Thread.run(Thread.java:745)

13-Jun-2023 12:05:52.862 심각 [http-nio-8855-exec-236] org.apache.catalina.core.StandardWrapperValve.invoke Servlet.service() for servlet [appServlet] in context with path [] threw exception [Request processing failed; nested exception is org.mybatis.spring.MyBatisSystemException: nested exception is org.apache.ibatis.exceptions.PersistenceException: 
### Error querying database.  Cause: org.springframework.jdbc.CannotGetJdbcConnectionException: Failed to obtain JDBC Connection; nested exception is com.microsoft.sqlserver.jdbc.SQLServerException: 호스트 61.32.101.234, 포트 1433에 대한 TCP/IP 연결에 실패했습니다. 오류: "connect timed out. 연결 속성을 확인하십시오. SQL Server의 인스턴스가 호스트에서 실행되고 있고 포트에서 TCP/IP 연결을 허용하고 있는지 확인하십시오. 또한 방화벽에서 포트로의 TCP 연결을 차단하지 않는지 확인하십시오.".
### The error may exist in com/daejist/login/mapper/LoginMapper.xml
### The error may involve com.daejist.login.mapper.LoginMapper.LoginMember
### The error occurred while executing a query
### Cause: org.springframework.jdbc.CannotGetJdbcConnectionException: Failed to obtain JDBC Connection; nested exception is com.microsoft.sqlserver.jdbc.SQLServerException: 호스트 61.32.101.234, 포트 1433에 대한 TCP/IP 연결에 실패했습니다. 오류: "connect timed out. 연결 속성을 확인하십시오. SQL Server의 인스턴스가 호스트에서 실행되고 있고 포트에서 TCP/IP 연결을 허용하고 있는지 확인하십시오. 또한 방화벽에서 포트로의 TCP 연결을 차단하지 않는지 확인하십시오.".] with root cause
 com.microsoft.sqlserver.jdbc.SQLServerException: 호스트 61.32.101.234, 포트 1433에 대한 TCP/IP 연결에 실패했습니다. 오류: "connect timed out. 연결 속성을 확인하십시오. SQL Server의 인스턴스가 호스트에서 실행되고 있고 포트에서 TCP/IP 연결을 허용하고 있는지 확인하십시오. 또한 방화벽에서 포트로의 TCP 연결을 차단하지 않는지 확인하십시오.".
	at com.microsoft.sqlserver.jdbc.SQLServerException.makeFromDriverError(SQLServerException.java:234)
	at com.microsoft.sqlserver.jdbc.SQLServerException.ConvertConnectExceptionToSQLServerException(SQLServerException.java:285)
	at com.microsoft.sqlserver.jdbc.SocketFinder.findSocket(IOBuffer.java:2462)
	at com.microsoft.sqlserver.jdbc.TDSChannel.open(IOBuffer.java:668)
	at com.microsoft.sqlserver.jdbc.SQLServerConnection.connectHelper(SQLServerConnection.java:2695)
	at com.microsoft.sqlserver.jdbc.SQLServerConnection.login(SQLServerConnection.java:2362)
	at com.microsoft.sqlserver.jdbc.SQLServerConnection.connectInternal(SQLServerConnection.java:2213)
	at com.microsoft.sqlserver.jdbc.SQLServerConnection.connect(SQLServerConnection.java:1276)
	at com.microsoft.sqlserver.jdbc.SQLServerDriver.connect(SQLServerDriver.java:861)
	at org.apache.commons.dbcp.DriverConnectionFactory.createConnection(DriverConnectionFactory.java:38)
	at org.apache.commons.dbcp.PoolableConnectionFactory.makeObject(PoolableConnectionFactory.java:582)
	at org.apache.commons.pool.impl.GenericObjectPool.borrowObject(GenericObjectPool.java:1148)
	at org.apache.commons.dbcp.PoolingDataSource.getConnection(PoolingDataSource.java:106)
	at org.apache.commons.dbcp.BasicDataSource.getConnection(BasicDataSource.java:1044)
	at org.springframework.jdbc.datasource.DataSourceUtils.fetchConnection(DataSourceUtils.java:157)
	at org.springframework.jdbc.datasource.DataSourceUtils.doGetConnection(DataSourceUtils.java:115)
	at org.springframework.jdbc.datasource.DataSourceUtils.getConnection(DataSourceUtils.java:78)
	at org.mybatis.spring.transaction.SpringManagedTransaction.openConnection(SpringManagedTransaction.java:80)
	at org.mybatis.spring.transaction.SpringManagedTransaction.getConnection(SpringManagedTransaction.java:67)
	at org.apache.ibatis.executor.BaseExecutor.getConnection(BaseExecutor.java:336)
	at org.apache.ibatis.executor.SimpleExecutor.prepareStatement(SimpleExecutor.java:85)
	at org.apache.ibatis.executor.SimpleExecutor.doQuery(SimpleExecutor.java:62)
	at org.apache.ibatis.executor.BaseExecutor.queryFromDatabase(BaseExecutor.java:324)
	at org.apache.ibatis.executor.BaseExecutor.query(BaseExecutor.java:156)
	at org.apache.ibatis.executor.CachingExecutor.query(CachingExecutor.java:109)
	at org.apache.ibatis.executor.CachingExecutor.query(CachingExecutor.java:83)
	at org.apache.ibatis.session.defaults.DefaultSqlSession.selectList(DefaultSqlSession.java:147)
	at org.apache.ibatis.session.defaults.DefaultSqlSession.selectList(DefaultSqlSession.java:140)
	at org.apache.ibatis.session.defaults.DefaultSqlSession.selectOne(DefaultSqlSession.java:76)
	at sun.reflect.GeneratedMethodAccessor1266.invoke(Unknown Source)
	at sun.reflect.DelegatingMethodAccessorImpl.invoke(DelegatingMethodAccessorImpl.java:43)
	at java.lang.reflect.Method.invoke(Method.java:498)
	at org.mybatis.spring.SqlSessionTemplate$SqlSessionInterceptor.invoke(SqlSessionTemplate.java:426)
	at com.sun.proxy.$Proxy366.selectOne(Unknown Source)
	at org.mybatis.spring.SqlSessionTemplate.selectOne(SqlSessionTemplate.java:159)
	at org.apache.ibatis.binding.MapperMethod.execute(MapperMethod.java:87)
	at org.apache.ibatis.binding.MapperProxy.invoke(MapperProxy.java:57)
	at com.sun.proxy.$Proxy368.LoginMember(Unknown Source)
	at com.daejist.login.service.LoginServiceImp.LoginCheck(LoginServiceImp.java:29)
	at com.daejist.login.controller.LoginController.getLogin(LoginController.java:98)
	at sun.reflect.GeneratedMethodAccessor1348.invoke(Unknown Source)
	at sun.reflect.DelegatingMethodAccessorImpl.invoke(DelegatingMethodAccessorImpl.java:43)
	at java.lang.reflect.Method.invoke(Method.java:498)
	at org.springframework.web.method.support.InvocableHandlerMethod.doInvoke(InvocableHandlerMethod.java:190)
	at org.springframework.web.method.support.InvocableHandlerMethod.invokeForRequest(InvocableHandlerMethod.java:138)
	at org.springframework.web.servlet.mvc.method.annotation.ServletInvocableHandlerMethod.invokeAndHandle(ServletInvocableHandlerMethod.java:104)
	at org.springframework.web.servlet.mvc.method.annotation.RequestMappingHandlerAdapter.invokeHandlerMethod(RequestMappingHandlerAdapter.java:892)
	at org.springframework.web.servlet.mvc.method.annotation.RequestMappingHandlerAdapter.handleInternal(RequestMappingHandlerAdapter.java:797)
	at org.springframework.web.servlet.mvc.method.AbstractHandlerMethodAdapter.handle(AbstractHandlerMethodAdapter.java:87)
	at org.springframework.web.servlet.DispatcherServlet.doDispatch(DispatcherServlet.java:1039)
	at org.springframework.web.servlet.DispatcherServlet.doService(DispatcherServlet.java:942)
	at org.springframework.web.servlet.FrameworkServlet.processRequest(FrameworkServlet.java:1005)
	at org.springframework.web.servlet.FrameworkServlet.doPost(FrameworkServlet.java:908)
	at javax.servlet.http.HttpServlet.service(HttpServlet.java:648)
	at org.springframework.web.servlet.FrameworkServlet.service(FrameworkServlet.java:882)
	at javax.servlet.http.HttpServlet.service(HttpServlet.java:729)
	at org.apache.catalina.core.ApplicationFilterChain.internalDoFilter(ApplicationFilterChain.java:292)
	at org.apache.catalina.core.ApplicationFilterChain.doFilter(ApplicationFilterChain.java:207)
	at org.apache.tomcat.websocket.server.WsFilter.doFilter(WsFilter.java:52)
	at org.apache.catalina.core.ApplicationFilterChain.internalDoFilter(ApplicationFilterChain.java:240)
	at org.apache.catalina.core.ApplicationFilterChain.doFilter(ApplicationFilterChain.java:207)
	at org.springframework.web.filter.CharacterEncodingFilter.doFilterInternal(CharacterEncodingFilter.java:200)
	at org.springframework.web.filter.OncePerRequestFilter.doFilter(OncePerRequestFilter.java:118)
	at org.apache.catalina.core.ApplicationFilterChain.internalDoFilter(ApplicationFilterChain.java:240)
	at org.apache.catalina.core.ApplicationFilterChain.doFilter(ApplicationFilterChain.java:207)
	at org.apache.catalina.core.StandardWrapperValve.invoke(StandardWrapperValve.java:212)
	at org.apache.catalina.core.StandardContextValve.invoke(StandardContextValve.java:94)
	at org.apache.catalina.core.StandardHostValve.invoke(StandardHostValve.java:141)
	at org.apache.catalina.valves.ErrorReportValve.invoke(ErrorReportValve.java:79)
	at org.apache.catalina.core.StandardEngineValve.invoke(StandardEngineValve.java:88)
	at org.apache.catalina.connector.CoyoteAdapter.service(CoyoteAdapter.java:502)
	at org.apache.coyote.http11.AbstractHttp11Processor.process(AbstractHttp11Processor.java:1132)
	at org.apache.coyote.AbstractProtocol$AbstractConnectionHandler.process(AbstractProtocol.java:684)
	at org.apache.tomcat.util.net.NioEndpoint$SocketProcessor.doRun(NioEndpoint.java:1539)
	at org.apache.tomcat.util.net.NioEndpoint$SocketProcessor.run(NioEndpoint.java:1495)
	at java.util.concurrent.ThreadPoolExecutor.runWorker(ThreadPoolExecutor.java:1142)
	at java.util.concurrent.ThreadPoolExecutor$Worker.run(ThreadPoolExecutor.java:617)
	at org.apache.tomcat.util.threads.TaskThread$WrappingRunnable.run(TaskThread.java:61)
	at java.lang.Thread.run(Thread.java:745)

13-Jun-2023 12:05:53.699 심각 [http-nio-8855-exec-237] org.apache.catalina.core.StandardWrapperValve.invoke Servlet.service() for servlet [appServlet] in context with path [] threw exception [Request processing failed; nested exception is org.mybatis.spring.MyBatisSystemException: nested exception is org.apache.ibatis.exceptions.PersistenceException: 
### Error querying database.  Cause: org.springframework.jdbc.CannotGetJdbcConnectionException: Failed to obtain JDBC Connection; nested exception is com.microsoft.sqlserver.jdbc.SQLServerException: 호스트 61.32.101.234, 포트 1433에 대한 TCP/IP 연결에 실패했습니다. 오류: "connect timed out. 연결 속성을 확인하십시오. SQL Server의 인스턴스가 호스트에서 실행되고 있고 포트에서 TCP/IP 연결을 허용하고 있는지 확인하십시오. 또한 방화벽에서 포트로의 TCP 연결을 차단하지 않는지 확인하십시오.".
### The error may exist in com/daejist/login/mapper/LoginMapper.xml
### The error may involve com.daejist.login.mapper.LoginMapper.LoginMember
### The error occurred while executing a query
### Cause: org.springframework.jdbc.CannotGetJdbcConnectionException: Failed to obtain JDBC Connection; nested exception is com.microsoft.sqlserver.jdbc.SQLServerException: 호스트 61.32.101.234, 포트 1433에 대한 TCP/IP 연결에 실패했습니다. 오류: "connect timed out. 연결 속성을 확인하십시오. SQL Server의 인스턴스가 호스트에서 실행되고 있고 포트에서 TCP/IP 연결을 허용하고 있는지 확인하십시오. 또한 방화벽에서 포트로의 TCP 연결을 차단하지 않는지 확인하십시오.".] with root cause
 com.microsoft.sqlserver.jdbc.SQLServerException: 호스트 61.32.101.234, 포트 1433에 대한 TCP/IP 연결에 실패했습니다. 오류: "connect timed out. 연결 속성을 확인하십시오. SQL Server의 인스턴스가 호스트에서 실행되고 있고 포트에서 TCP/IP 연결을 허용하고 있는지 확인하십시오. 또한 방화벽에서 포트로의 TCP 연결을 차단하지 않는지 확인하십시오.".
	at com.microsoft.sqlserver.jdbc.SQLServerException.makeFromDriverError(SQLServerException.java:234)
	at com.microsoft.sqlserver.jdbc.SQLServerException.ConvertConnectExceptionToSQLServerException(SQLServerException.java:285)
	at com.microsoft.sqlserver.jdbc.SocketFinder.findSocket(IOBuffer.java:2462)
	at com.microsoft.sqlserver.jdbc.TDSChannel.open(IOBuffer.java:668)
	at com.microsoft.sqlserver.jdbc.SQLServerConnection.connectHelper(SQLServerConnection.java:2695)
	at com.microsoft.sqlserver.jdbc.SQLServerConnection.login(SQLServerConnection.java:2362)
	at com.microsoft.sqlserver.jdbc.SQLServerConnection.connectInternal(SQLServerConnection.java:2213)
	at com.microsoft.sqlserver.jdbc.SQLServerConnection.connect(SQLServerConnection.java:1276)
	at com.microsoft.sqlserver.jdbc.SQLServerDriver.connect(SQLServerDriver.java:861)
	at org.apache.commons.dbcp.DriverConnectionFactory.createConnection(DriverConnectionFactory.java:38)
	at org.apache.commons.dbcp.PoolableConnectionFactory.makeObject(PoolableConnectionFactory.java:582)
	at org.apache.commons.pool.impl.GenericObjectPool.borrowObject(GenericObjectPool.java:1148)
	at org.apache.commons.dbcp.PoolingDataSource.getConnection(PoolingDataSource.java:106)
	at org.apache.commons.dbcp.BasicDataSource.getConnection(BasicDataSource.java:1044)
	at org.springframework.jdbc.datasource.DataSourceUtils.fetchConnection(DataSourceUtils.java:157)
	at org.springframework.jdbc.datasource.DataSourceUtils.doGetConnection(DataSourceUtils.java:115)
	at org.springframework.jdbc.datasource.DataSourceUtils.getConnection(DataSourceUtils.java:78)
	at org.mybatis.spring.transaction.SpringManagedTransaction.openConnection(SpringManagedTransaction.java:80)
	at org.mybatis.spring.transaction.SpringManagedTransaction.getConnection(SpringManagedTransaction.java:67)
	at org.apache.ibatis.executor.BaseExecutor.getConnection(BaseExecutor.java:336)
	at org.apache.ibatis.executor.SimpleExecutor.prepareStatement(SimpleExecutor.java:85)
	at org.apache.ibatis.executor.SimpleExecutor.doQuery(SimpleExecutor.java:62)
	at org.apache.ibatis.executor.BaseExecutor.queryFromDatabase(BaseExecutor.java:324)
	at org.apache.ibatis.executor.BaseExecutor.query(BaseExecutor.java:156)
	at org.apache.ibatis.executor.CachingExecutor.query(CachingExecutor.java:109)
	at org.apache.ibatis.executor.CachingExecutor.query(CachingExecutor.java:83)
	at org.apache.ibatis.session.defaults.DefaultSqlSession.selectList(DefaultSqlSession.java:147)
	at org.apache.ibatis.session.defaults.DefaultSqlSession.selectList(DefaultSqlSession.java:140)
	at org.apache.ibatis.session.defaults.DefaultSqlSession.selectOne(DefaultSqlSession.java:76)
	at sun.reflect.GeneratedMethodAccessor1266.invoke(Unknown Source)
	at sun.reflect.DelegatingMethodAccessorImpl.invoke(DelegatingMethodAccessorImpl.java:43)
	at java.lang.reflect.Method.invoke(Method.java:498)
	at org.mybatis.spring.SqlSessionTemplate$SqlSessionInterceptor.invoke(SqlSessionTemplate.java:426)
	at com.sun.proxy.$Proxy366.selectOne(Unknown Source)
	at org.mybatis.spring.SqlSessionTemplate.selectOne(SqlSessionTemplate.java:159)
	at org.apache.ibatis.binding.MapperMethod.execute(MapperMethod.java:87)
	at org.apache.ibatis.binding.MapperProxy.invoke(MapperProxy.java:57)
	at com.sun.proxy.$Proxy368.LoginMember(Unknown Source)
	at com.daejist.login.service.LoginServiceImp.LoginCheck(LoginServiceImp.java:29)
	at com.daejist.login.controller.LoginController.getLogin(LoginController.java:98)
	at sun.reflect.GeneratedMethodAccessor1348.invoke(Unknown Source)
	at sun.reflect.DelegatingMethodAccessorImpl.invoke(DelegatingMethodAccessorImpl.java:43)
	at java.lang.reflect.Method.invoke(Method.java:498)
	at org.springframework.web.method.support.InvocableHandlerMethod.doInvoke(InvocableHandlerMethod.java:190)
	at org.springframework.web.method.support.InvocableHandlerMethod.invokeForRequest(InvocableHandlerMethod.java:138)
	at org.springframework.web.servlet.mvc.method.annotation.ServletInvocableHandlerMethod.invokeAndHandle(ServletInvocableHandlerMethod.java:104)
	at org.springframework.web.servlet.mvc.method.annotation.RequestMappingHandlerAdapter.invokeHandlerMethod(RequestMappingHandlerAdapter.java:892)
	at org.springframework.web.servlet.mvc.method.annotation.RequestMappingHandlerAdapter.handleInternal(RequestMappingHandlerAdapter.java:797)
	at org.springframework.web.servlet.mvc.method.AbstractHandlerMethodAdapter.handle(AbstractHandlerMethodAdapter.java:87)
	at org.springframework.web.servlet.DispatcherServlet.doDispatch(DispatcherServlet.java:1039)
	at org.springframework.web.servlet.DispatcherServlet.doService(DispatcherServlet.java:942)
	at org.springframework.web.servlet.FrameworkServlet.processRequest(FrameworkServlet.java:1005)
	at org.springframework.web.servlet.FrameworkServlet.doPost(FrameworkServlet.java:908)
	at javax.servlet.http.HttpServlet.service(HttpServlet.java:648)
	at org.springframework.web.servlet.FrameworkServlet.service(FrameworkServlet.java:882)
	at javax.servlet.http.HttpServlet.service(HttpServlet.java:729)
	at org.apache.catalina.core.ApplicationFilterChain.internalDoFilter(ApplicationFilterChain.java:292)
	at org.apache.catalina.core.ApplicationFilterChain.doFilter(ApplicationFilterChain.java:207)
	at org.apache.tomcat.websocket.server.WsFilter.doFilter(WsFilter.java:52)
	at org.apache.catalina.core.ApplicationFilterChain.internalDoFilter(ApplicationFilterChain.java:240)
	at org.apache.catalina.core.ApplicationFilterChain.doFilter(ApplicationFilterChain.java:207)
	at org.springframework.web.filter.CharacterEncodingFilter.doFilterInternal(CharacterEncodingFilter.java:200)
	at org.springframework.web.filter.OncePerRequestFilter.doFilter(OncePerRequestFilter.java:118)
	at org.apache.catalina.core.ApplicationFilterChain.internalDoFilter(ApplicationFilterChain.java:240)
	at org.apache.catalina.core.ApplicationFilterChain.doFilter(ApplicationFilterChain.java:207)
	at org.apache.catalina.core.StandardWrapperValve.invoke(StandardWrapperValve.java:212)
	at org.apache.catalina.core.StandardContextValve.invoke(StandardContextValve.java:94)
	at org.apache.catalina.core.StandardHostValve.invoke(StandardHostValve.java:141)
	at org.apache.catalina.valves.ErrorReportValve.invoke(ErrorReportValve.java:79)
	at org.apache.catalina.core.StandardEngineValve.invoke(StandardEngineValve.java:88)
	at org.apache.catalina.connector.CoyoteAdapter.service(CoyoteAdapter.java:502)
	at org.apache.coyote.http11.AbstractHttp11Processor.process(AbstractHttp11Processor.java:1132)
	at org.apache.coyote.AbstractProtocol$AbstractConnectionHandler.process(AbstractProtocol.java:684)
	at org.apache.tomcat.util.net.NioEndpoint$SocketProcessor.doRun(NioEndpoint.java:1539)
	at org.apache.tomcat.util.net.NioEndpoint$SocketProcessor.run(NioEndpoint.java:1495)
	at java.util.concurrent.ThreadPoolExecutor.runWorker(ThreadPoolExecutor.java:1142)
	at java.util.concurrent.ThreadPoolExecutor$Worker.run(ThreadPoolExecutor.java:617)
	at org.apache.tomcat.util.threads.TaskThread$WrappingRunnable.run(TaskThread.java:61)
	at java.lang.Thread.run(Thread.java:745)

13-Jun-2023 12:06:00.434 심각 [http-nio-8855-exec-223] org.apache.catalina.core.StandardWrapperValve.invoke Servlet.service() for servlet [appServlet] in context with path [] threw exception [Request processing failed; nested exception is org.mybatis.spring.MyBatisSystemException: nested exception is org.apache.ibatis.exceptions.PersistenceException: 
### Error querying database.  Cause: org.springframework.jdbc.CannotGetJdbcConnectionException: Failed to obtain JDBC Connection; nested exception is com.microsoft.sqlserver.jdbc.SQLServerException: 호스트 61.32.101.234, 포트 1433에 대한 TCP/IP 연결에 실패했습니다. 오류: "connect timed out. 연결 속성을 확인하십시오. SQL Server의 인스턴스가 호스트에서 실행되고 있고 포트에서 TCP/IP 연결을 허용하고 있는지 확인하십시오. 또한 방화벽에서 포트로의 TCP 연결을 차단하지 않는지 확인하십시오.".
### The error may exist in com/daejist/login/mapper/LoginMapper.xml
### The error may involve com.daejist.login.mapper.LoginMapper.LoginMember
### The error occurred while executing a query
### Cause: org.springframework.jdbc.CannotGetJdbcConnectionException: Failed to obtain JDBC Connection; nested exception is com.microsoft.sqlserver.jdbc.SQLServerException: 호스트 61.32.101.234, 포트 1433에 대한 TCP/IP 연결에 실패했습니다. 오류: "connect timed out. 연결 속성을 확인하십시오. SQL Server의 인스턴스가 호스트에서 실행되고 있고 포트에서 TCP/IP 연결을 허용하고 있는지 확인하십시오. 또한 방화벽에서 포트로의 TCP 연결을 차단하지 않는지 확인하십시오.".] with root cause
 com.microsoft.sqlserver.jdbc.SQLServerException: 호스트 61.32.101.234, 포트 1433에 대한 TCP/IP 연결에 실패했습니다. 오류: "connect timed out. 연결 속성을 확인하십시오. SQL Server의 인스턴스가 호스트에서 실행되고 있고 포트에서 TCP/IP 연결을 허용하고 있는지 확인하십시오. 또한 방화벽에서 포트로의 TCP 연결을 차단하지 않는지 확인하십시오.".
	at com.microsoft.sqlserver.jdbc.SQLServerException.makeFromDriverError(SQLServerException.java:234)
	at com.microsoft.sqlserver.jdbc.SQLServerException.ConvertConnectExceptionToSQLServerException(SQLServerException.java:285)
	at com.microsoft.sqlserver.jdbc.SocketFinder.findSocket(IOBuffer.java:2462)
	at com.microsoft.sqlserver.jdbc.TDSChannel.open(IOBuffer.java:668)
	at com.microsoft.sqlserver.jdbc.SQLServerConnection.connectHelper(SQLServerConnection.java:2695)
	at com.microsoft.sqlserver.jdbc.SQLServerConnection.login(SQLServerConnection.java:2362)
	at com.microsoft.sqlserver.jdbc.SQLServerConnection.connectInternal(SQLServerConnection.java:2213)
	at com.microsoft.sqlserver.jdbc.SQLServerConnection.connect(SQLServerConnection.java:1276)
	at com.microsoft.sqlserver.jdbc.SQLServerDriver.connect(SQLServerDriver.java:861)
	at org.apache.commons.dbcp.DriverConnectionFactory.createConnection(DriverConnectionFactory.java:38)
	at org.apache.commons.dbcp.PoolableConnectionFactory.makeObject(PoolableConnectionFactory.java:582)
	at org.apache.commons.pool.impl.GenericObjectPool.borrowObject(GenericObjectPool.java:1148)
	at org.apache.commons.dbcp.PoolingDataSource.getConnection(PoolingDataSource.java:106)
	at org.apache.commons.dbcp.BasicDataSource.getConnection(BasicDataSource.java:1044)
	at org.springframework.jdbc.datasource.DataSourceUtils.fetchConnection(DataSourceUtils.java:157)
	at org.springframework.jdbc.datasource.DataSourceUtils.doGetConnection(DataSourceUtils.java:115)
	at org.springframework.jdbc.datasource.DataSourceUtils.getConnection(DataSourceUtils.java:78)
	at org.mybatis.spring.transaction.SpringManagedTransaction.openConnection(SpringManagedTransaction.java:80)
	at org.mybatis.spring.transaction.SpringManagedTransaction.getConnection(SpringManagedTransaction.java:67)
	at org.apache.ibatis.executor.BaseExecutor.getConnection(BaseExecutor.java:336)
	at org.apache.ibatis.executor.SimpleExecutor.prepareStatement(SimpleExecutor.java:85)
	at org.apache.ibatis.executor.SimpleExecutor.doQuery(SimpleExecutor.java:62)
	at org.apache.ibatis.executor.BaseExecutor.queryFromDatabase(BaseExecutor.java:324)
	at org.apache.ibatis.executor.BaseExecutor.query(BaseExecutor.java:156)
	at org.apache.ibatis.executor.CachingExecutor.query(CachingExecutor.java:109)
	at org.apache.ibatis.executor.CachingExecutor.query(CachingExecutor.java:83)
	at org.apache.ibatis.session.defaults.DefaultSqlSession.selectList(DefaultSqlSession.java:147)
	at org.apache.ibatis.session.defaults.DefaultSqlSession.selectList(DefaultSqlSession.java:140)
	at org.apache.ibatis.session.defaults.DefaultSqlSession.selectOne(DefaultSqlSession.java:76)
	at sun.reflect.GeneratedMethodAccessor1266.invoke(Unknown Source)
	at sun.reflect.DelegatingMethodAccessorImpl.invoke(DelegatingMethodAccessorImpl.java:43)
	at java.lang.reflect.Method.invoke(Method.java:498)
	at org.mybatis.spring.SqlSessionTemplate$SqlSessionInterceptor.invoke(SqlSessionTemplate.java:426)
	at com.sun.proxy.$Proxy366.selectOne(Unknown Source)
	at org.mybatis.spring.SqlSessionTemplate.selectOne(SqlSessionTemplate.java:159)
	at org.apache.ibatis.binding.MapperMethod.execute(MapperMethod.java:87)
	at org.apache.ibatis.binding.MapperProxy.invoke(MapperProxy.java:57)
	at com.sun.proxy.$Proxy368.LoginMember(Unknown Source)
	at com.daejist.login.service.LoginServiceImp.LoginCheck(LoginServiceImp.java:29)
	at com.daejist.login.controller.LoginController.getLogin(LoginController.java:98)
	at sun.reflect.GeneratedMethodAccessor1348.invoke(Unknown Source)
	at sun.reflect.DelegatingMethodAccessorImpl.invoke(DelegatingMethodAccessorImpl.java:43)
	at java.lang.reflect.Method.invoke(Method.java:498)
	at org.springframework.web.method.support.InvocableHandlerMethod.doInvoke(InvocableHandlerMethod.java:190)
	at org.springframework.web.method.support.InvocableHandlerMethod.invokeForRequest(InvocableHandlerMethod.java:138)
	at org.springframework.web.servlet.mvc.method.annotation.ServletInvocableHandlerMethod.invokeAndHandle(ServletInvocableHandlerMethod.java:104)
	at org.springframework.web.servlet.mvc.method.annotation.RequestMappingHandlerAdapter.invokeHandlerMethod(RequestMappingHandlerAdapter.java:892)
	at org.springframework.web.servlet.mvc.method.annotation.RequestMappingHandlerAdapter.handleInternal(RequestMappingHandlerAdapter.java:797)
	at org.springframework.web.servlet.mvc.method.AbstractHandlerMethodAdapter.handle(AbstractHandlerMethodAdapter.java:87)
	at org.springframework.web.servlet.DispatcherServlet.doDispatch(DispatcherServlet.java:1039)
	at org.springframework.web.servlet.DispatcherServlet.doService(DispatcherServlet.java:942)
	at org.springframework.web.servlet.FrameworkServlet.processRequest(FrameworkServlet.java:1005)
	at org.springframework.web.servlet.FrameworkServlet.doPost(FrameworkServlet.java:908)
	at javax.servlet.http.HttpServlet.service(HttpServlet.java:648)
	at org.springframework.web.servlet.FrameworkServlet.service(FrameworkServlet.java:882)
	at javax.servlet.http.HttpServlet.service(HttpServlet.java:729)
	at org.apache.catalina.core.ApplicationFilterChain.internalDoFilter(ApplicationFilterChain.java:292)
	at org.apache.catalina.core.ApplicationFilterChain.doFilter(ApplicationFilterChain.java:207)
	at org.apache.tomcat.websocket.server.WsFilter.doFilter(WsFilter.java:52)
	at org.apache.catalina.core.ApplicationFilterChain.internalDoFilter(ApplicationFilterChain.java:240)
	at org.apache.catalina.core.ApplicationFilterChain.doFilter(ApplicationFilterChain.java:207)
	at org.springframework.web.filter.CharacterEncodingFilter.doFilterInternal(CharacterEncodingFilter.java:200)
	at org.springframework.web.filter.OncePerRequestFilter.doFilter(OncePerRequestFilter.java:118)
	at org.apache.catalina.core.ApplicationFilterChain.internalDoFilter(ApplicationFilterChain.java:240)
	at org.apache.catalina.core.ApplicationFilterChain.doFilter(ApplicationFilterChain.java:207)
	at org.apache.catalina.core.StandardWrapperValve.invoke(StandardWrapperValve.java:212)
	at org.apache.catalina.core.StandardContextValve.invoke(StandardContextValve.java:94)
	at org.apache.catalina.core.StandardHostValve.invoke(StandardHostValve.java:141)
	at org.apache.catalina.valves.ErrorReportValve.invoke(ErrorReportValve.java:79)
	at org.apache.catalina.core.StandardEngineValve.invoke(StandardEngineValve.java:88)
	at org.apache.catalina.connector.CoyoteAdapter.service(CoyoteAdapter.java:502)
	at org.apache.coyote.http11.AbstractHttp11Processor.process(AbstractHttp11Processor.java:1132)
	at org.apache.coyote.AbstractProtocol$AbstractConnectionHandler.process(AbstractProtocol.java:684)
	at org.apache.tomcat.util.net.NioEndpoint$SocketProcessor.doRun(NioEndpoint.java:1539)
	at org.apache.tomcat.util.net.NioEndpoint$SocketProcessor.run(NioEndpoint.java:1495)
	at java.util.concurrent.ThreadPoolExecutor.runWorker(ThreadPoolExecutor.java:1142)
	at java.util.concurrent.ThreadPoolExecutor$Worker.run(ThreadPoolExecutor.java:617)
	at org.apache.tomcat.util.threads.TaskThread$WrappingRunnable.run(TaskThread.java:61)
	at java.lang.Thread.run(Thread.java:745)

13-Jun-2023 12:06:02.587 심각 [http-nio-8855-exec-240] org.apache.catalina.core.StandardWrapperValve.invoke Servlet.service() for servlet [appServlet] in context with path [] threw exception [Request processing failed; nested exception is org.mybatis.spring.MyBatisSystemException: nested exception is org.apache.ibatis.exceptions.PersistenceException: 
### Error querying database.  Cause: org.springframework.jdbc.CannotGetJdbcConnectionException: Failed to obtain JDBC Connection; nested exception is com.microsoft.sqlserver.jdbc.SQLServerException: 호스트 61.32.101.234, 포트 1433에 대한 TCP/IP 연결에 실패했습니다. 오류: "connect timed out. 연결 속성을 확인하십시오. SQL Server의 인스턴스가 호스트에서 실행되고 있고 포트에서 TCP/IP 연결을 허용하고 있는지 확인하십시오. 또한 방화벽에서 포트로의 TCP 연결을 차단하지 않는지 확인하십시오.".
### The error may exist in com/daejist/login/mapper/LoginMapper.xml
### The error may involve com.daejist.login.mapper.LoginMapper.LoginMember
### The error occurred while executing a query
### Cause: org.springframework.jdbc.CannotGetJdbcConnectionException: Failed to obtain JDBC Connection; nested exception is com.microsoft.sqlserver.jdbc.SQLServerException: 호스트 61.32.101.234, 포트 1433에 대한 TCP/IP 연결에 실패했습니다. 오류: "connect timed out. 연결 속성을 확인하십시오. SQL Server의 인스턴스가 호스트에서 실행되고 있고 포트에서 TCP/IP 연결을 허용하고 있는지 확인하십시오. 또한 방화벽에서 포트로의 TCP 연결을 차단하지 않는지 확인하십시오.".] with root cause
 com.microsoft.sqlserver.jdbc.SQLServerException: 호스트 61.32.101.234, 포트 1433에 대한 TCP/IP 연결에 실패했습니다. 오류: "connect timed out. 연결 속성을 확인하십시오. SQL Server의 인스턴스가 호스트에서 실행되고 있고 포트에서 TCP/IP 연결을 허용하고 있는지 확인하십시오. 또한 방화벽에서 포트로의 TCP 연결을 차단하지 않는지 확인하십시오.".
	at com.microsoft.sqlserver.jdbc.SQLServerException.makeFromDriverError(SQLServerException.java:234)
	at com.microsoft.sqlserver.jdbc.SQLServerException.ConvertConnectExceptionToSQLServerException(SQLServerException.java:285)
	at com.microsoft.sqlserver.jdbc.SocketFinder.findSocket(IOBuffer.java:2462)
	at com.microsoft.sqlserver.jdbc.TDSChannel.open(IOBuffer.java:668)
	at com.microsoft.sqlserver.jdbc.SQLServerConnection.connectHelper(SQLServerConnection.java:2695)
	at com.microsoft.sqlserver.jdbc.SQLServerConnection.login(SQLServerConnection.java:2362)
	at com.microsoft.sqlserver.jdbc.SQLServerConnection.connectInternal(SQLServerConnection.java:2213)
	at com.microsoft.sqlserver.jdbc.SQLServerConnection.connect(SQLServerConnection.java:1276)
	at com.microsoft.sqlserver.jdbc.SQLServerDriver.connect(SQLServerDriver.java:861)
	at org.apache.commons.dbcp.DriverConnectionFactory.createConnection(DriverConnectionFactory.java:38)
	at org.apache.commons.dbcp.PoolableConnectionFactory.makeObject(PoolableConnectionFactory.java:582)
	at org.apache.commons.pool.impl.GenericObjectPool.borrowObject(GenericObjectPool.java:1148)
	at org.apache.commons.dbcp.PoolingDataSource.getConnection(PoolingDataSource.java:106)
	at org.apache.commons.dbcp.BasicDataSource.getConnection(BasicDataSource.java:1044)
	at org.springframework.jdbc.datasource.DataSourceUtils.fetchConnection(DataSourceUtils.java:157)
	at org.springframework.jdbc.datasource.DataSourceUtils.doGetConnection(DataSourceUtils.java:115)
	at org.springframework.jdbc.datasource.DataSourceUtils.getConnection(DataSourceUtils.java:78)
	at org.mybatis.spring.transaction.SpringManagedTransaction.openConnection(SpringManagedTransaction.java:80)
	at org.mybatis.spring.transaction.SpringManagedTransaction.getConnection(SpringManagedTransaction.java:67)
	at org.apache.ibatis.executor.BaseExecutor.getConnection(BaseExecutor.java:336)
	at org.apache.ibatis.executor.SimpleExecutor.prepareStatement(SimpleExecutor.java:85)
	at org.apache.ibatis.executor.SimpleExecutor.doQuery(SimpleExecutor.java:62)
	at org.apache.ibatis.executor.BaseExecutor.queryFromDatabase(BaseExecutor.java:324)
	at org.apache.ibatis.executor.BaseExecutor.query(BaseExecutor.java:156)
	at org.apache.ibatis.executor.CachingExecutor.query(CachingExecutor.java:109)
	at org.apache.ibatis.executor.CachingExecutor.query(CachingExecutor.java:83)
	at org.apache.ibatis.session.defaults.DefaultSqlSession.selectList(DefaultSqlSession.java:147)
	at org.apache.ibatis.session.defaults.DefaultSqlSession.selectList(DefaultSqlSession.java:140)
	at org.apache.ibatis.session.defaults.DefaultSqlSession.selectOne(DefaultSqlSession.java:76)
	at sun.reflect.GeneratedMethodAccessor1266.invoke(Unknown Source)
	at sun.reflect.DelegatingMethodAccessorImpl.invoke(DelegatingMethodAccessorImpl.java:43)
	at java.lang.reflect.Method.invoke(Method.java:498)
	at org.mybatis.spring.SqlSessionTemplate$SqlSessionInterceptor.invoke(SqlSessionTemplate.java:426)
	at com.sun.proxy.$Proxy366.selectOne(Unknown Source)
	at org.mybatis.spring.SqlSessionTemplate.selectOne(SqlSessionTemplate.java:159)
	at org.apache.ibatis.binding.MapperMethod.execute(MapperMethod.java:87)
	at org.apache.ibatis.binding.MapperProxy.invoke(MapperProxy.java:57)
	at com.sun.proxy.$Proxy368.LoginMember(Unknown Source)
	at com.daejist.login.service.LoginServiceImp.LoginCheck(LoginServiceImp.java:29)
	at com.daejist.login.controller.LoginController.getLogin(LoginController.java:98)
	at sun.reflect.GeneratedMethodAccessor1348.invoke(Unknown Source)
	at sun.reflect.DelegatingMethodAccessorImpl.invoke(DelegatingMethodAccessorImpl.java:43)
	at java.lang.reflect.Method.invoke(Method.java:498)
	at org.springframework.web.method.support.InvocableHandlerMethod.doInvoke(InvocableHandlerMethod.java:190)
	at org.springframework.web.method.support.InvocableHandlerMethod.invokeForRequest(InvocableHandlerMethod.java:138)
	at org.springframework.web.servlet.mvc.method.annotation.ServletInvocableHandlerMethod.invokeAndHandle(ServletInvocableHandlerMethod.java:104)
	at org.springframework.web.servlet.mvc.method.annotation.RequestMappingHandlerAdapter.invokeHandlerMethod(RequestMappingHandlerAdapter.java:892)
	at org.springframework.web.servlet.mvc.method.annotation.RequestMappingHandlerAdapter.handleInternal(RequestMappingHandlerAdapter.java:797)
	at org.springframework.web.servlet.mvc.method.AbstractHandlerMethodAdapter.handle(AbstractHandlerMethodAdapter.java:87)
	at org.springframework.web.servlet.DispatcherServlet.doDispatch(DispatcherServlet.java:1039)
	at org.springframework.web.servlet.DispatcherServlet.doService(DispatcherServlet.java:942)
	at org.springframework.web.servlet.FrameworkServlet.processRequest(FrameworkServlet.java:1005)
	at org.springframework.web.servlet.FrameworkServlet.doPost(FrameworkServlet.java:908)
	at javax.servlet.http.HttpServlet.service(HttpServlet.java:648)
	at org.springframework.web.servlet.FrameworkServlet.service(FrameworkServlet.java:882)
	at javax.servlet.http.HttpServlet.service(HttpServlet.java:729)
	at org.apache.catalina.core.ApplicationFilterChain.internalDoFilter(ApplicationFilterChain.java:292)
	at org.apache.catalina.core.ApplicationFilterChain.doFilter(ApplicationFilterChain.java:207)
	at org.apache.tomcat.websocket.server.WsFilter.doFilter(WsFilter.java:52)
	at org.apache.catalina.core.ApplicationFilterChain.internalDoFilter(ApplicationFilterChain.java:240)
	at org.apache.catalina.core.ApplicationFilterChain.doFilter(ApplicationFilterChain.java:207)
	at org.springframework.web.filter.CharacterEncodingFilter.doFilterInternal(CharacterEncodingFilter.java:200)
	at org.springframework.web.filter.OncePerRequestFilter.doFilter(OncePerRequestFilter.java:118)
	at org.apache.catalina.core.ApplicationFilterChain.internalDoFilter(ApplicationFilterChain.java:240)
	at org.apache.catalina.core.ApplicationFilterChain.doFilter(ApplicationFilterChain.java:207)
	at org.apache.catalina.core.StandardWrapperValve.invoke(StandardWrapperValve.java:212)
	at org.apache.catalina.core.StandardContextValve.invoke(StandardContextValve.java:94)
	at org.apache.catalina.core.StandardHostValve.invoke(StandardHostValve.java:141)
	at org.apache.catalina.valves.ErrorReportValve.invoke(ErrorReportValve.java:79)
	at org.apache.catalina.core.StandardEngineValve.invoke(StandardEngineValve.java:88)
	at org.apache.catalina.connector.CoyoteAdapter.service(CoyoteAdapter.java:502)
	at org.apache.coyote.http11.AbstractHttp11Processor.process(AbstractHttp11Processor.java:1132)
	at org.apache.coyote.AbstractProtocol$AbstractConnectionHandler.process(AbstractProtocol.java:684)
	at org.apache.tomcat.util.net.NioEndpoint$SocketProcessor.doRun(NioEndpoint.java:1539)
	at org.apache.tomcat.util.net.NioEndpoint$SocketProcessor.run(NioEndpoint.java:1495)
	at java.util.concurrent.ThreadPoolExecutor.runWorker(ThreadPoolExecutor.java:1142)
	at java.util.concurrent.ThreadPoolExecutor$Worker.run(ThreadPoolExecutor.java:617)
	at org.apache.tomcat.util.threads.TaskThread$WrappingRunnable.run(TaskThread.java:61)
	at java.lang.Thread.run(Thread.java:745)

13-Jun-2023 12:06:04.233 심각 [http-nio-8855-exec-241] org.apache.catalina.core.StandardWrapperValve.invoke Servlet.service() for servlet [appServlet] in context with path [] threw exception [Request processing failed; nested exception is org.mybatis.spring.MyBatisSystemException: nested exception is org.apache.ibatis.exceptions.PersistenceException: 
### Error querying database.  Cause: org.springframework.jdbc.CannotGetJdbcConnectionException: Failed to obtain JDBC Connection; nested exception is com.microsoft.sqlserver.jdbc.SQLServerException: 호스트 61.32.101.234, 포트 1433에 대한 TCP/IP 연결에 실패했습니다. 오류: "connect timed out. 연결 속성을 확인하십시오. SQL Server의 인스턴스가 호스트에서 실행되고 있고 포트에서 TCP/IP 연결을 허용하고 있는지 확인하십시오. 또한 방화벽에서 포트로의 TCP 연결을 차단하지 않는지 확인하십시오.".
### The error may exist in com/daejist/login/mapper/LoginMapper.xml
### The error may involve com.daejist.login.mapper.LoginMapper.LoginMember
### The error occurred while executing a query
### Cause: org.springframework.jdbc.CannotGetJdbcConnectionException: Failed to obtain JDBC Connection; nested exception is com.microsoft.sqlserver.jdbc.SQLServerException: 호스트 61.32.101.234, 포트 1433에 대한 TCP/IP 연결에 실패했습니다. 오류: "connect timed out. 연결 속성을 확인하십시오. SQL Server의 인스턴스가 호스트에서 실행되고 있고 포트에서 TCP/IP 연결을 허용하고 있는지 확인하십시오. 또한 방화벽에서 포트로의 TCP 연결을 차단하지 않는지 확인하십시오.".] with root cause
 com.microsoft.sqlserver.jdbc.SQLServerException: 호스트 61.32.101.234, 포트 1433에 대한 TCP/IP 연결에 실패했습니다. 오류: "connect timed out. 연결 속성을 확인하십시오. SQL Server의 인스턴스가 호스트에서 실행되고 있고 포트에서 TCP/IP 연결을 허용하고 있는지 확인하십시오. 또한 방화벽에서 포트로의 TCP 연결을 차단하지 않는지 확인하십시오.".
	at com.microsoft.sqlserver.jdbc.SQLServerException.makeFromDriverError(SQLServerException.java:234)
	at com.microsoft.sqlserver.jdbc.SQLServerException.ConvertConnectExceptionToSQLServerException(SQLServerException.java:285)
	at com.microsoft.sqlserver.jdbc.SocketFinder.findSocket(IOBuffer.java:2462)
	at com.microsoft.sqlserver.jdbc.TDSChannel.open(IOBuffer.java:668)
	at com.microsoft.sqlserver.jdbc.SQLServerConnection.connectHelper(SQLServerConnection.java:2695)
	at com.microsoft.sqlserver.jdbc.SQLServerConnection.login(SQLServerConnection.java:2362)
	at com.microsoft.sqlserver.jdbc.SQLServerConnection.connectInternal(SQLServerConnection.java:2213)
	at com.microsoft.sqlserver.jdbc.SQLServerConnection.connect(SQLServerConnection.java:1276)
	at com.microsoft.sqlserver.jdbc.SQLServerDriver.connect(SQLServerDriver.java:861)
	at org.apache.commons.dbcp.DriverConnectionFactory.createConnection(DriverConnectionFactory.java:38)
	at org.apache.commons.dbcp.PoolableConnectionFactory.makeObject(PoolableConnectionFactory.java:582)
	at org.apache.commons.pool.impl.GenericObjectPool.borrowObject(GenericObjectPool.java:1148)
	at org.apache.commons.dbcp.PoolingDataSource.getConnection(PoolingDataSource.java:106)
	at org.apache.commons.dbcp.BasicDataSource.getConnection(BasicDataSource.java:1044)
	at org.springframework.jdbc.datasource.DataSourceUtils.fetchConnection(DataSourceUtils.java:157)
	at org.springframework.jdbc.datasource.DataSourceUtils.doGetConnection(DataSourceUtils.java:115)
	at org.springframework.jdbc.datasource.DataSourceUtils.getConnection(DataSourceUtils.java:78)
	at org.mybatis.spring.transaction.SpringManagedTransaction.openConnection(SpringManagedTransaction.java:80)
	at org.mybatis.spring.transaction.SpringManagedTransaction.getConnection(SpringManagedTransaction.java:67)
	at org.apache.ibatis.executor.BaseExecutor.getConnection(BaseExecutor.java:336)
	at org.apache.ibatis.executor.SimpleExecutor.prepareStatement(SimpleExecutor.java:85)
	at org.apache.ibatis.executor.SimpleExecutor.doQuery(SimpleExecutor.java:62)
	at org.apache.ibatis.executor.BaseExecutor.queryFromDatabase(BaseExecutor.java:324)
	at org.apache.ibatis.executor.BaseExecutor.query(BaseExecutor.java:156)
	at org.apache.ibatis.executor.CachingExecutor.query(CachingExecutor.java:109)
	at org.apache.ibatis.executor.CachingExecutor.query(CachingExecutor.java:83)
	at org.apache.ibatis.session.defaults.DefaultSqlSession.selectList(DefaultSqlSession.java:147)
	at org.apache.ibatis.session.defaults.DefaultSqlSession.selectList(DefaultSqlSession.java:140)
	at org.apache.ibatis.session.defaults.DefaultSqlSession.selectOne(DefaultSqlSession.java:76)
	at sun.reflect.GeneratedMethodAccessor1266.invoke(Unknown Source)
	at sun.reflect.DelegatingMethodAccessorImpl.invoke(DelegatingMethodAccessorImpl.java:43)
	at java.lang.reflect.Method.invoke(Method.java:498)
	at org.mybatis.spring.SqlSessionTemplate$SqlSessionInterceptor.invoke(SqlSessionTemplate.java:426)
	at com.sun.proxy.$Proxy366.selectOne(Unknown Source)
	at org.mybatis.spring.SqlSessionTemplate.selectOne(SqlSessionTemplate.java:159)
	at org.apache.ibatis.binding.MapperMethod.execute(MapperMethod.java:87)
	at org.apache.ibatis.binding.MapperProxy.invoke(MapperProxy.java:57)
	at com.sun.proxy.$Proxy368.LoginMember(Unknown Source)
	at com.daejist.login.service.LoginServiceImp.LoginCheck(LoginServiceImp.java:29)
	at com.daejist.login.controller.LoginController.getLogin(LoginController.java:98)
	at sun.reflect.GeneratedMethodAccessor1348.invoke(Unknown Source)
	at sun.reflect.DelegatingMethodAccessorImpl.invoke(DelegatingMethodAccessorImpl.java:43)
	at java.lang.reflect.Method.invoke(Method.java:498)
	at org.springframework.web.method.support.InvocableHandlerMethod.doInvoke(InvocableHandlerMethod.java:190)
	at org.springframework.web.method.support.InvocableHandlerMethod.invokeForRequest(InvocableHandlerMethod.java:138)
	at org.springframework.web.servlet.mvc.method.annotation.ServletInvocableHandlerMethod.invokeAndHandle(ServletInvocableHandlerMethod.java:104)
	at org.springframework.web.servlet.mvc.method.annotation.RequestMappingHandlerAdapter.invokeHandlerMethod(RequestMappingHandlerAdapter.java:892)
	at org.springframework.web.servlet.mvc.method.annotation.RequestMappingHandlerAdapter.handleInternal(RequestMappingHandlerAdapter.java:797)
	at org.springframework.web.servlet.mvc.method.AbstractHandlerMethodAdapter.handle(AbstractHandlerMethodAdapter.java:87)
	at org.springframework.web.servlet.DispatcherServlet.doDispatch(DispatcherServlet.java:1039)
	at org.springframework.web.servlet.DispatcherServlet.doService(DispatcherServlet.java:942)
	at org.springframework.web.servlet.FrameworkServlet.processRequest(FrameworkServlet.java:1005)
	at org.springframework.web.servlet.FrameworkServlet.doPost(FrameworkServlet.java:908)
	at javax.servlet.http.HttpServlet.service(HttpServlet.java:648)
	at org.springframework.web.servlet.FrameworkServlet.service(FrameworkServlet.java:882)
	at javax.servlet.http.HttpServlet.service(HttpServlet.java:729)
	at org.apache.catalina.core.ApplicationFilterChain.internalDoFilter(ApplicationFilterChain.java:292)
	at org.apache.catalina.core.ApplicationFilterChain.doFilter(ApplicationFilterChain.java:207)
	at org.apache.tomcat.websocket.server.WsFilter.doFilter(WsFilter.java:52)
	at org.apache.catalina.core.ApplicationFilterChain.internalDoFilter(ApplicationFilterChain.java:240)
	at org.apache.catalina.core.ApplicationFilterChain.doFilter(ApplicationFilterChain.java:207)
	at org.springframework.web.filter.CharacterEncodingFilter.doFilterInternal(CharacterEncodingFilter.java:200)
	at org.springframework.web.filter.OncePerRequestFilter.doFilter(OncePerRequestFilter.java:118)
	at org.apache.catalina.core.ApplicationFilterChain.internalDoFilter(ApplicationFilterChain.java:240)
	at org.apache.catalina.core.ApplicationFilterChain.doFilter(ApplicationFilterChain.java:207)
	at org.apache.catalina.core.StandardWrapperValve.invoke(StandardWrapperValve.java:212)
	at org.apache.catalina.core.StandardContextValve.invoke(StandardContextValve.java:94)
	at org.apache.catalina.core.StandardHostValve.invoke(StandardHostValve.java:141)
	at org.apache.catalina.valves.ErrorReportValve.invoke(ErrorReportValve.java:79)
	at org.apache.catalina.core.StandardEngineValve.invoke(StandardEngineValve.java:88)
	at org.apache.catalina.connector.CoyoteAdapter.service(CoyoteAdapter.java:502)
	at org.apache.coyote.http11.AbstractHttp11Processor.process(AbstractHttp11Processor.java:1132)
	at org.apache.coyote.AbstractProtocol$AbstractConnectionHandler.process(AbstractProtocol.java:684)
	at org.apache.tomcat.util.net.NioEndpoint$SocketProcessor.doRun(NioEndpoint.java:1539)
	at org.apache.tomcat.util.net.NioEndpoint$SocketProcessor.run(NioEndpoint.java:1495)
	at java.util.concurrent.ThreadPoolExecutor.runWorker(ThreadPoolExecutor.java:1142)
	at java.util.concurrent.ThreadPoolExecutor$Worker.run(ThreadPoolExecutor.java:617)
	at org.apache.tomcat.util.threads.TaskThread$WrappingRunnable.run(TaskThread.java:61)
	at java.lang.Thread.run(Thread.java:745)

13-Jun-2023 12:06:06.022 심각 [http-nio-8855-exec-242] org.apache.catalina.core.StandardWrapperValve.invoke Servlet.service() for servlet [appServlet] in context with path [] threw exception [Request processing failed; nested exception is org.mybatis.spring.MyBatisSystemException: nested exception is org.apache.ibatis.exceptions.PersistenceException: 
### Error querying database.  Cause: org.springframework.jdbc.CannotGetJdbcConnectionException: Failed to obtain JDBC Connection; nested exception is com.microsoft.sqlserver.jdbc.SQLServerException: 호스트 61.32.101.234, 포트 1433에 대한 TCP/IP 연결에 실패했습니다. 오류: "connect timed out. 연결 속성을 확인하십시오. SQL Server의 인스턴스가 호스트에서 실행되고 있고 포트에서 TCP/IP 연결을 허용하고 있는지 확인하십시오. 또한 방화벽에서 포트로의 TCP 연결을 차단하지 않는지 확인하십시오.".
### The error may exist in com/daejist/login/mapper/LoginMapper.xml
### The error may involve com.daejist.login.mapper.LoginMapper.LoginMember
### The error occurred while executing a query
### Cause: org.springframework.jdbc.CannotGetJdbcConnectionException: Failed to obtain JDBC Connection; nested exception is com.microsoft.sqlserver.jdbc.SQLServerException: 호스트 61.32.101.234, 포트 1433에 대한 TCP/IP 연결에 실패했습니다. 오류: "connect timed out. 연결 속성을 확인하십시오. SQL Server의 인스턴스가 호스트에서 실행되고 있고 포트에서 TCP/IP 연결을 허용하고 있는지 확인하십시오. 또한 방화벽에서 포트로의 TCP 연결을 차단하지 않는지 확인하십시오.".] with root cause
 com.microsoft.sqlserver.jdbc.SQLServerException: 호스트 61.32.101.234, 포트 1433에 대한 TCP/IP 연결에 실패했습니다. 오류: "connect timed out. 연결 속성을 확인하십시오. SQL Server의 인스턴스가 호스트에서 실행되고 있고 포트에서 TCP/IP 연결을 허용하고 있는지 확인하십시오. 또한 방화벽에서 포트로의 TCP 연결을 차단하지 않는지 확인하십시오.".
	at com.microsoft.sqlserver.jdbc.SQLServerException.makeFromDriverError(SQLServerException.java:234)
	at com.microsoft.sqlserver.jdbc.SQLServerException.ConvertConnectExceptionToSQLServerException(SQLServerException.java:285)
	at com.microsoft.sqlserver.jdbc.SocketFinder.findSocket(IOBuffer.java:2462)
	at com.microsoft.sqlserver.jdbc.TDSChannel.open(IOBuffer.java:668)
	at com.microsoft.sqlserver.jdbc.SQLServerConnection.connectHelper(SQLServerConnection.java:2695)
	at com.microsoft.sqlserver.jdbc.SQLServerConnection.login(SQLServerConnection.java:2362)
	at com.microsoft.sqlserver.jdbc.SQLServerConnection.connectInternal(SQLServerConnection.java:2213)
	at com.microsoft.sqlserver.jdbc.SQLServerConnection.connect(SQLServerConnection.java:1276)
	at com.microsoft.sqlserver.jdbc.SQLServerDriver.connect(SQLServerDriver.java:861)
	at org.apache.commons.dbcp.DriverConnectionFactory.createConnection(DriverConnectionFactory.java:38)
	at org.apache.commons.dbcp.PoolableConnectionFactory.makeObject(PoolableConnectionFactory.java:582)
	at org.apache.commons.pool.impl.GenericObjectPool.borrowObject(GenericObjectPool.java:1148)
	at org.apache.commons.dbcp.PoolingDataSource.getConnection(PoolingDataSource.java:106)
	at org.apache.commons.dbcp.BasicDataSource.getConnection(BasicDataSource.java:1044)
	at org.springframework.jdbc.datasource.DataSourceUtils.fetchConnection(DataSourceUtils.java:157)
	at org.springframework.jdbc.datasource.DataSourceUtils.doGetConnection(DataSourceUtils.java:115)
	at org.springframework.jdbc.datasource.DataSourceUtils.getConnection(DataSourceUtils.java:78)
	at org.mybatis.spring.transaction.SpringManagedTransaction.openConnection(SpringManagedTransaction.java:80)
	at org.mybatis.spring.transaction.SpringManagedTransaction.getConnection(SpringManagedTransaction.java:67)
	at org.apache.ibatis.executor.BaseExecutor.getConnection(BaseExecutor.java:336)
	at org.apache.ibatis.executor.SimpleExecutor.prepareStatement(SimpleExecutor.java:85)
	at org.apache.ibatis.executor.SimpleExecutor.doQuery(SimpleExecutor.java:62)
	at org.apache.ibatis.executor.BaseExecutor.queryFromDatabase(BaseExecutor.java:324)
	at org.apache.ibatis.executor.BaseExecutor.query(BaseExecutor.java:156)
	at org.apache.ibatis.executor.CachingExecutor.query(CachingExecutor.java:109)
	at org.apache.ibatis.executor.CachingExecutor.query(CachingExecutor.java:83)
	at org.apache.ibatis.session.defaults.DefaultSqlSession.selectList(DefaultSqlSession.java:147)
	at org.apache.ibatis.session.defaults.DefaultSqlSession.selectList(DefaultSqlSession.java:140)
	at org.apache.ibatis.session.defaults.DefaultSqlSession.selectOne(DefaultSqlSession.java:76)
	at sun.reflect.GeneratedMethodAccessor1266.invoke(Unknown Source)
	at sun.reflect.DelegatingMethodAccessorImpl.invoke(DelegatingMethodAccessorImpl.java:43)
	at java.lang.reflect.Method.invoke(Method.java:498)
	at org.mybatis.spring.SqlSessionTemplate$SqlSessionInterceptor.invoke(SqlSessionTemplate.java:426)
	at com.sun.proxy.$Proxy366.selectOne(Unknown Source)
	at org.mybatis.spring.SqlSessionTemplate.selectOne(SqlSessionTemplate.java:159)
	at org.apache.ibatis.binding.MapperMethod.execute(MapperMethod.java:87)
	at org.apache.ibatis.binding.MapperProxy.invoke(MapperProxy.java:57)
	at com.sun.proxy.$Proxy368.LoginMember(Unknown Source)
	at com.daejist.login.service.LoginServiceImp.LoginCheck(LoginServiceImp.java:29)
	at com.daejist.login.controller.LoginController.getLogin(LoginController.java:98)
	at sun.reflect.GeneratedMethodAccessor1348.invoke(Unknown Source)
	at sun.reflect.DelegatingMethodAccessorImpl.invoke(DelegatingMethodAccessorImpl.java:43)
	at java.lang.reflect.Method.invoke(Method.java:498)
	at org.springframework.web.method.support.InvocableHandlerMethod.doInvoke(InvocableHandlerMethod.java:190)
	at org.springframework.web.method.support.InvocableHandlerMethod.invokeForRequest(InvocableHandlerMethod.java:138)
	at org.springframework.web.servlet.mvc.method.annotation.ServletInvocableHandlerMethod.invokeAndHandle(ServletInvocableHandlerMethod.java:104)
	at org.springframework.web.servlet.mvc.method.annotation.RequestMappingHandlerAdapter.invokeHandlerMethod(RequestMappingHandlerAdapter.java:892)
	at org.springframework.web.servlet.mvc.method.annotation.RequestMappingHandlerAdapter.handleInternal(RequestMappingHandlerAdapter.java:797)
	at org.springframework.web.servlet.mvc.method.AbstractHandlerMethodAdapter.handle(AbstractHandlerMethodAdapter.java:87)
	at org.springframework.web.servlet.DispatcherServlet.doDispatch(DispatcherServlet.java:1039)
	at org.springframework.web.servlet.DispatcherServlet.doService(DispatcherServlet.java:942)
	at org.springframework.web.servlet.FrameworkServlet.processRequest(FrameworkServlet.java:1005)
	at org.springframework.web.servlet.FrameworkServlet.doPost(FrameworkServlet.java:908)
	at javax.servlet.http.HttpServlet.service(HttpServlet.java:648)
	at org.springframework.web.servlet.FrameworkServlet.service(FrameworkServlet.java:882)
	at javax.servlet.http.HttpServlet.service(HttpServlet.java:729)
	at org.apache.catalina.core.ApplicationFilterChain.internalDoFilter(ApplicationFilterChain.java:292)
	at org.apache.catalina.core.ApplicationFilterChain.doFilter(ApplicationFilterChain.java:207)
	at org.apache.tomcat.websocket.server.WsFilter.doFilter(WsFilter.java:52)
	at org.apache.catalina.core.ApplicationFilterChain.internalDoFilter(ApplicationFilterChain.java:240)
	at org.apache.catalina.core.ApplicationFilterChain.doFilter(ApplicationFilterChain.java:207)
	at org.springframework.web.filter.CharacterEncodingFilter.doFilterInternal(CharacterEncodingFilter.java:200)
	at org.springframework.web.filter.OncePerRequestFilter.doFilter(OncePerRequestFilter.java:118)
	at org.apache.catalina.core.ApplicationFilterChain.internalDoFilter(ApplicationFilterChain.java:240)
	at org.apache.catalina.core.ApplicationFilterChain.doFilter(ApplicationFilterChain.java:207)
	at org.apache.catalina.core.StandardWrapperValve.invoke(StandardWrapperValve.java:212)
	at org.apache.catalina.core.StandardContextValve.invoke(StandardContextValve.java:94)
	at org.apache.catalina.core.StandardHostValve.invoke(StandardHostValve.java:141)
	at org.apache.catalina.valves.ErrorReportValve.invoke(ErrorReportValve.java:79)
	at org.apache.catalina.core.StandardEngineValve.invoke(StandardEngineValve.java:88)
	at org.apache.catalina.connector.CoyoteAdapter.service(CoyoteAdapter.java:502)
	at org.apache.coyote.http11.AbstractHttp11Processor.process(AbstractHttp11Processor.java:1132)
	at org.apache.coyote.AbstractProtocol$AbstractConnectionHandler.process(AbstractProtocol.java:684)
	at org.apache.tomcat.util.net.NioEndpoint$SocketProcessor.doRun(NioEndpoint.java:1539)
	at org.apache.tomcat.util.net.NioEndpoint$SocketProcessor.run(NioEndpoint.java:1495)
	at java.util.concurrent.ThreadPoolExecutor.runWorker(ThreadPoolExecutor.java:1142)
	at java.util.concurrent.ThreadPoolExecutor$Worker.run(ThreadPoolExecutor.java:617)
	at org.apache.tomcat.util.threads.TaskThread$WrappingRunnable.run(TaskThread.java:61)
	at java.lang.Thread.run(Thread.java:745)

13-Jun-2023 12:06:07.864 심각 [http-nio-8855-exec-243] org.apache.catalina.core.StandardWrapperValve.invoke Servlet.service() for servlet [appServlet] in context with path [] threw exception [Request processing failed; nested exception is org.mybatis.spring.MyBatisSystemException: nested exception is org.apache.ibatis.exceptions.PersistenceException: 
### Error querying database.  Cause: org.springframework.jdbc.CannotGetJdbcConnectionException: Failed to obtain JDBC Connection; nested exception is com.microsoft.sqlserver.jdbc.SQLServerException: 호스트 61.32.101.234, 포트 1433에 대한 TCP/IP 연결에 실패했습니다. 오류: "connect timed out. 연결 속성을 확인하십시오. SQL Server의 인스턴스가 호스트에서 실행되고 있고 포트에서 TCP/IP 연결을 허용하고 있는지 확인하십시오. 또한 방화벽에서 포트로의 TCP 연결을 차단하지 않는지 확인하십시오.".
### The error may exist in com/daejist/login/mapper/LoginMapper.xml
### The error may involve com.daejist.login.mapper.LoginMapper.LoginMember
### The error occurred while executing a query
### Cause: org.springframework.jdbc.CannotGetJdbcConnectionException: Failed to obtain JDBC Connection; nested exception is com.microsoft.sqlserver.jdbc.SQLServerException: 호스트 61.32.101.234, 포트 1433에 대한 TCP/IP 연결에 실패했습니다. 오류: "connect timed out. 연결 속성을 확인하십시오. SQL Server의 인스턴스가 호스트에서 실행되고 있고 포트에서 TCP/IP 연결을 허용하고 있는지 확인하십시오. 또한 방화벽에서 포트로의 TCP 연결을 차단하지 않는지 확인하십시오.".] with root cause
 com.microsoft.sqlserver.jdbc.SQLServerException: 호스트 61.32.101.234, 포트 1433에 대한 TCP/IP 연결에 실패했습니다. 오류: "connect timed out. 연결 속성을 확인하십시오. SQL Server의 인스턴스가 호스트에서 실행되고 있고 포트에서 TCP/IP 연결을 허용하고 있는지 확인하십시오. 또한 방화벽에서 포트로의 TCP 연결을 차단하지 않는지 확인하십시오.".
	at com.microsoft.sqlserver.jdbc.SQLServerException.makeFromDriverError(SQLServerException.java:234)
	at com.microsoft.sqlserver.jdbc.SQLServerException.ConvertConnectExceptionToSQLServerException(SQLServerException.java:285)
	at com.microsoft.sqlserver.jdbc.SocketFinder.findSocket(IOBuffer.java:2462)
	at com.microsoft.sqlserver.jdbc.TDSChannel.open(IOBuffer.java:668)
	at com.microsoft.sqlserver.jdbc.SQLServerConnection.connectHelper(SQLServerConnection.java:2695)
	at com.microsoft.sqlserver.jdbc.SQLServerConnection.login(SQLServerConnection.java:2362)
	at com.microsoft.sqlserver.jdbc.SQLServerConnection.connectInternal(SQLServerConnection.java:2213)
	at com.microsoft.sqlserver.jdbc.SQLServerConnection.connect(SQLServerConnection.java:1276)
	at com.microsoft.sqlserver.jdbc.SQLServerDriver.connect(SQLServerDriver.java:861)
	at org.apache.commons.dbcp.DriverConnectionFactory.createConnection(DriverConnectionFactory.java:38)
	at org.apache.commons.dbcp.PoolableConnectionFactory.makeObject(PoolableConnectionFactory.java:582)
	at org.apache.commons.pool.impl.GenericObjectPool.borrowObject(GenericObjectPool.java:1148)
	at org.apache.commons.dbcp.PoolingDataSource.getConnection(PoolingDataSource.java:106)
	at org.apache.commons.dbcp.BasicDataSource.getConnection(BasicDataSource.java:1044)
	at org.springframework.jdbc.datasource.DataSourceUtils.fetchConnection(DataSourceUtils.java:157)
	at org.springframework.jdbc.datasource.DataSourceUtils.doGetConnection(DataSourceUtils.java:115)
	at org.springframework.jdbc.datasource.DataSourceUtils.getConnection(DataSourceUtils.java:78)
	at org.mybatis.spring.transaction.SpringManagedTransaction.openConnection(SpringManagedTransaction.java:80)
	at org.mybatis.spring.transaction.SpringManagedTransaction.getConnection(SpringManagedTransaction.java:67)
	at org.apache.ibatis.executor.BaseExecutor.getConnection(BaseExecutor.java:336)
	at org.apache.ibatis.executor.SimpleExecutor.prepareStatement(SimpleExecutor.java:85)
	at org.apache.ibatis.executor.SimpleExecutor.doQuery(SimpleExecutor.java:62)
	at org.apache.ibatis.executor.BaseExecutor.queryFromDatabase(BaseExecutor.java:324)
	at org.apache.ibatis.executor.BaseExecutor.query(BaseExecutor.java:156)
	at org.apache.ibatis.executor.CachingExecutor.query(CachingExecutor.java:109)
	at org.apache.ibatis.executor.CachingExecutor.query(CachingExecutor.java:83)
	at org.apache.ibatis.session.defaults.DefaultSqlSession.selectList(DefaultSqlSession.java:147)
	at org.apache.ibatis.session.defaults.DefaultSqlSession.selectList(DefaultSqlSession.java:140)
	at org.apache.ibatis.session.defaults.DefaultSqlSession.selectOne(DefaultSqlSession.java:76)
	at sun.reflect.GeneratedMethodAccessor1266.invoke(Unknown Source)
	at sun.reflect.DelegatingMethodAccessorImpl.invoke(DelegatingMethodAccessorImpl.java:43)
	at java.lang.reflect.Method.invoke(Method.java:498)
	at org.mybatis.spring.SqlSessionTemplate$SqlSessionInterceptor.invoke(SqlSessionTemplate.java:426)
	at com.sun.proxy.$Proxy366.selectOne(Unknown Source)
	at org.mybatis.spring.SqlSessionTemplate.selectOne(SqlSessionTemplate.java:159)
	at org.apache.ibatis.binding.MapperMethod.execute(MapperMethod.java:87)
	at org.apache.ibatis.binding.MapperProxy.invoke(MapperProxy.java:57)
	at com.sun.proxy.$Proxy368.LoginMember(Unknown Source)
	at com.daejist.login.service.LoginServiceImp.LoginCheck(LoginServiceImp.java:29)
	at com.daejist.login.controller.LoginController.getLogin(LoginController.java:98)
	at sun.reflect.GeneratedMethodAccessor1348.invoke(Unknown Source)
	at sun.reflect.DelegatingMethodAccessorImpl.invoke(DelegatingMethodAccessorImpl.java:43)
	at java.lang.reflect.Method.invoke(Method.java:498)
	at org.springframework.web.method.support.InvocableHandlerMethod.doInvoke(InvocableHandlerMethod.java:190)
	at org.springframework.web.method.support.InvocableHandlerMethod.invokeForRequest(InvocableHandlerMethod.java:138)
	at org.springframework.web.servlet.mvc.method.annotation.ServletInvocableHandlerMethod.invokeAndHandle(ServletInvocableHandlerMethod.java:104)
	at org.springframework.web.servlet.mvc.method.annotation.RequestMappingHandlerAdapter.invokeHandlerMethod(RequestMappingHandlerAdapter.java:892)
	at org.springframework.web.servlet.mvc.method.annotation.RequestMappingHandlerAdapter.handleInternal(RequestMappingHandlerAdapter.java:797)
	at org.springframework.web.servlet.mvc.method.AbstractHandlerMethodAdapter.handle(AbstractHandlerMethodAdapter.java:87)
	at org.springframework.web.servlet.DispatcherServlet.doDispatch(DispatcherServlet.java:1039)
	at org.springframework.web.servlet.DispatcherServlet.doService(DispatcherServlet.java:942)
	at org.springframework.web.servlet.FrameworkServlet.processRequest(FrameworkServlet.java:1005)
	at org.springframework.web.servlet.FrameworkServlet.doPost(FrameworkServlet.java:908)
	at javax.servlet.http.HttpServlet.service(HttpServlet.java:648)
	at org.springframework.web.servlet.FrameworkServlet.service(FrameworkServlet.java:882)
	at javax.servlet.http.HttpServlet.service(HttpServlet.java:729)
	at org.apache.catalina.core.ApplicationFilterChain.internalDoFilter(ApplicationFilterChain.java:292)
	at org.apache.catalina.core.ApplicationFilterChain.doFilter(ApplicationFilterChain.java:207)
	at org.apache.tomcat.websocket.server.WsFilter.doFilter(WsFilter.java:52)
	at org.apache.catalina.core.ApplicationFilterChain.internalDoFilter(ApplicationFilterChain.java:240)
	at org.apache.catalina.core.ApplicationFilterChain.doFilter(ApplicationFilterChain.java:207)
	at org.springframework.web.filter.CharacterEncodingFilter.doFilterInternal(CharacterEncodingFilter.java:200)
	at org.springframework.web.filter.OncePerRequestFilter.doFilter(OncePerRequestFilter.java:118)
	at org.apache.catalina.core.ApplicationFilterChain.internalDoFilter(ApplicationFilterChain.java:240)
	at org.apache.catalina.core.ApplicationFilterChain.doFilter(ApplicationFilterChain.java:207)
	at org.apache.catalina.core.StandardWrapperValve.invoke(StandardWrapperValve.java:212)
	at org.apache.catalina.core.StandardContextValve.invoke(StandardContextValve.java:94)
	at org.apache.catalina.core.StandardHostValve.invoke(StandardHostValve.java:141)
	at org.apache.catalina.valves.ErrorReportValve.invoke(ErrorReportValve.java:79)
	at org.apache.catalina.core.StandardEngineValve.invoke(StandardEngineValve.java:88)
	at org.apache.catalina.connector.CoyoteAdapter.service(CoyoteAdapter.java:502)
	at org.apache.coyote.http11.AbstractHttp11Processor.process(AbstractHttp11Processor.java:1132)
	at org.apache.coyote.AbstractProtocol$AbstractConnectionHandler.process(AbstractProtocol.java:684)
	at org.apache.tomcat.util.net.NioEndpoint$SocketProcessor.doRun(NioEndpoint.java:1539)
	at org.apache.tomcat.util.net.NioEndpoint$SocketProcessor.run(NioEndpoint.java:1495)
	at java.util.concurrent.ThreadPoolExecutor.runWorker(ThreadPoolExecutor.java:1142)
	at java.util.concurrent.ThreadPoolExecutor$Worker.run(ThreadPoolExecutor.java:617)
	at org.apache.tomcat.util.threads.TaskThread$WrappingRunnable.run(TaskThread.java:61)
	at java.lang.Thread.run(Thread.java:745)

13-Jun-2023 12:06:08.702 심각 [http-nio-8855-exec-244] org.apache.catalina.core.StandardWrapperValve.invoke Servlet.service() for servlet [appServlet] in context with path [] threw exception [Request processing failed; nested exception is org.mybatis.spring.MyBatisSystemException: nested exception is org.apache.ibatis.exceptions.PersistenceException: 
### Error querying database.  Cause: org.springframework.jdbc.CannotGetJdbcConnectionException: Failed to obtain JDBC Connection; nested exception is com.microsoft.sqlserver.jdbc.SQLServerException: 호스트 61.32.101.234, 포트 1433에 대한 TCP/IP 연결에 실패했습니다. 오류: "connect timed out. 연결 속성을 확인하십시오. SQL Server의 인스턴스가 호스트에서 실행되고 있고 포트에서 TCP/IP 연결을 허용하고 있는지 확인하십시오. 또한 방화벽에서 포트로의 TCP 연결을 차단하지 않는지 확인하십시오.".
### The error may exist in com/daejist/login/mapper/LoginMapper.xml
### The error may involve com.daejist.login.mapper.LoginMapper.LoginMember
### The error occurred while executing a query
### Cause: org.springframework.jdbc.CannotGetJdbcConnectionException: Failed to obtain JDBC Connection; nested exception is com.microsoft.sqlserver.jdbc.SQLServerException: 호스트 61.32.101.234, 포트 1433에 대한 TCP/IP 연결에 실패했습니다. 오류: "connect timed out. 연결 속성을 확인하십시오. SQL Server의 인스턴스가 호스트에서 실행되고 있고 포트에서 TCP/IP 연결을 허용하고 있는지 확인하십시오. 또한 방화벽에서 포트로의 TCP 연결을 차단하지 않는지 확인하십시오.".] with root cause
 com.microsoft.sqlserver.jdbc.SQLServerException: 호스트 61.32.101.234, 포트 1433에 대한 TCP/IP 연결에 실패했습니다. 오류: "connect timed out. 연결 속성을 확인하십시오. SQL Server의 인스턴스가 호스트에서 실행되고 있고 포트에서 TCP/IP 연결을 허용하고 있는지 확인하십시오. 또한 방화벽에서 포트로의 TCP 연결을 차단하지 않는지 확인하십시오.".
	at com.microsoft.sqlserver.jdbc.SQLServerException.makeFromDriverError(SQLServerException.java:234)
	at com.microsoft.sqlserver.jdbc.SQLServerException.ConvertConnectExceptionToSQLServerException(SQLServerException.java:285)
	at com.microsoft.sqlserver.jdbc.SocketFinder.findSocket(IOBuffer.java:2462)
	at com.microsoft.sqlserver.jdbc.TDSChannel.open(IOBuffer.java:668)
	at com.microsoft.sqlserver.jdbc.SQLServerConnection.connectHelper(SQLServerConnection.java:2695)
	at com.microsoft.sqlserver.jdbc.SQLServerConnection.login(SQLServerConnection.java:2362)
	at com.microsoft.sqlserver.jdbc.SQLServerConnection.connectInternal(SQLServerConnection.java:2213)
	at com.microsoft.sqlserver.jdbc.SQLServerConnection.connect(SQLServerConnection.java:1276)
	at com.microsoft.sqlserver.jdbc.SQLServerDriver.connect(SQLServerDriver.java:861)
	at org.apache.commons.dbcp.DriverConnectionFactory.createConnection(DriverConnectionFactory.java:38)
	at org.apache.commons.dbcp.PoolableConnectionFactory.makeObject(PoolableConnectionFactory.java:582)
	at org.apache.commons.pool.impl.GenericObjectPool.borrowObject(GenericObjectPool.java:1148)
	at org.apache.commons.dbcp.PoolingDataSource.getConnection(PoolingDataSource.java:106)
	at org.apache.commons.dbcp.BasicDataSource.getConnection(BasicDataSource.java:1044)
	at org.springframework.jdbc.datasource.DataSourceUtils.fetchConnection(DataSourceUtils.java:157)
	at org.springframework.jdbc.datasource.DataSourceUtils.doGetConnection(DataSourceUtils.java:115)
	at org.springframework.jdbc.datasource.DataSourceUtils.getConnection(DataSourceUtils.java:78)
	at org.mybatis.spring.transaction.SpringManagedTransaction.openConnection(SpringManagedTransaction.java:80)
	at org.mybatis.spring.transaction.SpringManagedTransaction.getConnection(SpringManagedTransaction.java:67)
	at org.apache.ibatis.executor.BaseExecutor.getConnection(BaseExecutor.java:336)
	at org.apache.ibatis.executor.SimpleExecutor.prepareStatement(SimpleExecutor.java:85)
	at org.apache.ibatis.executor.SimpleExecutor.doQuery(SimpleExecutor.java:62)
	at org.apache.ibatis.executor.BaseExecutor.queryFromDatabase(BaseExecutor.java:324)
	at org.apache.ibatis.executor.BaseExecutor.query(BaseExecutor.java:156)
	at org.apache.ibatis.executor.CachingExecutor.query(CachingExecutor.java:109)
	at org.apache.ibatis.executor.CachingExecutor.query(CachingExecutor.java:83)
	at org.apache.ibatis.session.defaults.DefaultSqlSession.selectList(DefaultSqlSession.java:147)
	at org.apache.ibatis.session.defaults.DefaultSqlSession.selectList(DefaultSqlSession.java:140)
	at org.apache.ibatis.session.defaults.DefaultSqlSession.selectOne(DefaultSqlSession.java:76)
	at sun.reflect.GeneratedMethodAccessor1266.invoke(Unknown Source)
	at sun.reflect.DelegatingMethodAccessorImpl.invoke(DelegatingMethodAccessorImpl.java:43)
	at java.lang.reflect.Method.invoke(Method.java:498)
	at org.mybatis.spring.SqlSessionTemplate$SqlSessionInterceptor.invoke(SqlSessionTemplate.java:426)
	at com.sun.proxy.$Proxy366.selectOne(Unknown Source)
	at org.mybatis.spring.SqlSessionTemplate.selectOne(SqlSessionTemplate.java:159)
	at org.apache.ibatis.binding.MapperMethod.execute(MapperMethod.java:87)
	at org.apache.ibatis.binding.MapperProxy.invoke(MapperProxy.java:57)
	at com.sun.proxy.$Proxy368.LoginMember(Unknown Source)
	at com.daejist.login.service.LoginServiceImp.LoginCheck(LoginServiceImp.java:29)
	at com.daejist.login.controller.LoginController.getLogin(LoginController.java:98)
	at sun.reflect.GeneratedMethodAccessor1348.invoke(Unknown Source)
	at sun.reflect.DelegatingMethodAccessorImpl.invoke(DelegatingMethodAccessorImpl.java:43)
	at java.lang.reflect.Method.invoke(Method.java:498)
	at org.springframework.web.method.support.InvocableHandlerMethod.doInvoke(InvocableHandlerMethod.java:190)
	at org.springframework.web.method.support.InvocableHandlerMethod.invokeForRequest(InvocableHandlerMethod.java:138)
	at org.springframework.web.servlet.mvc.method.annotation.ServletInvocableHandlerMethod.invokeAndHandle(ServletInvocableHandlerMethod.java:104)
	at org.springframework.web.servlet.mvc.method.annotation.RequestMappingHandlerAdapter.invokeHandlerMethod(RequestMappingHandlerAdapter.java:892)
	at org.springframework.web.servlet.mvc.method.annotation.RequestMappingHandlerAdapter.handleInternal(RequestMappingHandlerAdapter.java:797)
	at org.springframework.web.servlet.mvc.method.AbstractHandlerMethodAdapter.handle(AbstractHandlerMethodAdapter.java:87)
	at org.springframework.web.servlet.DispatcherServlet.doDispatch(DispatcherServlet.java:1039)
	at org.springframework.web.servlet.DispatcherServlet.doService(DispatcherServlet.java:942)
	at org.springframework.web.servlet.FrameworkServlet.processRequest(FrameworkServlet.java:1005)
	at org.springframework.web.servlet.FrameworkServlet.doPost(FrameworkServlet.java:908)
	at javax.servlet.http.HttpServlet.service(HttpServlet.java:648)
	at org.springframework.web.servlet.FrameworkServlet.service(FrameworkServlet.java:882)
	at javax.servlet.http.HttpServlet.service(HttpServlet.java:729)
	at org.apache.catalina.core.ApplicationFilterChain.internalDoFilter(ApplicationFilterChain.java:292)
	at org.apache.catalina.core.ApplicationFilterChain.doFilter(ApplicationFilterChain.java:207)
	at org.apache.tomcat.websocket.server.WsFilter.doFilter(WsFilter.java:52)
	at org.apache.catalina.core.ApplicationFilterChain.internalDoFilter(ApplicationFilterChain.java:240)
	at org.apache.catalina.core.ApplicationFilterChain.doFilter(ApplicationFilterChain.java:207)
	at org.springframework.web.filter.CharacterEncodingFilter.doFilterInternal(CharacterEncodingFilter.java:200)
	at org.springframework.web.filter.OncePerRequestFilter.doFilter(OncePerRequestFilter.java:118)
	at org.apache.catalina.core.ApplicationFilterChain.internalDoFilter(ApplicationFilterChain.java:240)
	at org.apache.catalina.core.ApplicationFilterChain.doFilter(ApplicationFilterChain.java:207)
	at org.apache.catalina.core.StandardWrapperValve.invoke(StandardWrapperValve.java:212)
	at org.apache.catalina.core.StandardContextValve.invoke(StandardContextValve.java:94)
	at org.apache.catalina.core.StandardHostValve.invoke(StandardHostValve.java:141)
	at org.apache.catalina.valves.ErrorReportValve.invoke(ErrorReportValve.java:79)
	at org.apache.catalina.core.StandardEngineValve.invoke(StandardEngineValve.java:88)
	at org.apache.catalina.connector.CoyoteAdapter.service(CoyoteAdapter.java:502)
	at org.apache.coyote.http11.AbstractHttp11Processor.process(AbstractHttp11Processor.java:1132)
	at org.apache.coyote.AbstractProtocol$AbstractConnectionHandler.process(AbstractProtocol.java:684)
	at org.apache.tomcat.util.net.NioEndpoint$SocketProcessor.doRun(NioEndpoint.java:1539)
	at org.apache.tomcat.util.net.NioEndpoint$SocketProcessor.run(NioEndpoint.java:1495)
	at java.util.concurrent.ThreadPoolExecutor.runWorker(ThreadPoolExecutor.java:1142)
	at java.util.concurrent.ThreadPoolExecutor$Worker.run(ThreadPoolExecutor.java:617)
	at org.apache.tomcat.util.threads.TaskThread$WrappingRunnable.run(TaskThread.java:61)
	at java.lang.Thread.run(Thread.java:745)

13-Jun-2023 12:06:15.436 심각 [http-nio-8855-exec-245] org.apache.catalina.core.StandardWrapperValve.invoke Servlet.service() for servlet [appServlet] in context with path [] threw exception [Request processing failed; nested exception is org.mybatis.spring.MyBatisSystemException: nested exception is org.apache.ibatis.exceptions.PersistenceException: 
### Error querying database.  Cause: org.springframework.jdbc.CannotGetJdbcConnectionException: Failed to obtain JDBC Connection; nested exception is com.microsoft.sqlserver.jdbc.SQLServerException: 호스트 61.32.101.234, 포트 1433에 대한 TCP/IP 연결에 실패했습니다. 오류: "connect timed out. 연결 속성을 확인하십시오. SQL Server의 인스턴스가 호스트에서 실행되고 있고 포트에서 TCP/IP 연결을 허용하고 있는지 확인하십시오. 또한 방화벽에서 포트로의 TCP 연결을 차단하지 않는지 확인하십시오.".
### The error may exist in com/daejist/login/mapper/LoginMapper.xml
### The error may involve com.daejist.login.mapper.LoginMapper.LoginMember
### The error occurred while executing a query
### Cause: org.springframework.jdbc.CannotGetJdbcConnectionException: Failed to obtain JDBC Connection; nested exception is com.microsoft.sqlserver.jdbc.SQLServerException: 호스트 61.32.101.234, 포트 1433에 대한 TCP/IP 연결에 실패했습니다. 오류: "connect timed out. 연결 속성을 확인하십시오. SQL Server의 인스턴스가 호스트에서 실행되고 있고 포트에서 TCP/IP 연결을 허용하고 있는지 확인하십시오. 또한 방화벽에서 포트로의 TCP 연결을 차단하지 않는지 확인하십시오.".] with root cause
 com.microsoft.sqlserver.jdbc.SQLServerException: 호스트 61.32.101.234, 포트 1433에 대한 TCP/IP 연결에 실패했습니다. 오류: "connect timed out. 연결 속성을 확인하십시오. SQL Server의 인스턴스가 호스트에서 실행되고 있고 포트에서 TCP/IP 연결을 허용하고 있는지 확인하십시오. 또한 방화벽에서 포트로의 TCP 연결을 차단하지 않는지 확인하십시오.".
	at com.microsoft.sqlserver.jdbc.SQLServerException.makeFromDriverError(SQLServerException.java:234)
	at com.microsoft.sqlserver.jdbc.SQLServerException.ConvertConnectExceptionToSQLServerException(SQLServerException.java:285)
	at com.microsoft.sqlserver.jdbc.SocketFinder.findSocket(IOBuffer.java:2462)
	at com.microsoft.sqlserver.jdbc.TDSChannel.open(IOBuffer.java:668)
	at com.microsoft.sqlserver.jdbc.SQLServerConnection.connectHelper(SQLServerConnection.java:2695)
	at com.microsoft.sqlserver.jdbc.SQLServerConnection.login(SQLServerConnection.java:2362)
	at com.microsoft.sqlserver.jdbc.SQLServerConnection.connectInternal(SQLServerConnection.java:2213)
	at com.microsoft.sqlserver.jdbc.SQLServerConnection.connect(SQLServerConnection.java:1276)
	at com.microsoft.sqlserver.jdbc.SQLServerDriver.connect(SQLServerDriver.java:861)
	at org.apache.commons.dbcp.DriverConnectionFactory.createConnection(DriverConnectionFactory.java:38)
	at org.apache.commons.dbcp.PoolableConnectionFactory.makeObject(PoolableConnectionFactory.java:582)
	at org.apache.commons.pool.impl.GenericObjectPool.borrowObject(GenericObjectPool.java:1148)
	at org.apache.commons.dbcp.PoolingDataSource.getConnection(PoolingDataSource.java:106)
	at org.apache.commons.dbcp.BasicDataSource.getConnection(BasicDataSource.java:1044)
	at org.springframework.jdbc.datasource.DataSourceUtils.fetchConnection(DataSourceUtils.java:157)
	at org.springframework.jdbc.datasource.DataSourceUtils.doGetConnection(DataSourceUtils.java:115)
	at org.springframework.jdbc.datasource.DataSourceUtils.getConnection(DataSourceUtils.java:78)
	at org.mybatis.spring.transaction.SpringManagedTransaction.openConnection(SpringManagedTransaction.java:80)
	at org.mybatis.spring.transaction.SpringManagedTransaction.getConnection(SpringManagedTransaction.java:67)
	at org.apache.ibatis.executor.BaseExecutor.getConnection(BaseExecutor.java:336)
	at org.apache.ibatis.executor.SimpleExecutor.prepareStatement(SimpleExecutor.java:85)
	at org.apache.ibatis.executor.SimpleExecutor.doQuery(SimpleExecutor.java:62)
	at org.apache.ibatis.executor.BaseExecutor.queryFromDatabase(BaseExecutor.java:324)
	at org.apache.ibatis.executor.BaseExecutor.query(BaseExecutor.java:156)
	at org.apache.ibatis.executor.CachingExecutor.query(CachingExecutor.java:109)
	at org.apache.ibatis.executor.CachingExecutor.query(CachingExecutor.java:83)
	at org.apache.ibatis.session.defaults.DefaultSqlSession.selectList(DefaultSqlSession.java:147)
	at org.apache.ibatis.session.defaults.DefaultSqlSession.selectList(DefaultSqlSession.java:140)
	at org.apache.ibatis.session.defaults.DefaultSqlSession.selectOne(DefaultSqlSession.java:76)
	at sun.reflect.GeneratedMethodAccessor1266.invoke(Unknown Source)
	at sun.reflect.DelegatingMethodAccessorImpl.invoke(DelegatingMethodAccessorImpl.java:43)
	at java.lang.reflect.Method.invoke(Method.java:498)
	at org.mybatis.spring.SqlSessionTemplate$SqlSessionInterceptor.invoke(SqlSessionTemplate.java:426)
	at com.sun.proxy.$Proxy366.selectOne(Unknown Source)
	at org.mybatis.spring.SqlSessionTemplate.selectOne(SqlSessionTemplate.java:159)
	at org.apache.ibatis.binding.MapperMethod.execute(MapperMethod.java:87)
	at org.apache.ibatis.binding.MapperProxy.invoke(MapperProxy.java:57)
	at com.sun.proxy.$Proxy368.LoginMember(Unknown Source)
	at com.daejist.login.service.LoginServiceImp.LoginCheck(LoginServiceImp.java:29)
	at com.daejist.login.controller.LoginController.getLogin(LoginController.java:98)
	at sun.reflect.GeneratedMethodAccessor1348.invoke(Unknown Source)
	at sun.reflect.DelegatingMethodAccessorImpl.invoke(DelegatingMethodAccessorImpl.java:43)
	at java.lang.reflect.Method.invoke(Method.java:498)
	at org.springframework.web.method.support.InvocableHandlerMethod.doInvoke(InvocableHandlerMethod.java:190)
	at org.springframework.web.method.support.InvocableHandlerMethod.invokeForRequest(InvocableHandlerMethod.java:138)
	at org.springframework.web.servlet.mvc.method.annotation.ServletInvocableHandlerMethod.invokeAndHandle(ServletInvocableHandlerMethod.java:104)
	at org.springframework.web.servlet.mvc.method.annotation.RequestMappingHandlerAdapter.invokeHandlerMethod(RequestMappingHandlerAdapter.java:892)
	at org.springframework.web.servlet.mvc.method.annotation.RequestMappingHandlerAdapter.handleInternal(RequestMappingHandlerAdapter.java:797)
	at org.springframework.web.servlet.mvc.method.AbstractHandlerMethodAdapter.handle(AbstractHandlerMethodAdapter.java:87)
	at org.springframework.web.servlet.DispatcherServlet.doDispatch(DispatcherServlet.java:1039)
	at org.springframework.web.servlet.DispatcherServlet.doService(DispatcherServlet.java:942)
	at org.springframework.web.servlet.FrameworkServlet.processRequest(FrameworkServlet.java:1005)
	at org.springframework.web.servlet.FrameworkServlet.doPost(FrameworkServlet.java:908)
	at javax.servlet.http.HttpServlet.service(HttpServlet.java:648)
	at org.springframework.web.servlet.FrameworkServlet.service(FrameworkServlet.java:882)
	at javax.servlet.http.HttpServlet.service(HttpServlet.java:729)
	at org.apache.catalina.core.ApplicationFilterChain.internalDoFilter(ApplicationFilterChain.java:292)
	at org.apache.catalina.core.ApplicationFilterChain.doFilter(ApplicationFilterChain.java:207)
	at org.apache.tomcat.websocket.server.WsFilter.doFilter(WsFilter.java:52)
	at org.apache.catalina.core.ApplicationFilterChain.internalDoFilter(ApplicationFilterChain.java:240)
	at org.apache.catalina.core.ApplicationFilterChain.doFilter(ApplicationFilterChain.java:207)
	at org.springframework.web.filter.CharacterEncodingFilter.doFilterInternal(CharacterEncodingFilter.java:200)
	at org.springframework.web.filter.OncePerRequestFilter.doFilter(OncePerRequestFilter.java:118)
	at org.apache.catalina.core.ApplicationFilterChain.internalDoFilter(ApplicationFilterChain.java:240)
	at org.apache.catalina.core.ApplicationFilterChain.doFilter(ApplicationFilterChain.java:207)
	at org.apache.catalina.core.StandardWrapperValve.invoke(StandardWrapperValve.java:212)
	at org.apache.catalina.core.StandardContextValve.invoke(StandardContextValve.java:94)
	at org.apache.catalina.core.StandardHostValve.invoke(StandardHostValve.java:141)
	at org.apache.catalina.valves.ErrorReportValve.invoke(ErrorReportValve.java:79)
	at org.apache.catalina.core.StandardEngineValve.invoke(StandardEngineValve.java:88)
	at org.apache.catalina.connector.CoyoteAdapter.service(CoyoteAdapter.java:502)
	at org.apache.coyote.http11.AbstractHttp11Processor.process(AbstractHttp11Processor.java:1132)
	at org.apache.coyote.AbstractProtocol$AbstractConnectionHandler.process(AbstractProtocol.java:684)
	at org.apache.tomcat.util.net.NioEndpoint$SocketProcessor.doRun(NioEndpoint.java:1539)
	at org.apache.tomcat.util.net.NioEndpoint$SocketProcessor.run(NioEndpoint.java:1495)
	at java.util.concurrent.ThreadPoolExecutor.runWorker(ThreadPoolExecutor.java:1142)
	at java.util.concurrent.ThreadPoolExecutor$Worker.run(ThreadPoolExecutor.java:617)
	at org.apache.tomcat.util.threads.TaskThread$WrappingRunnable.run(TaskThread.java:61)
	at java.lang.Thread.run(Thread.java:745)

13-Jun-2023 12:06:17.591 심각 [http-nio-8855-exec-226] org.apache.catalina.core.StandardWrapperValve.invoke Servlet.service() for servlet [appServlet] in context with path [] threw exception [Request processing failed; nested exception is org.mybatis.spring.MyBatisSystemException: nested exception is org.apache.ibatis.exceptions.PersistenceException: 
### Error querying database.  Cause: org.springframework.jdbc.CannotGetJdbcConnectionException: Failed to obtain JDBC Connection; nested exception is com.microsoft.sqlserver.jdbc.SQLServerException: 호스트 61.32.101.234, 포트 1433에 대한 TCP/IP 연결에 실패했습니다. 오류: "connect timed out. 연결 속성을 확인하십시오. SQL Server의 인스턴스가 호스트에서 실행되고 있고 포트에서 TCP/IP 연결을 허용하고 있는지 확인하십시오. 또한 방화벽에서 포트로의 TCP 연결을 차단하지 않는지 확인하십시오.".
### The error may exist in com/daejist/login/mapper/LoginMapper.xml
### The error may involve com.daejist.login.mapper.LoginMapper.LoginMember
### The error occurred while executing a query
### Cause: org.springframework.jdbc.CannotGetJdbcConnectionException: Failed to obtain JDBC Connection; nested exception is com.microsoft.sqlserver.jdbc.SQLServerException: 호스트 61.32.101.234, 포트 1433에 대한 TCP/IP 연결에 실패했습니다. 오류: "connect timed out. 연결 속성을 확인하십시오. SQL Server의 인스턴스가 호스트에서 실행되고 있고 포트에서 TCP/IP 연결을 허용하고 있는지 확인하십시오. 또한 방화벽에서 포트로의 TCP 연결을 차단하지 않는지 확인하십시오.".] with root cause
 com.microsoft.sqlserver.jdbc.SQLServerException: 호스트 61.32.101.234, 포트 1433에 대한 TCP/IP 연결에 실패했습니다. 오류: "connect timed out. 연결 속성을 확인하십시오. SQL Server의 인스턴스가 호스트에서 실행되고 있고 포트에서 TCP/IP 연결을 허용하고 있는지 확인하십시오. 또한 방화벽에서 포트로의 TCP 연결을 차단하지 않는지 확인하십시오.".
	at com.microsoft.sqlserver.jdbc.SQLServerException.makeFromDriverError(SQLServerException.java:234)
	at com.microsoft.sqlserver.jdbc.SQLServerException.ConvertConnectExceptionToSQLServerException(SQLServerException.java:285)
	at com.microsoft.sqlserver.jdbc.SocketFinder.findSocket(IOBuffer.java:2462)
	at com.microsoft.sqlserver.jdbc.TDSChannel.open(IOBuffer.java:668)
	at com.microsoft.sqlserver.jdbc.SQLServerConnection.connectHelper(SQLServerConnection.java:2695)
	at com.microsoft.sqlserver.jdbc.SQLServerConnection.login(SQLServerConnection.java:2362)
	at com.microsoft.sqlserver.jdbc.SQLServerConnection.connectInternal(SQLServerConnection.java:2213)
	at com.microsoft.sqlserver.jdbc.SQLServerConnection.connect(SQLServerConnection.java:1276)
	at com.microsoft.sqlserver.jdbc.SQLServerDriver.connect(SQLServerDriver.java:861)
	at org.apache.commons.dbcp.DriverConnectionFactory.createConnection(DriverConnectionFactory.java:38)
	at org.apache.commons.dbcp.PoolableConnectionFactory.makeObject(PoolableConnectionFactory.java:582)
	at org.apache.commons.pool.impl.GenericObjectPool.borrowObject(GenericObjectPool.java:1148)
	at org.apache.commons.dbcp.PoolingDataSource.getConnection(PoolingDataSource.java:106)
	at org.apache.commons.dbcp.BasicDataSource.getConnection(BasicDataSource.java:1044)
	at org.springframework.jdbc.datasource.DataSourceUtils.fetchConnection(DataSourceUtils.java:157)
	at org.springframework.jdbc.datasource.DataSourceUtils.doGetConnection(DataSourceUtils.java:115)
	at org.springframework.jdbc.datasource.DataSourceUtils.getConnection(DataSourceUtils.java:78)
	at org.mybatis.spring.transaction.SpringManagedTransaction.openConnection(SpringManagedTransaction.java:80)
	at org.mybatis.spring.transaction.SpringManagedTransaction.getConnection(SpringManagedTransaction.java:67)
	at org.apache.ibatis.executor.BaseExecutor.getConnection(BaseExecutor.java:336)
	at org.apache.ibatis.executor.SimpleExecutor.prepareStatement(SimpleExecutor.java:85)
	at org.apache.ibatis.executor.SimpleExecutor.doQuery(SimpleExecutor.java:62)
	at org.apache.ibatis.executor.BaseExecutor.queryFromDatabase(BaseExecutor.java:324)
	at org.apache.ibatis.executor.BaseExecutor.query(BaseExecutor.java:156)
	at org.apache.ibatis.executor.CachingExecutor.query(CachingExecutor.java:109)
	at org.apache.ibatis.executor.CachingExecutor.query(CachingExecutor.java:83)
	at org.apache.ibatis.session.defaults.DefaultSqlSession.selectList(DefaultSqlSession.java:147)
	at org.apache.ibatis.session.defaults.DefaultSqlSession.selectList(DefaultSqlSession.java:140)
	at org.apache.ibatis.session.defaults.DefaultSqlSession.selectOne(DefaultSqlSession.java:76)
	at sun.reflect.GeneratedMethodAccessor1266.invoke(Unknown Source)
	at sun.reflect.DelegatingMethodAccessorImpl.invoke(DelegatingMethodAccessorImpl.java:43)
	at java.lang.reflect.Method.invoke(Method.java:498)
	at org.mybatis.spring.SqlSessionTemplate$SqlSessionInterceptor.invoke(SqlSessionTemplate.java:426)
	at com.sun.proxy.$Proxy366.selectOne(Unknown Source)
	at org.mybatis.spring.SqlSessionTemplate.selectOne(SqlSessionTemplate.java:159)
	at org.apache.ibatis.binding.MapperMethod.execute(MapperMethod.java:87)
	at org.apache.ibatis.binding.MapperProxy.invoke(MapperProxy.java:57)
	at com.sun.proxy.$Proxy368.LoginMember(Unknown Source)
	at com.daejist.login.service.LoginServiceImp.LoginCheck(LoginServiceImp.java:29)
	at com.daejist.login.controller.LoginController.getLogin(LoginController.java:98)
	at sun.reflect.GeneratedMethodAccessor1348.invoke(Unknown Source)
	at sun.reflect.DelegatingMethodAccessorImpl.invoke(DelegatingMethodAccessorImpl.java:43)
	at java.lang.reflect.Method.invoke(Method.java:498)
	at org.springframework.web.method.support.InvocableHandlerMethod.doInvoke(InvocableHandlerMethod.java:190)
	at org.springframework.web.method.support.InvocableHandlerMethod.invokeForRequest(InvocableHandlerMethod.java:138)
	at org.springframework.web.servlet.mvc.method.annotation.ServletInvocableHandlerMethod.invokeAndHandle(ServletInvocableHandlerMethod.java:104)
	at org.springframework.web.servlet.mvc.method.annotation.RequestMappingHandlerAdapter.invokeHandlerMethod(RequestMappingHandlerAdapter.java:892)
	at org.springframework.web.servlet.mvc.method.annotation.RequestMappingHandlerAdapter.handleInternal(RequestMappingHandlerAdapter.java:797)
	at org.springframework.web.servlet.mvc.method.AbstractHandlerMethodAdapter.handle(AbstractHandlerMethodAdapter.java:87)
	at org.springframework.web.servlet.DispatcherServlet.doDispatch(DispatcherServlet.java:1039)
	at org.springframework.web.servlet.DispatcherServlet.doService(DispatcherServlet.java:942)
	at org.springframework.web.servlet.FrameworkServlet.processRequest(FrameworkServlet.java:1005)
	at org.springframework.web.servlet.FrameworkServlet.doPost(FrameworkServlet.java:908)
	at javax.servlet.http.HttpServlet.service(HttpServlet.java:648)
	at org.springframework.web.servlet.FrameworkServlet.service(FrameworkServlet.java:882)
	at javax.servlet.http.HttpServlet.service(HttpServlet.java:729)
	at org.apache.catalina.core.ApplicationFilterChain.internalDoFilter(ApplicationFilterChain.java:292)
	at org.apache.catalina.core.ApplicationFilterChain.doFilter(ApplicationFilterChain.java:207)
	at org.apache.tomcat.websocket.server.WsFilter.doFilter(WsFilter.java:52)
	at org.apache.catalina.core.ApplicationFilterChain.internalDoFilter(ApplicationFilterChain.java:240)
	at org.apache.catalina.core.ApplicationFilterChain.doFilter(ApplicationFilterChain.java:207)
	at org.springframework.web.filter.CharacterEncodingFilter.doFilterInternal(CharacterEncodingFilter.java:200)
	at org.springframework.web.filter.OncePerRequestFilter.doFilter(OncePerRequestFilter.java:118)
	at org.apache.catalina.core.ApplicationFilterChain.internalDoFilter(ApplicationFilterChain.java:240)
	at org.apache.catalina.core.ApplicationFilterChain.doFilter(ApplicationFilterChain.java:207)
	at org.apache.catalina.core.StandardWrapperValve.invoke(StandardWrapperValve.java:212)
	at org.apache.catalina.core.StandardContextValve.invoke(StandardContextValve.java:94)
	at org.apache.catalina.core.StandardHostValve.invoke(StandardHostValve.java:141)
	at org.apache.catalina.valves.ErrorReportValve.invoke(ErrorReportValve.java:79)
	at org.apache.catalina.core.StandardEngineValve.invoke(StandardEngineValve.java:88)
	at org.apache.catalina.connector.CoyoteAdapter.service(CoyoteAdapter.java:502)
	at org.apache.coyote.http11.AbstractHttp11Processor.process(AbstractHttp11Processor.java:1132)
	at org.apache.coyote.AbstractProtocol$AbstractConnectionHandler.process(AbstractProtocol.java:684)
	at org.apache.tomcat.util.net.NioEndpoint$SocketProcessor.doRun(NioEndpoint.java:1539)
	at org.apache.tomcat.util.net.NioEndpoint$SocketProcessor.run(NioEndpoint.java:1495)
	at java.util.concurrent.ThreadPoolExecutor.runWorker(ThreadPoolExecutor.java:1142)
	at java.util.concurrent.ThreadPoolExecutor$Worker.run(ThreadPoolExecutor.java:617)
	at org.apache.tomcat.util.threads.TaskThread$WrappingRunnable.run(TaskThread.java:61)
	at java.lang.Thread.run(Thread.java:745)

13-Jun-2023 12:06:19.236 심각 [http-nio-8855-exec-246] org.apache.catalina.core.StandardWrapperValve.invoke Servlet.service() for servlet [appServlet] in context with path [] threw exception [Request processing failed; nested exception is org.mybatis.spring.MyBatisSystemException: nested exception is org.apache.ibatis.exceptions.PersistenceException: 
### Error querying database.  Cause: org.springframework.jdbc.CannotGetJdbcConnectionException: Failed to obtain JDBC Connection; nested exception is com.microsoft.sqlserver.jdbc.SQLServerException: 호스트 61.32.101.234, 포트 1433에 대한 TCP/IP 연결에 실패했습니다. 오류: "connect timed out. 연결 속성을 확인하십시오. SQL Server의 인스턴스가 호스트에서 실행되고 있고 포트에서 TCP/IP 연결을 허용하고 있는지 확인하십시오. 또한 방화벽에서 포트로의 TCP 연결을 차단하지 않는지 확인하십시오.".
### The error may exist in com/daejist/login/mapper/LoginMapper.xml
### The error may involve com.daejist.login.mapper.LoginMapper.LoginMember
### The error occurred while executing a query
### Cause: org.springframework.jdbc.CannotGetJdbcConnectionException: Failed to obtain JDBC Connection; nested exception is com.microsoft.sqlserver.jdbc.SQLServerException: 호스트 61.32.101.234, 포트 1433에 대한 TCP/IP 연결에 실패했습니다. 오류: "connect timed out. 연결 속성을 확인하십시오. SQL Server의 인스턴스가 호스트에서 실행되고 있고 포트에서 TCP/IP 연결을 허용하고 있는지 확인하십시오. 또한 방화벽에서 포트로의 TCP 연결을 차단하지 않는지 확인하십시오.".] with root cause
 com.microsoft.sqlserver.jdbc.SQLServerException: 호스트 61.32.101.234, 포트 1433에 대한 TCP/IP 연결에 실패했습니다. 오류: "connect timed out. 연결 속성을 확인하십시오. SQL Server의 인스턴스가 호스트에서 실행되고 있고 포트에서 TCP/IP 연결을 허용하고 있는지 확인하십시오. 또한 방화벽에서 포트로의 TCP 연결을 차단하지 않는지 확인하십시오.".
	at com.microsoft.sqlserver.jdbc.SQLServerException.makeFromDriverError(SQLServerException.java:234)
	at com.microsoft.sqlserver.jdbc.SQLServerException.ConvertConnectExceptionToSQLServerException(SQLServerException.java:285)
	at com.microsoft.sqlserver.jdbc.SocketFinder.findSocket(IOBuffer.java:2462)
	at com.microsoft.sqlserver.jdbc.TDSChannel.open(IOBuffer.java:668)
	at com.microsoft.sqlserver.jdbc.SQLServerConnection.connectHelper(SQLServerConnection.java:2695)
	at com.microsoft.sqlserver.jdbc.SQLServerConnection.login(SQLServerConnection.java:2362)
	at com.microsoft.sqlserver.jdbc.SQLServerConnection.connectInternal(SQLServerConnection.java:2213)
	at com.microsoft.sqlserver.jdbc.SQLServerConnection.connect(SQLServerConnection.java:1276)
	at com.microsoft.sqlserver.jdbc.SQLServerDriver.connect(SQLServerDriver.java:861)
	at org.apache.commons.dbcp.DriverConnectionFactory.createConnection(DriverConnectionFactory.java:38)
	at org.apache.commons.dbcp.PoolableConnectionFactory.makeObject(PoolableConnectionFactory.java:582)
	at org.apache.commons.pool.impl.GenericObjectPool.borrowObject(GenericObjectPool.java:1148)
	at org.apache.commons.dbcp.PoolingDataSource.getConnection(PoolingDataSource.java:106)
	at org.apache.commons.dbcp.BasicDataSource.getConnection(BasicDataSource.java:1044)
	at org.springframework.jdbc.datasource.DataSourceUtils.fetchConnection(DataSourceUtils.java:157)
	at org.springframework.jdbc.datasource.DataSourceUtils.doGetConnection(DataSourceUtils.java:115)
	at org.springframework.jdbc.datasource.DataSourceUtils.getConnection(DataSourceUtils.java:78)
	at org.mybatis.spring.transaction.SpringManagedTransaction.openConnection(SpringManagedTransaction.java:80)
	at org.mybatis.spring.transaction.SpringManagedTransaction.getConnection(SpringManagedTransaction.java:67)
	at org.apache.ibatis.executor.BaseExecutor.getConnection(BaseExecutor.java:336)
	at org.apache.ibatis.executor.SimpleExecutor.prepareStatement(SimpleExecutor.java:85)
	at org.apache.ibatis.executor.SimpleExecutor.doQuery(SimpleExecutor.java:62)
	at org.apache.ibatis.executor.BaseExecutor.queryFromDatabase(BaseExecutor.java:324)
	at org.apache.ibatis.executor.BaseExecutor.query(BaseExecutor.java:156)
	at org.apache.ibatis.executor.CachingExecutor.query(CachingExecutor.java:109)
	at org.apache.ibatis.executor.CachingExecutor.query(CachingExecutor.java:83)
	at org.apache.ibatis.session.defaults.DefaultSqlSession.selectList(DefaultSqlSession.java:147)
	at org.apache.ibatis.session.defaults.DefaultSqlSession.selectList(DefaultSqlSession.java:140)
	at org.apache.ibatis.session.defaults.DefaultSqlSession.selectOne(DefaultSqlSession.java:76)
	at sun.reflect.GeneratedMethodAccessor1266.invoke(Unknown Source)
	at sun.reflect.DelegatingMethodAccessorImpl.invoke(DelegatingMethodAccessorImpl.java:43)
	at java.lang.reflect.Method.invoke(Method.java:498)
	at org.mybatis.spring.SqlSessionTemplate$SqlSessionInterceptor.invoke(SqlSessionTemplate.java:426)
	at com.sun.proxy.$Proxy366.selectOne(Unknown Source)
	at org.mybatis.spring.SqlSessionTemplate.selectOne(SqlSessionTemplate.java:159)
	at org.apache.ibatis.binding.MapperMethod.execute(MapperMethod.java:87)
	at org.apache.ibatis.binding.MapperProxy.invoke(MapperProxy.java:57)
	at com.sun.proxy.$Proxy368.LoginMember(Unknown Source)
	at com.daejist.login.service.LoginServiceImp.LoginCheck(LoginServiceImp.java:29)
	at com.daejist.login.controller.LoginController.getLogin(LoginController.java:98)
	at sun.reflect.GeneratedMethodAccessor1348.invoke(Unknown Source)
	at sun.reflect.DelegatingMethodAccessorImpl.invoke(DelegatingMethodAccessorImpl.java:43)
	at java.lang.reflect.Method.invoke(Method.java:498)
	at org.springframework.web.method.support.InvocableHandlerMethod.doInvoke(InvocableHandlerMethod.java:190)
	at org.springframework.web.method.support.InvocableHandlerMethod.invokeForRequest(InvocableHandlerMethod.java:138)
	at org.springframework.web.servlet.mvc.method.annotation.ServletInvocableHandlerMethod.invokeAndHandle(ServletInvocableHandlerMethod.java:104)
	at org.springframework.web.servlet.mvc.method.annotation.RequestMappingHandlerAdapter.invokeHandlerMethod(RequestMappingHandlerAdapter.java:892)
	at org.springframework.web.servlet.mvc.method.annotation.RequestMappingHandlerAdapter.handleInternal(RequestMappingHandlerAdapter.java:797)
	at org.springframework.web.servlet.mvc.method.AbstractHandlerMethodAdapter.handle(AbstractHandlerMethodAdapter.java:87)
	at org.springframework.web.servlet.DispatcherServlet.doDispatch(DispatcherServlet.java:1039)
	at org.springframework.web.servlet.DispatcherServlet.doService(DispatcherServlet.java:942)
	at org.springframework.web.servlet.FrameworkServlet.processRequest(FrameworkServlet.java:1005)
	at org.springframework.web.servlet.FrameworkServlet.doPost(FrameworkServlet.java:908)
	at javax.servlet.http.HttpServlet.service(HttpServlet.java:648)
	at org.springframework.web.servlet.FrameworkServlet.service(FrameworkServlet.java:882)
	at javax.servlet.http.HttpServlet.service(HttpServlet.java:729)
	at org.apache.catalina.core.ApplicationFilterChain.internalDoFilter(ApplicationFilterChain.java:292)
	at org.apache.catalina.core.ApplicationFilterChain.doFilter(ApplicationFilterChain.java:207)
	at org.apache.tomcat.websocket.server.WsFilter.doFilter(WsFilter.java:52)
	at org.apache.catalina.core.ApplicationFilterChain.internalDoFilter(ApplicationFilterChain.java:240)
	at org.apache.catalina.core.ApplicationFilterChain.doFilter(ApplicationFilterChain.java:207)
	at org.springframework.web.filter.CharacterEncodingFilter.doFilterInternal(CharacterEncodingFilter.java:200)
	at org.springframework.web.filter.OncePerRequestFilter.doFilter(OncePerRequestFilter.java:118)
	at org.apache.catalina.core.ApplicationFilterChain.internalDoFilter(ApplicationFilterChain.java:240)
	at org.apache.catalina.core.ApplicationFilterChain.doFilter(ApplicationFilterChain.java:207)
	at org.apache.catalina.core.StandardWrapperValve.invoke(StandardWrapperValve.java:212)
	at org.apache.catalina.core.StandardContextValve.invoke(StandardContextValve.java:94)
	at org.apache.catalina.core.StandardHostValve.invoke(StandardHostValve.java:141)
	at org.apache.catalina.valves.ErrorReportValve.invoke(ErrorReportValve.java:79)
	at org.apache.catalina.core.StandardEngineValve.invoke(StandardEngineValve.java:88)
	at org.apache.catalina.connector.CoyoteAdapter.service(CoyoteAdapter.java:502)
	at org.apache.coyote.http11.AbstractHttp11Processor.process(AbstractHttp11Processor.java:1132)
	at org.apache.coyote.AbstractProtocol$AbstractConnectionHandler.process(AbstractProtocol.java:684)
	at org.apache.tomcat.util.net.NioEndpoint$SocketProcessor.doRun(NioEndpoint.java:1539)
	at org.apache.tomcat.util.net.NioEndpoint$SocketProcessor.run(NioEndpoint.java:1495)
	at java.util.concurrent.ThreadPoolExecutor.runWorker(ThreadPoolExecutor.java:1142)
	at java.util.concurrent.ThreadPoolExecutor$Worker.run(ThreadPoolExecutor.java:617)
	at org.apache.tomcat.util.threads.TaskThread$WrappingRunnable.run(TaskThread.java:61)
	at java.lang.Thread.run(Thread.java:745)

13-Jun-2023 12:06:21.025 심각 [http-nio-8855-exec-224] org.apache.catalina.core.StandardWrapperValve.invoke Servlet.service() for servlet [appServlet] in context with path [] threw exception [Request processing failed; nested exception is org.mybatis.spring.MyBatisSystemException: nested exception is org.apache.ibatis.exceptions.PersistenceException: 
### Error querying database.  Cause: org.springframework.jdbc.CannotGetJdbcConnectionException: Failed to obtain JDBC Connection; nested exception is com.microsoft.sqlserver.jdbc.SQLServerException: 호스트 61.32.101.234, 포트 1433에 대한 TCP/IP 연결에 실패했습니다. 오류: "connect timed out. 연결 속성을 확인하십시오. SQL Server의 인스턴스가 호스트에서 실행되고 있고 포트에서 TCP/IP 연결을 허용하고 있는지 확인하십시오. 또한 방화벽에서 포트로의 TCP 연결을 차단하지 않는지 확인하십시오.".
### The error may exist in com/daejist/login/mapper/LoginMapper.xml
### The error may involve com.daejist.login.mapper.LoginMapper.LoginMember
### The error occurred while executing a query
### Cause: org.springframework.jdbc.CannotGetJdbcConnectionException: Failed to obtain JDBC Connection; nested exception is com.microsoft.sqlserver.jdbc.SQLServerException: 호스트 61.32.101.234, 포트 1433에 대한 TCP/IP 연결에 실패했습니다. 오류: "connect timed out. 연결 속성을 확인하십시오. SQL Server의 인스턴스가 호스트에서 실행되고 있고 포트에서 TCP/IP 연결을 허용하고 있는지 확인하십시오. 또한 방화벽에서 포트로의 TCP 연결을 차단하지 않는지 확인하십시오.".] with root cause
 com.microsoft.sqlserver.jdbc.SQLServerException: 호스트 61.32.101.234, 포트 1433에 대한 TCP/IP 연결에 실패했습니다. 오류: "connect timed out. 연결 속성을 확인하십시오. SQL Server의 인스턴스가 호스트에서 실행되고 있고 포트에서 TCP/IP 연결을 허용하고 있는지 확인하십시오. 또한 방화벽에서 포트로의 TCP 연결을 차단하지 않는지 확인하십시오.".
	at com.microsoft.sqlserver.jdbc.SQLServerException.makeFromDriverError(SQLServerException.java:234)
	at com.microsoft.sqlserver.jdbc.SQLServerException.ConvertConnectExceptionToSQLServerException(SQLServerException.java:285)
	at com.microsoft.sqlserver.jdbc.SocketFinder.findSocket(IOBuffer.java:2462)
	at com.microsoft.sqlserver.jdbc.TDSChannel.open(IOBuffer.java:668)
	at com.microsoft.sqlserver.jdbc.SQLServerConnection.connectHelper(SQLServerConnection.java:2695)
	at com.microsoft.sqlserver.jdbc.SQLServerConnection.login(SQLServerConnection.java:2362)
	at com.microsoft.sqlserver.jdbc.SQLServerConnection.connectInternal(SQLServerConnection.java:2213)
	at com.microsoft.sqlserver.jdbc.SQLServerConnection.connect(SQLServerConnection.java:1276)
	at com.microsoft.sqlserver.jdbc.SQLServerDriver.connect(SQLServerDriver.java:861)
	at org.apache.commons.dbcp.DriverConnectionFactory.createConnection(DriverConnectionFactory.java:38)
	at org.apache.commons.dbcp.PoolableConnectionFactory.makeObject(PoolableConnectionFactory.java:582)
	at org.apache.commons.pool.impl.GenericObjectPool.borrowObject(GenericObjectPool.java:1148)
	at org.apache.commons.dbcp.PoolingDataSource.getConnection(PoolingDataSource.java:106)
	at org.apache.commons.dbcp.BasicDataSource.getConnection(BasicDataSource.java:1044)
	at org.springframework.jdbc.datasource.DataSourceUtils.fetchConnection(DataSourceUtils.java:157)
	at org.springframework.jdbc.datasource.DataSourceUtils.doGetConnection(DataSourceUtils.java:115)
	at org.springframework.jdbc.datasource.DataSourceUtils.getConnection(DataSourceUtils.java:78)
	at org.mybatis.spring.transaction.SpringManagedTransaction.openConnection(SpringManagedTransaction.java:80)
	at org.mybatis.spring.transaction.SpringManagedTransaction.getConnection(SpringManagedTransaction.java:67)
	at org.apache.ibatis.executor.BaseExecutor.getConnection(BaseExecutor.java:336)
	at org.apache.ibatis.executor.SimpleExecutor.prepareStatement(SimpleExecutor.java:85)
	at org.apache.ibatis.executor.SimpleExecutor.doQuery(SimpleExecutor.java:62)
	at org.apache.ibatis.executor.BaseExecutor.queryFromDatabase(BaseExecutor.java:324)
	at org.apache.ibatis.executor.BaseExecutor.query(BaseExecutor.java:156)
	at org.apache.ibatis.executor.CachingExecutor.query(CachingExecutor.java:109)
	at org.apache.ibatis.executor.CachingExecutor.query(CachingExecutor.java:83)
	at org.apache.ibatis.session.defaults.DefaultSqlSession.selectList(DefaultSqlSession.java:147)
	at org.apache.ibatis.session.defaults.DefaultSqlSession.selectList(DefaultSqlSession.java:140)
	at org.apache.ibatis.session.defaults.DefaultSqlSession.selectOne(DefaultSqlSession.java:76)
	at sun.reflect.GeneratedMethodAccessor1266.invoke(Unknown Source)
	at sun.reflect.DelegatingMethodAccessorImpl.invoke(DelegatingMethodAccessorImpl.java:43)
	at java.lang.reflect.Method.invoke(Method.java:498)
	at org.mybatis.spring.SqlSessionTemplate$SqlSessionInterceptor.invoke(SqlSessionTemplate.java:426)
	at com.sun.proxy.$Proxy366.selectOne(Unknown Source)
	at org.mybatis.spring.SqlSessionTemplate.selectOne(SqlSessionTemplate.java:159)
	at org.apache.ibatis.binding.MapperMethod.execute(MapperMethod.java:87)
	at org.apache.ibatis.binding.MapperProxy.invoke(MapperProxy.java:57)
	at com.sun.proxy.$Proxy368.LoginMember(Unknown Source)
	at com.daejist.login.service.LoginServiceImp.LoginCheck(LoginServiceImp.java:29)
	at com.daejist.login.controller.LoginController.getLogin(LoginController.java:98)
	at sun.reflect.GeneratedMethodAccessor1348.invoke(Unknown Source)
	at sun.reflect.DelegatingMethodAccessorImpl.invoke(DelegatingMethodAccessorImpl.java:43)
	at java.lang.reflect.Method.invoke(Method.java:498)
	at org.springframework.web.method.support.InvocableHandlerMethod.doInvoke(InvocableHandlerMethod.java:190)
	at org.springframework.web.method.support.InvocableHandlerMethod.invokeForRequest(InvocableHandlerMethod.java:138)
	at org.springframework.web.servlet.mvc.method.annotation.ServletInvocableHandlerMethod.invokeAndHandle(ServletInvocableHandlerMethod.java:104)
	at org.springframework.web.servlet.mvc.method.annotation.RequestMappingHandlerAdapter.invokeHandlerMethod(RequestMappingHandlerAdapter.java:892)
	at org.springframework.web.servlet.mvc.method.annotation.RequestMappingHandlerAdapter.handleInternal(RequestMappingHandlerAdapter.java:797)
	at org.springframework.web.servlet.mvc.method.AbstractHandlerMethodAdapter.handle(AbstractHandlerMethodAdapter.java:87)
	at org.springframework.web.servlet.DispatcherServlet.doDispatch(DispatcherServlet.java:1039)
	at org.springframework.web.servlet.DispatcherServlet.doService(DispatcherServlet.java:942)
	at org.springframework.web.servlet.FrameworkServlet.processRequest(FrameworkServlet.java:1005)
	at org.springframework.web.servlet.FrameworkServlet.doPost(FrameworkServlet.java:908)
	at javax.servlet.http.HttpServlet.service(HttpServlet.java:648)
	at org.springframework.web.servlet.FrameworkServlet.service(FrameworkServlet.java:882)
	at javax.servlet.http.HttpServlet.service(HttpServlet.java:729)
	at org.apache.catalina.core.ApplicationFilterChain.internalDoFilter(ApplicationFilterChain.java:292)
	at org.apache.catalina.core.ApplicationFilterChain.doFilter(ApplicationFilterChain.java:207)
	at org.apache.tomcat.websocket.server.WsFilter.doFilter(WsFilter.java:52)
	at org.apache.catalina.core.ApplicationFilterChain.internalDoFilter(ApplicationFilterChain.java:240)
	at org.apache.catalina.core.ApplicationFilterChain.doFilter(ApplicationFilterChain.java:207)
	at org.springframework.web.filter.CharacterEncodingFilter.doFilterInternal(CharacterEncodingFilter.java:200)
	at org.springframework.web.filter.OncePerRequestFilter.doFilter(OncePerRequestFilter.java:118)
	at org.apache.catalina.core.ApplicationFilterChain.internalDoFilter(ApplicationFilterChain.java:240)
	at org.apache.catalina.core.ApplicationFilterChain.doFilter(ApplicationFilterChain.java:207)
	at org.apache.catalina.core.StandardWrapperValve.invoke(StandardWrapperValve.java:212)
	at org.apache.catalina.core.StandardContextValve.invoke(StandardContextValve.java:94)
	at org.apache.catalina.core.StandardHostValve.invoke(StandardHostValve.java:141)
	at org.apache.catalina.valves.ErrorReportValve.invoke(ErrorReportValve.java:79)
	at org.apache.catalina.core.StandardEngineValve.invoke(StandardEngineValve.java:88)
	at org.apache.catalina.connector.CoyoteAdapter.service(CoyoteAdapter.java:502)
	at org.apache.coyote.http11.AbstractHttp11Processor.process(AbstractHttp11Processor.java:1132)
	at org.apache.coyote.AbstractProtocol$AbstractConnectionHandler.process(AbstractProtocol.java:684)
	at org.apache.tomcat.util.net.NioEndpoint$SocketProcessor.doRun(NioEndpoint.java:1539)
	at org.apache.tomcat.util.net.NioEndpoint$SocketProcessor.run(NioEndpoint.java:1495)
	at java.util.concurrent.ThreadPoolExecutor.runWorker(ThreadPoolExecutor.java:1142)
	at java.util.concurrent.ThreadPoolExecutor$Worker.run(ThreadPoolExecutor.java:617)
	at org.apache.tomcat.util.threads.TaskThread$WrappingRunnable.run(TaskThread.java:61)
	at java.lang.Thread.run(Thread.java:745)

13-Jun-2023 12:06:22.868 심각 [http-nio-8855-exec-247] org.apache.catalina.core.StandardWrapperValve.invoke Servlet.service() for servlet [appServlet] in context with path [] threw exception [Request processing failed; nested exception is org.mybatis.spring.MyBatisSystemException: nested exception is org.apache.ibatis.exceptions.PersistenceException: 
### Error querying database.  Cause: org.springframework.jdbc.CannotGetJdbcConnectionException: Failed to obtain JDBC Connection; nested exception is com.microsoft.sqlserver.jdbc.SQLServerException: 호스트 61.32.101.234, 포트 1433에 대한 TCP/IP 연결에 실패했습니다. 오류: "connect timed out. 연결 속성을 확인하십시오. SQL Server의 인스턴스가 호스트에서 실행되고 있고 포트에서 TCP/IP 연결을 허용하고 있는지 확인하십시오. 또한 방화벽에서 포트로의 TCP 연결을 차단하지 않는지 확인하십시오.".
### The error may exist in com/daejist/login/mapper/LoginMapper.xml
### The error may involve com.daejist.login.mapper.LoginMapper.LoginMember
### The error occurred while executing a query
### Cause: org.springframework.jdbc.CannotGetJdbcConnectionException: Failed to obtain JDBC Connection; nested exception is com.microsoft.sqlserver.jdbc.SQLServerException: 호스트 61.32.101.234, 포트 1433에 대한 TCP/IP 연결에 실패했습니다. 오류: "connect timed out. 연결 속성을 확인하십시오. SQL Server의 인스턴스가 호스트에서 실행되고 있고 포트에서 TCP/IP 연결을 허용하고 있는지 확인하십시오. 또한 방화벽에서 포트로의 TCP 연결을 차단하지 않는지 확인하십시오.".] with root cause
 com.microsoft.sqlserver.jdbc.SQLServerException: 호스트 61.32.101.234, 포트 1433에 대한 TCP/IP 연결에 실패했습니다. 오류: "connect timed out. 연결 속성을 확인하십시오. SQL Server의 인스턴스가 호스트에서 실행되고 있고 포트에서 TCP/IP 연결을 허용하고 있는지 확인하십시오. 또한 방화벽에서 포트로의 TCP 연결을 차단하지 않는지 확인하십시오.".
	at com.microsoft.sqlserver.jdbc.SQLServerException.makeFromDriverError(SQLServerException.java:234)
	at com.microsoft.sqlserver.jdbc.SQLServerException.ConvertConnectExceptionToSQLServerException(SQLServerException.java:285)
	at com.microsoft.sqlserver.jdbc.SocketFinder.findSocket(IOBuffer.java:2462)
	at com.microsoft.sqlserver.jdbc.TDSChannel.open(IOBuffer.java:668)
	at com.microsoft.sqlserver.jdbc.SQLServerConnection.connectHelper(SQLServerConnection.java:2695)
	at com.microsoft.sqlserver.jdbc.SQLServerConnection.login(SQLServerConnection.java:2362)
	at com.microsoft.sqlserver.jdbc.SQLServerConnection.connectInternal(SQLServerConnection.java:2213)
	at com.microsoft.sqlserver.jdbc.SQLServerConnection.connect(SQLServerConnection.java:1276)
	at com.microsoft.sqlserver.jdbc.SQLServerDriver.connect(SQLServerDriver.java:861)
	at org.apache.commons.dbcp.DriverConnectionFactory.createConnection(DriverConnectionFactory.java:38)
	at org.apache.commons.dbcp.PoolableConnectionFactory.makeObject(PoolableConnectionFactory.java:582)
	at org.apache.commons.pool.impl.GenericObjectPool.borrowObject(GenericObjectPool.java:1148)
	at org.apache.commons.dbcp.PoolingDataSource.getConnection(PoolingDataSource.java:106)
	at org.apache.commons.dbcp.BasicDataSource.getConnection(BasicDataSource.java:1044)
	at org.springframework.jdbc.datasource.DataSourceUtils.fetchConnection(DataSourceUtils.java:157)
	at org.springframework.jdbc.datasource.DataSourceUtils.doGetConnection(DataSourceUtils.java:115)
	at org.springframework.jdbc.datasource.DataSourceUtils.getConnection(DataSourceUtils.java:78)
	at org.mybatis.spring.transaction.SpringManagedTransaction.openConnection(SpringManagedTransaction.java:80)
	at org.mybatis.spring.transaction.SpringManagedTransaction.getConnection(SpringManagedTransaction.java:67)
	at org.apache.ibatis.executor.BaseExecutor.getConnection(BaseExecutor.java:336)
	at org.apache.ibatis.executor.SimpleExecutor.prepareStatement(SimpleExecutor.java:85)
	at org.apache.ibatis.executor.SimpleExecutor.doQuery(SimpleExecutor.java:62)
	at org.apache.ibatis.executor.BaseExecutor.queryFromDatabase(BaseExecutor.java:324)
	at org.apache.ibatis.executor.BaseExecutor.query(BaseExecutor.java:156)
	at org.apache.ibatis.executor.CachingExecutor.query(CachingExecutor.java:109)
	at org.apache.ibatis.executor.CachingExecutor.query(CachingExecutor.java:83)
	at org.apache.ibatis.session.defaults.DefaultSqlSession.selectList(DefaultSqlSession.java:147)
	at org.apache.ibatis.session.defaults.DefaultSqlSession.selectList(DefaultSqlSession.java:140)
	at org.apache.ibatis.session.defaults.DefaultSqlSession.selectOne(DefaultSqlSession.java:76)
	at sun.reflect.GeneratedMethodAccessor1266.invoke(Unknown Source)
	at sun.reflect.DelegatingMethodAccessorImpl.invoke(DelegatingMethodAccessorImpl.java:43)
	at java.lang.reflect.Method.invoke(Method.java:498)
	at org.mybatis.spring.SqlSessionTemplate$SqlSessionInterceptor.invoke(SqlSessionTemplate.java:426)
	at com.sun.proxy.$Proxy366.selectOne(Unknown Source)
	at org.mybatis.spring.SqlSessionTemplate.selectOne(SqlSessionTemplate.java:159)
	at org.apache.ibatis.binding.MapperMethod.execute(MapperMethod.java:87)
	at org.apache.ibatis.binding.MapperProxy.invoke(MapperProxy.java:57)
	at com.sun.proxy.$Proxy368.LoginMember(Unknown Source)
	at com.daejist.login.service.LoginServiceImp.LoginCheck(LoginServiceImp.java:29)
	at com.daejist.login.controller.LoginController.getLogin(LoginController.java:98)
	at sun.reflect.GeneratedMethodAccessor1348.invoke(Unknown Source)
	at sun.reflect.DelegatingMethodAccessorImpl.invoke(DelegatingMethodAccessorImpl.java:43)
	at java.lang.reflect.Method.invoke(Method.java:498)
	at org.springframework.web.method.support.InvocableHandlerMethod.doInvoke(InvocableHandlerMethod.java:190)
	at org.springframework.web.method.support.InvocableHandlerMethod.invokeForRequest(InvocableHandlerMethod.java:138)
	at org.springframework.web.servlet.mvc.method.annotation.ServletInvocableHandlerMethod.invokeAndHandle(ServletInvocableHandlerMethod.java:104)
	at org.springframework.web.servlet.mvc.method.annotation.RequestMappingHandlerAdapter.invokeHandlerMethod(RequestMappingHandlerAdapter.java:892)
	at org.springframework.web.servlet.mvc.method.annotation.RequestMappingHandlerAdapter.handleInternal(RequestMappingHandlerAdapter.java:797)
	at org.springframework.web.servlet.mvc.method.AbstractHandlerMethodAdapter.handle(AbstractHandlerMethodAdapter.java:87)
	at org.springframework.web.servlet.DispatcherServlet.doDispatch(DispatcherServlet.java:1039)
	at org.springframework.web.servlet.DispatcherServlet.doService(DispatcherServlet.java:942)
	at org.springframework.web.servlet.FrameworkServlet.processRequest(FrameworkServlet.java:1005)
	at org.springframework.web.servlet.FrameworkServlet.doPost(FrameworkServlet.java:908)
	at javax.servlet.http.HttpServlet.service(HttpServlet.java:648)
	at org.springframework.web.servlet.FrameworkServlet.service(FrameworkServlet.java:882)
	at javax.servlet.http.HttpServlet.service(HttpServlet.java:729)
	at org.apache.catalina.core.ApplicationFilterChain.internalDoFilter(ApplicationFilterChain.java:292)
	at org.apache.catalina.core.ApplicationFilterChain.doFilter(ApplicationFilterChain.java:207)
	at org.apache.tomcat.websocket.server.WsFilter.doFilter(WsFilter.java:52)
	at org.apache.catalina.core.ApplicationFilterChain.internalDoFilter(ApplicationFilterChain.java:240)
	at org.apache.catalina.core.ApplicationFilterChain.doFilter(ApplicationFilterChain.java:207)
	at org.springframework.web.filter.CharacterEncodingFilter.doFilterInternal(CharacterEncodingFilter.java:200)
	at org.springframework.web.filter.OncePerRequestFilter.doFilter(OncePerRequestFilter.java:118)
	at org.apache.catalina.core.ApplicationFilterChain.internalDoFilter(ApplicationFilterChain.java:240)
	at org.apache.catalina.core.ApplicationFilterChain.doFilter(ApplicationFilterChain.java:207)
	at org.apache.catalina.core.StandardWrapperValve.invoke(StandardWrapperValve.java:212)
	at org.apache.catalina.core.StandardContextValve.invoke(StandardContextValve.java:94)
	at org.apache.catalina.core.StandardHostValve.invoke(StandardHostValve.java:141)
	at org.apache.catalina.valves.ErrorReportValve.invoke(ErrorReportValve.java:79)
	at org.apache.catalina.core.StandardEngineValve.invoke(StandardEngineValve.java:88)
	at org.apache.catalina.connector.CoyoteAdapter.service(CoyoteAdapter.java:502)
	at org.apache.coyote.http11.AbstractHttp11Processor.process(AbstractHttp11Processor.java:1132)
	at org.apache.coyote.AbstractProtocol$AbstractConnectionHandler.process(AbstractProtocol.java:684)
	at org.apache.tomcat.util.net.NioEndpoint$SocketProcessor.doRun(NioEndpoint.java:1539)
	at org.apache.tomcat.util.net.NioEndpoint$SocketProcessor.run(NioEndpoint.java:1495)
	at java.util.concurrent.ThreadPoolExecutor.runWorker(ThreadPoolExecutor.java:1142)
	at java.util.concurrent.ThreadPoolExecutor$Worker.run(ThreadPoolExecutor.java:617)
	at org.apache.tomcat.util.threads.TaskThread$WrappingRunnable.run(TaskThread.java:61)
	at java.lang.Thread.run(Thread.java:745)

13-Jun-2023 12:06:23.704 심각 [http-nio-8855-exec-248] org.apache.catalina.core.StandardWrapperValve.invoke Servlet.service() for servlet [appServlet] in context with path [] threw exception [Request processing failed; nested exception is org.mybatis.spring.MyBatisSystemException: nested exception is org.apache.ibatis.exceptions.PersistenceException: 
### Error querying database.  Cause: org.springframework.jdbc.CannotGetJdbcConnectionException: Failed to obtain JDBC Connection; nested exception is com.microsoft.sqlserver.jdbc.SQLServerException: 호스트 61.32.101.234, 포트 1433에 대한 TCP/IP 연결에 실패했습니다. 오류: "connect timed out. 연결 속성을 확인하십시오. SQL Server의 인스턴스가 호스트에서 실행되고 있고 포트에서 TCP/IP 연결을 허용하고 있는지 확인하십시오. 또한 방화벽에서 포트로의 TCP 연결을 차단하지 않는지 확인하십시오.".
### The error may exist in com/daejist/login/mapper/LoginMapper.xml
### The error may involve com.daejist.login.mapper.LoginMapper.LoginMember
### The error occurred while executing a query
### Cause: org.springframework.jdbc.CannotGetJdbcConnectionException: Failed to obtain JDBC Connection; nested exception is com.microsoft.sqlserver.jdbc.SQLServerException: 호스트 61.32.101.234, 포트 1433에 대한 TCP/IP 연결에 실패했습니다. 오류: "connect timed out. 연결 속성을 확인하십시오. SQL Server의 인스턴스가 호스트에서 실행되고 있고 포트에서 TCP/IP 연결을 허용하고 있는지 확인하십시오. 또한 방화벽에서 포트로의 TCP 연결을 차단하지 않는지 확인하십시오.".] with root cause
 com.microsoft.sqlserver.jdbc.SQLServerException: 호스트 61.32.101.234, 포트 1433에 대한 TCP/IP 연결에 실패했습니다. 오류: "connect timed out. 연결 속성을 확인하십시오. SQL Server의 인스턴스가 호스트에서 실행되고 있고 포트에서 TCP/IP 연결을 허용하고 있는지 확인하십시오. 또한 방화벽에서 포트로의 TCP 연결을 차단하지 않는지 확인하십시오.".
	at com.microsoft.sqlserver.jdbc.SQLServerException.makeFromDriverError(SQLServerException.java:234)
	at com.microsoft.sqlserver.jdbc.SQLServerException.ConvertConnectExceptionToSQLServerException(SQLServerException.java:285)
	at com.microsoft.sqlserver.jdbc.SocketFinder.findSocket(IOBuffer.java:2462)
	at com.microsoft.sqlserver.jdbc.TDSChannel.open(IOBuffer.java:668)
	at com.microsoft.sqlserver.jdbc.SQLServerConnection.connectHelper(SQLServerConnection.java:2695)
	at com.microsoft.sqlserver.jdbc.SQLServerConnection.login(SQLServerConnection.java:2362)
	at com.microsoft.sqlserver.jdbc.SQLServerConnection.connectInternal(SQLServerConnection.java:2213)
	at com.microsoft.sqlserver.jdbc.SQLServerConnection.connect(SQLServerConnection.java:1276)
	at com.microsoft.sqlserver.jdbc.SQLServerDriver.connect(SQLServerDriver.java:861)
	at org.apache.commons.dbcp.DriverConnectionFactory.createConnection(DriverConnectionFactory.java:38)
	at org.apache.commons.dbcp.PoolableConnectionFactory.makeObject(PoolableConnectionFactory.java:582)
	at org.apache.commons.pool.impl.GenericObjectPool.borrowObject(GenericObjectPool.java:1148)
	at org.apache.commons.dbcp.PoolingDataSource.getConnection(PoolingDataSource.java:106)
	at org.apache.commons.dbcp.BasicDataSource.getConnection(BasicDataSource.java:1044)
	at org.springframework.jdbc.datasource.DataSourceUtils.fetchConnection(DataSourceUtils.java:157)
	at org.springframework.jdbc.datasource.DataSourceUtils.doGetConnection(DataSourceUtils.java:115)
	at org.springframework.jdbc.datasource.DataSourceUtils.getConnection(DataSourceUtils.java:78)
	at org.mybatis.spring.transaction.SpringManagedTransaction.openConnection(SpringManagedTransaction.java:80)
	at org.mybatis.spring.transaction.SpringManagedTransaction.getConnection(SpringManagedTransaction.java:67)
	at org.apache.ibatis.executor.BaseExecutor.getConnection(BaseExecutor.java:336)
	at org.apache.ibatis.executor.SimpleExecutor.prepareStatement(SimpleExecutor.java:85)
	at org.apache.ibatis.executor.SimpleExecutor.doQuery(SimpleExecutor.java:62)
	at org.apache.ibatis.executor.BaseExecutor.queryFromDatabase(BaseExecutor.java:324)
	at org.apache.ibatis.executor.BaseExecutor.query(BaseExecutor.java:156)
	at org.apache.ibatis.executor.CachingExecutor.query(CachingExecutor.java:109)
	at org.apache.ibatis.executor.CachingExecutor.query(CachingExecutor.java:83)
	at org.apache.ibatis.session.defaults.DefaultSqlSession.selectList(DefaultSqlSession.java:147)
	at org.apache.ibatis.session.defaults.DefaultSqlSession.selectList(DefaultSqlSession.java:140)
	at org.apache.ibatis.session.defaults.DefaultSqlSession.selectOne(DefaultSqlSession.java:76)
	at sun.reflect.GeneratedMethodAccessor1266.invoke(Unknown Source)
	at sun.reflect.DelegatingMethodAccessorImpl.invoke(DelegatingMethodAccessorImpl.java:43)
	at java.lang.reflect.Method.invoke(Method.java:498)
	at org.mybatis.spring.SqlSessionTemplate$SqlSessionInterceptor.invoke(SqlSessionTemplate.java:426)
	at com.sun.proxy.$Proxy366.selectOne(Unknown Source)
	at org.mybatis.spring.SqlSessionTemplate.selectOne(SqlSessionTemplate.java:159)
	at org.apache.ibatis.binding.MapperMethod.execute(MapperMethod.java:87)
	at org.apache.ibatis.binding.MapperProxy.invoke(MapperProxy.java:57)
	at com.sun.proxy.$Proxy368.LoginMember(Unknown Source)
	at com.daejist.login.service.LoginServiceImp.LoginCheck(LoginServiceImp.java:29)
	at com.daejist.login.controller.LoginController.getLogin(LoginController.java:98)
	at sun.reflect.GeneratedMethodAccessor1348.invoke(Unknown Source)
	at sun.reflect.DelegatingMethodAccessorImpl.invoke(DelegatingMethodAccessorImpl.java:43)
	at java.lang.reflect.Method.invoke(Method.java:498)
	at org.springframework.web.method.support.InvocableHandlerMethod.doInvoke(InvocableHandlerMethod.java:190)
	at org.springframework.web.method.support.InvocableHandlerMethod.invokeForRequest(InvocableHandlerMethod.java:138)
	at org.springframework.web.servlet.mvc.method.annotation.ServletInvocableHandlerMethod.invokeAndHandle(ServletInvocableHandlerMethod.java:104)
	at org.springframework.web.servlet.mvc.method.annotation.RequestMappingHandlerAdapter.invokeHandlerMethod(RequestMappingHandlerAdapter.java:892)
	at org.springframework.web.servlet.mvc.method.annotation.RequestMappingHandlerAdapter.handleInternal(RequestMappingHandlerAdapter.java:797)
	at org.springframework.web.servlet.mvc.method.AbstractHandlerMethodAdapter.handle(AbstractHandlerMethodAdapter.java:87)
	at org.springframework.web.servlet.DispatcherServlet.doDispatch(DispatcherServlet.java:1039)
	at org.springframework.web.servlet.DispatcherServlet.doService(DispatcherServlet.java:942)
	at org.springframework.web.servlet.FrameworkServlet.processRequest(FrameworkServlet.java:1005)
	at org.springframework.web.servlet.FrameworkServlet.doPost(FrameworkServlet.java:908)
	at javax.servlet.http.HttpServlet.service(HttpServlet.java:648)
	at org.springframework.web.servlet.FrameworkServlet.service(FrameworkServlet.java:882)
	at javax.servlet.http.HttpServlet.service(HttpServlet.java:729)
	at org.apache.catalina.core.ApplicationFilterChain.internalDoFilter(ApplicationFilterChain.java:292)
	at org.apache.catalina.core.ApplicationFilterChain.doFilter(ApplicationFilterChain.java:207)
	at org.apache.tomcat.websocket.server.WsFilter.doFilter(WsFilter.java:52)
	at org.apache.catalina.core.ApplicationFilterChain.internalDoFilter(ApplicationFilterChain.java:240)
	at org.apache.catalina.core.ApplicationFilterChain.doFilter(ApplicationFilterChain.java:207)
	at org.springframework.web.filter.CharacterEncodingFilter.doFilterInternal(CharacterEncodingFilter.java:200)
	at org.springframework.web.filter.OncePerRequestFilter.doFilter(OncePerRequestFilter.java:118)
	at org.apache.catalina.core.ApplicationFilterChain.internalDoFilter(ApplicationFilterChain.java:240)
	at org.apache.catalina.core.ApplicationFilterChain.doFilter(ApplicationFilterChain.java:207)
	at org.apache.catalina.core.StandardWrapperValve.invoke(StandardWrapperValve.java:212)
	at org.apache.catalina.core.StandardContextValve.invoke(StandardContextValve.java:94)
	at org.apache.catalina.core.StandardHostValve.invoke(StandardHostValve.java:141)
	at org.apache.catalina.valves.ErrorReportValve.invoke(ErrorReportValve.java:79)
	at org.apache.catalina.core.StandardEngineValve.invoke(StandardEngineValve.java:88)
	at org.apache.catalina.connector.CoyoteAdapter.service(CoyoteAdapter.java:502)
	at org.apache.coyote.http11.AbstractHttp11Processor.process(AbstractHttp11Processor.java:1132)
	at org.apache.coyote.AbstractProtocol$AbstractConnectionHandler.process(AbstractProtocol.java:684)
	at org.apache.tomcat.util.net.NioEndpoint$SocketProcessor.doRun(NioEndpoint.java:1539)
	at org.apache.tomcat.util.net.NioEndpoint$SocketProcessor.run(NioEndpoint.java:1495)
	at java.util.concurrent.ThreadPoolExecutor.runWorker(ThreadPoolExecutor.java:1142)
	at java.util.concurrent.ThreadPoolExecutor$Worker.run(ThreadPoolExecutor.java:617)
	at org.apache.tomcat.util.threads.TaskThread$WrappingRunnable.run(TaskThread.java:61)
	at java.lang.Thread.run(Thread.java:745)

13-Jun-2023 12:06:30.438 심각 [http-nio-8855-exec-232] org.apache.catalina.core.StandardWrapperValve.invoke Servlet.service() for servlet [appServlet] in context with path [] threw exception [Request processing failed; nested exception is org.mybatis.spring.MyBatisSystemException: nested exception is org.apache.ibatis.exceptions.PersistenceException: 
### Error querying database.  Cause: org.springframework.jdbc.CannotGetJdbcConnectionException: Failed to obtain JDBC Connection; nested exception is com.microsoft.sqlserver.jdbc.SQLServerException: 호스트 61.32.101.234, 포트 1433에 대한 TCP/IP 연결에 실패했습니다. 오류: "connect timed out. 연결 속성을 확인하십시오. SQL Server의 인스턴스가 호스트에서 실행되고 있고 포트에서 TCP/IP 연결을 허용하고 있는지 확인하십시오. 또한 방화벽에서 포트로의 TCP 연결을 차단하지 않는지 확인하십시오.".
### The error may exist in com/daejist/login/mapper/LoginMapper.xml
### The error may involve com.daejist.login.mapper.LoginMapper.LoginMember
### The error occurred while executing a query
### Cause: org.springframework.jdbc.CannotGetJdbcConnectionException: Failed to obtain JDBC Connection; nested exception is com.microsoft.sqlserver.jdbc.SQLServerException: 호스트 61.32.101.234, 포트 1433에 대한 TCP/IP 연결에 실패했습니다. 오류: "connect timed out. 연결 속성을 확인하십시오. SQL Server의 인스턴스가 호스트에서 실행되고 있고 포트에서 TCP/IP 연결을 허용하고 있는지 확인하십시오. 또한 방화벽에서 포트로의 TCP 연결을 차단하지 않는지 확인하십시오.".] with root cause
 com.microsoft.sqlserver.jdbc.SQLServerException: 호스트 61.32.101.234, 포트 1433에 대한 TCP/IP 연결에 실패했습니다. 오류: "connect timed out. 연결 속성을 확인하십시오. SQL Server의 인스턴스가 호스트에서 실행되고 있고 포트에서 TCP/IP 연결을 허용하고 있는지 확인하십시오. 또한 방화벽에서 포트로의 TCP 연결을 차단하지 않는지 확인하십시오.".
	at com.microsoft.sqlserver.jdbc.SQLServerException.makeFromDriverError(SQLServerException.java:234)
	at com.microsoft.sqlserver.jdbc.SQLServerException.ConvertConnectExceptionToSQLServerException(SQLServerException.java:285)
	at com.microsoft.sqlserver.jdbc.SocketFinder.findSocket(IOBuffer.java:2462)
	at com.microsoft.sqlserver.jdbc.TDSChannel.open(IOBuffer.java:668)
	at com.microsoft.sqlserver.jdbc.SQLServerConnection.connectHelper(SQLServerConnection.java:2695)
	at com.microsoft.sqlserver.jdbc.SQLServerConnection.login(SQLServerConnection.java:2362)
	at com.microsoft.sqlserver.jdbc.SQLServerConnection.connectInternal(SQLServerConnection.java:2213)
	at com.microsoft.sqlserver.jdbc.SQLServerConnection.connect(SQLServerConnection.java:1276)
	at com.microsoft.sqlserver.jdbc.SQLServerDriver.connect(SQLServerDriver.java:861)
	at org.apache.commons.dbcp.DriverConnectionFactory.createConnection(DriverConnectionFactory.java:38)
	at org.apache.commons.dbcp.PoolableConnectionFactory.makeObject(PoolableConnectionFactory.java:582)
	at org.apache.commons.pool.impl.GenericObjectPool.borrowObject(GenericObjectPool.java:1148)
	at org.apache.commons.dbcp.PoolingDataSource.getConnection(PoolingDataSource.java:106)
	at org.apache.commons.dbcp.BasicDataSource.getConnection(BasicDataSource.java:1044)
	at org.springframework.jdbc.datasource.DataSourceUtils.fetchConnection(DataSourceUtils.java:157)
	at org.springframework.jdbc.datasource.DataSourceUtils.doGetConnection(DataSourceUtils.java:115)
	at org.springframework.jdbc.datasource.DataSourceUtils.getConnection(DataSourceUtils.java:78)
	at org.mybatis.spring.transaction.SpringManagedTransaction.openConnection(SpringManagedTransaction.java:80)
	at org.mybatis.spring.transaction.SpringManagedTransaction.getConnection(SpringManagedTransaction.java:67)
	at org.apache.ibatis.executor.BaseExecutor.getConnection(BaseExecutor.java:336)
	at org.apache.ibatis.executor.SimpleExecutor.prepareStatement(SimpleExecutor.java:85)
	at org.apache.ibatis.executor.SimpleExecutor.doQuery(SimpleExecutor.java:62)
	at org.apache.ibatis.executor.BaseExecutor.queryFromDatabase(BaseExecutor.java:324)
	at org.apache.ibatis.executor.BaseExecutor.query(BaseExecutor.java:156)
	at org.apache.ibatis.executor.CachingExecutor.query(CachingExecutor.java:109)
	at org.apache.ibatis.executor.CachingExecutor.query(CachingExecutor.java:83)
	at org.apache.ibatis.session.defaults.DefaultSqlSession.selectList(DefaultSqlSession.java:147)
	at org.apache.ibatis.session.defaults.DefaultSqlSession.selectList(DefaultSqlSession.java:140)
	at org.apache.ibatis.session.defaults.DefaultSqlSession.selectOne(DefaultSqlSession.java:76)
	at sun.reflect.GeneratedMethodAccessor1266.invoke(Unknown Source)
	at sun.reflect.DelegatingMethodAccessorImpl.invoke(DelegatingMethodAccessorImpl.java:43)
	at java.lang.reflect.Method.invoke(Method.java:498)
	at org.mybatis.spring.SqlSessionTemplate$SqlSessionInterceptor.invoke(SqlSessionTemplate.java:426)
	at com.sun.proxy.$Proxy366.selectOne(Unknown Source)
	at org.mybatis.spring.SqlSessionTemplate.selectOne(SqlSessionTemplate.java:159)
	at org.apache.ibatis.binding.MapperMethod.execute(MapperMethod.java:87)
	at org.apache.ibatis.binding.MapperProxy.invoke(MapperProxy.java:57)
	at com.sun.proxy.$Proxy368.LoginMember(Unknown Source)
	at com.daejist.login.service.LoginServiceImp.LoginCheck(LoginServiceImp.java:29)
	at com.daejist.login.controller.LoginController.getLogin(LoginController.java:98)
	at sun.reflect.GeneratedMethodAccessor1348.invoke(Unknown Source)
	at sun.reflect.DelegatingMethodAccessorImpl.invoke(DelegatingMethodAccessorImpl.java:43)
	at java.lang.reflect.Method.invoke(Method.java:498)
	at org.springframework.web.method.support.InvocableHandlerMethod.doInvoke(InvocableHandlerMethod.java:190)
	at org.springframework.web.method.support.InvocableHandlerMethod.invokeForRequest(InvocableHandlerMethod.java:138)
	at org.springframework.web.servlet.mvc.method.annotation.ServletInvocableHandlerMethod.invokeAndHandle(ServletInvocableHandlerMethod.java:104)
	at org.springframework.web.servlet.mvc.method.annotation.RequestMappingHandlerAdapter.invokeHandlerMethod(RequestMappingHandlerAdapter.java:892)
	at org.springframework.web.servlet.mvc.method.annotation.RequestMappingHandlerAdapter.handleInternal(RequestMappingHandlerAdapter.java:797)
	at org.springframework.web.servlet.mvc.method.AbstractHandlerMethodAdapter.handle(AbstractHandlerMethodAdapter.java:87)
	at org.springframework.web.servlet.DispatcherServlet.doDispatch(DispatcherServlet.java:1039)
	at org.springframework.web.servlet.DispatcherServlet.doService(DispatcherServlet.java:942)
	at org.springframework.web.servlet.FrameworkServlet.processRequest(FrameworkServlet.java:1005)
	at org.springframework.web.servlet.FrameworkServlet.doPost(FrameworkServlet.java:908)
	at javax.servlet.http.HttpServlet.service(HttpServlet.java:648)
	at org.springframework.web.servlet.FrameworkServlet.service(FrameworkServlet.java:882)
	at javax.servlet.http.HttpServlet.service(HttpServlet.java:729)
	at org.apache.catalina.core.ApplicationFilterChain.internalDoFilter(ApplicationFilterChain.java:292)
	at org.apache.catalina.core.ApplicationFilterChain.doFilter(ApplicationFilterChain.java:207)
	at org.apache.tomcat.websocket.server.WsFilter.doFilter(WsFilter.java:52)
	at org.apache.catalina.core.ApplicationFilterChain.internalDoFilter(ApplicationFilterChain.java:240)
	at org.apache.catalina.core.ApplicationFilterChain.doFilter(ApplicationFilterChain.java:207)
	at org.springframework.web.filter.CharacterEncodingFilter.doFilterInternal(CharacterEncodingFilter.java:200)
	at org.springframework.web.filter.OncePerRequestFilter.doFilter(OncePerRequestFilter.java:118)
	at org.apache.catalina.core.ApplicationFilterChain.internalDoFilter(ApplicationFilterChain.java:240)
	at org.apache.catalina.core.ApplicationFilterChain.doFilter(ApplicationFilterChain.java:207)
	at org.apache.catalina.core.StandardWrapperValve.invoke(StandardWrapperValve.java:212)
	at org.apache.catalina.core.StandardContextValve.invoke(StandardContextValve.java:94)
	at org.apache.catalina.core.StandardHostValve.invoke(StandardHostValve.java:141)
	at org.apache.catalina.valves.ErrorReportValve.invoke(ErrorReportValve.java:79)
	at org.apache.catalina.core.StandardEngineValve.invoke(StandardEngineValve.java:88)
	at org.apache.catalina.connector.CoyoteAdapter.service(CoyoteAdapter.java:502)
	at org.apache.coyote.http11.AbstractHttp11Processor.process(AbstractHttp11Processor.java:1132)
	at org.apache.coyote.AbstractProtocol$AbstractConnectionHandler.process(AbstractProtocol.java:684)
	at org.apache.tomcat.util.net.NioEndpoint$SocketProcessor.doRun(NioEndpoint.java:1539)
	at org.apache.tomcat.util.net.NioEndpoint$SocketProcessor.run(NioEndpoint.java:1495)
	at java.util.concurrent.ThreadPoolExecutor.runWorker(ThreadPoolExecutor.java:1142)
	at java.util.concurrent.ThreadPoolExecutor$Worker.run(ThreadPoolExecutor.java:617)
	at org.apache.tomcat.util.threads.TaskThread$WrappingRunnable.run(TaskThread.java:61)
	at java.lang.Thread.run(Thread.java:745)

13-Jun-2023 12:06:32.594 심각 [http-nio-8855-exec-233] org.apache.catalina.core.StandardWrapperValve.invoke Servlet.service() for servlet [appServlet] in context with path [] threw exception [Request processing failed; nested exception is org.mybatis.spring.MyBatisSystemException: nested exception is org.apache.ibatis.exceptions.PersistenceException: 
### Error querying database.  Cause: org.springframework.jdbc.CannotGetJdbcConnectionException: Failed to obtain JDBC Connection; nested exception is com.microsoft.sqlserver.jdbc.SQLServerException: 호스트 61.32.101.234, 포트 1433에 대한 TCP/IP 연결에 실패했습니다. 오류: "connect timed out. 연결 속성을 확인하십시오. SQL Server의 인스턴스가 호스트에서 실행되고 있고 포트에서 TCP/IP 연결을 허용하고 있는지 확인하십시오. 또한 방화벽에서 포트로의 TCP 연결을 차단하지 않는지 확인하십시오.".
### The error may exist in com/daejist/login/mapper/LoginMapper.xml
### The error may involve com.daejist.login.mapper.LoginMapper.LoginMember
### The error occurred while executing a query
### Cause: org.springframework.jdbc.CannotGetJdbcConnectionException: Failed to obtain JDBC Connection; nested exception is com.microsoft.sqlserver.jdbc.SQLServerException: 호스트 61.32.101.234, 포트 1433에 대한 TCP/IP 연결에 실패했습니다. 오류: "connect timed out. 연결 속성을 확인하십시오. SQL Server의 인스턴스가 호스트에서 실행되고 있고 포트에서 TCP/IP 연결을 허용하고 있는지 확인하십시오. 또한 방화벽에서 포트로의 TCP 연결을 차단하지 않는지 확인하십시오.".] with root cause
 com.microsoft.sqlserver.jdbc.SQLServerException: 호스트 61.32.101.234, 포트 1433에 대한 TCP/IP 연결에 실패했습니다. 오류: "connect timed out. 연결 속성을 확인하십시오. SQL Server의 인스턴스가 호스트에서 실행되고 있고 포트에서 TCP/IP 연결을 허용하고 있는지 확인하십시오. 또한 방화벽에서 포트로의 TCP 연결을 차단하지 않는지 확인하십시오.".
	at com.microsoft.sqlserver.jdbc.SQLServerException.makeFromDriverError(SQLServerException.java:234)
	at com.microsoft.sqlserver.jdbc.SQLServerException.ConvertConnectExceptionToSQLServerException(SQLServerException.java:285)
	at com.microsoft.sqlserver.jdbc.SocketFinder.findSocket(IOBuffer.java:2462)
	at com.microsoft.sqlserver.jdbc.TDSChannel.open(IOBuffer.java:668)
	at com.microsoft.sqlserver.jdbc.SQLServerConnection.connectHelper(SQLServerConnection.java:2695)
	at com.microsoft.sqlserver.jdbc.SQLServerConnection.login(SQLServerConnection.java:2362)
	at com.microsoft.sqlserver.jdbc.SQLServerConnection.connectInternal(SQLServerConnection.java:2213)
	at com.microsoft.sqlserver.jdbc.SQLServerConnection.connect(SQLServerConnection.java:1276)
	at com.microsoft.sqlserver.jdbc.SQLServerDriver.connect(SQLServerDriver.java:861)
	at org.apache.commons.dbcp.DriverConnectionFactory.createConnection(DriverConnectionFactory.java:38)
	at org.apache.commons.dbcp.PoolableConnectionFactory.makeObject(PoolableConnectionFactory.java:582)
	at org.apache.commons.pool.impl.GenericObjectPool.borrowObject(GenericObjectPool.java:1148)
	at org.apache.commons.dbcp.PoolingDataSource.getConnection(PoolingDataSource.java:106)
	at org.apache.commons.dbcp.BasicDataSource.getConnection(BasicDataSource.java:1044)
	at org.springframework.jdbc.datasource.DataSourceUtils.fetchConnection(DataSourceUtils.java:157)
	at org.springframework.jdbc.datasource.DataSourceUtils.doGetConnection(DataSourceUtils.java:115)
	at org.springframework.jdbc.datasource.DataSourceUtils.getConnection(DataSourceUtils.java:78)
	at org.mybatis.spring.transaction.SpringManagedTransaction.openConnection(SpringManagedTransaction.java:80)
	at org.mybatis.spring.transaction.SpringManagedTransaction.getConnection(SpringManagedTransaction.java:67)
	at org.apache.ibatis.executor.BaseExecutor.getConnection(BaseExecutor.java:336)
	at org.apache.ibatis.executor.SimpleExecutor.prepareStatement(SimpleExecutor.java:85)
	at org.apache.ibatis.executor.SimpleExecutor.doQuery(SimpleExecutor.java:62)
	at org.apache.ibatis.executor.BaseExecutor.queryFromDatabase(BaseExecutor.java:324)
	at org.apache.ibatis.executor.BaseExecutor.query(BaseExecutor.java:156)
	at org.apache.ibatis.executor.CachingExecutor.query(CachingExecutor.java:109)
	at org.apache.ibatis.executor.CachingExecutor.query(CachingExecutor.java:83)
	at org.apache.ibatis.session.defaults.DefaultSqlSession.selectList(DefaultSqlSession.java:147)
	at org.apache.ibatis.session.defaults.DefaultSqlSession.selectList(DefaultSqlSession.java:140)
	at org.apache.ibatis.session.defaults.DefaultSqlSession.selectOne(DefaultSqlSession.java:76)
	at sun.reflect.GeneratedMethodAccessor1266.invoke(Unknown Source)
	at sun.reflect.DelegatingMethodAccessorImpl.invoke(DelegatingMethodAccessorImpl.java:43)
	at java.lang.reflect.Method.invoke(Method.java:498)
	at org.mybatis.spring.SqlSessionTemplate$SqlSessionInterceptor.invoke(SqlSessionTemplate.java:426)
	at com.sun.proxy.$Proxy366.selectOne(Unknown Source)
	at org.mybatis.spring.SqlSessionTemplate.selectOne(SqlSessionTemplate.java:159)
	at org.apache.ibatis.binding.MapperMethod.execute(MapperMethod.java:87)
	at org.apache.ibatis.binding.MapperProxy.invoke(MapperProxy.java:57)
	at com.sun.proxy.$Proxy368.LoginMember(Unknown Source)
	at com.daejist.login.service.LoginServiceImp.LoginCheck(LoginServiceImp.java:29)
	at com.daejist.login.controller.LoginController.getLogin(LoginController.java:98)
	at sun.reflect.GeneratedMethodAccessor1348.invoke(Unknown Source)
	at sun.reflect.DelegatingMethodAccessorImpl.invoke(DelegatingMethodAccessorImpl.java:43)
	at java.lang.reflect.Method.invoke(Method.java:498)
	at org.springframework.web.method.support.InvocableHandlerMethod.doInvoke(InvocableHandlerMethod.java:190)
	at org.springframework.web.method.support.InvocableHandlerMethod.invokeForRequest(InvocableHandlerMethod.java:138)
	at org.springframework.web.servlet.mvc.method.annotation.ServletInvocableHandlerMethod.invokeAndHandle(ServletInvocableHandlerMethod.java:104)
	at org.springframework.web.servlet.mvc.method.annotation.RequestMappingHandlerAdapter.invokeHandlerMethod(RequestMappingHandlerAdapter.java:892)
	at org.springframework.web.servlet.mvc.method.annotation.RequestMappingHandlerAdapter.handleInternal(RequestMappingHandlerAdapter.java:797)
	at org.springframework.web.servlet.mvc.method.AbstractHandlerMethodAdapter.handle(AbstractHandlerMethodAdapter.java:87)
	at org.springframework.web.servlet.DispatcherServlet.doDispatch(DispatcherServlet.java:1039)
	at org.springframework.web.servlet.DispatcherServlet.doService(DispatcherServlet.java:942)
	at org.springframework.web.servlet.FrameworkServlet.processRequest(FrameworkServlet.java:1005)
	at org.springframework.web.servlet.FrameworkServlet.doPost(FrameworkServlet.java:908)
	at javax.servlet.http.HttpServlet.service(HttpServlet.java:648)
	at org.springframework.web.servlet.FrameworkServlet.service(FrameworkServlet.java:882)
	at javax.servlet.http.HttpServlet.service(HttpServlet.java:729)
	at org.apache.catalina.core.ApplicationFilterChain.internalDoFilter(ApplicationFilterChain.java:292)
	at org.apache.catalina.core.ApplicationFilterChain.doFilter(ApplicationFilterChain.java:207)
	at org.apache.tomcat.websocket.server.WsFilter.doFilter(WsFilter.java:52)
	at org.apache.catalina.core.ApplicationFilterChain.internalDoFilter(ApplicationFilterChain.java:240)
	at org.apache.catalina.core.ApplicationFilterChain.doFilter(ApplicationFilterChain.java:207)
	at org.springframework.web.filter.CharacterEncodingFilter.doFilterInternal(CharacterEncodingFilter.java:200)
	at org.springframework.web.filter.OncePerRequestFilter.doFilter(OncePerRequestFilter.java:118)
	at org.apache.catalina.core.ApplicationFilterChain.internalDoFilter(ApplicationFilterChain.java:240)
	at org.apache.catalina.core.ApplicationFilterChain.doFilter(ApplicationFilterChain.java:207)
	at org.apache.catalina.core.StandardWrapperValve.invoke(StandardWrapperValve.java:212)
	at org.apache.catalina.core.StandardContextValve.invoke(StandardContextValve.java:94)
	at org.apache.catalina.core.StandardHostValve.invoke(StandardHostValve.java:141)
	at org.apache.catalina.valves.ErrorReportValve.invoke(ErrorReportValve.java:79)
	at org.apache.catalina.core.StandardEngineValve.invoke(StandardEngineValve.java:88)
	at org.apache.catalina.connector.CoyoteAdapter.service(CoyoteAdapter.java:502)
	at org.apache.coyote.http11.AbstractHttp11Processor.process(AbstractHttp11Processor.java:1132)
	at org.apache.coyote.AbstractProtocol$AbstractConnectionHandler.process(AbstractProtocol.java:684)
	at org.apache.tomcat.util.net.NioEndpoint$SocketProcessor.doRun(NioEndpoint.java:1539)
	at org.apache.tomcat.util.net.NioEndpoint$SocketProcessor.run(NioEndpoint.java:1495)
	at java.util.concurrent.ThreadPoolExecutor.runWorker(ThreadPoolExecutor.java:1142)
	at java.util.concurrent.ThreadPoolExecutor$Worker.run(ThreadPoolExecutor.java:617)
	at org.apache.tomcat.util.threads.TaskThread$WrappingRunnable.run(TaskThread.java:61)
	at java.lang.Thread.run(Thread.java:745)

13-Jun-2023 12:06:34.238 심각 [http-nio-8855-exec-227] org.apache.catalina.core.StandardWrapperValve.invoke Servlet.service() for servlet [appServlet] in context with path [] threw exception [Request processing failed; nested exception is org.mybatis.spring.MyBatisSystemException: nested exception is org.apache.ibatis.exceptions.PersistenceException: 
### Error querying database.  Cause: org.springframework.jdbc.CannotGetJdbcConnectionException: Failed to obtain JDBC Connection; nested exception is com.microsoft.sqlserver.jdbc.SQLServerException: 호스트 61.32.101.234, 포트 1433에 대한 TCP/IP 연결에 실패했습니다. 오류: "connect timed out. 연결 속성을 확인하십시오. SQL Server의 인스턴스가 호스트에서 실행되고 있고 포트에서 TCP/IP 연결을 허용하고 있는지 확인하십시오. 또한 방화벽에서 포트로의 TCP 연결을 차단하지 않는지 확인하십시오.".
### The error may exist in com/daejist/login/mapper/LoginMapper.xml
### The error may involve com.daejist.login.mapper.LoginMapper.LoginMember
### The error occurred while executing a query
### Cause: org.springframework.jdbc.CannotGetJdbcConnectionException: Failed to obtain JDBC Connection; nested exception is com.microsoft.sqlserver.jdbc.SQLServerException: 호스트 61.32.101.234, 포트 1433에 대한 TCP/IP 연결에 실패했습니다. 오류: "connect timed out. 연결 속성을 확인하십시오. SQL Server의 인스턴스가 호스트에서 실행되고 있고 포트에서 TCP/IP 연결을 허용하고 있는지 확인하십시오. 또한 방화벽에서 포트로의 TCP 연결을 차단하지 않는지 확인하십시오.".] with root cause
 com.microsoft.sqlserver.jdbc.SQLServerException: 호스트 61.32.101.234, 포트 1433에 대한 TCP/IP 연결에 실패했습니다. 오류: "connect timed out. 연결 속성을 확인하십시오. SQL Server의 인스턴스가 호스트에서 실행되고 있고 포트에서 TCP/IP 연결을 허용하고 있는지 확인하십시오. 또한 방화벽에서 포트로의 TCP 연결을 차단하지 않는지 확인하십시오.".
	at com.microsoft.sqlserver.jdbc.SQLServerException.makeFromDriverError(SQLServerException.java:234)
	at com.microsoft.sqlserver.jdbc.SQLServerException.ConvertConnectExceptionToSQLServerException(SQLServerException.java:285)
	at com.microsoft.sqlserver.jdbc.SocketFinder.findSocket(IOBuffer.java:2462)
	at com.microsoft.sqlserver.jdbc.TDSChannel.open(IOBuffer.java:668)
	at com.microsoft.sqlserver.jdbc.SQLServerConnection.connectHelper(SQLServerConnection.java:2695)
	at com.microsoft.sqlserver.jdbc.SQLServerConnection.login(SQLServerConnection.java:2362)
	at com.microsoft.sqlserver.jdbc.SQLServerConnection.connectInternal(SQLServerConnection.java:2213)
	at com.microsoft.sqlserver.jdbc.SQLServerConnection.connect(SQLServerConnection.java:1276)
	at com.microsoft.sqlserver.jdbc.SQLServerDriver.connect(SQLServerDriver.java:861)
	at org.apache.commons.dbcp.DriverConnectionFactory.createConnection(DriverConnectionFactory.java:38)
	at org.apache.commons.dbcp.PoolableConnectionFactory.makeObject(PoolableConnectionFactory.java:582)
	at org.apache.commons.pool.impl.GenericObjectPool.borrowObject(GenericObjectPool.java:1148)
	at org.apache.commons.dbcp.PoolingDataSource.getConnection(PoolingDataSource.java:106)
	at org.apache.commons.dbcp.BasicDataSource.getConnection(BasicDataSource.java:1044)
	at org.springframework.jdbc.datasource.DataSourceUtils.fetchConnection(DataSourceUtils.java:157)
	at org.springframework.jdbc.datasource.DataSourceUtils.doGetConnection(DataSourceUtils.java:115)
	at org.springframework.jdbc.datasource.DataSourceUtils.getConnection(DataSourceUtils.java:78)
	at org.mybatis.spring.transaction.SpringManagedTransaction.openConnection(SpringManagedTransaction.java:80)
	at org.mybatis.spring.transaction.SpringManagedTransaction.getConnection(SpringManagedTransaction.java:67)
	at org.apache.ibatis.executor.BaseExecutor.getConnection(BaseExecutor.java:336)
	at org.apache.ibatis.executor.SimpleExecutor.prepareStatement(SimpleExecutor.java:85)
	at org.apache.ibatis.executor.SimpleExecutor.doQuery(SimpleExecutor.java:62)
	at org.apache.ibatis.executor.BaseExecutor.queryFromDatabase(BaseExecutor.java:324)
	at org.apache.ibatis.executor.BaseExecutor.query(BaseExecutor.java:156)
	at org.apache.ibatis.executor.CachingExecutor.query(CachingExecutor.java:109)
	at org.apache.ibatis.executor.CachingExecutor.query(CachingExecutor.java:83)
	at org.apache.ibatis.session.defaults.DefaultSqlSession.selectList(DefaultSqlSession.java:147)
	at org.apache.ibatis.session.defaults.DefaultSqlSession.selectList(DefaultSqlSession.java:140)
	at org.apache.ibatis.session.defaults.DefaultSqlSession.selectOne(DefaultSqlSession.java:76)
	at sun.reflect.GeneratedMethodAccessor1266.invoke(Unknown Source)
	at sun.reflect.DelegatingMethodAccessorImpl.invoke(DelegatingMethodAccessorImpl.java:43)
	at java.lang.reflect.Method.invoke(Method.java:498)
	at org.mybatis.spring.SqlSessionTemplate$SqlSessionInterceptor.invoke(SqlSessionTemplate.java:426)
	at com.sun.proxy.$Proxy366.selectOne(Unknown Source)
	at org.mybatis.spring.SqlSessionTemplate.selectOne(SqlSessionTemplate.java:159)
	at org.apache.ibatis.binding.MapperMethod.execute(MapperMethod.java:87)
	at org.apache.ibatis.binding.MapperProxy.invoke(MapperProxy.java:57)
	at com.sun.proxy.$Proxy368.LoginMember(Unknown Source)
	at com.daejist.login.service.LoginServiceImp.LoginCheck(LoginServiceImp.java:29)
	at com.daejist.login.controller.LoginController.getLogin(LoginController.java:98)
	at sun.reflect.GeneratedMethodAccessor1348.invoke(Unknown Source)
	at sun.reflect.DelegatingMethodAccessorImpl.invoke(DelegatingMethodAccessorImpl.java:43)
	at java.lang.reflect.Method.invoke(Method.java:498)
	at org.springframework.web.method.support.InvocableHandlerMethod.doInvoke(InvocableHandlerMethod.java:190)
	at org.springframework.web.method.support.InvocableHandlerMethod.invokeForRequest(InvocableHandlerMethod.java:138)
	at org.springframework.web.servlet.mvc.method.annotation.ServletInvocableHandlerMethod.invokeAndHandle(ServletInvocableHandlerMethod.java:104)
	at org.springframework.web.servlet.mvc.method.annotation.RequestMappingHandlerAdapter.invokeHandlerMethod(RequestMappingHandlerAdapter.java:892)
	at org.springframework.web.servlet.mvc.method.annotation.RequestMappingHandlerAdapter.handleInternal(RequestMappingHandlerAdapter.java:797)
	at org.springframework.web.servlet.mvc.method.AbstractHandlerMethodAdapter.handle(AbstractHandlerMethodAdapter.java:87)
	at org.springframework.web.servlet.DispatcherServlet.doDispatch(DispatcherServlet.java:1039)
	at org.springframework.web.servlet.DispatcherServlet.doService(DispatcherServlet.java:942)
	at org.springframework.web.servlet.FrameworkServlet.processRequest(FrameworkServlet.java:1005)
	at org.springframework.web.servlet.FrameworkServlet.doPost(FrameworkServlet.java:908)
	at javax.servlet.http.HttpServlet.service(HttpServlet.java:648)
	at org.springframework.web.servlet.FrameworkServlet.service(FrameworkServlet.java:882)
	at javax.servlet.http.HttpServlet.service(HttpServlet.java:729)
	at org.apache.catalina.core.ApplicationFilterChain.internalDoFilter(ApplicationFilterChain.java:292)
	at org.apache.catalina.core.ApplicationFilterChain.doFilter(ApplicationFilterChain.java:207)
	at org.apache.tomcat.websocket.server.WsFilter.doFilter(WsFilter.java:52)
	at org.apache.catalina.core.ApplicationFilterChain.internalDoFilter(ApplicationFilterChain.java:240)
	at org.apache.catalina.core.ApplicationFilterChain.doFilter(ApplicationFilterChain.java:207)
	at org.springframework.web.filter.CharacterEncodingFilter.doFilterInternal(CharacterEncodingFilter.java:200)
	at org.springframework.web.filter.OncePerRequestFilter.doFilter(OncePerRequestFilter.java:118)
	at org.apache.catalina.core.ApplicationFilterChain.internalDoFilter(ApplicationFilterChain.java:240)
	at org.apache.catalina.core.ApplicationFilterChain.doFilter(ApplicationFilterChain.java:207)
	at org.apache.catalina.core.StandardWrapperValve.invoke(StandardWrapperValve.java:212)
	at org.apache.catalina.core.StandardContextValve.invoke(StandardContextValve.java:94)
	at org.apache.catalina.core.StandardHostValve.invoke(StandardHostValve.java:141)
	at org.apache.catalina.valves.ErrorReportValve.invoke(ErrorReportValve.java:79)
	at org.apache.catalina.core.StandardEngineValve.invoke(StandardEngineValve.java:88)
	at org.apache.catalina.connector.CoyoteAdapter.service(CoyoteAdapter.java:502)
	at org.apache.coyote.http11.AbstractHttp11Processor.process(AbstractHttp11Processor.java:1132)
	at org.apache.coyote.AbstractProtocol$AbstractConnectionHandler.process(AbstractProtocol.java:684)
	at org.apache.tomcat.util.net.NioEndpoint$SocketProcessor.doRun(NioEndpoint.java:1539)
	at org.apache.tomcat.util.net.NioEndpoint$SocketProcessor.run(NioEndpoint.java:1495)
	at java.util.concurrent.ThreadPoolExecutor.runWorker(ThreadPoolExecutor.java:1142)
	at java.util.concurrent.ThreadPoolExecutor$Worker.run(ThreadPoolExecutor.java:617)
	at org.apache.tomcat.util.threads.TaskThread$WrappingRunnable.run(TaskThread.java:61)
	at java.lang.Thread.run(Thread.java:745)

13-Jun-2023 12:06:36.027 심각 [http-nio-8855-exec-238] org.apache.catalina.core.StandardWrapperValve.invoke Servlet.service() for servlet [appServlet] in context with path [] threw exception [Request processing failed; nested exception is org.mybatis.spring.MyBatisSystemException: nested exception is org.apache.ibatis.exceptions.PersistenceException: 
### Error querying database.  Cause: org.springframework.jdbc.CannotGetJdbcConnectionException: Failed to obtain JDBC Connection; nested exception is com.microsoft.sqlserver.jdbc.SQLServerException: 호스트 61.32.101.234, 포트 1433에 대한 TCP/IP 연결에 실패했습니다. 오류: "connect timed out. 연결 속성을 확인하십시오. SQL Server의 인스턴스가 호스트에서 실행되고 있고 포트에서 TCP/IP 연결을 허용하고 있는지 확인하십시오. 또한 방화벽에서 포트로의 TCP 연결을 차단하지 않는지 확인하십시오.".
### The error may exist in com/daejist/login/mapper/LoginMapper.xml
### The error may involve com.daejist.login.mapper.LoginMapper.LoginMember
### The error occurred while executing a query
### Cause: org.springframework.jdbc.CannotGetJdbcConnectionException: Failed to obtain JDBC Connection; nested exception is com.microsoft.sqlserver.jdbc.SQLServerException: 호스트 61.32.101.234, 포트 1433에 대한 TCP/IP 연결에 실패했습니다. 오류: "connect timed out. 연결 속성을 확인하십시오. SQL Server의 인스턴스가 호스트에서 실행되고 있고 포트에서 TCP/IP 연결을 허용하고 있는지 확인하십시오. 또한 방화벽에서 포트로의 TCP 연결을 차단하지 않는지 확인하십시오.".] with root cause
 com.microsoft.sqlserver.jdbc.SQLServerException: 호스트 61.32.101.234, 포트 1433에 대한 TCP/IP 연결에 실패했습니다. 오류: "connect timed out. 연결 속성을 확인하십시오. SQL Server의 인스턴스가 호스트에서 실행되고 있고 포트에서 TCP/IP 연결을 허용하고 있는지 확인하십시오. 또한 방화벽에서 포트로의 TCP 연결을 차단하지 않는지 확인하십시오.".
	at com.microsoft.sqlserver.jdbc.SQLServerException.makeFromDriverError(SQLServerException.java:234)
	at com.microsoft.sqlserver.jdbc.SQLServerException.ConvertConnectExceptionToSQLServerException(SQLServerException.java:285)
	at com.microsoft.sqlserver.jdbc.SocketFinder.findSocket(IOBuffer.java:2462)
	at com.microsoft.sqlserver.jdbc.TDSChannel.open(IOBuffer.java:668)
	at com.microsoft.sqlserver.jdbc.SQLServerConnection.connectHelper(SQLServerConnection.java:2695)
	at com.microsoft.sqlserver.jdbc.SQLServerConnection.login(SQLServerConnection.java:2362)
	at com.microsoft.sqlserver.jdbc.SQLServerConnection.connectInternal(SQLServerConnection.java:2213)
	at com.microsoft.sqlserver.jdbc.SQLServerConnection.connect(SQLServerConnection.java:1276)
	at com.microsoft.sqlserver.jdbc.SQLServerDriver.connect(SQLServerDriver.java:861)
	at org.apache.commons.dbcp.DriverConnectionFactory.createConnection(DriverConnectionFactory.java:38)
	at org.apache.commons.dbcp.PoolableConnectionFactory.makeObject(PoolableConnectionFactory.java:582)
	at org.apache.commons.pool.impl.GenericObjectPool.borrowObject(GenericObjectPool.java:1148)
	at org.apache.commons.dbcp.PoolingDataSource.getConnection(PoolingDataSource.java:106)
	at org.apache.commons.dbcp.BasicDataSource.getConnection(BasicDataSource.java:1044)
	at org.springframework.jdbc.datasource.DataSourceUtils.fetchConnection(DataSourceUtils.java:157)
	at org.springframework.jdbc.datasource.DataSourceUtils.doGetConnection(DataSourceUtils.java:115)
	at org.springframework.jdbc.datasource.DataSourceUtils.getConnection(DataSourceUtils.java:78)
	at org.mybatis.spring.transaction.SpringManagedTransaction.openConnection(SpringManagedTransaction.java:80)
	at org.mybatis.spring.transaction.SpringManagedTransaction.getConnection(SpringManagedTransaction.java:67)
	at org.apache.ibatis.executor.BaseExecutor.getConnection(BaseExecutor.java:336)
	at org.apache.ibatis.executor.SimpleExecutor.prepareStatement(SimpleExecutor.java:85)
	at org.apache.ibatis.executor.SimpleExecutor.doQuery(SimpleExecutor.java:62)
	at org.apache.ibatis.executor.BaseExecutor.queryFromDatabase(BaseExecutor.java:324)
	at org.apache.ibatis.executor.BaseExecutor.query(BaseExecutor.java:156)
	at org.apache.ibatis.executor.CachingExecutor.query(CachingExecutor.java:109)
	at org.apache.ibatis.executor.CachingExecutor.query(CachingExecutor.java:83)
	at org.apache.ibatis.session.defaults.DefaultSqlSession.selectList(DefaultSqlSession.java:147)
	at org.apache.ibatis.session.defaults.DefaultSqlSession.selectList(DefaultSqlSession.java:140)
	at org.apache.ibatis.session.defaults.DefaultSqlSession.selectOne(DefaultSqlSession.java:76)
	at sun.reflect.GeneratedMethodAccessor1266.invoke(Unknown Source)
	at sun.reflect.DelegatingMethodAccessorImpl.invoke(DelegatingMethodAccessorImpl.java:43)
	at java.lang.reflect.Method.invoke(Method.java:498)
	at org.mybatis.spring.SqlSessionTemplate$SqlSessionInterceptor.invoke(SqlSessionTemplate.java:426)
	at com.sun.proxy.$Proxy366.selectOne(Unknown Source)
	at org.mybatis.spring.SqlSessionTemplate.selectOne(SqlSessionTemplate.java:159)
	at org.apache.ibatis.binding.MapperMethod.execute(MapperMethod.java:87)
	at org.apache.ibatis.binding.MapperProxy.invoke(MapperProxy.java:57)
	at com.sun.proxy.$Proxy368.LoginMember(Unknown Source)
	at com.daejist.login.service.LoginServiceImp.LoginCheck(LoginServiceImp.java:29)
	at com.daejist.login.controller.LoginController.getLogin(LoginController.java:98)
	at sun.reflect.GeneratedMethodAccessor1348.invoke(Unknown Source)
	at sun.reflect.DelegatingMethodAccessorImpl.invoke(DelegatingMethodAccessorImpl.java:43)
	at java.lang.reflect.Method.invoke(Method.java:498)
	at org.springframework.web.method.support.InvocableHandlerMethod.doInvoke(InvocableHandlerMethod.java:190)
	at org.springframework.web.method.support.InvocableHandlerMethod.invokeForRequest(InvocableHandlerMethod.java:138)
	at org.springframework.web.servlet.mvc.method.annotation.ServletInvocableHandlerMethod.invokeAndHandle(ServletInvocableHandlerMethod.java:104)
	at org.springframework.web.servlet.mvc.method.annotation.RequestMappingHandlerAdapter.invokeHandlerMethod(RequestMappingHandlerAdapter.java:892)
	at org.springframework.web.servlet.mvc.method.annotation.RequestMappingHandlerAdapter.handleInternal(RequestMappingHandlerAdapter.java:797)
	at org.springframework.web.servlet.mvc.method.AbstractHandlerMethodAdapter.handle(AbstractHandlerMethodAdapter.java:87)
	at org.springframework.web.servlet.DispatcherServlet.doDispatch(DispatcherServlet.java:1039)
	at org.springframework.web.servlet.DispatcherServlet.doService(DispatcherServlet.java:942)
	at org.springframework.web.servlet.FrameworkServlet.processRequest(FrameworkServlet.java:1005)
	at org.springframework.web.servlet.FrameworkServlet.doPost(FrameworkServlet.java:908)
	at javax.servlet.http.HttpServlet.service(HttpServlet.java:648)
	at org.springframework.web.servlet.FrameworkServlet.service(FrameworkServlet.java:882)
	at javax.servlet.http.HttpServlet.service(HttpServlet.java:729)
	at org.apache.catalina.core.ApplicationFilterChain.internalDoFilter(ApplicationFilterChain.java:292)
	at org.apache.catalina.core.ApplicationFilterChain.doFilter(ApplicationFilterChain.java:207)
	at org.apache.tomcat.websocket.server.WsFilter.doFilter(WsFilter.java:52)
	at org.apache.catalina.core.ApplicationFilterChain.internalDoFilter(ApplicationFilterChain.java:240)
	at org.apache.catalina.core.ApplicationFilterChain.doFilter(ApplicationFilterChain.java:207)
	at org.springframework.web.filter.CharacterEncodingFilter.doFilterInternal(CharacterEncodingFilter.java:200)
	at org.springframework.web.filter.OncePerRequestFilter.doFilter(OncePerRequestFilter.java:118)
	at org.apache.catalina.core.ApplicationFilterChain.internalDoFilter(ApplicationFilterChain.java:240)
	at org.apache.catalina.core.ApplicationFilterChain.doFilter(ApplicationFilterChain.java:207)
	at org.apache.catalina.core.StandardWrapperValve.invoke(StandardWrapperValve.java:212)
	at org.apache.catalina.core.StandardContextValve.invoke(StandardContextValve.java:94)
	at org.apache.catalina.core.StandardHostValve.invoke(StandardHostValve.java:141)
	at org.apache.catalina.valves.ErrorReportValve.invoke(ErrorReportValve.java:79)
	at org.apache.catalina.core.StandardEngineValve.invoke(StandardEngineValve.java:88)
	at org.apache.catalina.connector.CoyoteAdapter.service(CoyoteAdapter.java:502)
	at org.apache.coyote.http11.AbstractHttp11Processor.process(AbstractHttp11Processor.java:1132)
	at org.apache.coyote.AbstractProtocol$AbstractConnectionHandler.process(AbstractProtocol.java:684)
	at org.apache.tomcat.util.net.NioEndpoint$SocketProcessor.doRun(NioEndpoint.java:1539)
	at org.apache.tomcat.util.net.NioEndpoint$SocketProcessor.run(NioEndpoint.java:1495)
	at java.util.concurrent.ThreadPoolExecutor.runWorker(ThreadPoolExecutor.java:1142)
	at java.util.concurrent.ThreadPoolExecutor$Worker.run(ThreadPoolExecutor.java:617)
	at org.apache.tomcat.util.threads.TaskThread$WrappingRunnable.run(TaskThread.java:61)
	at java.lang.Thread.run(Thread.java:745)

13-Jun-2023 12:06:37.871 심각 [http-nio-8855-exec-239] org.apache.catalina.core.StandardWrapperValve.invoke Servlet.service() for servlet [appServlet] in context with path [] threw exception [Request processing failed; nested exception is org.mybatis.spring.MyBatisSystemException: nested exception is org.apache.ibatis.exceptions.PersistenceException: 
### Error querying database.  Cause: org.springframework.jdbc.CannotGetJdbcConnectionException: Failed to obtain JDBC Connection; nested exception is com.microsoft.sqlserver.jdbc.SQLServerException: 호스트 61.32.101.234, 포트 1433에 대한 TCP/IP 연결에 실패했습니다. 오류: "connect timed out. 연결 속성을 확인하십시오. SQL Server의 인스턴스가 호스트에서 실행되고 있고 포트에서 TCP/IP 연결을 허용하고 있는지 확인하십시오. 또한 방화벽에서 포트로의 TCP 연결을 차단하지 않는지 확인하십시오.".
### The error may exist in com/daejist/login/mapper/LoginMapper.xml
### The error may involve com.daejist.login.mapper.LoginMapper.LoginMember
### The error occurred while executing a query
### Cause: org.springframework.jdbc.CannotGetJdbcConnectionException: Failed to obtain JDBC Connection; nested exception is com.microsoft.sqlserver.jdbc.SQLServerException: 호스트 61.32.101.234, 포트 1433에 대한 TCP/IP 연결에 실패했습니다. 오류: "connect timed out. 연결 속성을 확인하십시오. SQL Server의 인스턴스가 호스트에서 실행되고 있고 포트에서 TCP/IP 연결을 허용하고 있는지 확인하십시오. 또한 방화벽에서 포트로의 TCP 연결을 차단하지 않는지 확인하십시오.".] with root cause
 com.microsoft.sqlserver.jdbc.SQLServerException: 호스트 61.32.101.234, 포트 1433에 대한 TCP/IP 연결에 실패했습니다. 오류: "connect timed out. 연결 속성을 확인하십시오. SQL Server의 인스턴스가 호스트에서 실행되고 있고 포트에서 TCP/IP 연결을 허용하고 있는지 확인하십시오. 또한 방화벽에서 포트로의 TCP 연결을 차단하지 않는지 확인하십시오.".
	at com.microsoft.sqlserver.jdbc.SQLServerException.makeFromDriverError(SQLServerException.java:234)
	at com.microsoft.sqlserver.jdbc.SQLServerException.ConvertConnectExceptionToSQLServerException(SQLServerException.java:285)
	at com.microsoft.sqlserver.jdbc.SocketFinder.findSocket(IOBuffer.java:2462)
	at com.microsoft.sqlserver.jdbc.TDSChannel.open(IOBuffer.java:668)
	at com.microsoft.sqlserver.jdbc.SQLServerConnection.connectHelper(SQLServerConnection.java:2695)
	at com.microsoft.sqlserver.jdbc.SQLServerConnection.login(SQLServerConnection.java:2362)
	at com.microsoft.sqlserver.jdbc.SQLServerConnection.connectInternal(SQLServerConnection.java:2213)
	at com.microsoft.sqlserver.jdbc.SQLServerConnection.connect(SQLServerConnection.java:1276)
	at com.microsoft.sqlserver.jdbc.SQLServerDriver.connect(SQLServerDriver.java:861)
	at org.apache.commons.dbcp.DriverConnectionFactory.createConnection(DriverConnectionFactory.java:38)
	at org.apache.commons.dbcp.PoolableConnectionFactory.makeObject(PoolableConnectionFactory.java:582)
	at org.apache.commons.pool.impl.GenericObjectPool.borrowObject(GenericObjectPool.java:1148)
	at org.apache.commons.dbcp.PoolingDataSource.getConnection(PoolingDataSource.java:106)
	at org.apache.commons.dbcp.BasicDataSource.getConnection(BasicDataSource.java:1044)
	at org.springframework.jdbc.datasource.DataSourceUtils.fetchConnection(DataSourceUtils.java:157)
	at org.springframework.jdbc.datasource.DataSourceUtils.doGetConnection(DataSourceUtils.java:115)
	at org.springframework.jdbc.datasource.DataSourceUtils.getConnection(DataSourceUtils.java:78)
	at org.mybatis.spring.transaction.SpringManagedTransaction.openConnection(SpringManagedTransaction.java:80)
	at org.mybatis.spring.transaction.SpringManagedTransaction.getConnection(SpringManagedTransaction.java:67)
	at org.apache.ibatis.executor.BaseExecutor.getConnection(BaseExecutor.java:336)
	at org.apache.ibatis.executor.SimpleExecutor.prepareStatement(SimpleExecutor.java:85)
	at org.apache.ibatis.executor.SimpleExecutor.doQuery(SimpleExecutor.java:62)
	at org.apache.ibatis.executor.BaseExecutor.queryFromDatabase(BaseExecutor.java:324)
	at org.apache.ibatis.executor.BaseExecutor.query(BaseExecutor.java:156)
	at org.apache.ibatis.executor.CachingExecutor.query(CachingExecutor.java:109)
	at org.apache.ibatis.executor.CachingExecutor.query(CachingExecutor.java:83)
	at org.apache.ibatis.session.defaults.DefaultSqlSession.selectList(DefaultSqlSession.java:147)
	at org.apache.ibatis.session.defaults.DefaultSqlSession.selectList(DefaultSqlSession.java:140)
	at org.apache.ibatis.session.defaults.DefaultSqlSession.selectOne(DefaultSqlSession.java:76)
	at sun.reflect.GeneratedMethodAccessor1266.invoke(Unknown Source)
	at sun.reflect.DelegatingMethodAccessorImpl.invoke(DelegatingMethodAccessorImpl.java:43)
	at java.lang.reflect.Method.invoke(Method.java:498)
	at org.mybatis.spring.SqlSessionTemplate$SqlSessionInterceptor.invoke(SqlSessionTemplate.java:426)
	at com.sun.proxy.$Proxy366.selectOne(Unknown Source)
	at org.mybatis.spring.SqlSessionTemplate.selectOne(SqlSessionTemplate.java:159)
	at org.apache.ibatis.binding.MapperMethod.execute(MapperMethod.java:87)
	at org.apache.ibatis.binding.MapperProxy.invoke(MapperProxy.java:57)
	at com.sun.proxy.$Proxy368.LoginMember(Unknown Source)
	at com.daejist.login.service.LoginServiceImp.LoginCheck(LoginServiceImp.java:29)
	at com.daejist.login.controller.LoginController.getLogin(LoginController.java:98)
	at sun.reflect.GeneratedMethodAccessor1348.invoke(Unknown Source)
	at sun.reflect.DelegatingMethodAccessorImpl.invoke(DelegatingMethodAccessorImpl.java:43)
	at java.lang.reflect.Method.invoke(Method.java:498)
	at org.springframework.web.method.support.InvocableHandlerMethod.doInvoke(InvocableHandlerMethod.java:190)
	at org.springframework.web.method.support.InvocableHandlerMethod.invokeForRequest(InvocableHandlerMethod.java:138)
	at org.springframework.web.servlet.mvc.method.annotation.ServletInvocableHandlerMethod.invokeAndHandle(ServletInvocableHandlerMethod.java:104)
	at org.springframework.web.servlet.mvc.method.annotation.RequestMappingHandlerAdapter.invokeHandlerMethod(RequestMappingHandlerAdapter.java:892)
	at org.springframework.web.servlet.mvc.method.annotation.RequestMappingHandlerAdapter.handleInternal(RequestMappingHandlerAdapter.java:797)
	at org.springframework.web.servlet.mvc.method.AbstractHandlerMethodAdapter.handle(AbstractHandlerMethodAdapter.java:87)
	at org.springframework.web.servlet.DispatcherServlet.doDispatch(DispatcherServlet.java:1039)
	at org.springframework.web.servlet.DispatcherServlet.doService(DispatcherServlet.java:942)
	at org.springframework.web.servlet.FrameworkServlet.processRequest(FrameworkServlet.java:1005)
	at org.springframework.web.servlet.FrameworkServlet.doPost(FrameworkServlet.java:908)
	at javax.servlet.http.HttpServlet.service(HttpServlet.java:648)
	at org.springframework.web.servlet.FrameworkServlet.service(FrameworkServlet.java:882)
	at javax.servlet.http.HttpServlet.service(HttpServlet.java:729)
	at org.apache.catalina.core.ApplicationFilterChain.internalDoFilter(ApplicationFilterChain.java:292)
	at org.apache.catalina.core.ApplicationFilterChain.doFilter(ApplicationFilterChain.java:207)
	at org.apache.tomcat.websocket.server.WsFilter.doFilter(WsFilter.java:52)
	at org.apache.catalina.core.ApplicationFilterChain.internalDoFilter(ApplicationFilterChain.java:240)
	at org.apache.catalina.core.ApplicationFilterChain.doFilter(ApplicationFilterChain.java:207)
	at org.springframework.web.filter.CharacterEncodingFilter.doFilterInternal(CharacterEncodingFilter.java:200)
	at org.springframework.web.filter.OncePerRequestFilter.doFilter(OncePerRequestFilter.java:118)
	at org.apache.catalina.core.ApplicationFilterChain.internalDoFilter(ApplicationFilterChain.java:240)
	at org.apache.catalina.core.ApplicationFilterChain.doFilter(ApplicationFilterChain.java:207)
	at org.apache.catalina.core.StandardWrapperValve.invoke(StandardWrapperValve.java:212)
	at org.apache.catalina.core.StandardContextValve.invoke(StandardContextValve.java:94)
	at org.apache.catalina.core.StandardHostValve.invoke(StandardHostValve.java:141)
	at org.apache.catalina.valves.ErrorReportValve.invoke(ErrorReportValve.java:79)
	at org.apache.catalina.core.StandardEngineValve.invoke(StandardEngineValve.java:88)
	at org.apache.catalina.connector.CoyoteAdapter.service(CoyoteAdapter.java:502)
	at org.apache.coyote.http11.AbstractHttp11Processor.process(AbstractHttp11Processor.java:1132)
	at org.apache.coyote.AbstractProtocol$AbstractConnectionHandler.process(AbstractProtocol.java:684)
	at org.apache.tomcat.util.net.NioEndpoint$SocketProcessor.doRun(NioEndpoint.java:1539)
	at org.apache.tomcat.util.net.NioEndpoint$SocketProcessor.run(NioEndpoint.java:1495)
	at java.util.concurrent.ThreadPoolExecutor.runWorker(ThreadPoolExecutor.java:1142)
	at java.util.concurrent.ThreadPoolExecutor$Worker.run(ThreadPoolExecutor.java:617)
	at org.apache.tomcat.util.threads.TaskThread$WrappingRunnable.run(TaskThread.java:61)
	at java.lang.Thread.run(Thread.java:745)

13-Jun-2023 12:06:38.709 심각 [http-nio-8855-exec-225] org.apache.catalina.core.StandardWrapperValve.invoke Servlet.service() for servlet [appServlet] in context with path [] threw exception [Request processing failed; nested exception is org.mybatis.spring.MyBatisSystemException: nested exception is org.apache.ibatis.exceptions.PersistenceException: 
### Error querying database.  Cause: org.springframework.jdbc.CannotGetJdbcConnectionException: Failed to obtain JDBC Connection; nested exception is com.microsoft.sqlserver.jdbc.SQLServerException: 호스트 61.32.101.234, 포트 1433에 대한 TCP/IP 연결에 실패했습니다. 오류: "connect timed out. 연결 속성을 확인하십시오. SQL Server의 인스턴스가 호스트에서 실행되고 있고 포트에서 TCP/IP 연결을 허용하고 있는지 확인하십시오. 또한 방화벽에서 포트로의 TCP 연결을 차단하지 않는지 확인하십시오.".
### The error may exist in com/daejist/login/mapper/LoginMapper.xml
### The error may involve com.daejist.login.mapper.LoginMapper.LoginMember
### The error occurred while executing a query
### Cause: org.springframework.jdbc.CannotGetJdbcConnectionException: Failed to obtain JDBC Connection; nested exception is com.microsoft.sqlserver.jdbc.SQLServerException: 호스트 61.32.101.234, 포트 1433에 대한 TCP/IP 연결에 실패했습니다. 오류: "connect timed out. 연결 속성을 확인하십시오. SQL Server의 인스턴스가 호스트에서 실행되고 있고 포트에서 TCP/IP 연결을 허용하고 있는지 확인하십시오. 또한 방화벽에서 포트로의 TCP 연결을 차단하지 않는지 확인하십시오.".] with root cause
 com.microsoft.sqlserver.jdbc.SQLServerException: 호스트 61.32.101.234, 포트 1433에 대한 TCP/IP 연결에 실패했습니다. 오류: "connect timed out. 연결 속성을 확인하십시오. SQL Server의 인스턴스가 호스트에서 실행되고 있고 포트에서 TCP/IP 연결을 허용하고 있는지 확인하십시오. 또한 방화벽에서 포트로의 TCP 연결을 차단하지 않는지 확인하십시오.".
	at com.microsoft.sqlserver.jdbc.SQLServerException.makeFromDriverError(SQLServerException.java:234)
	at com.microsoft.sqlserver.jdbc.SQLServerException.ConvertConnectExceptionToSQLServerException(SQLServerException.java:285)
	at com.microsoft.sqlserver.jdbc.SocketFinder.findSocket(IOBuffer.java:2462)
	at com.microsoft.sqlserver.jdbc.TDSChannel.open(IOBuffer.java:668)
	at com.microsoft.sqlserver.jdbc.SQLServerConnection.connectHelper(SQLServerConnection.java:2695)
	at com.microsoft.sqlserver.jdbc.SQLServerConnection.login(SQLServerConnection.java:2362)
	at com.microsoft.sqlserver.jdbc.SQLServerConnection.connectInternal(SQLServerConnection.java:2213)
	at com.microsoft.sqlserver.jdbc.SQLServerConnection.connect(SQLServerConnection.java:1276)
	at com.microsoft.sqlserver.jdbc.SQLServerDriver.connect(SQLServerDriver.java:861)
	at org.apache.commons.dbcp.DriverConnectionFactory.createConnection(DriverConnectionFactory.java:38)
	at org.apache.commons.dbcp.PoolableConnectionFactory.makeObject(PoolableConnectionFactory.java:582)
	at org.apache.commons.pool.impl.GenericObjectPool.borrowObject(GenericObjectPool.java:1148)
	at org.apache.commons.dbcp.PoolingDataSource.getConnection(PoolingDataSource.java:106)
	at org.apache.commons.dbcp.BasicDataSource.getConnection(BasicDataSource.java:1044)
	at org.springframework.jdbc.datasource.DataSourceUtils.fetchConnection(DataSourceUtils.java:157)
	at org.springframework.jdbc.datasource.DataSourceUtils.doGetConnection(DataSourceUtils.java:115)
	at org.springframework.jdbc.datasource.DataSourceUtils.getConnection(DataSourceUtils.java:78)
	at org.mybatis.spring.transaction.SpringManagedTransaction.openConnection(SpringManagedTransaction.java:80)
	at org.mybatis.spring.transaction.SpringManagedTransaction.getConnection(SpringManagedTransaction.java:67)
	at org.apache.ibatis.executor.BaseExecutor.getConnection(BaseExecutor.java:336)
	at org.apache.ibatis.executor.SimpleExecutor.prepareStatement(SimpleExecutor.java:85)
	at org.apache.ibatis.executor.SimpleExecutor.doQuery(SimpleExecutor.java:62)
	at org.apache.ibatis.executor.BaseExecutor.queryFromDatabase(BaseExecutor.java:324)
	at org.apache.ibatis.executor.BaseExecutor.query(BaseExecutor.java:156)
	at org.apache.ibatis.executor.CachingExecutor.query(CachingExecutor.java:109)
	at org.apache.ibatis.executor.CachingExecutor.query(CachingExecutor.java:83)
	at org.apache.ibatis.session.defaults.DefaultSqlSession.selectList(DefaultSqlSession.java:147)
	at org.apache.ibatis.session.defaults.DefaultSqlSession.selectList(DefaultSqlSession.java:140)
	at org.apache.ibatis.session.defaults.DefaultSqlSession.selectOne(DefaultSqlSession.java:76)
	at sun.reflect.GeneratedMethodAccessor1266.invoke(Unknown Source)
	at sun.reflect.DelegatingMethodAccessorImpl.invoke(DelegatingMethodAccessorImpl.java:43)
	at java.lang.reflect.Method.invoke(Method.java:498)
	at org.mybatis.spring.SqlSessionTemplate$SqlSessionInterceptor.invoke(SqlSessionTemplate.java:426)
	at com.sun.proxy.$Proxy366.selectOne(Unknown Source)
	at org.mybatis.spring.SqlSessionTemplate.selectOne(SqlSessionTemplate.java:159)
	at org.apache.ibatis.binding.MapperMethod.execute(MapperMethod.java:87)
	at org.apache.ibatis.binding.MapperProxy.invoke(MapperProxy.java:57)
	at com.sun.proxy.$Proxy368.LoginMember(Unknown Source)
	at com.daejist.login.service.LoginServiceImp.LoginCheck(LoginServiceImp.java:29)
	at com.daejist.login.controller.LoginController.getLogin(LoginController.java:98)
	at sun.reflect.GeneratedMethodAccessor1348.invoke(Unknown Source)
	at sun.reflect.DelegatingMethodAccessorImpl.invoke(DelegatingMethodAccessorImpl.java:43)
	at java.lang.reflect.Method.invoke(Method.java:498)
	at org.springframework.web.method.support.InvocableHandlerMethod.doInvoke(InvocableHandlerMethod.java:190)
	at org.springframework.web.method.support.InvocableHandlerMethod.invokeForRequest(InvocableHandlerMethod.java:138)
	at org.springframework.web.servlet.mvc.method.annotation.ServletInvocableHandlerMethod.invokeAndHandle(ServletInvocableHandlerMethod.java:104)
	at org.springframework.web.servlet.mvc.method.annotation.RequestMappingHandlerAdapter.invokeHandlerMethod(RequestMappingHandlerAdapter.java:892)
	at org.springframework.web.servlet.mvc.method.annotation.RequestMappingHandlerAdapter.handleInternal(RequestMappingHandlerAdapter.java:797)
	at org.springframework.web.servlet.mvc.method.AbstractHandlerMethodAdapter.handle(AbstractHandlerMethodAdapter.java:87)
	at org.springframework.web.servlet.DispatcherServlet.doDispatch(DispatcherServlet.java:1039)
	at org.springframework.web.servlet.DispatcherServlet.doService(DispatcherServlet.java:942)
	at org.springframework.web.servlet.FrameworkServlet.processRequest(FrameworkServlet.java:1005)
	at org.springframework.web.servlet.FrameworkServlet.doPost(FrameworkServlet.java:908)
	at javax.servlet.http.HttpServlet.service(HttpServlet.java:648)
	at org.springframework.web.servlet.FrameworkServlet.service(FrameworkServlet.java:882)
	at javax.servlet.http.HttpServlet.service(HttpServlet.java:729)
	at org.apache.catalina.core.ApplicationFilterChain.internalDoFilter(ApplicationFilterChain.java:292)
	at org.apache.catalina.core.ApplicationFilterChain.doFilter(ApplicationFilterChain.java:207)
	at org.apache.tomcat.websocket.server.WsFilter.doFilter(WsFilter.java:52)
	at org.apache.catalina.core.ApplicationFilterChain.internalDoFilter(ApplicationFilterChain.java:240)
	at org.apache.catalina.core.ApplicationFilterChain.doFilter(ApplicationFilterChain.java:207)
	at org.springframework.web.filter.CharacterEncodingFilter.doFilterInternal(CharacterEncodingFilter.java:200)
	at org.springframework.web.filter.OncePerRequestFilter.doFilter(OncePerRequestFilter.java:118)
	at org.apache.catalina.core.ApplicationFilterChain.internalDoFilter(ApplicationFilterChain.java:240)
	at org.apache.catalina.core.ApplicationFilterChain.doFilter(ApplicationFilterChain.java:207)
	at org.apache.catalina.core.StandardWrapperValve.invoke(StandardWrapperValve.java:212)
	at org.apache.catalina.core.StandardContextValve.invoke(StandardContextValve.java:94)
	at org.apache.catalina.core.StandardHostValve.invoke(StandardHostValve.java:141)
	at org.apache.catalina.valves.ErrorReportValve.invoke(ErrorReportValve.java:79)
	at org.apache.catalina.core.StandardEngineValve.invoke(StandardEngineValve.java:88)
	at org.apache.catalina.connector.CoyoteAdapter.service(CoyoteAdapter.java:502)
	at org.apache.coyote.http11.AbstractHttp11Processor.process(AbstractHttp11Processor.java:1132)
	at org.apache.coyote.AbstractProtocol$AbstractConnectionHandler.process(AbstractProtocol.java:684)
	at org.apache.tomcat.util.net.NioEndpoint$SocketProcessor.doRun(NioEndpoint.java:1539)
	at org.apache.tomcat.util.net.NioEndpoint$SocketProcessor.run(NioEndpoint.java:1495)
	at java.util.concurrent.ThreadPoolExecutor.runWorker(ThreadPoolExecutor.java:1142)
	at java.util.concurrent.ThreadPoolExecutor$Worker.run(ThreadPoolExecutor.java:617)
	at org.apache.tomcat.util.threads.TaskThread$WrappingRunnable.run(TaskThread.java:61)
	at java.lang.Thread.run(Thread.java:745)

13-Jun-2023 12:06:45.440 심각 [http-nio-8855-exec-222] org.apache.catalina.core.StandardWrapperValve.invoke Servlet.service() for servlet [appServlet] in context with path [] threw exception [Request processing failed; nested exception is org.mybatis.spring.MyBatisSystemException: nested exception is org.apache.ibatis.exceptions.PersistenceException: 
### Error querying database.  Cause: org.springframework.jdbc.CannotGetJdbcConnectionException: Failed to obtain JDBC Connection; nested exception is com.microsoft.sqlserver.jdbc.SQLServerException: 호스트 61.32.101.234, 포트 1433에 대한 TCP/IP 연결에 실패했습니다. 오류: "connect timed out. 연결 속성을 확인하십시오. SQL Server의 인스턴스가 호스트에서 실행되고 있고 포트에서 TCP/IP 연결을 허용하고 있는지 확인하십시오. 또한 방화벽에서 포트로의 TCP 연결을 차단하지 않는지 확인하십시오.".
### The error may exist in com/daejist/login/mapper/LoginMapper.xml
### The error may involve com.daejist.login.mapper.LoginMapper.LoginMember
### The error occurred while executing a query
### Cause: org.springframework.jdbc.CannotGetJdbcConnectionException: Failed to obtain JDBC Connection; nested exception is com.microsoft.sqlserver.jdbc.SQLServerException: 호스트 61.32.101.234, 포트 1433에 대한 TCP/IP 연결에 실패했습니다. 오류: "connect timed out. 연결 속성을 확인하십시오. SQL Server의 인스턴스가 호스트에서 실행되고 있고 포트에서 TCP/IP 연결을 허용하고 있는지 확인하십시오. 또한 방화벽에서 포트로의 TCP 연결을 차단하지 않는지 확인하십시오.".] with root cause
 com.microsoft.sqlserver.jdbc.SQLServerException: 호스트 61.32.101.234, 포트 1433에 대한 TCP/IP 연결에 실패했습니다. 오류: "connect timed out. 연결 속성을 확인하십시오. SQL Server의 인스턴스가 호스트에서 실행되고 있고 포트에서 TCP/IP 연결을 허용하고 있는지 확인하십시오. 또한 방화벽에서 포트로의 TCP 연결을 차단하지 않는지 확인하십시오.".
	at com.microsoft.sqlserver.jdbc.SQLServerException.makeFromDriverError(SQLServerException.java:234)
	at com.microsoft.sqlserver.jdbc.SQLServerException.ConvertConnectExceptionToSQLServerException(SQLServerException.java:285)
	at com.microsoft.sqlserver.jdbc.SocketFinder.findSocket(IOBuffer.java:2462)
	at com.microsoft.sqlserver.jdbc.TDSChannel.open(IOBuffer.java:668)
	at com.microsoft.sqlserver.jdbc.SQLServerConnection.connectHelper(SQLServerConnection.java:2695)
	at com.microsoft.sqlserver.jdbc.SQLServerConnection.login(SQLServerConnection.java:2362)
	at com.microsoft.sqlserver.jdbc.SQLServerConnection.connectInternal(SQLServerConnection.java:2213)
	at com.microsoft.sqlserver.jdbc.SQLServerConnection.connect(SQLServerConnection.java:1276)
	at com.microsoft.sqlserver.jdbc.SQLServerDriver.connect(SQLServerDriver.java:861)
	at org.apache.commons.dbcp.DriverConnectionFactory.createConnection(DriverConnectionFactory.java:38)
	at org.apache.commons.dbcp.PoolableConnectionFactory.makeObject(PoolableConnectionFactory.java:582)
	at org.apache.commons.pool.impl.GenericObjectPool.borrowObject(GenericObjectPool.java:1148)
	at org.apache.commons.dbcp.PoolingDataSource.getConnection(PoolingDataSource.java:106)
	at org.apache.commons.dbcp.BasicDataSource.getConnection(BasicDataSource.java:1044)
	at org.springframework.jdbc.datasource.DataSourceUtils.fetchConnection(DataSourceUtils.java:157)
	at org.springframework.jdbc.datasource.DataSourceUtils.doGetConnection(DataSourceUtils.java:115)
	at org.springframework.jdbc.datasource.DataSourceUtils.getConnection(DataSourceUtils.java:78)
	at org.mybatis.spring.transaction.SpringManagedTransaction.openConnection(SpringManagedTransaction.java:80)
	at org.mybatis.spring.transaction.SpringManagedTransaction.getConnection(SpringManagedTransaction.java:67)
	at org.apache.ibatis.executor.BaseExecutor.getConnection(BaseExecutor.java:336)
	at org.apache.ibatis.executor.SimpleExecutor.prepareStatement(SimpleExecutor.java:85)
	at org.apache.ibatis.executor.SimpleExecutor.doQuery(SimpleExecutor.java:62)
	at org.apache.ibatis.executor.BaseExecutor.queryFromDatabase(BaseExecutor.java:324)
	at org.apache.ibatis.executor.BaseExecutor.query(BaseExecutor.java:156)
	at org.apache.ibatis.executor.CachingExecutor.query(CachingExecutor.java:109)
	at org.apache.ibatis.executor.CachingExecutor.query(CachingExecutor.java:83)
	at org.apache.ibatis.session.defaults.DefaultSqlSession.selectList(DefaultSqlSession.java:147)
	at org.apache.ibatis.session.defaults.DefaultSqlSession.selectList(DefaultSqlSession.java:140)
	at org.apache.ibatis.session.defaults.DefaultSqlSession.selectOne(DefaultSqlSession.java:76)
	at sun.reflect.GeneratedMethodAccessor1266.invoke(Unknown Source)
	at sun.reflect.DelegatingMethodAccessorImpl.invoke(DelegatingMethodAccessorImpl.java:43)
	at java.lang.reflect.Method.invoke(Method.java:498)
	at org.mybatis.spring.SqlSessionTemplate$SqlSessionInterceptor.invoke(SqlSessionTemplate.java:426)
	at com.sun.proxy.$Proxy366.selectOne(Unknown Source)
	at org.mybatis.spring.SqlSessionTemplate.selectOne(SqlSessionTemplate.java:159)
	at org.apache.ibatis.binding.MapperMethod.execute(MapperMethod.java:87)
	at org.apache.ibatis.binding.MapperProxy.invoke(MapperProxy.java:57)
	at com.sun.proxy.$Proxy368.LoginMember(Unknown Source)
	at com.daejist.login.service.LoginServiceImp.LoginCheck(LoginServiceImp.java:29)
	at com.daejist.login.controller.LoginController.getLogin(LoginController.java:98)
	at sun.reflect.GeneratedMethodAccessor1348.invoke(Unknown Source)
	at sun.reflect.DelegatingMethodAccessorImpl.invoke(DelegatingMethodAccessorImpl.java:43)
	at java.lang.reflect.Method.invoke(Method.java:498)
	at org.springframework.web.method.support.InvocableHandlerMethod.doInvoke(InvocableHandlerMethod.java:190)
	at org.springframework.web.method.support.InvocableHandlerMethod.invokeForRequest(InvocableHandlerMethod.java:138)
	at org.springframework.web.servlet.mvc.method.annotation.ServletInvocableHandlerMethod.invokeAndHandle(ServletInvocableHandlerMethod.java:104)
	at org.springframework.web.servlet.mvc.method.annotation.RequestMappingHandlerAdapter.invokeHandlerMethod(RequestMappingHandlerAdapter.java:892)
	at org.springframework.web.servlet.mvc.method.annotation.RequestMappingHandlerAdapter.handleInternal(RequestMappingHandlerAdapter.java:797)
	at org.springframework.web.servlet.mvc.method.AbstractHandlerMethodAdapter.handle(AbstractHandlerMethodAdapter.java:87)
	at org.springframework.web.servlet.DispatcherServlet.doDispatch(DispatcherServlet.java:1039)
	at org.springframework.web.servlet.DispatcherServlet.doService(DispatcherServlet.java:942)
	at org.springframework.web.servlet.FrameworkServlet.processRequest(FrameworkServlet.java:1005)
	at org.springframework.web.servlet.FrameworkServlet.doPost(FrameworkServlet.java:908)
	at javax.servlet.http.HttpServlet.service(HttpServlet.java:648)
	at org.springframework.web.servlet.FrameworkServlet.service(FrameworkServlet.java:882)
	at javax.servlet.http.HttpServlet.service(HttpServlet.java:729)
	at org.apache.catalina.core.ApplicationFilterChain.internalDoFilter(ApplicationFilterChain.java:292)
	at org.apache.catalina.core.ApplicationFilterChain.doFilter(ApplicationFilterChain.java:207)
	at org.apache.tomcat.websocket.server.WsFilter.doFilter(WsFilter.java:52)
	at org.apache.catalina.core.ApplicationFilterChain.internalDoFilter(ApplicationFilterChain.java:240)
	at org.apache.catalina.core.ApplicationFilterChain.doFilter(ApplicationFilterChain.java:207)
	at org.springframework.web.filter.CharacterEncodingFilter.doFilterInternal(CharacterEncodingFilter.java:200)
	at org.springframework.web.filter.OncePerRequestFilter.doFilter(OncePerRequestFilter.java:118)
	at org.apache.catalina.core.ApplicationFilterChain.internalDoFilter(ApplicationFilterChain.java:240)
	at org.apache.catalina.core.ApplicationFilterChain.doFilter(ApplicationFilterChain.java:207)
	at org.apache.catalina.core.StandardWrapperValve.invoke(StandardWrapperValve.java:212)
	at org.apache.catalina.core.StandardContextValve.invoke(StandardContextValve.java:94)
	at org.apache.catalina.core.StandardHostValve.invoke(StandardHostValve.java:141)
	at org.apache.catalina.valves.ErrorReportValve.invoke(ErrorReportValve.java:79)
	at org.apache.catalina.core.StandardEngineValve.invoke(StandardEngineValve.java:88)
	at org.apache.catalina.connector.CoyoteAdapter.service(CoyoteAdapter.java:502)
	at org.apache.coyote.http11.AbstractHttp11Processor.process(AbstractHttp11Processor.java:1132)
	at org.apache.coyote.AbstractProtocol$AbstractConnectionHandler.process(AbstractProtocol.java:684)
	at org.apache.tomcat.util.net.NioEndpoint$SocketProcessor.doRun(NioEndpoint.java:1539)
	at org.apache.tomcat.util.net.NioEndpoint$SocketProcessor.run(NioEndpoint.java:1495)
	at java.util.concurrent.ThreadPoolExecutor.runWorker(ThreadPoolExecutor.java:1142)
	at java.util.concurrent.ThreadPoolExecutor$Worker.run(ThreadPoolExecutor.java:617)
	at org.apache.tomcat.util.threads.TaskThread$WrappingRunnable.run(TaskThread.java:61)
	at java.lang.Thread.run(Thread.java:745)

13-Jun-2023 12:06:47.597 심각 [http-nio-8855-exec-262] org.apache.catalina.core.StandardWrapperValve.invoke Servlet.service() for servlet [appServlet] in context with path [] threw exception [Request processing failed; nested exception is org.mybatis.spring.MyBatisSystemException: nested exception is org.apache.ibatis.exceptions.PersistenceException: 
### Error querying database.  Cause: org.springframework.jdbc.CannotGetJdbcConnectionException: Failed to obtain JDBC Connection; nested exception is com.microsoft.sqlserver.jdbc.SQLServerException: 호스트 61.32.101.234, 포트 1433에 대한 TCP/IP 연결에 실패했습니다. 오류: "connect timed out. 연결 속성을 확인하십시오. SQL Server의 인스턴스가 호스트에서 실행되고 있고 포트에서 TCP/IP 연결을 허용하고 있는지 확인하십시오. 또한 방화벽에서 포트로의 TCP 연결을 차단하지 않는지 확인하십시오.".
### The error may exist in com/daejist/login/mapper/LoginMapper.xml
### The error may involve com.daejist.login.mapper.LoginMapper.LoginMember
### The error occurred while executing a query
### Cause: org.springframework.jdbc.CannotGetJdbcConnectionException: Failed to obtain JDBC Connection; nested exception is com.microsoft.sqlserver.jdbc.SQLServerException: 호스트 61.32.101.234, 포트 1433에 대한 TCP/IP 연결에 실패했습니다. 오류: "connect timed out. 연결 속성을 확인하십시오. SQL Server의 인스턴스가 호스트에서 실행되고 있고 포트에서 TCP/IP 연결을 허용하고 있는지 확인하십시오. 또한 방화벽에서 포트로의 TCP 연결을 차단하지 않는지 확인하십시오.".] with root cause
 com.microsoft.sqlserver.jdbc.SQLServerException: 호스트 61.32.101.234, 포트 1433에 대한 TCP/IP 연결에 실패했습니다. 오류: "connect timed out. 연결 속성을 확인하십시오. SQL Server의 인스턴스가 호스트에서 실행되고 있고 포트에서 TCP/IP 연결을 허용하고 있는지 확인하십시오. 또한 방화벽에서 포트로의 TCP 연결을 차단하지 않는지 확인하십시오.".
	at com.microsoft.sqlserver.jdbc.SQLServerException.makeFromDriverError(SQLServerException.java:234)
	at com.microsoft.sqlserver.jdbc.SQLServerException.ConvertConnectExceptionToSQLServerException(SQLServerException.java:285)
	at com.microsoft.sqlserver.jdbc.SocketFinder.findSocket(IOBuffer.java:2462)
	at com.microsoft.sqlserver.jdbc.TDSChannel.open(IOBuffer.java:668)
	at com.microsoft.sqlserver.jdbc.SQLServerConnection.connectHelper(SQLServerConnection.java:2695)
	at com.microsoft.sqlserver.jdbc.SQLServerConnection.login(SQLServerConnection.java:2362)
	at com.microsoft.sqlserver.jdbc.SQLServerConnection.connectInternal(SQLServerConnection.java:2213)
	at com.microsoft.sqlserver.jdbc.SQLServerConnection.connect(SQLServerConnection.java:1276)
	at com.microsoft.sqlserver.jdbc.SQLServerDriver.connect(SQLServerDriver.java:861)
	at org.apache.commons.dbcp.DriverConnectionFactory.createConnection(DriverConnectionFactory.java:38)
	at org.apache.commons.dbcp.PoolableConnectionFactory.makeObject(PoolableConnectionFactory.java:582)
	at org.apache.commons.pool.impl.GenericObjectPool.borrowObject(GenericObjectPool.java:1148)
	at org.apache.commons.dbcp.PoolingDataSource.getConnection(PoolingDataSource.java:106)
	at org.apache.commons.dbcp.BasicDataSource.getConnection(BasicDataSource.java:1044)
	at org.springframework.jdbc.datasource.DataSourceUtils.fetchConnection(DataSourceUtils.java:157)
	at org.springframework.jdbc.datasource.DataSourceUtils.doGetConnection(DataSourceUtils.java:115)
	at org.springframework.jdbc.datasource.DataSourceUtils.getConnection(DataSourceUtils.java:78)
	at org.mybatis.spring.transaction.SpringManagedTransaction.openConnection(SpringManagedTransaction.java:80)
	at org.mybatis.spring.transaction.SpringManagedTransaction.getConnection(SpringManagedTransaction.java:67)
	at org.apache.ibatis.executor.BaseExecutor.getConnection(BaseExecutor.java:336)
	at org.apache.ibatis.executor.SimpleExecutor.prepareStatement(SimpleExecutor.java:85)
	at org.apache.ibatis.executor.SimpleExecutor.doQuery(SimpleExecutor.java:62)
	at org.apache.ibatis.executor.BaseExecutor.queryFromDatabase(BaseExecutor.java:324)
	at org.apache.ibatis.executor.BaseExecutor.query(BaseExecutor.java:156)
	at org.apache.ibatis.executor.CachingExecutor.query(CachingExecutor.java:109)
	at org.apache.ibatis.executor.CachingExecutor.query(CachingExecutor.java:83)
	at org.apache.ibatis.session.defaults.DefaultSqlSession.selectList(DefaultSqlSession.java:147)
	at org.apache.ibatis.session.defaults.DefaultSqlSession.selectList(DefaultSqlSession.java:140)
	at org.apache.ibatis.session.defaults.DefaultSqlSession.selectOne(DefaultSqlSession.java:76)
	at sun.reflect.GeneratedMethodAccessor1266.invoke(Unknown Source)
	at sun.reflect.DelegatingMethodAccessorImpl.invoke(DelegatingMethodAccessorImpl.java:43)
	at java.lang.reflect.Method.invoke(Method.java:498)
	at org.mybatis.spring.SqlSessionTemplate$SqlSessionInterceptor.invoke(SqlSessionTemplate.java:426)
	at com.sun.proxy.$Proxy366.selectOne(Unknown Source)
	at org.mybatis.spring.SqlSessionTemplate.selectOne(SqlSessionTemplate.java:159)
	at org.apache.ibatis.binding.MapperMethod.execute(MapperMethod.java:87)
	at org.apache.ibatis.binding.MapperProxy.invoke(MapperProxy.java:57)
	at com.sun.proxy.$Proxy368.LoginMember(Unknown Source)
	at com.daejist.login.service.LoginServiceImp.LoginCheck(LoginServiceImp.java:29)
	at com.daejist.login.controller.LoginController.getLogin(LoginController.java:98)
	at sun.reflect.GeneratedMethodAccessor1348.invoke(Unknown Source)
	at sun.reflect.DelegatingMethodAccessorImpl.invoke(DelegatingMethodAccessorImpl.java:43)
	at java.lang.reflect.Method.invoke(Method.java:498)
	at org.springframework.web.method.support.InvocableHandlerMethod.doInvoke(InvocableHandlerMethod.java:190)
	at org.springframework.web.method.support.InvocableHandlerMethod.invokeForRequest(InvocableHandlerMethod.java:138)
	at org.springframework.web.servlet.mvc.method.annotation.ServletInvocableHandlerMethod.invokeAndHandle(ServletInvocableHandlerMethod.java:104)
	at org.springframework.web.servlet.mvc.method.annotation.RequestMappingHandlerAdapter.invokeHandlerMethod(RequestMappingHandlerAdapter.java:892)
	at org.springframework.web.servlet.mvc.method.annotation.RequestMappingHandlerAdapter.handleInternal(RequestMappingHandlerAdapter.java:797)
	at org.springframework.web.servlet.mvc.method.AbstractHandlerMethodAdapter.handle(AbstractHandlerMethodAdapter.java:87)
	at org.springframework.web.servlet.DispatcherServlet.doDispatch(DispatcherServlet.java:1039)
	at org.springframework.web.servlet.DispatcherServlet.doService(DispatcherServlet.java:942)
	at org.springframework.web.servlet.FrameworkServlet.processRequest(FrameworkServlet.java:1005)
	at org.springframework.web.servlet.FrameworkServlet.doPost(FrameworkServlet.java:908)
	at javax.servlet.http.HttpServlet.service(HttpServlet.java:648)
	at org.springframework.web.servlet.FrameworkServlet.service(FrameworkServlet.java:882)
	at javax.servlet.http.HttpServlet.service(HttpServlet.java:729)
	at org.apache.catalina.core.ApplicationFilterChain.internalDoFilter(ApplicationFilterChain.java:292)
	at org.apache.catalina.core.ApplicationFilterChain.doFilter(ApplicationFilterChain.java:207)
	at org.apache.tomcat.websocket.server.WsFilter.doFilter(WsFilter.java:52)
	at org.apache.catalina.core.ApplicationFilterChain.internalDoFilter(ApplicationFilterChain.java:240)
	at org.apache.catalina.core.ApplicationFilterChain.doFilter(ApplicationFilterChain.java:207)
	at org.springframework.web.filter.CharacterEncodingFilter.doFilterInternal(CharacterEncodingFilter.java:200)
	at org.springframework.web.filter.OncePerRequestFilter.doFilter(OncePerRequestFilter.java:118)
	at org.apache.catalina.core.ApplicationFilterChain.internalDoFilter(ApplicationFilterChain.java:240)
	at org.apache.catalina.core.ApplicationFilterChain.doFilter(ApplicationFilterChain.java:207)
	at org.apache.catalina.core.StandardWrapperValve.invoke(StandardWrapperValve.java:212)
	at org.apache.catalina.core.StandardContextValve.invoke(StandardContextValve.java:94)
	at org.apache.catalina.core.StandardHostValve.invoke(StandardHostValve.java:141)
	at org.apache.catalina.valves.ErrorReportValve.invoke(ErrorReportValve.java:79)
	at org.apache.catalina.core.StandardEngineValve.invoke(StandardEngineValve.java:88)
	at org.apache.catalina.connector.CoyoteAdapter.service(CoyoteAdapter.java:502)
	at org.apache.coyote.http11.AbstractHttp11Processor.process(AbstractHttp11Processor.java:1132)
	at org.apache.coyote.AbstractProtocol$AbstractConnectionHandler.process(AbstractProtocol.java:684)
	at org.apache.tomcat.util.net.NioEndpoint$SocketProcessor.doRun(NioEndpoint.java:1539)
	at org.apache.tomcat.util.net.NioEndpoint$SocketProcessor.run(NioEndpoint.java:1495)
	at java.util.concurrent.ThreadPoolExecutor.runWorker(ThreadPoolExecutor.java:1142)
	at java.util.concurrent.ThreadPoolExecutor$Worker.run(ThreadPoolExecutor.java:617)
	at org.apache.tomcat.util.threads.TaskThread$WrappingRunnable.run(TaskThread.java:61)
	at java.lang.Thread.run(Thread.java:745)

13-Jun-2023 12:06:49.241 심각 [http-nio-8855-exec-263] org.apache.catalina.core.StandardWrapperValve.invoke Servlet.service() for servlet [appServlet] in context with path [] threw exception [Request processing failed; nested exception is org.mybatis.spring.MyBatisSystemException: nested exception is org.apache.ibatis.exceptions.PersistenceException: 
### Error querying database.  Cause: org.springframework.jdbc.CannotGetJdbcConnectionException: Failed to obtain JDBC Connection; nested exception is com.microsoft.sqlserver.jdbc.SQLServerException: 호스트 61.32.101.234, 포트 1433에 대한 TCP/IP 연결에 실패했습니다. 오류: "connect timed out. 연결 속성을 확인하십시오. SQL Server의 인스턴스가 호스트에서 실행되고 있고 포트에서 TCP/IP 연결을 허용하고 있는지 확인하십시오. 또한 방화벽에서 포트로의 TCP 연결을 차단하지 않는지 확인하십시오.".
### The error may exist in com/daejist/login/mapper/LoginMapper.xml
### The error may involve com.daejist.login.mapper.LoginMapper.LoginMember
### The error occurred while executing a query
### Cause: org.springframework.jdbc.CannotGetJdbcConnectionException: Failed to obtain JDBC Connection; nested exception is com.microsoft.sqlserver.jdbc.SQLServerException: 호스트 61.32.101.234, 포트 1433에 대한 TCP/IP 연결에 실패했습니다. 오류: "connect timed out. 연결 속성을 확인하십시오. SQL Server의 인스턴스가 호스트에서 실행되고 있고 포트에서 TCP/IP 연결을 허용하고 있는지 확인하십시오. 또한 방화벽에서 포트로의 TCP 연결을 차단하지 않는지 확인하십시오.".] with root cause
 com.microsoft.sqlserver.jdbc.SQLServerException: 호스트 61.32.101.234, 포트 1433에 대한 TCP/IP 연결에 실패했습니다. 오류: "connect timed out. 연결 속성을 확인하십시오. SQL Server의 인스턴스가 호스트에서 실행되고 있고 포트에서 TCP/IP 연결을 허용하고 있는지 확인하십시오. 또한 방화벽에서 포트로의 TCP 연결을 차단하지 않는지 확인하십시오.".
	at com.microsoft.sqlserver.jdbc.SQLServerException.makeFromDriverError(SQLServerException.java:234)
	at com.microsoft.sqlserver.jdbc.SQLServerException.ConvertConnectExceptionToSQLServerException(SQLServerException.java:285)
	at com.microsoft.sqlserver.jdbc.SocketFinder.findSocket(IOBuffer.java:2462)
	at com.microsoft.sqlserver.jdbc.TDSChannel.open(IOBuffer.java:668)
	at com.microsoft.sqlserver.jdbc.SQLServerConnection.connectHelper(SQLServerConnection.java:2695)
	at com.microsoft.sqlserver.jdbc.SQLServerConnection.login(SQLServerConnection.java:2362)
	at com.microsoft.sqlserver.jdbc.SQLServerConnection.connectInternal(SQLServerConnection.java:2213)
	at com.microsoft.sqlserver.jdbc.SQLServerConnection.connect(SQLServerConnection.java:1276)
	at com.microsoft.sqlserver.jdbc.SQLServerDriver.connect(SQLServerDriver.java:861)
	at org.apache.commons.dbcp.DriverConnectionFactory.createConnection(DriverConnectionFactory.java:38)
	at org.apache.commons.dbcp.PoolableConnectionFactory.makeObject(PoolableConnectionFactory.java:582)
	at org.apache.commons.pool.impl.GenericObjectPool.borrowObject(GenericObjectPool.java:1148)
	at org.apache.commons.dbcp.PoolingDataSource.getConnection(PoolingDataSource.java:106)
	at org.apache.commons.dbcp.BasicDataSource.getConnection(BasicDataSource.java:1044)
	at org.springframework.jdbc.datasource.DataSourceUtils.fetchConnection(DataSourceUtils.java:157)
	at org.springframework.jdbc.datasource.DataSourceUtils.doGetConnection(DataSourceUtils.java:115)
	at org.springframework.jdbc.datasource.DataSourceUtils.getConnection(DataSourceUtils.java:78)
	at org.mybatis.spring.transaction.SpringManagedTransaction.openConnection(SpringManagedTransaction.java:80)
	at org.mybatis.spring.transaction.SpringManagedTransaction.getConnection(SpringManagedTransaction.java:67)
	at org.apache.ibatis.executor.BaseExecutor.getConnection(BaseExecutor.java:336)
	at org.apache.ibatis.executor.SimpleExecutor.prepareStatement(SimpleExecutor.java:85)
	at org.apache.ibatis.executor.SimpleExecutor.doQuery(SimpleExecutor.java:62)
	at org.apache.ibatis.executor.BaseExecutor.queryFromDatabase(BaseExecutor.java:324)
	at org.apache.ibatis.executor.BaseExecutor.query(BaseExecutor.java:156)
	at org.apache.ibatis.executor.CachingExecutor.query(CachingExecutor.java:109)
	at org.apache.ibatis.executor.CachingExecutor.query(CachingExecutor.java:83)
	at org.apache.ibatis.session.defaults.DefaultSqlSession.selectList(DefaultSqlSession.java:147)
	at org.apache.ibatis.session.defaults.DefaultSqlSession.selectList(DefaultSqlSession.java:140)
	at org.apache.ibatis.session.defaults.DefaultSqlSession.selectOne(DefaultSqlSession.java:76)
	at sun.reflect.GeneratedMethodAccessor1266.invoke(Unknown Source)
	at sun.reflect.DelegatingMethodAccessorImpl.invoke(DelegatingMethodAccessorImpl.java:43)
	at java.lang.reflect.Method.invoke(Method.java:498)
	at org.mybatis.spring.SqlSessionTemplate$SqlSessionInterceptor.invoke(SqlSessionTemplate.java:426)
	at com.sun.proxy.$Proxy366.selectOne(Unknown Source)
	at org.mybatis.spring.SqlSessionTemplate.selectOne(SqlSessionTemplate.java:159)
	at org.apache.ibatis.binding.MapperMethod.execute(MapperMethod.java:87)
	at org.apache.ibatis.binding.MapperProxy.invoke(MapperProxy.java:57)
	at com.sun.proxy.$Proxy368.LoginMember(Unknown Source)
	at com.daejist.login.service.LoginServiceImp.LoginCheck(LoginServiceImp.java:29)
	at com.daejist.login.controller.LoginController.getLogin(LoginController.java:98)
	at sun.reflect.GeneratedMethodAccessor1348.invoke(Unknown Source)
	at sun.reflect.DelegatingMethodAccessorImpl.invoke(DelegatingMethodAccessorImpl.java:43)
	at java.lang.reflect.Method.invoke(Method.java:498)
	at org.springframework.web.method.support.InvocableHandlerMethod.doInvoke(InvocableHandlerMethod.java:190)
	at org.springframework.web.method.support.InvocableHandlerMethod.invokeForRequest(InvocableHandlerMethod.java:138)
	at org.springframework.web.servlet.mvc.method.annotation.ServletInvocableHandlerMethod.invokeAndHandle(ServletInvocableHandlerMethod.java:104)
	at org.springframework.web.servlet.mvc.method.annotation.RequestMappingHandlerAdapter.invokeHandlerMethod(RequestMappingHandlerAdapter.java:892)
	at org.springframework.web.servlet.mvc.method.annotation.RequestMappingHandlerAdapter.handleInternal(RequestMappingHandlerAdapter.java:797)
	at org.springframework.web.servlet.mvc.method.AbstractHandlerMethodAdapter.handle(AbstractHandlerMethodAdapter.java:87)
	at org.springframework.web.servlet.DispatcherServlet.doDispatch(DispatcherServlet.java:1039)
	at org.springframework.web.servlet.DispatcherServlet.doService(DispatcherServlet.java:942)
	at org.springframework.web.servlet.FrameworkServlet.processRequest(FrameworkServlet.java:1005)
	at org.springframework.web.servlet.FrameworkServlet.doPost(FrameworkServlet.java:908)
	at javax.servlet.http.HttpServlet.service(HttpServlet.java:648)
	at org.springframework.web.servlet.FrameworkServlet.service(FrameworkServlet.java:882)
	at javax.servlet.http.HttpServlet.service(HttpServlet.java:729)
	at org.apache.catalina.core.ApplicationFilterChain.internalDoFilter(ApplicationFilterChain.java:292)
	at org.apache.catalina.core.ApplicationFilterChain.doFilter(ApplicationFilterChain.java:207)
	at org.apache.tomcat.websocket.server.WsFilter.doFilter(WsFilter.java:52)
	at org.apache.catalina.core.ApplicationFilterChain.internalDoFilter(ApplicationFilterChain.java:240)
	at org.apache.catalina.core.ApplicationFilterChain.doFilter(ApplicationFilterChain.java:207)
	at org.springframework.web.filter.CharacterEncodingFilter.doFilterInternal(CharacterEncodingFilter.java:200)
	at org.springframework.web.filter.OncePerRequestFilter.doFilter(OncePerRequestFilter.java:118)
	at org.apache.catalina.core.ApplicationFilterChain.internalDoFilter(ApplicationFilterChain.java:240)
	at org.apache.catalina.core.ApplicationFilterChain.doFilter(ApplicationFilterChain.java:207)
	at org.apache.catalina.core.StandardWrapperValve.invoke(StandardWrapperValve.java:212)
	at org.apache.catalina.core.StandardContextValve.invoke(StandardContextValve.java:94)
	at org.apache.catalina.core.StandardHostValve.invoke(StandardHostValve.java:141)
	at org.apache.catalina.valves.ErrorReportValve.invoke(ErrorReportValve.java:79)
	at org.apache.catalina.core.StandardEngineValve.invoke(StandardEngineValve.java:88)
	at org.apache.catalina.connector.CoyoteAdapter.service(CoyoteAdapter.java:502)
	at org.apache.coyote.http11.AbstractHttp11Processor.process(AbstractHttp11Processor.java:1132)
	at org.apache.coyote.AbstractProtocol$AbstractConnectionHandler.process(AbstractProtocol.java:684)
	at org.apache.tomcat.util.net.NioEndpoint$SocketProcessor.doRun(NioEndpoint.java:1539)
	at org.apache.tomcat.util.net.NioEndpoint$SocketProcessor.run(NioEndpoint.java:1495)
	at java.util.concurrent.ThreadPoolExecutor.runWorker(ThreadPoolExecutor.java:1142)
	at java.util.concurrent.ThreadPoolExecutor$Worker.run(ThreadPoolExecutor.java:617)
	at org.apache.tomcat.util.threads.TaskThread$WrappingRunnable.run(TaskThread.java:61)
	at java.lang.Thread.run(Thread.java:745)

13-Jun-2023 12:06:51.029 심각 [http-nio-8855-exec-264] org.apache.catalina.core.StandardWrapperValve.invoke Servlet.service() for servlet [appServlet] in context with path [] threw exception [Request processing failed; nested exception is org.mybatis.spring.MyBatisSystemException: nested exception is org.apache.ibatis.exceptions.PersistenceException: 
### Error querying database.  Cause: org.springframework.jdbc.CannotGetJdbcConnectionException: Failed to obtain JDBC Connection; nested exception is com.microsoft.sqlserver.jdbc.SQLServerException: 호스트 61.32.101.234, 포트 1433에 대한 TCP/IP 연결에 실패했습니다. 오류: "connect timed out. 연결 속성을 확인하십시오. SQL Server의 인스턴스가 호스트에서 실행되고 있고 포트에서 TCP/IP 연결을 허용하고 있는지 확인하십시오. 또한 방화벽에서 포트로의 TCP 연결을 차단하지 않는지 확인하십시오.".
### The error may exist in com/daejist/login/mapper/LoginMapper.xml
### The error may involve com.daejist.login.mapper.LoginMapper.LoginMember
### The error occurred while executing a query
### Cause: org.springframework.jdbc.CannotGetJdbcConnectionException: Failed to obtain JDBC Connection; nested exception is com.microsoft.sqlserver.jdbc.SQLServerException: 호스트 61.32.101.234, 포트 1433에 대한 TCP/IP 연결에 실패했습니다. 오류: "connect timed out. 연결 속성을 확인하십시오. SQL Server의 인스턴스가 호스트에서 실행되고 있고 포트에서 TCP/IP 연결을 허용하고 있는지 확인하십시오. 또한 방화벽에서 포트로의 TCP 연결을 차단하지 않는지 확인하십시오.".] with root cause
 com.microsoft.sqlserver.jdbc.SQLServerException: 호스트 61.32.101.234, 포트 1433에 대한 TCP/IP 연결에 실패했습니다. 오류: "connect timed out. 연결 속성을 확인하십시오. SQL Server의 인스턴스가 호스트에서 실행되고 있고 포트에서 TCP/IP 연결을 허용하고 있는지 확인하십시오. 또한 방화벽에서 포트로의 TCP 연결을 차단하지 않는지 확인하십시오.".
	at com.microsoft.sqlserver.jdbc.SQLServerException.makeFromDriverError(SQLServerException.java:234)
	at com.microsoft.sqlserver.jdbc.SQLServerException.ConvertConnectExceptionToSQLServerException(SQLServerException.java:285)
	at com.microsoft.sqlserver.jdbc.SocketFinder.findSocket(IOBuffer.java:2462)
	at com.microsoft.sqlserver.jdbc.TDSChannel.open(IOBuffer.java:668)
	at com.microsoft.sqlserver.jdbc.SQLServerConnection.connectHelper(SQLServerConnection.java:2695)
	at com.microsoft.sqlserver.jdbc.SQLServerConnection.login(SQLServerConnection.java:2362)
	at com.microsoft.sqlserver.jdbc.SQLServerConnection.connectInternal(SQLServerConnection.java:2213)
	at com.microsoft.sqlserver.jdbc.SQLServerConnection.connect(SQLServerConnection.java:1276)
	at com.microsoft.sqlserver.jdbc.SQLServerDriver.connect(SQLServerDriver.java:861)
	at org.apache.commons.dbcp.DriverConnectionFactory.createConnection(DriverConnectionFactory.java:38)
	at org.apache.commons.dbcp.PoolableConnectionFactory.makeObject(PoolableConnectionFactory.java:582)
	at org.apache.commons.pool.impl.GenericObjectPool.borrowObject(GenericObjectPool.java:1148)
	at org.apache.commons.dbcp.PoolingDataSource.getConnection(PoolingDataSource.java:106)
	at org.apache.commons.dbcp.BasicDataSource.getConnection(BasicDataSource.java:1044)
	at org.springframework.jdbc.datasource.DataSourceUtils.fetchConnection(DataSourceUtils.java:157)
	at org.springframework.jdbc.datasource.DataSourceUtils.doGetConnection(DataSourceUtils.java:115)
	at org.springframework.jdbc.datasource.DataSourceUtils.getConnection(DataSourceUtils.java:78)
	at org.mybatis.spring.transaction.SpringManagedTransaction.openConnection(SpringManagedTransaction.java:80)
	at org.mybatis.spring.transaction.SpringManagedTransaction.getConnection(SpringManagedTransaction.java:67)
	at org.apache.ibatis.executor.BaseExecutor.getConnection(BaseExecutor.java:336)
	at org.apache.ibatis.executor.SimpleExecutor.prepareStatement(SimpleExecutor.java:85)
	at org.apache.ibatis.executor.SimpleExecutor.doQuery(SimpleExecutor.java:62)
	at org.apache.ibatis.executor.BaseExecutor.queryFromDatabase(BaseExecutor.java:324)
	at org.apache.ibatis.executor.BaseExecutor.query(BaseExecutor.java:156)
	at org.apache.ibatis.executor.CachingExecutor.query(CachingExecutor.java:109)
	at org.apache.ibatis.executor.CachingExecutor.query(CachingExecutor.java:83)
	at org.apache.ibatis.session.defaults.DefaultSqlSession.selectList(DefaultSqlSession.java:147)
	at org.apache.ibatis.session.defaults.DefaultSqlSession.selectList(DefaultSqlSession.java:140)
	at org.apache.ibatis.session.defaults.DefaultSqlSession.selectOne(DefaultSqlSession.java:76)
	at sun.reflect.GeneratedMethodAccessor1266.invoke(Unknown Source)
	at sun.reflect.DelegatingMethodAccessorImpl.invoke(DelegatingMethodAccessorImpl.java:43)
	at java.lang.reflect.Method.invoke(Method.java:498)
	at org.mybatis.spring.SqlSessionTemplate$SqlSessionInterceptor.invoke(SqlSessionTemplate.java:426)
	at com.sun.proxy.$Proxy366.selectOne(Unknown Source)
	at org.mybatis.spring.SqlSessionTemplate.selectOne(SqlSessionTemplate.java:159)
	at org.apache.ibatis.binding.MapperMethod.execute(MapperMethod.java:87)
	at org.apache.ibatis.binding.MapperProxy.invoke(MapperProxy.java:57)
	at com.sun.proxy.$Proxy368.LoginMember(Unknown Source)
	at com.daejist.login.service.LoginServiceImp.LoginCheck(LoginServiceImp.java:29)
	at com.daejist.login.controller.LoginController.getLogin(LoginController.java:98)
	at sun.reflect.GeneratedMethodAccessor1348.invoke(Unknown Source)
	at sun.reflect.DelegatingMethodAccessorImpl.invoke(DelegatingMethodAccessorImpl.java:43)
	at java.lang.reflect.Method.invoke(Method.java:498)
	at org.springframework.web.method.support.InvocableHandlerMethod.doInvoke(InvocableHandlerMethod.java:190)
	at org.springframework.web.method.support.InvocableHandlerMethod.invokeForRequest(InvocableHandlerMethod.java:138)
	at org.springframework.web.servlet.mvc.method.annotation.ServletInvocableHandlerMethod.invokeAndHandle(ServletInvocableHandlerMethod.java:104)
	at org.springframework.web.servlet.mvc.method.annotation.RequestMappingHandlerAdapter.invokeHandlerMethod(RequestMappingHandlerAdapter.java:892)
	at org.springframework.web.servlet.mvc.method.annotation.RequestMappingHandlerAdapter.handleInternal(RequestMappingHandlerAdapter.java:797)
	at org.springframework.web.servlet.mvc.method.AbstractHandlerMethodAdapter.handle(AbstractHandlerMethodAdapter.java:87)
	at org.springframework.web.servlet.DispatcherServlet.doDispatch(DispatcherServlet.java:1039)
	at org.springframework.web.servlet.DispatcherServlet.doService(DispatcherServlet.java:942)
	at org.springframework.web.servlet.FrameworkServlet.processRequest(FrameworkServlet.java:1005)
	at org.springframework.web.servlet.FrameworkServlet.doPost(FrameworkServlet.java:908)
	at javax.servlet.http.HttpServlet.service(HttpServlet.java:648)
	at org.springframework.web.servlet.FrameworkServlet.service(FrameworkServlet.java:882)
	at javax.servlet.http.HttpServlet.service(HttpServlet.java:729)
	at org.apache.catalina.core.ApplicationFilterChain.internalDoFilter(ApplicationFilterChain.java:292)
	at org.apache.catalina.core.ApplicationFilterChain.doFilter(ApplicationFilterChain.java:207)
	at org.apache.tomcat.websocket.server.WsFilter.doFilter(WsFilter.java:52)
	at org.apache.catalina.core.ApplicationFilterChain.internalDoFilter(ApplicationFilterChain.java:240)
	at org.apache.catalina.core.ApplicationFilterChain.doFilter(ApplicationFilterChain.java:207)
	at org.springframework.web.filter.CharacterEncodingFilter.doFilterInternal(CharacterEncodingFilter.java:200)
	at org.springframework.web.filter.OncePerRequestFilter.doFilter(OncePerRequestFilter.java:118)
	at org.apache.catalina.core.ApplicationFilterChain.internalDoFilter(ApplicationFilterChain.java:240)
	at org.apache.catalina.core.ApplicationFilterChain.doFilter(ApplicationFilterChain.java:207)
	at org.apache.catalina.core.StandardWrapperValve.invoke(StandardWrapperValve.java:212)
	at org.apache.catalina.core.StandardContextValve.invoke(StandardContextValve.java:94)
	at org.apache.catalina.core.StandardHostValve.invoke(StandardHostValve.java:141)
	at org.apache.catalina.valves.ErrorReportValve.invoke(ErrorReportValve.java:79)
	at org.apache.catalina.core.StandardEngineValve.invoke(StandardEngineValve.java:88)
	at org.apache.catalina.connector.CoyoteAdapter.service(CoyoteAdapter.java:502)
	at org.apache.coyote.http11.AbstractHttp11Processor.process(AbstractHttp11Processor.java:1132)
	at org.apache.coyote.AbstractProtocol$AbstractConnectionHandler.process(AbstractProtocol.java:684)
	at org.apache.tomcat.util.net.NioEndpoint$SocketProcessor.doRun(NioEndpoint.java:1539)
	at org.apache.tomcat.util.net.NioEndpoint$SocketProcessor.run(NioEndpoint.java:1495)
	at java.util.concurrent.ThreadPoolExecutor.runWorker(ThreadPoolExecutor.java:1142)
	at java.util.concurrent.ThreadPoolExecutor$Worker.run(ThreadPoolExecutor.java:617)
	at org.apache.tomcat.util.threads.TaskThread$WrappingRunnable.run(TaskThread.java:61)
	at java.lang.Thread.run(Thread.java:745)

13-Jun-2023 12:06:52.875 심각 [http-nio-8855-exec-265] org.apache.catalina.core.StandardWrapperValve.invoke Servlet.service() for servlet [appServlet] in context with path [] threw exception [Request processing failed; nested exception is org.mybatis.spring.MyBatisSystemException: nested exception is org.apache.ibatis.exceptions.PersistenceException: 
### Error querying database.  Cause: org.springframework.jdbc.CannotGetJdbcConnectionException: Failed to obtain JDBC Connection; nested exception is com.microsoft.sqlserver.jdbc.SQLServerException: 호스트 61.32.101.234, 포트 1433에 대한 TCP/IP 연결에 실패했습니다. 오류: "connect timed out. 연결 속성을 확인하십시오. SQL Server의 인스턴스가 호스트에서 실행되고 있고 포트에서 TCP/IP 연결을 허용하고 있는지 확인하십시오. 또한 방화벽에서 포트로의 TCP 연결을 차단하지 않는지 확인하십시오.".
### The error may exist in com/daejist/login/mapper/LoginMapper.xml
### The error may involve com.daejist.login.mapper.LoginMapper.LoginMember
### The error occurred while executing a query
### Cause: org.springframework.jdbc.CannotGetJdbcConnectionException: Failed to obtain JDBC Connection; nested exception is com.microsoft.sqlserver.jdbc.SQLServerException: 호스트 61.32.101.234, 포트 1433에 대한 TCP/IP 연결에 실패했습니다. 오류: "connect timed out. 연결 속성을 확인하십시오. SQL Server의 인스턴스가 호스트에서 실행되고 있고 포트에서 TCP/IP 연결을 허용하고 있는지 확인하십시오. 또한 방화벽에서 포트로의 TCP 연결을 차단하지 않는지 확인하십시오.".] with root cause
 com.microsoft.sqlserver.jdbc.SQLServerException: 호스트 61.32.101.234, 포트 1433에 대한 TCP/IP 연결에 실패했습니다. 오류: "connect timed out. 연결 속성을 확인하십시오. SQL Server의 인스턴스가 호스트에서 실행되고 있고 포트에서 TCP/IP 연결을 허용하고 있는지 확인하십시오. 또한 방화벽에서 포트로의 TCP 연결을 차단하지 않는지 확인하십시오.".
	at com.microsoft.sqlserver.jdbc.SQLServerException.makeFromDriverError(SQLServerException.java:234)
	at com.microsoft.sqlserver.jdbc.SQLServerException.ConvertConnectExceptionToSQLServerException(SQLServerException.java:285)
	at com.microsoft.sqlserver.jdbc.SocketFinder.findSocket(IOBuffer.java:2462)
	at com.microsoft.sqlserver.jdbc.TDSChannel.open(IOBuffer.java:668)
	at com.microsoft.sqlserver.jdbc.SQLServerConnection.connectHelper(SQLServerConnection.java:2695)
	at com.microsoft.sqlserver.jdbc.SQLServerConnection.login(SQLServerConnection.java:2362)
	at com.microsoft.sqlserver.jdbc.SQLServerConnection.connectInternal(SQLServerConnection.java:2213)
	at com.microsoft.sqlserver.jdbc.SQLServerConnection.connect(SQLServerConnection.java:1276)
	at com.microsoft.sqlserver.jdbc.SQLServerDriver.connect(SQLServerDriver.java:861)
	at org.apache.commons.dbcp.DriverConnectionFactory.createConnection(DriverConnectionFactory.java:38)
	at org.apache.commons.dbcp.PoolableConnectionFactory.makeObject(PoolableConnectionFactory.java:582)
	at org.apache.commons.pool.impl.GenericObjectPool.borrowObject(GenericObjectPool.java:1148)
	at org.apache.commons.dbcp.PoolingDataSource.getConnection(PoolingDataSource.java:106)
	at org.apache.commons.dbcp.BasicDataSource.getConnection(BasicDataSource.java:1044)
	at org.springframework.jdbc.datasource.DataSourceUtils.fetchConnection(DataSourceUtils.java:157)
	at org.springframework.jdbc.datasource.DataSourceUtils.doGetConnection(DataSourceUtils.java:115)
	at org.springframework.jdbc.datasource.DataSourceUtils.getConnection(DataSourceUtils.java:78)
	at org.mybatis.spring.transaction.SpringManagedTransaction.openConnection(SpringManagedTransaction.java:80)
	at org.mybatis.spring.transaction.SpringManagedTransaction.getConnection(SpringManagedTransaction.java:67)
	at org.apache.ibatis.executor.BaseExecutor.getConnection(BaseExecutor.java:336)
	at org.apache.ibatis.executor.SimpleExecutor.prepareStatement(SimpleExecutor.java:85)
	at org.apache.ibatis.executor.SimpleExecutor.doQuery(SimpleExecutor.java:62)
	at org.apache.ibatis.executor.BaseExecutor.queryFromDatabase(BaseExecutor.java:324)
	at org.apache.ibatis.executor.BaseExecutor.query(BaseExecutor.java:156)
	at org.apache.ibatis.executor.CachingExecutor.query(CachingExecutor.java:109)
	at org.apache.ibatis.executor.CachingExecutor.query(CachingExecutor.java:83)
	at org.apache.ibatis.session.defaults.DefaultSqlSession.selectList(DefaultSqlSession.java:147)
	at org.apache.ibatis.session.defaults.DefaultSqlSession.selectList(DefaultSqlSession.java:140)
	at org.apache.ibatis.session.defaults.DefaultSqlSession.selectOne(DefaultSqlSession.java:76)
	at sun.reflect.GeneratedMethodAccessor1266.invoke(Unknown Source)
	at sun.reflect.DelegatingMethodAccessorImpl.invoke(DelegatingMethodAccessorImpl.java:43)
	at java.lang.reflect.Method.invoke(Method.java:498)
	at org.mybatis.spring.SqlSessionTemplate$SqlSessionInterceptor.invoke(SqlSessionTemplate.java:426)
	at com.sun.proxy.$Proxy366.selectOne(Unknown Source)
	at org.mybatis.spring.SqlSessionTemplate.selectOne(SqlSessionTemplate.java:159)
	at org.apache.ibatis.binding.MapperMethod.execute(MapperMethod.java:87)
	at org.apache.ibatis.binding.MapperProxy.invoke(MapperProxy.java:57)
	at com.sun.proxy.$Proxy368.LoginMember(Unknown Source)
	at com.daejist.login.service.LoginServiceImp.LoginCheck(LoginServiceImp.java:29)
	at com.daejist.login.controller.LoginController.getLogin(LoginController.java:98)
	at sun.reflect.GeneratedMethodAccessor1348.invoke(Unknown Source)
	at sun.reflect.DelegatingMethodAccessorImpl.invoke(DelegatingMethodAccessorImpl.java:43)
	at java.lang.reflect.Method.invoke(Method.java:498)
	at org.springframework.web.method.support.InvocableHandlerMethod.doInvoke(InvocableHandlerMethod.java:190)
	at org.springframework.web.method.support.InvocableHandlerMethod.invokeForRequest(InvocableHandlerMethod.java:138)
	at org.springframework.web.servlet.mvc.method.annotation.ServletInvocableHandlerMethod.invokeAndHandle(ServletInvocableHandlerMethod.java:104)
	at org.springframework.web.servlet.mvc.method.annotation.RequestMappingHandlerAdapter.invokeHandlerMethod(RequestMappingHandlerAdapter.java:892)
	at org.springframework.web.servlet.mvc.method.annotation.RequestMappingHandlerAdapter.handleInternal(RequestMappingHandlerAdapter.java:797)
	at org.springframework.web.servlet.mvc.method.AbstractHandlerMethodAdapter.handle(AbstractHandlerMethodAdapter.java:87)
	at org.springframework.web.servlet.DispatcherServlet.doDispatch(DispatcherServlet.java:1039)
	at org.springframework.web.servlet.DispatcherServlet.doService(DispatcherServlet.java:942)
	at org.springframework.web.servlet.FrameworkServlet.processRequest(FrameworkServlet.java:1005)
	at org.springframework.web.servlet.FrameworkServlet.doPost(FrameworkServlet.java:908)
	at javax.servlet.http.HttpServlet.service(HttpServlet.java:648)
	at org.springframework.web.servlet.FrameworkServlet.service(FrameworkServlet.java:882)
	at javax.servlet.http.HttpServlet.service(HttpServlet.java:729)
	at org.apache.catalina.core.ApplicationFilterChain.internalDoFilter(ApplicationFilterChain.java:292)
	at org.apache.catalina.core.ApplicationFilterChain.doFilter(ApplicationFilterChain.java:207)
	at org.apache.tomcat.websocket.server.WsFilter.doFilter(WsFilter.java:52)
	at org.apache.catalina.core.ApplicationFilterChain.internalDoFilter(ApplicationFilterChain.java:240)
	at org.apache.catalina.core.ApplicationFilterChain.doFilter(ApplicationFilterChain.java:207)
	at org.springframework.web.filter.CharacterEncodingFilter.doFilterInternal(CharacterEncodingFilter.java:200)
	at org.springframework.web.filter.OncePerRequestFilter.doFilter(OncePerRequestFilter.java:118)
	at org.apache.catalina.core.ApplicationFilterChain.internalDoFilter(ApplicationFilterChain.java:240)
	at org.apache.catalina.core.ApplicationFilterChain.doFilter(ApplicationFilterChain.java:207)
	at org.apache.catalina.core.StandardWrapperValve.invoke(StandardWrapperValve.java:212)
	at org.apache.catalina.core.StandardContextValve.invoke(StandardContextValve.java:94)
	at org.apache.catalina.core.StandardHostValve.invoke(StandardHostValve.java:141)
	at org.apache.catalina.valves.ErrorReportValve.invoke(ErrorReportValve.java:79)
	at org.apache.catalina.core.StandardEngineValve.invoke(StandardEngineValve.java:88)
	at org.apache.catalina.connector.CoyoteAdapter.service(CoyoteAdapter.java:502)
	at org.apache.coyote.http11.AbstractHttp11Processor.process(AbstractHttp11Processor.java:1132)
	at org.apache.coyote.AbstractProtocol$AbstractConnectionHandler.process(AbstractProtocol.java:684)
	at org.apache.tomcat.util.net.NioEndpoint$SocketProcessor.doRun(NioEndpoint.java:1539)
	at org.apache.tomcat.util.net.NioEndpoint$SocketProcessor.run(NioEndpoint.java:1495)
	at java.util.concurrent.ThreadPoolExecutor.runWorker(ThreadPoolExecutor.java:1142)
	at java.util.concurrent.ThreadPoolExecutor$Worker.run(ThreadPoolExecutor.java:617)
	at org.apache.tomcat.util.threads.TaskThread$WrappingRunnable.run(TaskThread.java:61)
	at java.lang.Thread.run(Thread.java:745)

13-Jun-2023 12:06:53.711 심각 [http-nio-8855-exec-266] org.apache.catalina.core.StandardWrapperValve.invoke Servlet.service() for servlet [appServlet] in context with path [] threw exception [Request processing failed; nested exception is org.mybatis.spring.MyBatisSystemException: nested exception is org.apache.ibatis.exceptions.PersistenceException: 
### Error querying database.  Cause: org.springframework.jdbc.CannotGetJdbcConnectionException: Failed to obtain JDBC Connection; nested exception is com.microsoft.sqlserver.jdbc.SQLServerException: 호스트 61.32.101.234, 포트 1433에 대한 TCP/IP 연결에 실패했습니다. 오류: "connect timed out. 연결 속성을 확인하십시오. SQL Server의 인스턴스가 호스트에서 실행되고 있고 포트에서 TCP/IP 연결을 허용하고 있는지 확인하십시오. 또한 방화벽에서 포트로의 TCP 연결을 차단하지 않는지 확인하십시오.".
### The error may exist in com/daejist/login/mapper/LoginMapper.xml
### The error may involve com.daejist.login.mapper.LoginMapper.LoginMember
### The error occurred while executing a query
### Cause: org.springframework.jdbc.CannotGetJdbcConnectionException: Failed to obtain JDBC Connection; nested exception is com.microsoft.sqlserver.jdbc.SQLServerException: 호스트 61.32.101.234, 포트 1433에 대한 TCP/IP 연결에 실패했습니다. 오류: "connect timed out. 연결 속성을 확인하십시오. SQL Server의 인스턴스가 호스트에서 실행되고 있고 포트에서 TCP/IP 연결을 허용하고 있는지 확인하십시오. 또한 방화벽에서 포트로의 TCP 연결을 차단하지 않는지 확인하십시오.".] with root cause
 com.microsoft.sqlserver.jdbc.SQLServerException: 호스트 61.32.101.234, 포트 1433에 대한 TCP/IP 연결에 실패했습니다. 오류: "connect timed out. 연결 속성을 확인하십시오. SQL Server의 인스턴스가 호스트에서 실행되고 있고 포트에서 TCP/IP 연결을 허용하고 있는지 확인하십시오. 또한 방화벽에서 포트로의 TCP 연결을 차단하지 않는지 확인하십시오.".
	at com.microsoft.sqlserver.jdbc.SQLServerException.makeFromDriverError(SQLServerException.java:234)
	at com.microsoft.sqlserver.jdbc.SQLServerException.ConvertConnectExceptionToSQLServerException(SQLServerException.java:285)
	at com.microsoft.sqlserver.jdbc.SocketFinder.findSocket(IOBuffer.java:2462)
	at com.microsoft.sqlserver.jdbc.TDSChannel.open(IOBuffer.java:668)
	at com.microsoft.sqlserver.jdbc.SQLServerConnection.connectHelper(SQLServerConnection.java:2695)
	at com.microsoft.sqlserver.jdbc.SQLServerConnection.login(SQLServerConnection.java:2362)
	at com.microsoft.sqlserver.jdbc.SQLServerConnection.connectInternal(SQLServerConnection.java:2213)
	at com.microsoft.sqlserver.jdbc.SQLServerConnection.connect(SQLServerConnection.java:1276)
	at com.microsoft.sqlserver.jdbc.SQLServerDriver.connect(SQLServerDriver.java:861)
	at org.apache.commons.dbcp.DriverConnectionFactory.createConnection(DriverConnectionFactory.java:38)
	at org.apache.commons.dbcp.PoolableConnectionFactory.makeObject(PoolableConnectionFactory.java:582)
	at org.apache.commons.pool.impl.GenericObjectPool.borrowObject(GenericObjectPool.java:1148)
	at org.apache.commons.dbcp.PoolingDataSource.getConnection(PoolingDataSource.java:106)
	at org.apache.commons.dbcp.BasicDataSource.getConnection(BasicDataSource.java:1044)
	at org.springframework.jdbc.datasource.DataSourceUtils.fetchConnection(DataSourceUtils.java:157)
	at org.springframework.jdbc.datasource.DataSourceUtils.doGetConnection(DataSourceUtils.java:115)
	at org.springframework.jdbc.datasource.DataSourceUtils.getConnection(DataSourceUtils.java:78)
	at org.mybatis.spring.transaction.SpringManagedTransaction.openConnection(SpringManagedTransaction.java:80)
	at org.mybatis.spring.transaction.SpringManagedTransaction.getConnection(SpringManagedTransaction.java:67)
	at org.apache.ibatis.executor.BaseExecutor.getConnection(BaseExecutor.java:336)
	at org.apache.ibatis.executor.SimpleExecutor.prepareStatement(SimpleExecutor.java:85)
	at org.apache.ibatis.executor.SimpleExecutor.doQuery(SimpleExecutor.java:62)
	at org.apache.ibatis.executor.BaseExecutor.queryFromDatabase(BaseExecutor.java:324)
	at org.apache.ibatis.executor.BaseExecutor.query(BaseExecutor.java:156)
	at org.apache.ibatis.executor.CachingExecutor.query(CachingExecutor.java:109)
	at org.apache.ibatis.executor.CachingExecutor.query(CachingExecutor.java:83)
	at org.apache.ibatis.session.defaults.DefaultSqlSession.selectList(DefaultSqlSession.java:147)
	at org.apache.ibatis.session.defaults.DefaultSqlSession.selectList(DefaultSqlSession.java:140)
	at org.apache.ibatis.session.defaults.DefaultSqlSession.selectOne(DefaultSqlSession.java:76)
	at sun.reflect.GeneratedMethodAccessor1266.invoke(Unknown Source)
	at sun.reflect.DelegatingMethodAccessorImpl.invoke(DelegatingMethodAccessorImpl.java:43)
	at java.lang.reflect.Method.invoke(Method.java:498)
	at org.mybatis.spring.SqlSessionTemplate$SqlSessionInterceptor.invoke(SqlSessionTemplate.java:426)
	at com.sun.proxy.$Proxy366.selectOne(Unknown Source)
	at org.mybatis.spring.SqlSessionTemplate.selectOne(SqlSessionTemplate.java:159)
	at org.apache.ibatis.binding.MapperMethod.execute(MapperMethod.java:87)
	at org.apache.ibatis.binding.MapperProxy.invoke(MapperProxy.java:57)
	at com.sun.proxy.$Proxy368.LoginMember(Unknown Source)
	at com.daejist.login.service.LoginServiceImp.LoginCheck(LoginServiceImp.java:29)
	at com.daejist.login.controller.LoginController.getLogin(LoginController.java:98)
	at sun.reflect.GeneratedMethodAccessor1348.invoke(Unknown Source)
	at sun.reflect.DelegatingMethodAccessorImpl.invoke(DelegatingMethodAccessorImpl.java:43)
	at java.lang.reflect.Method.invoke(Method.java:498)
	at org.springframework.web.method.support.InvocableHandlerMethod.doInvoke(InvocableHandlerMethod.java:190)
	at org.springframework.web.method.support.InvocableHandlerMethod.invokeForRequest(InvocableHandlerMethod.java:138)
	at org.springframework.web.servlet.mvc.method.annotation.ServletInvocableHandlerMethod.invokeAndHandle(ServletInvocableHandlerMethod.java:104)
	at org.springframework.web.servlet.mvc.method.annotation.RequestMappingHandlerAdapter.invokeHandlerMethod(RequestMappingHandlerAdapter.java:892)
	at org.springframework.web.servlet.mvc.method.annotation.RequestMappingHandlerAdapter.handleInternal(RequestMappingHandlerAdapter.java:797)
	at org.springframework.web.servlet.mvc.method.AbstractHandlerMethodAdapter.handle(AbstractHandlerMethodAdapter.java:87)
	at org.springframework.web.servlet.DispatcherServlet.doDispatch(DispatcherServlet.java:1039)
	at org.springframework.web.servlet.DispatcherServlet.doService(DispatcherServlet.java:942)
	at org.springframework.web.servlet.FrameworkServlet.processRequest(FrameworkServlet.java:1005)
	at org.springframework.web.servlet.FrameworkServlet.doPost(FrameworkServlet.java:908)
	at javax.servlet.http.HttpServlet.service(HttpServlet.java:648)
	at org.springframework.web.servlet.FrameworkServlet.service(FrameworkServlet.java:882)
	at javax.servlet.http.HttpServlet.service(HttpServlet.java:729)
	at org.apache.catalina.core.ApplicationFilterChain.internalDoFilter(ApplicationFilterChain.java:292)
	at org.apache.catalina.core.ApplicationFilterChain.doFilter(ApplicationFilterChain.java:207)
	at org.apache.tomcat.websocket.server.WsFilter.doFilter(WsFilter.java:52)
	at org.apache.catalina.core.ApplicationFilterChain.internalDoFilter(ApplicationFilterChain.java:240)
	at org.apache.catalina.core.ApplicationFilterChain.doFilter(ApplicationFilterChain.java:207)
	at org.springframework.web.filter.CharacterEncodingFilter.doFilterInternal(CharacterEncodingFilter.java:200)
	at org.springframework.web.filter.OncePerRequestFilter.doFilter(OncePerRequestFilter.java:118)
	at org.apache.catalina.core.ApplicationFilterChain.internalDoFilter(ApplicationFilterChain.java:240)
	at org.apache.catalina.core.ApplicationFilterChain.doFilter(ApplicationFilterChain.java:207)
	at org.apache.catalina.core.StandardWrapperValve.invoke(StandardWrapperValve.java:212)
	at org.apache.catalina.core.StandardContextValve.invoke(StandardContextValve.java:94)
	at org.apache.catalina.core.StandardHostValve.invoke(StandardHostValve.java:141)
	at org.apache.catalina.valves.ErrorReportValve.invoke(ErrorReportValve.java:79)
	at org.apache.catalina.core.StandardEngineValve.invoke(StandardEngineValve.java:88)
	at org.apache.catalina.connector.CoyoteAdapter.service(CoyoteAdapter.java:502)
	at org.apache.coyote.http11.AbstractHttp11Processor.process(AbstractHttp11Processor.java:1132)
	at org.apache.coyote.AbstractProtocol$AbstractConnectionHandler.process(AbstractProtocol.java:684)
	at org.apache.tomcat.util.net.NioEndpoint$SocketProcessor.doRun(NioEndpoint.java:1539)
	at org.apache.tomcat.util.net.NioEndpoint$SocketProcessor.run(NioEndpoint.java:1495)
	at java.util.concurrent.ThreadPoolExecutor.runWorker(ThreadPoolExecutor.java:1142)
	at java.util.concurrent.ThreadPoolExecutor$Worker.run(ThreadPoolExecutor.java:617)
	at org.apache.tomcat.util.threads.TaskThread$WrappingRunnable.run(TaskThread.java:61)
	at java.lang.Thread.run(Thread.java:745)

13-Jun-2023 12:07:00.443 심각 [http-nio-8855-exec-267] org.apache.catalina.core.StandardWrapperValve.invoke Servlet.service() for servlet [appServlet] in context with path [] threw exception [Request processing failed; nested exception is org.mybatis.spring.MyBatisSystemException: nested exception is org.apache.ibatis.exceptions.PersistenceException: 
### Error querying database.  Cause: org.springframework.jdbc.CannotGetJdbcConnectionException: Failed to obtain JDBC Connection; nested exception is com.microsoft.sqlserver.jdbc.SQLServerException: 호스트 61.32.101.234, 포트 1433에 대한 TCP/IP 연결에 실패했습니다. 오류: "connect timed out. 연결 속성을 확인하십시오. SQL Server의 인스턴스가 호스트에서 실행되고 있고 포트에서 TCP/IP 연결을 허용하고 있는지 확인하십시오. 또한 방화벽에서 포트로의 TCP 연결을 차단하지 않는지 확인하십시오.".
### The error may exist in com/daejist/login/mapper/LoginMapper.xml
### The error may involve com.daejist.login.mapper.LoginMapper.LoginMember
### The error occurred while executing a query
### Cause: org.springframework.jdbc.CannotGetJdbcConnectionException: Failed to obtain JDBC Connection; nested exception is com.microsoft.sqlserver.jdbc.SQLServerException: 호스트 61.32.101.234, 포트 1433에 대한 TCP/IP 연결에 실패했습니다. 오류: "connect timed out. 연결 속성을 확인하십시오. SQL Server의 인스턴스가 호스트에서 실행되고 있고 포트에서 TCP/IP 연결을 허용하고 있는지 확인하십시오. 또한 방화벽에서 포트로의 TCP 연결을 차단하지 않는지 확인하십시오.".] with root cause
 com.microsoft.sqlserver.jdbc.SQLServerException: 호스트 61.32.101.234, 포트 1433에 대한 TCP/IP 연결에 실패했습니다. 오류: "connect timed out. 연결 속성을 확인하십시오. SQL Server의 인스턴스가 호스트에서 실행되고 있고 포트에서 TCP/IP 연결을 허용하고 있는지 확인하십시오. 또한 방화벽에서 포트로의 TCP 연결을 차단하지 않는지 확인하십시오.".
	at com.microsoft.sqlserver.jdbc.SQLServerException.makeFromDriverError(SQLServerException.java:234)
	at com.microsoft.sqlserver.jdbc.SQLServerException.ConvertConnectExceptionToSQLServerException(SQLServerException.java:285)
	at com.microsoft.sqlserver.jdbc.SocketFinder.findSocket(IOBuffer.java:2462)
	at com.microsoft.sqlserver.jdbc.TDSChannel.open(IOBuffer.java:668)
	at com.microsoft.sqlserver.jdbc.SQLServerConnection.connectHelper(SQLServerConnection.java:2695)
	at com.microsoft.sqlserver.jdbc.SQLServerConnection.login(SQLServerConnection.java:2362)
	at com.microsoft.sqlserver.jdbc.SQLServerConnection.connectInternal(SQLServerConnection.java:2213)
	at com.microsoft.sqlserver.jdbc.SQLServerConnection.connect(SQLServerConnection.java:1276)
	at com.microsoft.sqlserver.jdbc.SQLServerDriver.connect(SQLServerDriver.java:861)
	at org.apache.commons.dbcp.DriverConnectionFactory.createConnection(DriverConnectionFactory.java:38)
	at org.apache.commons.dbcp.PoolableConnectionFactory.makeObject(PoolableConnectionFactory.java:582)
	at org.apache.commons.pool.impl.GenericObjectPool.borrowObject(GenericObjectPool.java:1148)
	at org.apache.commons.dbcp.PoolingDataSource.getConnection(PoolingDataSource.java:106)
	at org.apache.commons.dbcp.BasicDataSource.getConnection(BasicDataSource.java:1044)
	at org.springframework.jdbc.datasource.DataSourceUtils.fetchConnection(DataSourceUtils.java:157)
	at org.springframework.jdbc.datasource.DataSourceUtils.doGetConnection(DataSourceUtils.java:115)
	at org.springframework.jdbc.datasource.DataSourceUtils.getConnection(DataSourceUtils.java:78)
	at org.mybatis.spring.transaction.SpringManagedTransaction.openConnection(SpringManagedTransaction.java:80)
	at org.mybatis.spring.transaction.SpringManagedTransaction.getConnection(SpringManagedTransaction.java:67)
	at org.apache.ibatis.executor.BaseExecutor.getConnection(BaseExecutor.java:336)
	at org.apache.ibatis.executor.SimpleExecutor.prepareStatement(SimpleExecutor.java:85)
	at org.apache.ibatis.executor.SimpleExecutor.doQuery(SimpleExecutor.java:62)
	at org.apache.ibatis.executor.BaseExecutor.queryFromDatabase(BaseExecutor.java:324)
	at org.apache.ibatis.executor.BaseExecutor.query(BaseExecutor.java:156)
	at org.apache.ibatis.executor.CachingExecutor.query(CachingExecutor.java:109)
	at org.apache.ibatis.executor.CachingExecutor.query(CachingExecutor.java:83)
	at org.apache.ibatis.session.defaults.DefaultSqlSession.selectList(DefaultSqlSession.java:147)
	at org.apache.ibatis.session.defaults.DefaultSqlSession.selectList(DefaultSqlSession.java:140)
	at org.apache.ibatis.session.defaults.DefaultSqlSession.selectOne(DefaultSqlSession.java:76)
	at sun.reflect.GeneratedMethodAccessor1266.invoke(Unknown Source)
	at sun.reflect.DelegatingMethodAccessorImpl.invoke(DelegatingMethodAccessorImpl.java:43)
	at java.lang.reflect.Method.invoke(Method.java:498)
	at org.mybatis.spring.SqlSessionTemplate$SqlSessionInterceptor.invoke(SqlSessionTemplate.java:426)
	at com.sun.proxy.$Proxy366.selectOne(Unknown Source)
	at org.mybatis.spring.SqlSessionTemplate.selectOne(SqlSessionTemplate.java:159)
	at org.apache.ibatis.binding.MapperMethod.execute(MapperMethod.java:87)
	at org.apache.ibatis.binding.MapperProxy.invoke(MapperProxy.java:57)
	at com.sun.proxy.$Proxy368.LoginMember(Unknown Source)
	at com.daejist.login.service.LoginServiceImp.LoginCheck(LoginServiceImp.java:29)
	at com.daejist.login.controller.LoginController.getLogin(LoginController.java:98)
	at sun.reflect.GeneratedMethodAccessor1348.invoke(Unknown Source)
	at sun.reflect.DelegatingMethodAccessorImpl.invoke(DelegatingMethodAccessorImpl.java:43)
	at java.lang.reflect.Method.invoke(Method.java:498)
	at org.springframework.web.method.support.InvocableHandlerMethod.doInvoke(InvocableHandlerMethod.java:190)
	at org.springframework.web.method.support.InvocableHandlerMethod.invokeForRequest(InvocableHandlerMethod.java:138)
	at org.springframework.web.servlet.mvc.method.annotation.ServletInvocableHandlerMethod.invokeAndHandle(ServletInvocableHandlerMethod.java:104)
	at org.springframework.web.servlet.mvc.method.annotation.RequestMappingHandlerAdapter.invokeHandlerMethod(RequestMappingHandlerAdapter.java:892)
	at org.springframework.web.servlet.mvc.method.annotation.RequestMappingHandlerAdapter.handleInternal(RequestMappingHandlerAdapter.java:797)
	at org.springframework.web.servlet.mvc.method.AbstractHandlerMethodAdapter.handle(AbstractHandlerMethodAdapter.java:87)
	at org.springframework.web.servlet.DispatcherServlet.doDispatch(DispatcherServlet.java:1039)
	at org.springframework.web.servlet.DispatcherServlet.doService(DispatcherServlet.java:942)
	at org.springframework.web.servlet.FrameworkServlet.processRequest(FrameworkServlet.java:1005)
	at org.springframework.web.servlet.FrameworkServlet.doPost(FrameworkServlet.java:908)
	at javax.servlet.http.HttpServlet.service(HttpServlet.java:648)
	at org.springframework.web.servlet.FrameworkServlet.service(FrameworkServlet.java:882)
	at javax.servlet.http.HttpServlet.service(HttpServlet.java:729)
	at org.apache.catalina.core.ApplicationFilterChain.internalDoFilter(ApplicationFilterChain.java:292)
	at org.apache.catalina.core.ApplicationFilterChain.doFilter(ApplicationFilterChain.java:207)
	at org.apache.tomcat.websocket.server.WsFilter.doFilter(WsFilter.java:52)
	at org.apache.catalina.core.ApplicationFilterChain.internalDoFilter(ApplicationFilterChain.java:240)
	at org.apache.catalina.core.ApplicationFilterChain.doFilter(ApplicationFilterChain.java:207)
	at org.springframework.web.filter.CharacterEncodingFilter.doFilterInternal(CharacterEncodingFilter.java:200)
	at org.springframework.web.filter.OncePerRequestFilter.doFilter(OncePerRequestFilter.java:118)
	at org.apache.catalina.core.ApplicationFilterChain.internalDoFilter(ApplicationFilterChain.java:240)
	at org.apache.catalina.core.ApplicationFilterChain.doFilter(ApplicationFilterChain.java:207)
	at org.apache.catalina.core.StandardWrapperValve.invoke(StandardWrapperValve.java:212)
	at org.apache.catalina.core.StandardContextValve.invoke(StandardContextValve.java:94)
	at org.apache.catalina.core.StandardHostValve.invoke(StandardHostValve.java:141)
	at org.apache.catalina.valves.ErrorReportValve.invoke(ErrorReportValve.java:79)
	at org.apache.catalina.core.StandardEngineValve.invoke(StandardEngineValve.java:88)
	at org.apache.catalina.connector.CoyoteAdapter.service(CoyoteAdapter.java:502)
	at org.apache.coyote.http11.AbstractHttp11Processor.process(AbstractHttp11Processor.java:1132)
	at org.apache.coyote.AbstractProtocol$AbstractConnectionHandler.process(AbstractProtocol.java:684)
	at org.apache.tomcat.util.net.NioEndpoint$SocketProcessor.doRun(NioEndpoint.java:1539)
	at org.apache.tomcat.util.net.NioEndpoint$SocketProcessor.run(NioEndpoint.java:1495)
	at java.util.concurrent.ThreadPoolExecutor.runWorker(ThreadPoolExecutor.java:1142)
	at java.util.concurrent.ThreadPoolExecutor$Worker.run(ThreadPoolExecutor.java:617)
	at org.apache.tomcat.util.threads.TaskThread$WrappingRunnable.run(TaskThread.java:61)
	at java.lang.Thread.run(Thread.java:745)

13-Jun-2023 12:07:02.600 심각 [http-nio-8855-exec-268] org.apache.catalina.core.StandardWrapperValve.invoke Servlet.service() for servlet [appServlet] in context with path [] threw exception [Request processing failed; nested exception is org.mybatis.spring.MyBatisSystemException: nested exception is org.apache.ibatis.exceptions.PersistenceException: 
### Error querying database.  Cause: org.springframework.jdbc.CannotGetJdbcConnectionException: Failed to obtain JDBC Connection; nested exception is com.microsoft.sqlserver.jdbc.SQLServerException: 호스트 61.32.101.234, 포트 1433에 대한 TCP/IP 연결에 실패했습니다. 오류: "connect timed out. 연결 속성을 확인하십시오. SQL Server의 인스턴스가 호스트에서 실행되고 있고 포트에서 TCP/IP 연결을 허용하고 있는지 확인하십시오. 또한 방화벽에서 포트로의 TCP 연결을 차단하지 않는지 확인하십시오.".
### The error may exist in com/daejist/login/mapper/LoginMapper.xml
### The error may involve com.daejist.login.mapper.LoginMapper.LoginMember
### The error occurred while executing a query
### Cause: org.springframework.jdbc.CannotGetJdbcConnectionException: Failed to obtain JDBC Connection; nested exception is com.microsoft.sqlserver.jdbc.SQLServerException: 호스트 61.32.101.234, 포트 1433에 대한 TCP/IP 연결에 실패했습니다. 오류: "connect timed out. 연결 속성을 확인하십시오. SQL Server의 인스턴스가 호스트에서 실행되고 있고 포트에서 TCP/IP 연결을 허용하고 있는지 확인하십시오. 또한 방화벽에서 포트로의 TCP 연결을 차단하지 않는지 확인하십시오.".] with root cause
 com.microsoft.sqlserver.jdbc.SQLServerException: 호스트 61.32.101.234, 포트 1433에 대한 TCP/IP 연결에 실패했습니다. 오류: "connect timed out. 연결 속성을 확인하십시오. SQL Server의 인스턴스가 호스트에서 실행되고 있고 포트에서 TCP/IP 연결을 허용하고 있는지 확인하십시오. 또한 방화벽에서 포트로의 TCP 연결을 차단하지 않는지 확인하십시오.".
	at com.microsoft.sqlserver.jdbc.SQLServerException.makeFromDriverError(SQLServerException.java:234)
	at com.microsoft.sqlserver.jdbc.SQLServerException.ConvertConnectExceptionToSQLServerException(SQLServerException.java:285)
	at com.microsoft.sqlserver.jdbc.SocketFinder.findSocket(IOBuffer.java:2462)
	at com.microsoft.sqlserver.jdbc.TDSChannel.open(IOBuffer.java:668)
	at com.microsoft.sqlserver.jdbc.SQLServerConnection.connectHelper(SQLServerConnection.java:2695)
	at com.microsoft.sqlserver.jdbc.SQLServerConnection.login(SQLServerConnection.java:2362)
	at com.microsoft.sqlserver.jdbc.SQLServerConnection.connectInternal(SQLServerConnection.java:2213)
	at com.microsoft.sqlserver.jdbc.SQLServerConnection.connect(SQLServerConnection.java:1276)
	at com.microsoft.sqlserver.jdbc.SQLServerDriver.connect(SQLServerDriver.java:861)
	at org.apache.commons.dbcp.DriverConnectionFactory.createConnection(DriverConnectionFactory.java:38)
	at org.apache.commons.dbcp.PoolableConnectionFactory.makeObject(PoolableConnectionFactory.java:582)
	at org.apache.commons.pool.impl.GenericObjectPool.borrowObject(GenericObjectPool.java:1148)
	at org.apache.commons.dbcp.PoolingDataSource.getConnection(PoolingDataSource.java:106)
	at org.apache.commons.dbcp.BasicDataSource.getConnection(BasicDataSource.java:1044)
	at org.springframework.jdbc.datasource.DataSourceUtils.fetchConnection(DataSourceUtils.java:157)
	at org.springframework.jdbc.datasource.DataSourceUtils.doGetConnection(DataSourceUtils.java:115)
	at org.springframework.jdbc.datasource.DataSourceUtils.getConnection(DataSourceUtils.java:78)
	at org.mybatis.spring.transaction.SpringManagedTransaction.openConnection(SpringManagedTransaction.java:80)
	at org.mybatis.spring.transaction.SpringManagedTransaction.getConnection(SpringManagedTransaction.java:67)
	at org.apache.ibatis.executor.BaseExecutor.getConnection(BaseExecutor.java:336)
	at org.apache.ibatis.executor.SimpleExecutor.prepareStatement(SimpleExecutor.java:85)
	at org.apache.ibatis.executor.SimpleExecutor.doQuery(SimpleExecutor.java:62)
	at org.apache.ibatis.executor.BaseExecutor.queryFromDatabase(BaseExecutor.java:324)
	at org.apache.ibatis.executor.BaseExecutor.query(BaseExecutor.java:156)
	at org.apache.ibatis.executor.CachingExecutor.query(CachingExecutor.java:109)
	at org.apache.ibatis.executor.CachingExecutor.query(CachingExecutor.java:83)
	at org.apache.ibatis.session.defaults.DefaultSqlSession.selectList(DefaultSqlSession.java:147)
	at org.apache.ibatis.session.defaults.DefaultSqlSession.selectList(DefaultSqlSession.java:140)
	at org.apache.ibatis.session.defaults.DefaultSqlSession.selectOne(DefaultSqlSession.java:76)
	at sun.reflect.GeneratedMethodAccessor1266.invoke(Unknown Source)
	at sun.reflect.DelegatingMethodAccessorImpl.invoke(DelegatingMethodAccessorImpl.java:43)
	at java.lang.reflect.Method.invoke(Method.java:498)
	at org.mybatis.spring.SqlSessionTemplate$SqlSessionInterceptor.invoke(SqlSessionTemplate.java:426)
	at com.sun.proxy.$Proxy366.selectOne(Unknown Source)
	at org.mybatis.spring.SqlSessionTemplate.selectOne(SqlSessionTemplate.java:159)
	at org.apache.ibatis.binding.MapperMethod.execute(MapperMethod.java:87)
	at org.apache.ibatis.binding.MapperProxy.invoke(MapperProxy.java:57)
	at com.sun.proxy.$Proxy368.LoginMember(Unknown Source)
	at com.daejist.login.service.LoginServiceImp.LoginCheck(LoginServiceImp.java:29)
	at com.daejist.login.controller.LoginController.getLogin(LoginController.java:98)
	at sun.reflect.GeneratedMethodAccessor1348.invoke(Unknown Source)
	at sun.reflect.DelegatingMethodAccessorImpl.invoke(DelegatingMethodAccessorImpl.java:43)
	at java.lang.reflect.Method.invoke(Method.java:498)
	at org.springframework.web.method.support.InvocableHandlerMethod.doInvoke(InvocableHandlerMethod.java:190)
	at org.springframework.web.method.support.InvocableHandlerMethod.invokeForRequest(InvocableHandlerMethod.java:138)
	at org.springframework.web.servlet.mvc.method.annotation.ServletInvocableHandlerMethod.invokeAndHandle(ServletInvocableHandlerMethod.java:104)
	at org.springframework.web.servlet.mvc.method.annotation.RequestMappingHandlerAdapter.invokeHandlerMethod(RequestMappingHandlerAdapter.java:892)
	at org.springframework.web.servlet.mvc.method.annotation.RequestMappingHandlerAdapter.handleInternal(RequestMappingHandlerAdapter.java:797)
	at org.springframework.web.servlet.mvc.method.AbstractHandlerMethodAdapter.handle(AbstractHandlerMethodAdapter.java:87)
	at org.springframework.web.servlet.DispatcherServlet.doDispatch(DispatcherServlet.java:1039)
	at org.springframework.web.servlet.DispatcherServlet.doService(DispatcherServlet.java:942)
	at org.springframework.web.servlet.FrameworkServlet.processRequest(FrameworkServlet.java:1005)
	at org.springframework.web.servlet.FrameworkServlet.doPost(FrameworkServlet.java:908)
	at javax.servlet.http.HttpServlet.service(HttpServlet.java:648)
	at org.springframework.web.servlet.FrameworkServlet.service(FrameworkServlet.java:882)
	at javax.servlet.http.HttpServlet.service(HttpServlet.java:729)
	at org.apache.catalina.core.ApplicationFilterChain.internalDoFilter(ApplicationFilterChain.java:292)
	at org.apache.catalina.core.ApplicationFilterChain.doFilter(ApplicationFilterChain.java:207)
	at org.apache.tomcat.websocket.server.WsFilter.doFilter(WsFilter.java:52)
	at org.apache.catalina.core.ApplicationFilterChain.internalDoFilter(ApplicationFilterChain.java:240)
	at org.apache.catalina.core.ApplicationFilterChain.doFilter(ApplicationFilterChain.java:207)
	at org.springframework.web.filter.CharacterEncodingFilter.doFilterInternal(CharacterEncodingFilter.java:200)
	at org.springframework.web.filter.OncePerRequestFilter.doFilter(OncePerRequestFilter.java:118)
	at org.apache.catalina.core.ApplicationFilterChain.internalDoFilter(ApplicationFilterChain.java:240)
	at org.apache.catalina.core.ApplicationFilterChain.doFilter(ApplicationFilterChain.java:207)
	at org.apache.catalina.core.StandardWrapperValve.invoke(StandardWrapperValve.java:212)
	at org.apache.catalina.core.StandardContextValve.invoke(StandardContextValve.java:94)
	at org.apache.catalina.core.StandardHostValve.invoke(StandardHostValve.java:141)
	at org.apache.catalina.valves.ErrorReportValve.invoke(ErrorReportValve.java:79)
	at org.apache.catalina.core.StandardEngineValve.invoke(StandardEngineValve.java:88)
	at org.apache.catalina.connector.CoyoteAdapter.service(CoyoteAdapter.java:502)
	at org.apache.coyote.http11.AbstractHttp11Processor.process(AbstractHttp11Processor.java:1132)
	at org.apache.coyote.AbstractProtocol$AbstractConnectionHandler.process(AbstractProtocol.java:684)
	at org.apache.tomcat.util.net.NioEndpoint$SocketProcessor.doRun(NioEndpoint.java:1539)
	at org.apache.tomcat.util.net.NioEndpoint$SocketProcessor.run(NioEndpoint.java:1495)
	at java.util.concurrent.ThreadPoolExecutor.runWorker(ThreadPoolExecutor.java:1142)
	at java.util.concurrent.ThreadPoolExecutor$Worker.run(ThreadPoolExecutor.java:617)
	at org.apache.tomcat.util.threads.TaskThread$WrappingRunnable.run(TaskThread.java:61)
	at java.lang.Thread.run(Thread.java:745)

13-Jun-2023 12:19:07.532 심각 [http-nio-8855-exec-231] org.apache.catalina.core.StandardWrapperValve.invoke Servlet.service() for servlet [appServlet] in context with path [] threw exception [Request processing failed; nested exception is org.springframework.dao.DataAccessResourceFailureException: 
### Error querying database.  Cause: com.microsoft.sqlserver.jdbc.SQLServerException: 연결 시간 초과 (Read failed)
### The error may exist in com/daejist/login/mapper/LoginMapper.xml
### The error may involve defaultParameterMap
### The error occurred while setting parameters
### SQL: SELECT *      FROM ZUSRLST     WHERE USRID = ?        AND PASSWD = ?
### Cause: com.microsoft.sqlserver.jdbc.SQLServerException: 연결 시간 초과 (Read failed)
; 연결 시간 초과 (Read failed); nested exception is com.microsoft.sqlserver.jdbc.SQLServerException: 연결 시간 초과 (Read failed)] with root cause
 java.net.SocketException: 연결 시간 초과 (Read failed)
	at java.net.SocketInputStream.socketRead0(Native Method)
	at java.net.SocketInputStream.socketRead(SocketInputStream.java:116)
	at java.net.SocketInputStream.read(SocketInputStream.java:170)
	at java.net.SocketInputStream.read(SocketInputStream.java:141)
	at com.microsoft.sqlserver.jdbc.TDSChannel.read(IOBuffer.java:2054)
	at com.microsoft.sqlserver.jdbc.TDSReader.readPacket(IOBuffer.java:6596)
	at com.microsoft.sqlserver.jdbc.TDSCommand.startResponse(IOBuffer.java:7760)
	at com.microsoft.sqlserver.jdbc.SQLServerPreparedStatement.doExecutePreparedStatement(SQLServerPreparedStatement.java:600)
	at com.microsoft.sqlserver.jdbc.SQLServerPreparedStatement$PrepStmtExecCmd.doExecute(SQLServerPreparedStatement.java:524)
	at com.microsoft.sqlserver.jdbc.TDSCommand.execute(IOBuffer.java:7375)
	at com.microsoft.sqlserver.jdbc.SQLServerConnection.executeCommand(SQLServerConnection.java:3206)
	at com.microsoft.sqlserver.jdbc.SQLServerStatement.executeCommand(SQLServerStatement.java:247)
	at com.microsoft.sqlserver.jdbc.SQLServerStatement.executeStatement(SQLServerStatement.java:222)
	at com.microsoft.sqlserver.jdbc.SQLServerPreparedStatement.execute(SQLServerPreparedStatement.java:505)
	at org.apache.commons.dbcp.DelegatingPreparedStatement.execute(DelegatingPreparedStatement.java:172)
	at org.apache.commons.dbcp.DelegatingPreparedStatement.execute(DelegatingPreparedStatement.java:172)
	at org.apache.ibatis.executor.statement.PreparedStatementHandler.query(PreparedStatementHandler.java:64)
	at org.apache.ibatis.executor.statement.RoutingStatementHandler.query(RoutingStatementHandler.java:79)
	at org.apache.ibatis.executor.SimpleExecutor.doQuery(SimpleExecutor.java:63)
	at org.apache.ibatis.executor.BaseExecutor.queryFromDatabase(BaseExecutor.java:324)
	at org.apache.ibatis.executor.BaseExecutor.query(BaseExecutor.java:156)
	at org.apache.ibatis.executor.CachingExecutor.query(CachingExecutor.java:109)
	at org.apache.ibatis.executor.CachingExecutor.query(CachingExecutor.java:83)
	at org.apache.ibatis.session.defaults.DefaultSqlSession.selectList(DefaultSqlSession.java:147)
	at org.apache.ibatis.session.defaults.DefaultSqlSession.selectList(DefaultSqlSession.java:140)
	at org.apache.ibatis.session.defaults.DefaultSqlSession.selectOne(DefaultSqlSession.java:76)
	at sun.reflect.GeneratedMethodAccessor1266.invoke(Unknown Source)
	at sun.reflect.DelegatingMethodAccessorImpl.invoke(DelegatingMethodAccessorImpl.java:43)
	at java.lang.reflect.Method.invoke(Method.java:498)
	at org.mybatis.spring.SqlSessionTemplate$SqlSessionInterceptor.invoke(SqlSessionTemplate.java:426)
	at com.sun.proxy.$Proxy366.selectOne(Unknown Source)
	at org.mybatis.spring.SqlSessionTemplate.selectOne(SqlSessionTemplate.java:159)
	at org.apache.ibatis.binding.MapperMethod.execute(MapperMethod.java:87)
	at org.apache.ibatis.binding.MapperProxy.invoke(MapperProxy.java:57)
	at com.sun.proxy.$Proxy368.LoginMember(Unknown Source)
	at com.daejist.login.service.LoginServiceImp.LoginCheck(LoginServiceImp.java:29)
	at com.daejist.login.controller.LoginController.getLogin(LoginController.java:98)
	at sun.reflect.GeneratedMethodAccessor1348.invoke(Unknown Source)
	at sun.reflect.DelegatingMethodAccessorImpl.invoke(DelegatingMethodAccessorImpl.java:43)
	at java.lang.reflect.Method.invoke(Method.java:498)
	at org.springframework.web.method.support.InvocableHandlerMethod.doInvoke(InvocableHandlerMethod.java:190)
	at org.springframework.web.method.support.InvocableHandlerMethod.invokeForRequest(InvocableHandlerMethod.java:138)
	at org.springframework.web.servlet.mvc.method.annotation.ServletInvocableHandlerMethod.invokeAndHandle(ServletInvocableHandlerMethod.java:104)
	at org.springframework.web.servlet.mvc.method.annotation.RequestMappingHandlerAdapter.invokeHandlerMethod(RequestMappingHandlerAdapter.java:892)
	at org.springframework.web.servlet.mvc.method.annotation.RequestMappingHandlerAdapter.handleInternal(RequestMappingHandlerAdapter.java:797)
	at org.springframework.web.servlet.mvc.method.AbstractHandlerMethodAdapter.handle(AbstractHandlerMethodAdapter.java:87)
	at org.springframework.web.servlet.DispatcherServlet.doDispatch(DispatcherServlet.java:1039)
	at org.springframework.web.servlet.DispatcherServlet.doService(DispatcherServlet.java:942)
	at org.springframework.web.servlet.FrameworkServlet.processRequest(FrameworkServlet.java:1005)
	at org.springframework.web.servlet.FrameworkServlet.doPost(FrameworkServlet.java:908)
	at javax.servlet.http.HttpServlet.service(HttpServlet.java:648)
	at org.springframework.web.servlet.FrameworkServlet.service(FrameworkServlet.java:882)
	at javax.servlet.http.HttpServlet.service(HttpServlet.java:729)
	at org.apache.catalina.core.ApplicationFilterChain.internalDoFilter(ApplicationFilterChain.java:292)
	at org.apache.catalina.core.ApplicationFilterChain.doFilter(ApplicationFilterChain.java:207)
	at org.apache.tomcat.websocket.server.WsFilter.doFilter(WsFilter.java:52)
	at org.apache.catalina.core.ApplicationFilterChain.internalDoFilter(ApplicationFilterChain.java:240)
	at org.apache.catalina.core.ApplicationFilterChain.doFilter(ApplicationFilterChain.java:207)
	at org.springframework.web.filter.CharacterEncodingFilter.doFilterInternal(CharacterEncodingFilter.java:200)
	at org.springframework.web.filter.OncePerRequestFilter.doFilter(OncePerRequestFilter.java:118)
	at org.apache.catalina.core.ApplicationFilterChain.internalDoFilter(ApplicationFilterChain.java:240)
	at org.apache.catalina.core.ApplicationFilterChain.doFilter(ApplicationFilterChain.java:207)
	at org.apache.catalina.core.StandardWrapperValve.invoke(StandardWrapperValve.java:212)
	at org.apache.catalina.core.StandardContextValve.invoke(StandardContextValve.java:94)
	at org.apache.catalina.core.StandardHostValve.invoke(StandardHostValve.java:141)
	at org.apache.catalina.valves.ErrorReportValve.invoke(ErrorReportValve.java:79)
	at org.apache.catalina.core.StandardEngineValve.invoke(StandardEngineValve.java:88)
	at org.apache.catalina.connector.CoyoteAdapter.service(CoyoteAdapter.java:502)
	at org.apache.coyote.http11.AbstractHttp11Processor.process(AbstractHttp11Processor.java:1132)
	at org.apache.coyote.AbstractProtocol$AbstractConnectionHandler.process(AbstractProtocol.java:684)
	at org.apache.tomcat.util.net.NioEndpoint$SocketProcessor.doRun(NioEndpoint.java:1539)
	at org.apache.tomcat.util.net.NioEndpoint$SocketProcessor.run(NioEndpoint.java:1495)
	at java.util.concurrent.ThreadPoolExecutor.runWorker(ThreadPoolExecutor.java:1142)
	at java.util.concurrent.ThreadPoolExecutor$Worker.run(ThreadPoolExecutor.java:617)
	at org.apache.tomcat.util.threads.TaskThread$WrappingRunnable.run(TaskThread.java:61)
	at java.lang.Thread.run(Thread.java:745)

13-Jun-2023 12:19:12.632 심각 [http-nio-8855-exec-229] org.apache.catalina.core.StandardWrapperValve.invoke Servlet.service() for servlet [appServlet] in context with path [] threw exception [Request processing failed; nested exception is org.springframework.dao.DataAccessResourceFailureException: 
### Error querying database.  Cause: com.microsoft.sqlserver.jdbc.SQLServerException: 연결 시간 초과 (Read failed)
### The error may exist in com/daejist/login/mapper/LoginMapper.xml
### The error may involve defaultParameterMap
### The error occurred while setting parameters
### SQL: SELECT *      FROM ZUSRLST     WHERE USRID = ?        AND PASSWD = ?
### Cause: com.microsoft.sqlserver.jdbc.SQLServerException: 연결 시간 초과 (Read failed)
; 연결 시간 초과 (Read failed); nested exception is com.microsoft.sqlserver.jdbc.SQLServerException: 연결 시간 초과 (Read failed)] with root cause
 java.net.SocketException: 연결 시간 초과 (Read failed)
	at java.net.SocketInputStream.socketRead0(Native Method)
	at java.net.SocketInputStream.socketRead(SocketInputStream.java:116)
	at java.net.SocketInputStream.read(SocketInputStream.java:170)
	at java.net.SocketInputStream.read(SocketInputStream.java:141)
	at com.microsoft.sqlserver.jdbc.TDSChannel.read(IOBuffer.java:2054)
	at com.microsoft.sqlserver.jdbc.TDSReader.readPacket(IOBuffer.java:6596)
	at com.microsoft.sqlserver.jdbc.TDSCommand.startResponse(IOBuffer.java:7760)
	at com.microsoft.sqlserver.jdbc.SQLServerPreparedStatement.doExecutePreparedStatement(SQLServerPreparedStatement.java:600)
	at com.microsoft.sqlserver.jdbc.SQLServerPreparedStatement$PrepStmtExecCmd.doExecute(SQLServerPreparedStatement.java:524)
	at com.microsoft.sqlserver.jdbc.TDSCommand.execute(IOBuffer.java:7375)
	at com.microsoft.sqlserver.jdbc.SQLServerConnection.executeCommand(SQLServerConnection.java:3206)
	at com.microsoft.sqlserver.jdbc.SQLServerStatement.executeCommand(SQLServerStatement.java:247)
	at com.microsoft.sqlserver.jdbc.SQLServerStatement.executeStatement(SQLServerStatement.java:222)
	at com.microsoft.sqlserver.jdbc.SQLServerPreparedStatement.execute(SQLServerPreparedStatement.java:505)
	at org.apache.commons.dbcp.DelegatingPreparedStatement.execute(DelegatingPreparedStatement.java:172)
	at org.apache.commons.dbcp.DelegatingPreparedStatement.execute(DelegatingPreparedStatement.java:172)
	at org.apache.ibatis.executor.statement.PreparedStatementHandler.query(PreparedStatementHandler.java:64)
	at org.apache.ibatis.executor.statement.RoutingStatementHandler.query(RoutingStatementHandler.java:79)
	at org.apache.ibatis.executor.SimpleExecutor.doQuery(SimpleExecutor.java:63)
	at org.apache.ibatis.executor.BaseExecutor.queryFromDatabase(BaseExecutor.java:324)
	at org.apache.ibatis.executor.BaseExecutor.query(BaseExecutor.java:156)
	at org.apache.ibatis.executor.CachingExecutor.query(CachingExecutor.java:109)
	at org.apache.ibatis.executor.CachingExecutor.query(CachingExecutor.java:83)
	at org.apache.ibatis.session.defaults.DefaultSqlSession.selectList(DefaultSqlSession.java:147)
	at org.apache.ibatis.session.defaults.DefaultSqlSession.selectList(DefaultSqlSession.java:140)
	at org.apache.ibatis.session.defaults.DefaultSqlSession.selectOne(DefaultSqlSession.java:76)
	at sun.reflect.GeneratedMethodAccessor1266.invoke(Unknown Source)
	at sun.reflect.DelegatingMethodAccessorImpl.invoke(DelegatingMethodAccessorImpl.java:43)
	at java.lang.reflect.Method.invoke(Method.java:498)
	at org.mybatis.spring.SqlSessionTemplate$SqlSessionInterceptor.invoke(SqlSessionTemplate.java:426)
	at com.sun.proxy.$Proxy366.selectOne(Unknown Source)
	at org.mybatis.spring.SqlSessionTemplate.selectOne(SqlSessionTemplate.java:159)
	at org.apache.ibatis.binding.MapperMethod.execute(MapperMethod.java:87)
	at org.apache.ibatis.binding.MapperProxy.invoke(MapperProxy.java:57)
	at com.sun.proxy.$Proxy368.LoginMember(Unknown Source)
	at com.daejist.login.service.LoginServiceImp.LoginCheck(LoginServiceImp.java:29)
	at com.daejist.login.controller.LoginController.getLogin(LoginController.java:98)
	at sun.reflect.GeneratedMethodAccessor1348.invoke(Unknown Source)
	at sun.reflect.DelegatingMethodAccessorImpl.invoke(DelegatingMethodAccessorImpl.java:43)
	at java.lang.reflect.Method.invoke(Method.java:498)
	at org.springframework.web.method.support.InvocableHandlerMethod.doInvoke(InvocableHandlerMethod.java:190)
	at org.springframework.web.method.support.InvocableHandlerMethod.invokeForRequest(InvocableHandlerMethod.java:138)
	at org.springframework.web.servlet.mvc.method.annotation.ServletInvocableHandlerMethod.invokeAndHandle(ServletInvocableHandlerMethod.java:104)
	at org.springframework.web.servlet.mvc.method.annotation.RequestMappingHandlerAdapter.invokeHandlerMethod(RequestMappingHandlerAdapter.java:892)
	at org.springframework.web.servlet.mvc.method.annotation.RequestMappingHandlerAdapter.handleInternal(RequestMappingHandlerAdapter.java:797)
	at org.springframework.web.servlet.mvc.method.AbstractHandlerMethodAdapter.handle(AbstractHandlerMethodAdapter.java:87)
	at org.springframework.web.servlet.DispatcherServlet.doDispatch(DispatcherServlet.java:1039)
	at org.springframework.web.servlet.DispatcherServlet.doService(DispatcherServlet.java:942)
	at org.springframework.web.servlet.FrameworkServlet.processRequest(FrameworkServlet.java:1005)
	at org.springframework.web.servlet.FrameworkServlet.doPost(FrameworkServlet.java:908)
	at javax.servlet.http.HttpServlet.service(HttpServlet.java:648)
	at org.springframework.web.servlet.FrameworkServlet.service(FrameworkServlet.java:882)
	at javax.servlet.http.HttpServlet.service(HttpServlet.java:729)
	at org.apache.catalina.core.ApplicationFilterChain.internalDoFilter(ApplicationFilterChain.java:292)
	at org.apache.catalina.core.ApplicationFilterChain.doFilter(ApplicationFilterChain.java:207)
	at org.apache.tomcat.websocket.server.WsFilter.doFilter(WsFilter.java:52)
	at org.apache.catalina.core.ApplicationFilterChain.internalDoFilter(ApplicationFilterChain.java:240)
	at org.apache.catalina.core.ApplicationFilterChain.doFilter(ApplicationFilterChain.java:207)
	at org.springframework.web.filter.CharacterEncodingFilter.doFilterInternal(CharacterEncodingFilter.java:200)
	at org.springframework.web.filter.OncePerRequestFilter.doFilter(OncePerRequestFilter.java:118)
	at org.apache.catalina.core.ApplicationFilterChain.internalDoFilter(ApplicationFilterChain.java:240)
	at org.apache.catalina.core.ApplicationFilterChain.doFilter(ApplicationFilterChain.java:207)
	at org.apache.catalina.core.StandardWrapperValve.invoke(StandardWrapperValve.java:212)
	at org.apache.catalina.core.StandardContextValve.invoke(StandardContextValve.java:94)
	at org.apache.catalina.core.StandardHostValve.invoke(StandardHostValve.java:141)
	at org.apache.catalina.valves.ErrorReportValve.invoke(ErrorReportValve.java:79)
	at org.apache.catalina.core.StandardEngineValve.invoke(StandardEngineValve.java:88)
	at org.apache.catalina.connector.CoyoteAdapter.service(CoyoteAdapter.java:502)
	at org.apache.coyote.http11.AbstractHttp11Processor.process(AbstractHttp11Processor.java:1132)
	at org.apache.coyote.AbstractProtocol$AbstractConnectionHandler.process(AbstractProtocol.java:684)
	at org.apache.tomcat.util.net.NioEndpoint$SocketProcessor.doRun(NioEndpoint.java:1539)
	at org.apache.tomcat.util.net.NioEndpoint$SocketProcessor.run(NioEndpoint.java:1495)
	at java.util.concurrent.ThreadPoolExecutor.runWorker(ThreadPoolExecutor.java:1142)
	at java.util.concurrent.ThreadPoolExecutor$Worker.run(ThreadPoolExecutor.java:617)
	at org.apache.tomcat.util.threads.TaskThread$WrappingRunnable.run(TaskThread.java:61)
	at java.lang.Thread.run(Thread.java:745)

