10-Aug-2026 12:08:31.385 정보 [main] org.apache.catalina.core.AprLifecycleListener.lifecycleEvent The APR based Apache Tomcat Native library which allows optimal performance in production environments was not found on the java.library.path: :/usr/local/mysql/lib:/usr/local/mysql/lib:/usr/local/mysql/lib:/usr/java/packages/lib/amd64:/usr/lib64:/lib64:/lib:/usr/lib
10-Aug-2026 12:08:31.434 정보 [main] org.apache.coyote.AbstractProtocol.init Initializing ProtocolHandler ["http-nio-8855"]
10-Aug-2026 12:08:31.444 정보 [main] org.apache.tomcat.util.net.NioSelectorPool.getSharedSelector Using a shared selector for servlet write/read
10-Aug-2026 12:08:31.445 정보 [main] org.apache.catalina.startup.Catalina.load Initialization processed in 221 ms
10-Aug-2026 12:08:31.457 정보 [main] org.apache.catalina.core.StandardService.startInternal Starting service daejist7
10-Aug-2026 12:08:31.457 정보 [main] org.apache.catalina.core.StandardEngine.startInternal Starting Servlet Engine: Apache Tomcat/8.0.50
10-Aug-2026 12:08:31.468 정보 [daejist7.cafe24.com-startStop-1] org.apache.catalina.startup.HostConfig.deployWAR Deploying web application archive /daejist7/tomcat/webapps/daejiM.war
10-Aug-2026 12:08:31.491 정보 [daejist7.cafe24.com-startStop-1] org.apache.catalina.startup.ExpandWar.expand An expanded directory [/daejist7/tomcat/webapps/daejiM] was found with a last modified time that did not match the associated WAR. It will be deleted.
10-Aug-2026 12:08:33.619 정보 [daejist7.cafe24.com-startStop-1] org.apache.jasper.servlet.TldScanner.scanJars At least one JAR was scanned for TLDs yet contained no TLDs. Enable debug logging for this logger for a complete list of JARs that were scanned but no TLDs were found in them. Skipping unneeded JARs during scanning can improve startup time and JSP compilation time.
10-Aug-2026 12:08:33.631 정보 [daejist7.cafe24.com-startStop-1] org.apache.catalina.core.ApplicationContext.log No Spring WebApplicationInitializer types detected on classpath
10-Aug-2026 12:08:33.638 정보 [daejist7.cafe24.com-startStop-1] org.apache.catalina.core.ApplicationContext.log Initializing Spring root WebApplicationContext
10-Aug-2026 12:08:39.504 정보 [daejist7.cafe24.com-startStop-1] org.apache.catalina.core.ApplicationContext.log Initializing Spring DispatcherServlet 'appServlet'
10-Aug-2026 12:08:39.880 정보 [daejist7.cafe24.com-startStop-1] org.apache.catalina.startup.HostConfig.deployWAR Deployment of web application archive /daejist7/tomcat/webapps/daejiM.war has finished in 8,411 ms
10-Aug-2026 12:08:39.880 정보 [daejist7.cafe24.com-startStop-1] org.apache.catalina.startup.HostConfig.deployWAR Deploying web application archive /daejist7/tomcat/webapps/scm.war
10-Aug-2026 12:08:39.881 정보 [daejist7.cafe24.com-startStop-1] org.apache.catalina.startup.ExpandWar.expand An expanded directory [/daejist7/tomcat/webapps/scm] was found with a last modified time that did not match the associated WAR. It will be deleted.
10-Aug-2026 12:08:41.418 정보 [daejist7.cafe24.com-startStop-1] org.apache.jasper.servlet.TldScanner.scanJars At least one JAR was scanned for TLDs yet contained no TLDs. Enable debug logging for this logger for a complete list of JARs that were scanned but no TLDs were found in them. Skipping unneeded JARs during scanning can improve startup time and JSP compilation time.
10-Aug-2026 12:08:41.428 정보 [daejist7.cafe24.com-startStop-1] org.apache.catalina.core.ApplicationContext.log No Spring WebApplicationInitializer types detected on classpath
10-Aug-2026 12:08:41.433 정보 [daejist7.cafe24.com-startStop-1] org.apache.catalina.core.ApplicationContext.log Initializing Spring root WebApplicationContext
10-Aug-2026 12:08:42.027 정보 [daejist7.cafe24.com-startStop-1] org.apache.catalina.core.ApplicationContext.log Initializing Spring DispatcherServlet 'appServlet'
10-Aug-2026 12:08:42.380 정보 [daejist7.cafe24.com-startStop-1] org.apache.catalina.startup.HostConfig.deployWAR Deployment of web application archive /daejist7/tomcat/webapps/scm.war has finished in 2,500 ms
10-Aug-2026 12:08:42.380 정보 [daejist7.cafe24.com-startStop-1] org.apache.catalina.startup.HostConfig.deployWAR Deploying web application archive /daejist7/tomcat/webapps/ROOT.war
10-Aug-2026 12:08:42.382 정보 [daejist7.cafe24.com-startStop-1] org.apache.catalina.startup.ExpandWar.expand An expanded directory [/daejist7/tomcat/webapps/ROOT] was found with a last modified time that did not match the associated WAR. It will be deleted.
10-Aug-2026 12:08:43.086 정보 [daejist7.cafe24.com-startStop-1] org.apache.jasper.servlet.TldScanner.scanJars At least one JAR was scanned for TLDs yet contained no TLDs. Enable debug logging for this logger for a complete list of JARs that were scanned but no TLDs were found in them. Skipping unneeded JARs during scanning can improve startup time and JSP compilation time.
10-Aug-2026 12:08:43.088 정보 [daejist7.cafe24.com-startStop-1] org.apache.catalina.core.ApplicationContext.log No Spring WebApplicationInitializer types detected on classpath
10-Aug-2026 12:08:43.092 정보 [daejist7.cafe24.com-startStop-1] org.apache.catalina.core.ApplicationContext.log Initializing Spring root WebApplicationContext
10-Aug-2026 12:08:43.443 정보 [daejist7.cafe24.com-startStop-1] org.apache.catalina.core.ApplicationContext.log Initializing Spring DispatcherServlet 'appServlet'
10-Aug-2026 12:08:43.823 정보 [daejist7.cafe24.com-startStop-1] org.apache.catalina.startup.HostConfig.deployWAR Deployment of web application archive /daejist7/tomcat/webapps/ROOT.war has finished in 1,443 ms
10-Aug-2026 12:08:43.824 정보 [daejist7.cafe24.com-startStop-1] org.apache.catalina.startup.HostConfig.deployWAR Deploying web application archive /daejist7/tomcat/webapps/exe.war
10-Aug-2026 12:08:43.825 정보 [daejist7.cafe24.com-startStop-1] org.apache.catalina.startup.ExpandWar.expand An expanded directory [/daejist7/tomcat/webapps/exe] was found with a last modified time that did not match the associated WAR. It will be deleted.
10-Aug-2026 12:08:44.683 정보 [daejist7.cafe24.com-startStop-1] org.apache.jasper.servlet.TldScanner.scanJars At least one JAR was scanned for TLDs yet contained no TLDs. Enable debug logging for this logger for a complete list of JARs that were scanned but no TLDs were found in them. Skipping unneeded JARs during scanning can improve startup time and JSP compilation time.
10-Aug-2026 12:08:44.685 정보 [daejist7.cafe24.com-startStop-1] org.apache.catalina.core.ApplicationContext.log No Spring WebApplicationInitializer types detected on classpath
10-Aug-2026 12:08:44.710 정보 [daejist7.cafe24.com-startStop-1] org.apache.catalina.core.ApplicationContext.log Initializing Spring root WebApplicationContext
10-Aug-2026 12:08:45.242 정보 [daejist7.cafe24.com-startStop-1] org.apache.catalina.core.ApplicationContext.log Initializing Spring FrameworkServlet 'appServlet'
10-Aug-2026 12:08:45.574 정보 [daejist7.cafe24.com-startStop-1] org.apache.catalina.startup.HostConfig.deployWAR Deployment of web application archive /daejist7/tomcat/webapps/exe.war has finished in 1,750 ms
10-Aug-2026 12:08:45.574 정보 [daejist7.cafe24.com-startStop-1] org.apache.catalina.startup.HostConfig.deployDirectory Deploying web application directory /daejist7/tomcat/webapps/host-manager
10-Aug-2026 12:08:45.680 정보 [daejist7.cafe24.com-startStop-1] org.apache.jasper.servlet.TldScanner.scanJars At least one JAR was scanned for TLDs yet contained no TLDs. Enable debug logging for this logger for a complete list of JARs that were scanned but no TLDs were found in them. Skipping unneeded JARs during scanning can improve startup time and JSP compilation time.
10-Aug-2026 12:08:45.682 정보 [daejist7.cafe24.com-startStop-1] org.apache.catalina.startup.HostConfig.deployDirectory Deployment of web application directory /daejist7/tomcat/webapps/host-manager has finished in 108 ms
10-Aug-2026 12:08:45.682 정보 [daejist7.cafe24.com-startStop-1] org.apache.catalina.startup.HostConfig.deployDirectory Deploying web application directory /daejist7/tomcat/webapps/manager
10-Aug-2026 12:08:45.784 정보 [daejist7.cafe24.com-startStop-1] org.apache.jasper.servlet.TldScanner.scanJars At least one JAR was scanned for TLDs yet contained no TLDs. Enable debug logging for this logger for a complete list of JARs that were scanned but no TLDs were found in them. Skipping unneeded JARs during scanning can improve startup time and JSP compilation time.
10-Aug-2026 12:08:45.785 정보 [daejist7.cafe24.com-startStop-1] org.apache.catalina.startup.HostConfig.deployDirectory Deployment of web application directory /daejist7/tomcat/webapps/manager has finished in 103 ms
10-Aug-2026 12:08:45.787 정보 [main] org.apache.coyote.AbstractProtocol.start Starting ProtocolHandler ["http-nio-8855"]
10-Aug-2026 12:08:45.791 정보 [main] org.apache.catalina.startup.Catalina.start Server startup in 14345 ms
10-Aug-2026 12:13:18.029 심각 [http-nio-8855-exec-2] org.apache.catalina.core.StandardWrapperValve.invoke Servlet.service() for servlet [appServlet] in context with path [] threw exception [Request processing failed; nested exception is org.mybatis.spring.MyBatisSystemException: nested exception is org.apache.ibatis.exceptions.PersistenceException: 
### Error querying database.  Cause: org.springframework.jdbc.CannotGetJdbcConnectionException: Failed to obtain JDBC Connection; nested exception is org.apache.commons.dbcp.SQLNestedException: Cannot create PoolableConnectionFactory (호스트 61.32.101.234, 포트 1433에 대한 TCP/IP 연결에 실패했습니다. 오류: "connect timed out. 연결 속성을 확인하십시오. SQL Server의 인스턴스가 호스트에서 실행되고 있고 포트에서 TCP/IP 연결을 허용하고 있는지 확인하십시오. 또한 방화벽에서 포트로의 TCP 연결을 차단하지 않는지 확인하십시오.".)
### The error may exist in com/daejist/login/mapper/LoginMapper.xml
### The error may involve com.daejist.login.mapper.LoginMapper.checkUserWithSessionKey
### The error occurred while executing a query
### Cause: org.springframework.jdbc.CannotGetJdbcConnectionException: Failed to obtain JDBC Connection; nested exception is org.apache.commons.dbcp.SQLNestedException: Cannot create PoolableConnectionFactory (호스트 61.32.101.234, 포트 1433에 대한 TCP/IP 연결에 실패했습니다. 오류: "connect timed out. 연결 속성을 확인하십시오. SQL Server의 인스턴스가 호스트에서 실행되고 있고 포트에서 TCP/IP 연결을 허용하고 있는지 확인하십시오. 또한 방화벽에서 포트로의 TCP 연결을 차단하지 않는지 확인하십시오.".)] with root cause
 com.microsoft.sqlserver.jdbc.SQLServerException: 호스트 61.32.101.234, 포트 1433에 대한 TCP/IP 연결에 실패했습니다. 오류: "connect timed out. 연결 속성을 확인하십시오. SQL Server의 인스턴스가 호스트에서 실행되고 있고 포트에서 TCP/IP 연결을 허용하고 있는지 확인하십시오. 또한 방화벽에서 포트로의 TCP 연결을 차단하지 않는지 확인하십시오.".
	at com.microsoft.sqlserver.jdbc.SQLServerException.makeFromDriverError(SQLServerException.java:234)
	at com.microsoft.sqlserver.jdbc.SQLServerException.ConvertConnectExceptionToSQLServerException(SQLServerException.java:285)
	at com.microsoft.sqlserver.jdbc.SocketFinder.findSocket(IOBuffer.java:2462)
	at com.microsoft.sqlserver.jdbc.TDSChannel.open(IOBuffer.java:668)
	at com.microsoft.sqlserver.jdbc.SQLServerConnection.connectHelper(SQLServerConnection.java:2695)
	at com.microsoft.sqlserver.jdbc.SQLServerConnection.login(SQLServerConnection.java:2362)
	at com.microsoft.sqlserver.jdbc.SQLServerConnection.connectInternal(SQLServerConnection.java:2213)
	at com.microsoft.sqlserver.jdbc.SQLServerConnection.connect(SQLServerConnection.java:1276)
	at com.microsoft.sqlserver.jdbc.SQLServerDriver.connect(SQLServerDriver.java:861)
	at org.apache.commons.dbcp.DriverConnectionFactory.createConnection(DriverConnectionFactory.java:38)
	at org.apache.commons.dbcp.PoolableConnectionFactory.makeObject(PoolableConnectionFactory.java:582)
	at org.apache.commons.dbcp.BasicDataSource.validateConnectionFactory(BasicDataSource.java:1556)
	at org.apache.commons.dbcp.BasicDataSource.createPoolableConnectionFactory(BasicDataSource.java:1545)
	at org.apache.commons.dbcp.BasicDataSource.createDataSource(BasicDataSource.java:1388)
	at org.apache.commons.dbcp.BasicDataSource.getConnection(BasicDataSource.java:1044)
	at org.springframework.jdbc.datasource.DataSourceUtils.fetchConnection(DataSourceUtils.java:157)
	at org.springframework.jdbc.datasource.DataSourceUtils.doGetConnection(DataSourceUtils.java:115)
	at org.springframework.jdbc.datasource.DataSourceUtils.getConnection(DataSourceUtils.java:78)
	at org.mybatis.spring.transaction.SpringManagedTransaction.openConnection(SpringManagedTransaction.java:80)
	at org.mybatis.spring.transaction.SpringManagedTransaction.getConnection(SpringManagedTransaction.java:67)
	at org.apache.ibatis.executor.BaseExecutor.getConnection(BaseExecutor.java:336)
	at org.apache.ibatis.executor.SimpleExecutor.prepareStatement(SimpleExecutor.java:85)
	at org.apache.ibatis.executor.SimpleExecutor.doQuery(SimpleExecutor.java:62)
	at org.apache.ibatis.executor.BaseExecutor.queryFromDatabase(BaseExecutor.java:324)
	at org.apache.ibatis.executor.BaseExecutor.query(BaseExecutor.java:156)
	at org.apache.ibatis.executor.CachingExecutor.query(CachingExecutor.java:109)
	at org.apache.ibatis.executor.CachingExecutor.query(CachingExecutor.java:83)
	at org.apache.ibatis.session.defaults.DefaultSqlSession.selectList(DefaultSqlSession.java:147)
	at org.apache.ibatis.session.defaults.DefaultSqlSession.selectList(DefaultSqlSession.java:140)
	at org.apache.ibatis.session.defaults.DefaultSqlSession.selectOne(DefaultSqlSession.java:76)
	at sun.reflect.NativeMethodAccessorImpl.invoke0(Native Method)
	at sun.reflect.NativeMethodAccessorImpl.invoke(NativeMethodAccessorImpl.java:62)
	at sun.reflect.DelegatingMethodAccessorImpl.invoke(DelegatingMethodAccessorImpl.java:43)
	at java.lang.reflect.Method.invoke(Method.java:498)
	at org.mybatis.spring.SqlSessionTemplate$SqlSessionInterceptor.invoke(SqlSessionTemplate.java:426)
	at com.sun.proxy.$Proxy59.selectOne(Unknown Source)
	at org.mybatis.spring.SqlSessionTemplate.selectOne(SqlSessionTemplate.java:159)
	at org.apache.ibatis.binding.MapperMethod.execute(MapperMethod.java:87)
	at org.apache.ibatis.binding.MapperProxy.invoke(MapperProxy.java:57)
	at com.sun.proxy.$Proxy61.checkUserWithSessionKey(Unknown Source)
	at com.daejist.login.service.LoginServiceImp.checkUserWithSessionKey(LoginServiceImp.java:84)
	at com.daejist.login.controller.LoginController.login(LoginController.java:75)
	at sun.reflect.NativeMethodAccessorImpl.invoke0(Native Method)
	at sun.reflect.NativeMethodAccessorImpl.invoke(NativeMethodAccessorImpl.java:62)
	at sun.reflect.DelegatingMethodAccessorImpl.invoke(DelegatingMethodAccessorImpl.java:43)
	at java.lang.reflect.Method.invoke(Method.java:498)
	at org.springframework.web.method.support.InvocableHandlerMethod.doInvoke(InvocableHandlerMethod.java:190)
	at org.springframework.web.method.support.InvocableHandlerMethod.invokeForRequest(InvocableHandlerMethod.java:138)
	at org.springframework.web.servlet.mvc.method.annotation.ServletInvocableHandlerMethod.invokeAndHandle(ServletInvocableHandlerMethod.java:104)
	at org.springframework.web.servlet.mvc.method.annotation.RequestMappingHandlerAdapter.invokeHandlerMethod(RequestMappingHandlerAdapter.java:892)
	at org.springframework.web.servlet.mvc.method.annotation.RequestMappingHandlerAdapter.handleInternal(RequestMappingHandlerAdapter.java:797)
	at org.springframework.web.servlet.mvc.method.AbstractHandlerMethodAdapter.handle(AbstractHandlerMethodAdapter.java:87)
	at org.springframework.web.servlet.DispatcherServlet.doDispatch(DispatcherServlet.java:1039)
	at org.springframework.web.servlet.DispatcherServlet.doService(DispatcherServlet.java:942)
	at org.springframework.web.servlet.FrameworkServlet.processRequest(FrameworkServlet.java:1005)
	at org.springframework.web.servlet.FrameworkServlet.doGet(FrameworkServlet.java:897)
	at javax.servlet.http.HttpServlet.service(HttpServlet.java:622)
	at org.springframework.web.servlet.FrameworkServlet.service(FrameworkServlet.java:882)
	at javax.servlet.http.HttpServlet.service(HttpServlet.java:729)
	at org.apache.catalina.core.ApplicationFilterChain.internalDoFilter(ApplicationFilterChain.java:292)
	at org.apache.catalina.core.ApplicationFilterChain.doFilter(ApplicationFilterChain.java:207)
	at org.apache.tomcat.websocket.server.WsFilter.doFilter(WsFilter.java:52)
	at org.apache.catalina.core.ApplicationFilterChain.internalDoFilter(ApplicationFilterChain.java:240)
	at org.apache.catalina.core.ApplicationFilterChain.doFilter(ApplicationFilterChain.java:207)
	at org.springframework.web.filter.CharacterEncodingFilter.doFilterInternal(CharacterEncodingFilter.java:200)
	at org.springframework.web.filter.OncePerRequestFilter.doFilter(OncePerRequestFilter.java:118)
	at org.apache.catalina.core.ApplicationFilterChain.internalDoFilter(ApplicationFilterChain.java:240)
	at org.apache.catalina.core.ApplicationFilterChain.doFilter(ApplicationFilterChain.java:207)
	at org.apache.catalina.core.StandardWrapperValve.invoke(StandardWrapperValve.java:212)
	at org.apache.catalina.core.StandardContextValve.invoke(StandardContextValve.java:94)
	at org.apache.catalina.core.StandardHostValve.invoke(StandardHostValve.java:141)
	at org.apache.catalina.valves.ErrorReportValve.invoke(ErrorReportValve.java:79)
	at org.apache.catalina.core.StandardEngineValve.invoke(StandardEngineValve.java:88)
	at org.apache.catalina.connector.CoyoteAdapter.service(CoyoteAdapter.java:502)
	at org.apache.coyote.http11.AbstractHttp11Processor.process(AbstractHttp11Processor.java:1132)
	at org.apache.coyote.AbstractProtocol$AbstractConnectionHandler.process(AbstractProtocol.java:684)
	at org.apache.tomcat.util.net.NioEndpoint$SocketProcessor.doRun(NioEndpoint.java:1539)
	at org.apache.tomcat.util.net.NioEndpoint$SocketProcessor.run(NioEndpoint.java:1495)
	at java.util.concurrent.ThreadPoolExecutor.runWorker(ThreadPoolExecutor.java:1142)
	at java.util.concurrent.ThreadPoolExecutor$Worker.run(ThreadPoolExecutor.java:617)
	at org.apache.tomcat.util.threads.TaskThread$WrappingRunnable.run(TaskThread.java:61)
	at java.lang.Thread.run(Thread.java:745)

10-Aug-2026 12:13:33.031 심각 [http-nio-8855-exec-6] org.apache.catalina.core.StandardWrapperValve.invoke Servlet.service() for servlet [appServlet] in context with path [] threw exception [Request processing failed; nested exception is org.mybatis.spring.MyBatisSystemException: nested exception is org.apache.ibatis.exceptions.PersistenceException: 
### Error querying database.  Cause: org.springframework.jdbc.CannotGetJdbcConnectionException: Failed to obtain JDBC Connection; nested exception is org.apache.commons.dbcp.SQLNestedException: Cannot create PoolableConnectionFactory (호스트 61.32.101.234, 포트 1433에 대한 TCP/IP 연결에 실패했습니다. 오류: "connect timed out. 연결 속성을 확인하십시오. SQL Server의 인스턴스가 호스트에서 실행되고 있고 포트에서 TCP/IP 연결을 허용하고 있는지 확인하십시오. 또한 방화벽에서 포트로의 TCP 연결을 차단하지 않는지 확인하십시오.".)
### The error may exist in com/daejist/login/mapper/LoginMapper.xml
### The error may involve com.daejist.login.mapper.LoginMapper.checkUserWithSessionKey
### The error occurred while executing a query
### Cause: org.springframework.jdbc.CannotGetJdbcConnectionException: Failed to obtain JDBC Connection; nested exception is org.apache.commons.dbcp.SQLNestedException: Cannot create PoolableConnectionFactory (호스트 61.32.101.234, 포트 1433에 대한 TCP/IP 연결에 실패했습니다. 오류: "connect timed out. 연결 속성을 확인하십시오. SQL Server의 인스턴스가 호스트에서 실행되고 있고 포트에서 TCP/IP 연결을 허용하고 있는지 확인하십시오. 또한 방화벽에서 포트로의 TCP 연결을 차단하지 않는지 확인하십시오.".)] with root cause
 com.microsoft.sqlserver.jdbc.SQLServerException: 호스트 61.32.101.234, 포트 1433에 대한 TCP/IP 연결에 실패했습니다. 오류: "connect timed out. 연결 속성을 확인하십시오. SQL Server의 인스턴스가 호스트에서 실행되고 있고 포트에서 TCP/IP 연결을 허용하고 있는지 확인하십시오. 또한 방화벽에서 포트로의 TCP 연결을 차단하지 않는지 확인하십시오.".
	at com.microsoft.sqlserver.jdbc.SQLServerException.makeFromDriverError(SQLServerException.java:234)
	at com.microsoft.sqlserver.jdbc.SQLServerException.ConvertConnectExceptionToSQLServerException(SQLServerException.java:285)
	at com.microsoft.sqlserver.jdbc.SocketFinder.findSocket(IOBuffer.java:2462)
	at com.microsoft.sqlserver.jdbc.TDSChannel.open(IOBuffer.java:668)
	at com.microsoft.sqlserver.jdbc.SQLServerConnection.connectHelper(SQLServerConnection.java:2695)
	at com.microsoft.sqlserver.jdbc.SQLServerConnection.login(SQLServerConnection.java:2362)
	at com.microsoft.sqlserver.jdbc.SQLServerConnection.connectInternal(SQLServerConnection.java:2213)
	at com.microsoft.sqlserver.jdbc.SQLServerConnection.connect(SQLServerConnection.java:1276)
	at com.microsoft.sqlserver.jdbc.SQLServerDriver.connect(SQLServerDriver.java:861)
	at org.apache.commons.dbcp.DriverConnectionFactory.createConnection(DriverConnectionFactory.java:38)
	at org.apache.commons.dbcp.PoolableConnectionFactory.makeObject(PoolableConnectionFactory.java:582)
	at org.apache.commons.dbcp.BasicDataSource.validateConnectionFactory(BasicDataSource.java:1556)
	at org.apache.commons.dbcp.BasicDataSource.createPoolableConnectionFactory(BasicDataSource.java:1545)
	at org.apache.commons.dbcp.BasicDataSource.createDataSource(BasicDataSource.java:1388)
	at org.apache.commons.dbcp.BasicDataSource.getConnection(BasicDataSource.java:1044)
	at org.springframework.jdbc.datasource.DataSourceUtils.fetchConnection(DataSourceUtils.java:157)
	at org.springframework.jdbc.datasource.DataSourceUtils.doGetConnection(DataSourceUtils.java:115)
	at org.springframework.jdbc.datasource.DataSourceUtils.getConnection(DataSourceUtils.java:78)
	at org.mybatis.spring.transaction.SpringManagedTransaction.openConnection(SpringManagedTransaction.java:80)
	at org.mybatis.spring.transaction.SpringManagedTransaction.getConnection(SpringManagedTransaction.java:67)
	at org.apache.ibatis.executor.BaseExecutor.getConnection(BaseExecutor.java:336)
	at org.apache.ibatis.executor.SimpleExecutor.prepareStatement(SimpleExecutor.java:85)
	at org.apache.ibatis.executor.SimpleExecutor.doQuery(SimpleExecutor.java:62)
	at org.apache.ibatis.executor.BaseExecutor.queryFromDatabase(BaseExecutor.java:324)
	at org.apache.ibatis.executor.BaseExecutor.query(BaseExecutor.java:156)
	at org.apache.ibatis.executor.CachingExecutor.query(CachingExecutor.java:109)
	at org.apache.ibatis.executor.CachingExecutor.query(CachingExecutor.java:83)
	at org.apache.ibatis.session.defaults.DefaultSqlSession.selectList(DefaultSqlSession.java:147)
	at org.apache.ibatis.session.defaults.DefaultSqlSession.selectList(DefaultSqlSession.java:140)
	at org.apache.ibatis.session.defaults.DefaultSqlSession.selectOne(DefaultSqlSession.java:76)
	at sun.reflect.NativeMethodAccessorImpl.invoke0(Native Method)
	at sun.reflect.NativeMethodAccessorImpl.invoke(NativeMethodAccessorImpl.java:62)
	at sun.reflect.DelegatingMethodAccessorImpl.invoke(DelegatingMethodAccessorImpl.java:43)
	at java.lang.reflect.Method.invoke(Method.java:498)
	at org.mybatis.spring.SqlSessionTemplate$SqlSessionInterceptor.invoke(SqlSessionTemplate.java:426)
	at com.sun.proxy.$Proxy59.selectOne(Unknown Source)
	at org.mybatis.spring.SqlSessionTemplate.selectOne(SqlSessionTemplate.java:159)
	at org.apache.ibatis.binding.MapperMethod.execute(MapperMethod.java:87)
	at org.apache.ibatis.binding.MapperProxy.invoke(MapperProxy.java:57)
	at com.sun.proxy.$Proxy61.checkUserWithSessionKey(Unknown Source)
	at com.daejist.login.service.LoginServiceImp.checkUserWithSessionKey(LoginServiceImp.java:84)
	at com.daejist.login.controller.LoginController.login(LoginController.java:75)
	at sun.reflect.NativeMethodAccessorImpl.invoke0(Native Method)
	at sun.reflect.NativeMethodAccessorImpl.invoke(NativeMethodAccessorImpl.java:62)
	at sun.reflect.DelegatingMethodAccessorImpl.invoke(DelegatingMethodAccessorImpl.java:43)
	at java.lang.reflect.Method.invoke(Method.java:498)
	at org.springframework.web.method.support.InvocableHandlerMethod.doInvoke(InvocableHandlerMethod.java:190)
	at org.springframework.web.method.support.InvocableHandlerMethod.invokeForRequest(InvocableHandlerMethod.java:138)
	at org.springframework.web.servlet.mvc.method.annotation.ServletInvocableHandlerMethod.invokeAndHandle(ServletInvocableHandlerMethod.java:104)
	at org.springframework.web.servlet.mvc.method.annotation.RequestMappingHandlerAdapter.invokeHandlerMethod(RequestMappingHandlerAdapter.java:892)
	at org.springframework.web.servlet.mvc.method.annotation.RequestMappingHandlerAdapter.handleInternal(RequestMappingHandlerAdapter.java:797)
	at org.springframework.web.servlet.mvc.method.AbstractHandlerMethodAdapter.handle(AbstractHandlerMethodAdapter.java:87)
	at org.springframework.web.servlet.DispatcherServlet.doDispatch(DispatcherServlet.java:1039)
	at org.springframework.web.servlet.DispatcherServlet.doService(DispatcherServlet.java:942)
	at org.springframework.web.servlet.FrameworkServlet.processRequest(FrameworkServlet.java:1005)
	at org.springframework.web.servlet.FrameworkServlet.doGet(FrameworkServlet.java:897)
	at javax.servlet.http.HttpServlet.service(HttpServlet.java:622)
	at org.springframework.web.servlet.FrameworkServlet.service(FrameworkServlet.java:882)
	at javax.servlet.http.HttpServlet.service(HttpServlet.java:729)
	at org.apache.catalina.core.ApplicationFilterChain.internalDoFilter(ApplicationFilterChain.java:292)
	at org.apache.catalina.core.ApplicationFilterChain.doFilter(ApplicationFilterChain.java:207)
	at org.apache.tomcat.websocket.server.WsFilter.doFilter(WsFilter.java:52)
	at org.apache.catalina.core.ApplicationFilterChain.internalDoFilter(ApplicationFilterChain.java:240)
	at org.apache.catalina.core.ApplicationFilterChain.doFilter(ApplicationFilterChain.java:207)
	at org.springframework.web.filter.CharacterEncodingFilter.doFilterInternal(CharacterEncodingFilter.java:200)
	at org.springframework.web.filter.OncePerRequestFilter.doFilter(OncePerRequestFilter.java:118)
	at org.apache.catalina.core.ApplicationFilterChain.internalDoFilter(ApplicationFilterChain.java:240)
	at org.apache.catalina.core.ApplicationFilterChain.doFilter(ApplicationFilterChain.java:207)
	at org.apache.catalina.core.StandardWrapperValve.invoke(StandardWrapperValve.java:212)
	at org.apache.catalina.core.StandardContextValve.invoke(StandardContextValve.java:94)
	at org.apache.catalina.core.StandardHostValve.invoke(StandardHostValve.java:141)
	at org.apache.catalina.valves.ErrorReportValve.invoke(ErrorReportValve.java:79)
	at org.apache.catalina.core.StandardEngineValve.invoke(StandardEngineValve.java:88)
	at org.apache.catalina.connector.CoyoteAdapter.service(CoyoteAdapter.java:502)
	at org.apache.coyote.http11.AbstractHttp11Processor.process(AbstractHttp11Processor.java:1132)
	at org.apache.coyote.AbstractProtocol$AbstractConnectionHandler.process(AbstractProtocol.java:684)
	at org.apache.tomcat.util.net.NioEndpoint$SocketProcessor.doRun(NioEndpoint.java:1539)
	at org.apache.tomcat.util.net.NioEndpoint$SocketProcessor.run(NioEndpoint.java:1495)
	at java.util.concurrent.ThreadPoolExecutor.runWorker(ThreadPoolExecutor.java:1142)
	at java.util.concurrent.ThreadPoolExecutor$Worker.run(ThreadPoolExecutor.java:617)
	at org.apache.tomcat.util.threads.TaskThread$WrappingRunnable.run(TaskThread.java:61)
	at java.lang.Thread.run(Thread.java:745)

10-Aug-2026 12:13:48.033 심각 [http-nio-8855-exec-5] org.apache.catalina.core.StandardWrapperValve.invoke Servlet.service() for servlet [appServlet] in context with path [] threw exception [Request processing failed; nested exception is org.mybatis.spring.MyBatisSystemException: nested exception is org.apache.ibatis.exceptions.PersistenceException: 
### Error querying database.  Cause: org.springframework.jdbc.CannotGetJdbcConnectionException: Failed to obtain JDBC Connection; nested exception is org.apache.commons.dbcp.SQLNestedException: Cannot create PoolableConnectionFactory (호스트 61.32.101.234, 포트 1433에 대한 TCP/IP 연결에 실패했습니다. 오류: "connect timed out. 연결 속성을 확인하십시오. SQL Server의 인스턴스가 호스트에서 실행되고 있고 포트에서 TCP/IP 연결을 허용하고 있는지 확인하십시오. 또한 방화벽에서 포트로의 TCP 연결을 차단하지 않는지 확인하십시오.".)
### The error may exist in com/daejist/login/mapper/LoginMapper.xml
### The error may involve com.daejist.login.mapper.LoginMapper.checkUserWithSessionKey
### The error occurred while executing a query
### Cause: org.springframework.jdbc.CannotGetJdbcConnectionException: Failed to obtain JDBC Connection; nested exception is org.apache.commons.dbcp.SQLNestedException: Cannot create PoolableConnectionFactory (호스트 61.32.101.234, 포트 1433에 대한 TCP/IP 연결에 실패했습니다. 오류: "connect timed out. 연결 속성을 확인하십시오. SQL Server의 인스턴스가 호스트에서 실행되고 있고 포트에서 TCP/IP 연결을 허용하고 있는지 확인하십시오. 또한 방화벽에서 포트로의 TCP 연결을 차단하지 않는지 확인하십시오.".)] with root cause
 com.microsoft.sqlserver.jdbc.SQLServerException: 호스트 61.32.101.234, 포트 1433에 대한 TCP/IP 연결에 실패했습니다. 오류: "connect timed out. 연결 속성을 확인하십시오. SQL Server의 인스턴스가 호스트에서 실행되고 있고 포트에서 TCP/IP 연결을 허용하고 있는지 확인하십시오. 또한 방화벽에서 포트로의 TCP 연결을 차단하지 않는지 확인하십시오.".
	at com.microsoft.sqlserver.jdbc.SQLServerException.makeFromDriverError(SQLServerException.java:234)
	at com.microsoft.sqlserver.jdbc.SQLServerException.ConvertConnectExceptionToSQLServerException(SQLServerException.java:285)
	at com.microsoft.sqlserver.jdbc.SocketFinder.findSocket(IOBuffer.java:2462)
	at com.microsoft.sqlserver.jdbc.TDSChannel.open(IOBuffer.java:668)
	at com.microsoft.sqlserver.jdbc.SQLServerConnection.connectHelper(SQLServerConnection.java:2695)
	at com.microsoft.sqlserver.jdbc.SQLServerConnection.login(SQLServerConnection.java:2362)
	at com.microsoft.sqlserver.jdbc.SQLServerConnection.connectInternal(SQLServerConnection.java:2213)
	at com.microsoft.sqlserver.jdbc.SQLServerConnection.connect(SQLServerConnection.java:1276)
	at com.microsoft.sqlserver.jdbc.SQLServerDriver.connect(SQLServerDriver.java:861)
	at org.apache.commons.dbcp.DriverConnectionFactory.createConnection(DriverConnectionFactory.java:38)
	at org.apache.commons.dbcp.PoolableConnectionFactory.makeObject(PoolableConnectionFactory.java:582)
	at org.apache.commons.dbcp.BasicDataSource.validateConnectionFactory(BasicDataSource.java:1556)
	at org.apache.commons.dbcp.BasicDataSource.createPoolableConnectionFactory(BasicDataSource.java:1545)
	at org.apache.commons.dbcp.BasicDataSource.createDataSource(BasicDataSource.java:1388)
	at org.apache.commons.dbcp.BasicDataSource.getConnection(BasicDataSource.java:1044)
	at org.springframework.jdbc.datasource.DataSourceUtils.fetchConnection(DataSourceUtils.java:157)
	at org.springframework.jdbc.datasource.DataSourceUtils.doGetConnection(DataSourceUtils.java:115)
	at org.springframework.jdbc.datasource.DataSourceUtils.getConnection(DataSourceUtils.java:78)
	at org.mybatis.spring.transaction.SpringManagedTransaction.openConnection(SpringManagedTransaction.java:80)
	at org.mybatis.spring.transaction.SpringManagedTransaction.getConnection(SpringManagedTransaction.java:67)
	at org.apache.ibatis.executor.BaseExecutor.getConnection(BaseExecutor.java:336)
	at org.apache.ibatis.executor.SimpleExecutor.prepareStatement(SimpleExecutor.java:85)
	at org.apache.ibatis.executor.SimpleExecutor.doQuery(SimpleExecutor.java:62)
	at org.apache.ibatis.executor.BaseExecutor.queryFromDatabase(BaseExecutor.java:324)
	at org.apache.ibatis.executor.BaseExecutor.query(BaseExecutor.java:156)
	at org.apache.ibatis.executor.CachingExecutor.query(CachingExecutor.java:109)
	at org.apache.ibatis.executor.CachingExecutor.query(CachingExecutor.java:83)
	at org.apache.ibatis.session.defaults.DefaultSqlSession.selectList(DefaultSqlSession.java:147)
	at org.apache.ibatis.session.defaults.DefaultSqlSession.selectList(DefaultSqlSession.java:140)
	at org.apache.ibatis.session.defaults.DefaultSqlSession.selectOne(DefaultSqlSession.java:76)
	at sun.reflect.NativeMethodAccessorImpl.invoke0(Native Method)
	at sun.reflect.NativeMethodAccessorImpl.invoke(NativeMethodAccessorImpl.java:62)
	at sun.reflect.DelegatingMethodAccessorImpl.invoke(DelegatingMethodAccessorImpl.java:43)
	at java.lang.reflect.Method.invoke(Method.java:498)
	at org.mybatis.spring.SqlSessionTemplate$SqlSessionInterceptor.invoke(SqlSessionTemplate.java:426)
	at com.sun.proxy.$Proxy59.selectOne(Unknown Source)
	at org.mybatis.spring.SqlSessionTemplate.selectOne(SqlSessionTemplate.java:159)
	at org.apache.ibatis.binding.MapperMethod.execute(MapperMethod.java:87)
	at org.apache.ibatis.binding.MapperProxy.invoke(MapperProxy.java:57)
	at com.sun.proxy.$Proxy61.checkUserWithSessionKey(Unknown Source)
	at com.daejist.login.service.LoginServiceImp.checkUserWithSessionKey(LoginServiceImp.java:84)
	at com.daejist.login.controller.LoginController.login(LoginController.java:75)
	at sun.reflect.NativeMethodAccessorImpl.invoke0(Native Method)
	at sun.reflect.NativeMethodAccessorImpl.invoke(NativeMethodAccessorImpl.java:62)
	at sun.reflect.DelegatingMethodAccessorImpl.invoke(DelegatingMethodAccessorImpl.java:43)
	at java.lang.reflect.Method.invoke(Method.java:498)
	at org.springframework.web.method.support.InvocableHandlerMethod.doInvoke(InvocableHandlerMethod.java:190)
	at org.springframework.web.method.support.InvocableHandlerMethod.invokeForRequest(InvocableHandlerMethod.java:138)
	at org.springframework.web.servlet.mvc.method.annotation.ServletInvocableHandlerMethod.invokeAndHandle(ServletInvocableHandlerMethod.java:104)
	at org.springframework.web.servlet.mvc.method.annotation.RequestMappingHandlerAdapter.invokeHandlerMethod(RequestMappingHandlerAdapter.java:892)
	at org.springframework.web.servlet.mvc.method.annotation.RequestMappingHandlerAdapter.handleInternal(RequestMappingHandlerAdapter.java:797)
	at org.springframework.web.servlet.mvc.method.AbstractHandlerMethodAdapter.handle(AbstractHandlerMethodAdapter.java:87)
	at org.springframework.web.servlet.DispatcherServlet.doDispatch(DispatcherServlet.java:1039)
	at org.springframework.web.servlet.DispatcherServlet.doService(DispatcherServlet.java:942)
	at org.springframework.web.servlet.FrameworkServlet.processRequest(FrameworkServlet.java:1005)
	at org.springframework.web.servlet.FrameworkServlet.doGet(FrameworkServlet.java:897)
	at javax.servlet.http.HttpServlet.service(HttpServlet.java:622)
	at org.springframework.web.servlet.FrameworkServlet.service(FrameworkServlet.java:882)
	at javax.servlet.http.HttpServlet.service(HttpServlet.java:729)
	at org.apache.catalina.core.ApplicationFilterChain.internalDoFilter(ApplicationFilterChain.java:292)
	at org.apache.catalina.core.ApplicationFilterChain.doFilter(ApplicationFilterChain.java:207)
	at org.apache.tomcat.websocket.server.WsFilter.doFilter(WsFilter.java:52)
	at org.apache.catalina.core.ApplicationFilterChain.internalDoFilter(ApplicationFilterChain.java:240)
	at org.apache.catalina.core.ApplicationFilterChain.doFilter(ApplicationFilterChain.java:207)
	at org.springframework.web.filter.CharacterEncodingFilter.doFilterInternal(CharacterEncodingFilter.java:200)
	at org.springframework.web.filter.OncePerRequestFilter.doFilter(OncePerRequestFilter.java:118)
	at org.apache.catalina.core.ApplicationFilterChain.internalDoFilter(ApplicationFilterChain.java:240)
	at org.apache.catalina.core.ApplicationFilterChain.doFilter(ApplicationFilterChain.java:207)
	at org.apache.catalina.core.StandardWrapperValve.invoke(StandardWrapperValve.java:212)
	at org.apache.catalina.core.StandardContextValve.invoke(StandardContextValve.java:94)
	at org.apache.catalina.core.StandardHostValve.invoke(StandardHostValve.java:141)
	at org.apache.catalina.valves.ErrorReportValve.invoke(ErrorReportValve.java:79)
	at org.apache.catalina.core.StandardEngineValve.invoke(StandardEngineValve.java:88)
	at org.apache.catalina.connector.CoyoteAdapter.service(CoyoteAdapter.java:502)
	at org.apache.coyote.http11.AbstractHttp11Processor.process(AbstractHttp11Processor.java:1132)
	at org.apache.coyote.AbstractProtocol$AbstractConnectionHandler.process(AbstractProtocol.java:684)
	at org.apache.tomcat.util.net.NioEndpoint$SocketProcessor.doRun(NioEndpoint.java:1539)
	at org.apache.tomcat.util.net.NioEndpoint$SocketProcessor.run(NioEndpoint.java:1495)
	at java.util.concurrent.ThreadPoolExecutor.runWorker(ThreadPoolExecutor.java:1142)
	at java.util.concurrent.ThreadPoolExecutor$Worker.run(ThreadPoolExecutor.java:617)
	at org.apache.tomcat.util.threads.TaskThread$WrappingRunnable.run(TaskThread.java:61)
	at java.lang.Thread.run(Thread.java:745)

10-Aug-2026 12:14:03.038 심각 [http-nio-8855-exec-7] org.apache.catalina.core.StandardWrapperValve.invoke Servlet.service() for servlet [appServlet] in context with path [] threw exception [Request processing failed; nested exception is org.mybatis.spring.MyBatisSystemException: nested exception is org.apache.ibatis.exceptions.PersistenceException: 
### Error querying database.  Cause: org.springframework.jdbc.CannotGetJdbcConnectionException: Failed to obtain JDBC Connection; nested exception is org.apache.commons.dbcp.SQLNestedException: Cannot create PoolableConnectionFactory (호스트 61.32.101.234, 포트 1433에 대한 TCP/IP 연결에 실패했습니다. 오류: "connect timed out. 연결 속성을 확인하십시오. SQL Server의 인스턴스가 호스트에서 실행되고 있고 포트에서 TCP/IP 연결을 허용하고 있는지 확인하십시오. 또한 방화벽에서 포트로의 TCP 연결을 차단하지 않는지 확인하십시오.".)
### The error may exist in com/daejist/login/mapper/LoginMapper.xml
### The error may involve com.daejist.login.mapper.LoginMapper.checkUserWithSessionKey
### The error occurred while executing a query
### Cause: org.springframework.jdbc.CannotGetJdbcConnectionException: Failed to obtain JDBC Connection; nested exception is org.apache.commons.dbcp.SQLNestedException: Cannot create PoolableConnectionFactory (호스트 61.32.101.234, 포트 1433에 대한 TCP/IP 연결에 실패했습니다. 오류: "connect timed out. 연결 속성을 확인하십시오. SQL Server의 인스턴스가 호스트에서 실행되고 있고 포트에서 TCP/IP 연결을 허용하고 있는지 확인하십시오. 또한 방화벽에서 포트로의 TCP 연결을 차단하지 않는지 확인하십시오.".)] with root cause
 com.microsoft.sqlserver.jdbc.SQLServerException: 호스트 61.32.101.234, 포트 1433에 대한 TCP/IP 연결에 실패했습니다. 오류: "connect timed out. 연결 속성을 확인하십시오. SQL Server의 인스턴스가 호스트에서 실행되고 있고 포트에서 TCP/IP 연결을 허용하고 있는지 확인하십시오. 또한 방화벽에서 포트로의 TCP 연결을 차단하지 않는지 확인하십시오.".
	at com.microsoft.sqlserver.jdbc.SQLServerException.makeFromDriverError(SQLServerException.java:234)
	at com.microsoft.sqlserver.jdbc.SQLServerException.ConvertConnectExceptionToSQLServerException(SQLServerException.java:285)
	at com.microsoft.sqlserver.jdbc.SocketFinder.findSocket(IOBuffer.java:2462)
	at com.microsoft.sqlserver.jdbc.TDSChannel.open(IOBuffer.java:668)
	at com.microsoft.sqlserver.jdbc.SQLServerConnection.connectHelper(SQLServerConnection.java:2695)
	at com.microsoft.sqlserver.jdbc.SQLServerConnection.login(SQLServerConnection.java:2362)
	at com.microsoft.sqlserver.jdbc.SQLServerConnection.connectInternal(SQLServerConnection.java:2213)
	at com.microsoft.sqlserver.jdbc.SQLServerConnection.connect(SQLServerConnection.java:1276)
	at com.microsoft.sqlserver.jdbc.SQLServerDriver.connect(SQLServerDriver.java:861)
	at org.apache.commons.dbcp.DriverConnectionFactory.createConnection(DriverConnectionFactory.java:38)
	at org.apache.commons.dbcp.PoolableConnectionFactory.makeObject(PoolableConnectionFactory.java:582)
	at org.apache.commons.dbcp.BasicDataSource.validateConnectionFactory(BasicDataSource.java:1556)
	at org.apache.commons.dbcp.BasicDataSource.createPoolableConnectionFactory(BasicDataSource.java:1545)
	at org.apache.commons.dbcp.BasicDataSource.createDataSource(BasicDataSource.java:1388)
	at org.apache.commons.dbcp.BasicDataSource.getConnection(BasicDataSource.java:1044)
	at org.springframework.jdbc.datasource.DataSourceUtils.fetchConnection(DataSourceUtils.java:157)
	at org.springframework.jdbc.datasource.DataSourceUtils.doGetConnection(DataSourceUtils.java:115)
	at org.springframework.jdbc.datasource.DataSourceUtils.getConnection(DataSourceUtils.java:78)
	at org.mybatis.spring.transaction.SpringManagedTransaction.openConnection(SpringManagedTransaction.java:80)
	at org.mybatis.spring.transaction.SpringManagedTransaction.getConnection(SpringManagedTransaction.java:67)
	at org.apache.ibatis.executor.BaseExecutor.getConnection(BaseExecutor.java:336)
	at org.apache.ibatis.executor.SimpleExecutor.prepareStatement(SimpleExecutor.java:85)
	at org.apache.ibatis.executor.SimpleExecutor.doQuery(SimpleExecutor.java:62)
	at org.apache.ibatis.executor.BaseExecutor.queryFromDatabase(BaseExecutor.java:324)
	at org.apache.ibatis.executor.BaseExecutor.query(BaseExecutor.java:156)
	at org.apache.ibatis.executor.CachingExecutor.query(CachingExecutor.java:109)
	at org.apache.ibatis.executor.CachingExecutor.query(CachingExecutor.java:83)
	at org.apache.ibatis.session.defaults.DefaultSqlSession.selectList(DefaultSqlSession.java:147)
	at org.apache.ibatis.session.defaults.DefaultSqlSession.selectList(DefaultSqlSession.java:140)
	at org.apache.ibatis.session.defaults.DefaultSqlSession.selectOne(DefaultSqlSession.java:76)
	at sun.reflect.NativeMethodAccessorImpl.invoke0(Native Method)
	at sun.reflect.NativeMethodAccessorImpl.invoke(NativeMethodAccessorImpl.java:62)
	at sun.reflect.DelegatingMethodAccessorImpl.invoke(DelegatingMethodAccessorImpl.java:43)
	at java.lang.reflect.Method.invoke(Method.java:498)
	at org.mybatis.spring.SqlSessionTemplate$SqlSessionInterceptor.invoke(SqlSessionTemplate.java:426)
	at com.sun.proxy.$Proxy59.selectOne(Unknown Source)
	at org.mybatis.spring.SqlSessionTemplate.selectOne(SqlSessionTemplate.java:159)
	at org.apache.ibatis.binding.MapperMethod.execute(MapperMethod.java:87)
	at org.apache.ibatis.binding.MapperProxy.invoke(MapperProxy.java:57)
	at com.sun.proxy.$Proxy61.checkUserWithSessionKey(Unknown Source)
	at com.daejist.login.service.LoginServiceImp.checkUserWithSessionKey(LoginServiceImp.java:84)
	at com.daejist.login.controller.LoginController.login(LoginController.java:75)
	at sun.reflect.NativeMethodAccessorImpl.invoke0(Native Method)
	at sun.reflect.NativeMethodAccessorImpl.invoke(NativeMethodAccessorImpl.java:62)
	at sun.reflect.DelegatingMethodAccessorImpl.invoke(DelegatingMethodAccessorImpl.java:43)
	at java.lang.reflect.Method.invoke(Method.java:498)
	at org.springframework.web.method.support.InvocableHandlerMethod.doInvoke(InvocableHandlerMethod.java:190)
	at org.springframework.web.method.support.InvocableHandlerMethod.invokeForRequest(InvocableHandlerMethod.java:138)
	at org.springframework.web.servlet.mvc.method.annotation.ServletInvocableHandlerMethod.invokeAndHandle(ServletInvocableHandlerMethod.java:104)
	at org.springframework.web.servlet.mvc.method.annotation.RequestMappingHandlerAdapter.invokeHandlerMethod(RequestMappingHandlerAdapter.java:892)
	at org.springframework.web.servlet.mvc.method.annotation.RequestMappingHandlerAdapter.handleInternal(RequestMappingHandlerAdapter.java:797)
	at org.springframework.web.servlet.mvc.method.AbstractHandlerMethodAdapter.handle(AbstractHandlerMethodAdapter.java:87)
	at org.springframework.web.servlet.DispatcherServlet.doDispatch(DispatcherServlet.java:1039)
	at org.springframework.web.servlet.DispatcherServlet.doService(DispatcherServlet.java:942)
	at org.springframework.web.servlet.FrameworkServlet.processRequest(FrameworkServlet.java:1005)
	at org.springframework.web.servlet.FrameworkServlet.doGet(FrameworkServlet.java:897)
	at javax.servlet.http.HttpServlet.service(HttpServlet.java:622)
	at org.springframework.web.servlet.FrameworkServlet.service(FrameworkServlet.java:882)
	at javax.servlet.http.HttpServlet.service(HttpServlet.java:729)
	at org.apache.catalina.core.ApplicationFilterChain.internalDoFilter(ApplicationFilterChain.java:292)
	at org.apache.catalina.core.ApplicationFilterChain.doFilter(ApplicationFilterChain.java:207)
	at org.apache.tomcat.websocket.server.WsFilter.doFilter(WsFilter.java:52)
	at org.apache.catalina.core.ApplicationFilterChain.internalDoFilter(ApplicationFilterChain.java:240)
	at org.apache.catalina.core.ApplicationFilterChain.doFilter(ApplicationFilterChain.java:207)
	at org.springframework.web.filter.CharacterEncodingFilter.doFilterInternal(CharacterEncodingFilter.java:200)
	at org.springframework.web.filter.OncePerRequestFilter.doFilter(OncePerRequestFilter.java:118)
	at org.apache.catalina.core.ApplicationFilterChain.internalDoFilter(ApplicationFilterChain.java:240)
	at org.apache.catalina.core.ApplicationFilterChain.doFilter(ApplicationFilterChain.java:207)
	at org.apache.catalina.core.StandardWrapperValve.invoke(StandardWrapperValve.java:212)
	at org.apache.catalina.core.StandardContextValve.invoke(StandardContextValve.java:94)
	at org.apache.catalina.core.StandardHostValve.invoke(StandardHostValve.java:141)
	at org.apache.catalina.valves.ErrorReportValve.invoke(ErrorReportValve.java:79)
	at org.apache.catalina.core.StandardEngineValve.invoke(StandardEngineValve.java:88)
	at org.apache.catalina.connector.CoyoteAdapter.service(CoyoteAdapter.java:502)
	at org.apache.coyote.http11.AbstractHttp11Processor.process(AbstractHttp11Processor.java:1132)
	at org.apache.coyote.AbstractProtocol$AbstractConnectionHandler.process(AbstractProtocol.java:684)
	at org.apache.tomcat.util.net.NioEndpoint$SocketProcessor.doRun(NioEndpoint.java:1539)
	at org.apache.tomcat.util.net.NioEndpoint$SocketProcessor.run(NioEndpoint.java:1495)
	at java.util.concurrent.ThreadPoolExecutor.runWorker(ThreadPoolExecutor.java:1142)
	at java.util.concurrent.ThreadPoolExecutor$Worker.run(ThreadPoolExecutor.java:617)
	at org.apache.tomcat.util.threads.TaskThread$WrappingRunnable.run(TaskThread.java:61)
	at java.lang.Thread.run(Thread.java:745)

10-Aug-2026 12:14:18.043 심각 [http-nio-8855-exec-3] org.apache.catalina.core.StandardWrapperValve.invoke Servlet.service() for servlet [appServlet] in context with path [] threw exception [Request processing failed; nested exception is org.mybatis.spring.MyBatisSystemException: nested exception is org.apache.ibatis.exceptions.PersistenceException: 
### Error querying database.  Cause: org.springframework.jdbc.CannotGetJdbcConnectionException: Failed to obtain JDBC Connection; nested exception is org.apache.commons.dbcp.SQLNestedException: Cannot create PoolableConnectionFactory (호스트 61.32.101.234, 포트 1433에 대한 TCP/IP 연결에 실패했습니다. 오류: "connect timed out. 연결 속성을 확인하십시오. SQL Server의 인스턴스가 호스트에서 실행되고 있고 포트에서 TCP/IP 연결을 허용하고 있는지 확인하십시오. 또한 방화벽에서 포트로의 TCP 연결을 차단하지 않는지 확인하십시오.".)
### The error may exist in com/daejist/login/mapper/LoginMapper.xml
### The error may involve com.daejist.login.mapper.LoginMapper.checkUserWithSessionKey
### The error occurred while executing a query
### Cause: org.springframework.jdbc.CannotGetJdbcConnectionException: Failed to obtain JDBC Connection; nested exception is org.apache.commons.dbcp.SQLNestedException: Cannot create PoolableConnectionFactory (호스트 61.32.101.234, 포트 1433에 대한 TCP/IP 연결에 실패했습니다. 오류: "connect timed out. 연결 속성을 확인하십시오. SQL Server의 인스턴스가 호스트에서 실행되고 있고 포트에서 TCP/IP 연결을 허용하고 있는지 확인하십시오. 또한 방화벽에서 포트로의 TCP 연결을 차단하지 않는지 확인하십시오.".)] with root cause
 com.microsoft.sqlserver.jdbc.SQLServerException: 호스트 61.32.101.234, 포트 1433에 대한 TCP/IP 연결에 실패했습니다. 오류: "connect timed out. 연결 속성을 확인하십시오. SQL Server의 인스턴스가 호스트에서 실행되고 있고 포트에서 TCP/IP 연결을 허용하고 있는지 확인하십시오. 또한 방화벽에서 포트로의 TCP 연결을 차단하지 않는지 확인하십시오.".
	at com.microsoft.sqlserver.jdbc.SQLServerException.makeFromDriverError(SQLServerException.java:234)
	at com.microsoft.sqlserver.jdbc.SQLServerException.ConvertConnectExceptionToSQLServerException(SQLServerException.java:285)
	at com.microsoft.sqlserver.jdbc.SocketFinder.findSocket(IOBuffer.java:2462)
	at com.microsoft.sqlserver.jdbc.TDSChannel.open(IOBuffer.java:668)
	at com.microsoft.sqlserver.jdbc.SQLServerConnection.connectHelper(SQLServerConnection.java:2695)
	at com.microsoft.sqlserver.jdbc.SQLServerConnection.login(SQLServerConnection.java:2362)
	at com.microsoft.sqlserver.jdbc.SQLServerConnection.connectInternal(SQLServerConnection.java:2213)
	at com.microsoft.sqlserver.jdbc.SQLServerConnection.connect(SQLServerConnection.java:1276)
	at com.microsoft.sqlserver.jdbc.SQLServerDriver.connect(SQLServerDriver.java:861)
	at org.apache.commons.dbcp.DriverConnectionFactory.createConnection(DriverConnectionFactory.java:38)
	at org.apache.commons.dbcp.PoolableConnectionFactory.makeObject(PoolableConnectionFactory.java:582)
	at org.apache.commons.dbcp.BasicDataSource.validateConnectionFactory(BasicDataSource.java:1556)
	at org.apache.commons.dbcp.BasicDataSource.createPoolableConnectionFactory(BasicDataSource.java:1545)
	at org.apache.commons.dbcp.BasicDataSource.createDataSource(BasicDataSource.java:1388)
	at org.apache.commons.dbcp.BasicDataSource.getConnection(BasicDataSource.java:1044)
	at org.springframework.jdbc.datasource.DataSourceUtils.fetchConnection(DataSourceUtils.java:157)
	at org.springframework.jdbc.datasource.DataSourceUtils.doGetConnection(DataSourceUtils.java:115)
	at org.springframework.jdbc.datasource.DataSourceUtils.getConnection(DataSourceUtils.java:78)
	at org.mybatis.spring.transaction.SpringManagedTransaction.openConnection(SpringManagedTransaction.java:80)
	at org.mybatis.spring.transaction.SpringManagedTransaction.getConnection(SpringManagedTransaction.java:67)
	at org.apache.ibatis.executor.BaseExecutor.getConnection(BaseExecutor.java:336)
	at org.apache.ibatis.executor.SimpleExecutor.prepareStatement(SimpleExecutor.java:85)
	at org.apache.ibatis.executor.SimpleExecutor.doQuery(SimpleExecutor.java:62)
	at org.apache.ibatis.executor.BaseExecutor.queryFromDatabase(BaseExecutor.java:324)
	at org.apache.ibatis.executor.BaseExecutor.query(BaseExecutor.java:156)
	at org.apache.ibatis.executor.CachingExecutor.query(CachingExecutor.java:109)
	at org.apache.ibatis.executor.CachingExecutor.query(CachingExecutor.java:83)
	at org.apache.ibatis.session.defaults.DefaultSqlSession.selectList(DefaultSqlSession.java:147)
	at org.apache.ibatis.session.defaults.DefaultSqlSession.selectList(DefaultSqlSession.java:140)
	at org.apache.ibatis.session.defaults.DefaultSqlSession.selectOne(DefaultSqlSession.java:76)
	at sun.reflect.NativeMethodAccessorImpl.invoke0(Native Method)
	at sun.reflect.NativeMethodAccessorImpl.invoke(NativeMethodAccessorImpl.java:62)
	at sun.reflect.DelegatingMethodAccessorImpl.invoke(DelegatingMethodAccessorImpl.java:43)
	at java.lang.reflect.Method.invoke(Method.java:498)
	at org.mybatis.spring.SqlSessionTemplate$SqlSessionInterceptor.invoke(SqlSessionTemplate.java:426)
	at com.sun.proxy.$Proxy59.selectOne(Unknown Source)
	at org.mybatis.spring.SqlSessionTemplate.selectOne(SqlSessionTemplate.java:159)
	at org.apache.ibatis.binding.MapperMethod.execute(MapperMethod.java:87)
	at org.apache.ibatis.binding.MapperProxy.invoke(MapperProxy.java:57)
	at com.sun.proxy.$Proxy61.checkUserWithSessionKey(Unknown Source)
	at com.daejist.login.service.LoginServiceImp.checkUserWithSessionKey(LoginServiceImp.java:84)
	at com.daejist.login.controller.LoginController.login(LoginController.java:75)
	at sun.reflect.NativeMethodAccessorImpl.invoke0(Native Method)
	at sun.reflect.NativeMethodAccessorImpl.invoke(NativeMethodAccessorImpl.java:62)
	at sun.reflect.DelegatingMethodAccessorImpl.invoke(DelegatingMethodAccessorImpl.java:43)
	at java.lang.reflect.Method.invoke(Method.java:498)
	at org.springframework.web.method.support.InvocableHandlerMethod.doInvoke(InvocableHandlerMethod.java:190)
	at org.springframework.web.method.support.InvocableHandlerMethod.invokeForRequest(InvocableHandlerMethod.java:138)
	at org.springframework.web.servlet.mvc.method.annotation.ServletInvocableHandlerMethod.invokeAndHandle(ServletInvocableHandlerMethod.java:104)
	at org.springframework.web.servlet.mvc.method.annotation.RequestMappingHandlerAdapter.invokeHandlerMethod(RequestMappingHandlerAdapter.java:892)
	at org.springframework.web.servlet.mvc.method.annotation.RequestMappingHandlerAdapter.handleInternal(RequestMappingHandlerAdapter.java:797)
	at org.springframework.web.servlet.mvc.method.AbstractHandlerMethodAdapter.handle(AbstractHandlerMethodAdapter.java:87)
	at org.springframework.web.servlet.DispatcherServlet.doDispatch(DispatcherServlet.java:1039)
	at org.springframework.web.servlet.DispatcherServlet.doService(DispatcherServlet.java:942)
	at org.springframework.web.servlet.FrameworkServlet.processRequest(FrameworkServlet.java:1005)
	at org.springframework.web.servlet.FrameworkServlet.doGet(FrameworkServlet.java:897)
	at javax.servlet.http.HttpServlet.service(HttpServlet.java:622)
	at org.springframework.web.servlet.FrameworkServlet.service(FrameworkServlet.java:882)
	at javax.servlet.http.HttpServlet.service(HttpServlet.java:729)
	at org.apache.catalina.core.ApplicationFilterChain.internalDoFilter(ApplicationFilterChain.java:292)
	at org.apache.catalina.core.ApplicationFilterChain.doFilter(ApplicationFilterChain.java:207)
	at org.apache.tomcat.websocket.server.WsFilter.doFilter(WsFilter.java:52)
	at org.apache.catalina.core.ApplicationFilterChain.internalDoFilter(ApplicationFilterChain.java:240)
	at org.apache.catalina.core.ApplicationFilterChain.doFilter(ApplicationFilterChain.java:207)
	at org.springframework.web.filter.CharacterEncodingFilter.doFilterInternal(CharacterEncodingFilter.java:200)
	at org.springframework.web.filter.OncePerRequestFilter.doFilter(OncePerRequestFilter.java:118)
	at org.apache.catalina.core.ApplicationFilterChain.internalDoFilter(ApplicationFilterChain.java:240)
	at org.apache.catalina.core.ApplicationFilterChain.doFilter(ApplicationFilterChain.java:207)
	at org.apache.catalina.core.StandardWrapperValve.invoke(StandardWrapperValve.java:212)
	at org.apache.catalina.core.StandardContextValve.invoke(StandardContextValve.java:94)
	at org.apache.catalina.core.StandardHostValve.invoke(StandardHostValve.java:141)
	at org.apache.catalina.valves.ErrorReportValve.invoke(ErrorReportValve.java:79)
	at org.apache.catalina.core.StandardEngineValve.invoke(StandardEngineValve.java:88)
	at org.apache.catalina.connector.CoyoteAdapter.service(CoyoteAdapter.java:502)
	at org.apache.coyote.http11.AbstractHttp11Processor.process(AbstractHttp11Processor.java:1132)
	at org.apache.coyote.AbstractProtocol$AbstractConnectionHandler.process(AbstractProtocol.java:684)
	at org.apache.tomcat.util.net.NioEndpoint$SocketProcessor.doRun(NioEndpoint.java:1539)
	at org.apache.tomcat.util.net.NioEndpoint$SocketProcessor.run(NioEndpoint.java:1495)
	at java.util.concurrent.ThreadPoolExecutor.runWorker(ThreadPoolExecutor.java:1142)
	at java.util.concurrent.ThreadPoolExecutor$Worker.run(ThreadPoolExecutor.java:617)
	at org.apache.tomcat.util.threads.TaskThread$WrappingRunnable.run(TaskThread.java:61)
	at java.lang.Thread.run(Thread.java:745)

10-Aug-2026 12:14:33.048 심각 [http-nio-8855-exec-9] org.apache.catalina.core.StandardWrapperValve.invoke Servlet.service() for servlet [appServlet] in context with path [] threw exception [Request processing failed; nested exception is org.mybatis.spring.MyBatisSystemException: nested exception is org.apache.ibatis.exceptions.PersistenceException: 
### Error querying database.  Cause: org.springframework.jdbc.CannotGetJdbcConnectionException: Failed to obtain JDBC Connection; nested exception is org.apache.commons.dbcp.SQLNestedException: Cannot create PoolableConnectionFactory (호스트 61.32.101.234, 포트 1433에 대한 TCP/IP 연결에 실패했습니다. 오류: "connect timed out. 연결 속성을 확인하십시오. SQL Server의 인스턴스가 호스트에서 실행되고 있고 포트에서 TCP/IP 연결을 허용하고 있는지 확인하십시오. 또한 방화벽에서 포트로의 TCP 연결을 차단하지 않는지 확인하십시오.".)
### The error may exist in com/daejist/login/mapper/LoginMapper.xml
### The error may involve com.daejist.login.mapper.LoginMapper.checkUserWithSessionKey
### The error occurred while executing a query
### Cause: org.springframework.jdbc.CannotGetJdbcConnectionException: Failed to obtain JDBC Connection; nested exception is org.apache.commons.dbcp.SQLNestedException: Cannot create PoolableConnectionFactory (호스트 61.32.101.234, 포트 1433에 대한 TCP/IP 연결에 실패했습니다. 오류: "connect timed out. 연결 속성을 확인하십시오. SQL Server의 인스턴스가 호스트에서 실행되고 있고 포트에서 TCP/IP 연결을 허용하고 있는지 확인하십시오. 또한 방화벽에서 포트로의 TCP 연결을 차단하지 않는지 확인하십시오.".)] with root cause
 com.microsoft.sqlserver.jdbc.SQLServerException: 호스트 61.32.101.234, 포트 1433에 대한 TCP/IP 연결에 실패했습니다. 오류: "connect timed out. 연결 속성을 확인하십시오. SQL Server의 인스턴스가 호스트에서 실행되고 있고 포트에서 TCP/IP 연결을 허용하고 있는지 확인하십시오. 또한 방화벽에서 포트로의 TCP 연결을 차단하지 않는지 확인하십시오.".
	at com.microsoft.sqlserver.jdbc.SQLServerException.makeFromDriverError(SQLServerException.java:234)
	at com.microsoft.sqlserver.jdbc.SQLServerException.ConvertConnectExceptionToSQLServerException(SQLServerException.java:285)
	at com.microsoft.sqlserver.jdbc.SocketFinder.findSocket(IOBuffer.java:2462)
	at com.microsoft.sqlserver.jdbc.TDSChannel.open(IOBuffer.java:668)
	at com.microsoft.sqlserver.jdbc.SQLServerConnection.connectHelper(SQLServerConnection.java:2695)
	at com.microsoft.sqlserver.jdbc.SQLServerConnection.login(SQLServerConnection.java:2362)
	at com.microsoft.sqlserver.jdbc.SQLServerConnection.connectInternal(SQLServerConnection.java:2213)
	at com.microsoft.sqlserver.jdbc.SQLServerConnection.connect(SQLServerConnection.java:1276)
	at com.microsoft.sqlserver.jdbc.SQLServerDriver.connect(SQLServerDriver.java:861)
	at org.apache.commons.dbcp.DriverConnectionFactory.createConnection(DriverConnectionFactory.java:38)
	at org.apache.commons.dbcp.PoolableConnectionFactory.makeObject(PoolableConnectionFactory.java:582)
	at org.apache.commons.dbcp.BasicDataSource.validateConnectionFactory(BasicDataSource.java:1556)
	at org.apache.commons.dbcp.BasicDataSource.createPoolableConnectionFactory(BasicDataSource.java:1545)
	at org.apache.commons.dbcp.BasicDataSource.createDataSource(BasicDataSource.java:1388)
	at org.apache.commons.dbcp.BasicDataSource.getConnection(BasicDataSource.java:1044)
	at org.springframework.jdbc.datasource.DataSourceUtils.fetchConnection(DataSourceUtils.java:157)
	at org.springframework.jdbc.datasource.DataSourceUtils.doGetConnection(DataSourceUtils.java:115)
	at org.springframework.jdbc.datasource.DataSourceUtils.getConnection(DataSourceUtils.java:78)
	at org.mybatis.spring.transaction.SpringManagedTransaction.openConnection(SpringManagedTransaction.java:80)
	at org.mybatis.spring.transaction.SpringManagedTransaction.getConnection(SpringManagedTransaction.java:67)
	at org.apache.ibatis.executor.BaseExecutor.getConnection(BaseExecutor.java:336)
	at org.apache.ibatis.executor.SimpleExecutor.prepareStatement(SimpleExecutor.java:85)
	at org.apache.ibatis.executor.SimpleExecutor.doQuery(SimpleExecutor.java:62)
	at org.apache.ibatis.executor.BaseExecutor.queryFromDatabase(BaseExecutor.java:324)
	at org.apache.ibatis.executor.BaseExecutor.query(BaseExecutor.java:156)
	at org.apache.ibatis.executor.CachingExecutor.query(CachingExecutor.java:109)
	at org.apache.ibatis.executor.CachingExecutor.query(CachingExecutor.java:83)
	at org.apache.ibatis.session.defaults.DefaultSqlSession.selectList(DefaultSqlSession.java:147)
	at org.apache.ibatis.session.defaults.DefaultSqlSession.selectList(DefaultSqlSession.java:140)
	at org.apache.ibatis.session.defaults.DefaultSqlSession.selectOne(DefaultSqlSession.java:76)
	at sun.reflect.NativeMethodAccessorImpl.invoke0(Native Method)
	at sun.reflect.NativeMethodAccessorImpl.invoke(NativeMethodAccessorImpl.java:62)
	at sun.reflect.DelegatingMethodAccessorImpl.invoke(DelegatingMethodAccessorImpl.java:43)
	at java.lang.reflect.Method.invoke(Method.java:498)
	at org.mybatis.spring.SqlSessionTemplate$SqlSessionInterceptor.invoke(SqlSessionTemplate.java:426)
	at com.sun.proxy.$Proxy59.selectOne(Unknown Source)
	at org.mybatis.spring.SqlSessionTemplate.selectOne(SqlSessionTemplate.java:159)
	at org.apache.ibatis.binding.MapperMethod.execute(MapperMethod.java:87)
	at org.apache.ibatis.binding.MapperProxy.invoke(MapperProxy.java:57)
	at com.sun.proxy.$Proxy61.checkUserWithSessionKey(Unknown Source)
	at com.daejist.login.service.LoginServiceImp.checkUserWithSessionKey(LoginServiceImp.java:84)
	at com.daejist.login.controller.LoginController.login(LoginController.java:75)
	at sun.reflect.NativeMethodAccessorImpl.invoke0(Native Method)
	at sun.reflect.NativeMethodAccessorImpl.invoke(NativeMethodAccessorImpl.java:62)
	at sun.reflect.DelegatingMethodAccessorImpl.invoke(DelegatingMethodAccessorImpl.java:43)
	at java.lang.reflect.Method.invoke(Method.java:498)
	at org.springframework.web.method.support.InvocableHandlerMethod.doInvoke(InvocableHandlerMethod.java:190)
	at org.springframework.web.method.support.InvocableHandlerMethod.invokeForRequest(InvocableHandlerMethod.java:138)
	at org.springframework.web.servlet.mvc.method.annotation.ServletInvocableHandlerMethod.invokeAndHandle(ServletInvocableHandlerMethod.java:104)
	at org.springframework.web.servlet.mvc.method.annotation.RequestMappingHandlerAdapter.invokeHandlerMethod(RequestMappingHandlerAdapter.java:892)
	at org.springframework.web.servlet.mvc.method.annotation.RequestMappingHandlerAdapter.handleInternal(RequestMappingHandlerAdapter.java:797)
	at org.springframework.web.servlet.mvc.method.AbstractHandlerMethodAdapter.handle(AbstractHandlerMethodAdapter.java:87)
	at org.springframework.web.servlet.DispatcherServlet.doDispatch(DispatcherServlet.java:1039)
	at org.springframework.web.servlet.DispatcherServlet.doService(DispatcherServlet.java:942)
	at org.springframework.web.servlet.FrameworkServlet.processRequest(FrameworkServlet.java:1005)
	at org.springframework.web.servlet.FrameworkServlet.doGet(FrameworkServlet.java:897)
	at javax.servlet.http.HttpServlet.service(HttpServlet.java:622)
	at org.springframework.web.servlet.FrameworkServlet.service(FrameworkServlet.java:882)
	at javax.servlet.http.HttpServlet.service(HttpServlet.java:729)
	at org.apache.catalina.core.ApplicationFilterChain.internalDoFilter(ApplicationFilterChain.java:292)
	at org.apache.catalina.core.ApplicationFilterChain.doFilter(ApplicationFilterChain.java:207)
	at org.apache.tomcat.websocket.server.WsFilter.doFilter(WsFilter.java:52)
	at org.apache.catalina.core.ApplicationFilterChain.internalDoFilter(ApplicationFilterChain.java:240)
	at org.apache.catalina.core.ApplicationFilterChain.doFilter(ApplicationFilterChain.java:207)
	at org.springframework.web.filter.CharacterEncodingFilter.doFilterInternal(CharacterEncodingFilter.java:200)
	at org.springframework.web.filter.OncePerRequestFilter.doFilter(OncePerRequestFilter.java:118)
	at org.apache.catalina.core.ApplicationFilterChain.internalDoFilter(ApplicationFilterChain.java:240)
	at org.apache.catalina.core.ApplicationFilterChain.doFilter(ApplicationFilterChain.java:207)
	at org.apache.catalina.core.StandardWrapperValve.invoke(StandardWrapperValve.java:212)
	at org.apache.catalina.core.StandardContextValve.invoke(StandardContextValve.java:94)
	at org.apache.catalina.core.StandardHostValve.invoke(StandardHostValve.java:141)
	at org.apache.catalina.valves.ErrorReportValve.invoke(ErrorReportValve.java:79)
	at org.apache.catalina.core.StandardEngineValve.invoke(StandardEngineValve.java:88)
	at org.apache.catalina.connector.CoyoteAdapter.service(CoyoteAdapter.java:502)
	at org.apache.coyote.http11.AbstractHttp11Processor.process(AbstractHttp11Processor.java:1132)
	at org.apache.coyote.AbstractProtocol$AbstractConnectionHandler.process(AbstractProtocol.java:684)
	at org.apache.tomcat.util.net.NioEndpoint$SocketProcessor.doRun(NioEndpoint.java:1539)
	at org.apache.tomcat.util.net.NioEndpoint$SocketProcessor.run(NioEndpoint.java:1495)
	at java.util.concurrent.ThreadPoolExecutor.runWorker(ThreadPoolExecutor.java:1142)
	at java.util.concurrent.ThreadPoolExecutor$Worker.run(ThreadPoolExecutor.java:617)
	at org.apache.tomcat.util.threads.TaskThread$WrappingRunnable.run(TaskThread.java:61)
	at java.lang.Thread.run(Thread.java:745)

10-Aug-2026 12:14:48.053 심각 [http-nio-8855-exec-8] org.apache.catalina.core.StandardWrapperValve.invoke Servlet.service() for servlet [appServlet] in context with path [] threw exception [Request processing failed; nested exception is org.mybatis.spring.MyBatisSystemException: nested exception is org.apache.ibatis.exceptions.PersistenceException: 
### Error querying database.  Cause: org.springframework.jdbc.CannotGetJdbcConnectionException: Failed to obtain JDBC Connection; nested exception is org.apache.commons.dbcp.SQLNestedException: Cannot create PoolableConnectionFactory (호스트 61.32.101.234, 포트 1433에 대한 TCP/IP 연결에 실패했습니다. 오류: "connect timed out. 연결 속성을 확인하십시오. SQL Server의 인스턴스가 호스트에서 실행되고 있고 포트에서 TCP/IP 연결을 허용하고 있는지 확인하십시오. 또한 방화벽에서 포트로의 TCP 연결을 차단하지 않는지 확인하십시오.".)
### The error may exist in com/daejist/login/mapper/LoginMapper.xml
### The error may involve com.daejist.login.mapper.LoginMapper.checkUserWithSessionKey
### The error occurred while executing a query
### Cause: org.springframework.jdbc.CannotGetJdbcConnectionException: Failed to obtain JDBC Connection; nested exception is org.apache.commons.dbcp.SQLNestedException: Cannot create PoolableConnectionFactory (호스트 61.32.101.234, 포트 1433에 대한 TCP/IP 연결에 실패했습니다. 오류: "connect timed out. 연결 속성을 확인하십시오. SQL Server의 인스턴스가 호스트에서 실행되고 있고 포트에서 TCP/IP 연결을 허용하고 있는지 확인하십시오. 또한 방화벽에서 포트로의 TCP 연결을 차단하지 않는지 확인하십시오.".)] with root cause
 com.microsoft.sqlserver.jdbc.SQLServerException: 호스트 61.32.101.234, 포트 1433에 대한 TCP/IP 연결에 실패했습니다. 오류: "connect timed out. 연결 속성을 확인하십시오. SQL Server의 인스턴스가 호스트에서 실행되고 있고 포트에서 TCP/IP 연결을 허용하고 있는지 확인하십시오. 또한 방화벽에서 포트로의 TCP 연결을 차단하지 않는지 확인하십시오.".
	at com.microsoft.sqlserver.jdbc.SQLServerException.makeFromDriverError(SQLServerException.java:234)
	at com.microsoft.sqlserver.jdbc.SQLServerException.ConvertConnectExceptionToSQLServerException(SQLServerException.java:285)
	at com.microsoft.sqlserver.jdbc.SocketFinder.findSocket(IOBuffer.java:2462)
	at com.microsoft.sqlserver.jdbc.TDSChannel.open(IOBuffer.java:668)
	at com.microsoft.sqlserver.jdbc.SQLServerConnection.connectHelper(SQLServerConnection.java:2695)
	at com.microsoft.sqlserver.jdbc.SQLServerConnection.login(SQLServerConnection.java:2362)
	at com.microsoft.sqlserver.jdbc.SQLServerConnection.connectInternal(SQLServerConnection.java:2213)
	at com.microsoft.sqlserver.jdbc.SQLServerConnection.connect(SQLServerConnection.java:1276)
	at com.microsoft.sqlserver.jdbc.SQLServerDriver.connect(SQLServerDriver.java:861)
	at org.apache.commons.dbcp.DriverConnectionFactory.createConnection(DriverConnectionFactory.java:38)
	at org.apache.commons.dbcp.PoolableConnectionFactory.makeObject(PoolableConnectionFactory.java:582)
	at org.apache.commons.dbcp.BasicDataSource.validateConnectionFactory(BasicDataSource.java:1556)
	at org.apache.commons.dbcp.BasicDataSource.createPoolableConnectionFactory(BasicDataSource.java:1545)
	at org.apache.commons.dbcp.BasicDataSource.createDataSource(BasicDataSource.java:1388)
	at org.apache.commons.dbcp.BasicDataSource.getConnection(BasicDataSource.java:1044)
	at org.springframework.jdbc.datasource.DataSourceUtils.fetchConnection(DataSourceUtils.java:157)
	at org.springframework.jdbc.datasource.DataSourceUtils.doGetConnection(DataSourceUtils.java:115)
	at org.springframework.jdbc.datasource.DataSourceUtils.getConnection(DataSourceUtils.java:78)
	at org.mybatis.spring.transaction.SpringManagedTransaction.openConnection(SpringManagedTransaction.java:80)
	at org.mybatis.spring.transaction.SpringManagedTransaction.getConnection(SpringManagedTransaction.java:67)
	at org.apache.ibatis.executor.BaseExecutor.getConnection(BaseExecutor.java:336)
	at org.apache.ibatis.executor.SimpleExecutor.prepareStatement(SimpleExecutor.java:85)
	at org.apache.ibatis.executor.SimpleExecutor.doQuery(SimpleExecutor.java:62)
	at org.apache.ibatis.executor.BaseExecutor.queryFromDatabase(BaseExecutor.java:324)
	at org.apache.ibatis.executor.BaseExecutor.query(BaseExecutor.java:156)
	at org.apache.ibatis.executor.CachingExecutor.query(CachingExecutor.java:109)
	at org.apache.ibatis.executor.CachingExecutor.query(CachingExecutor.java:83)
	at org.apache.ibatis.session.defaults.DefaultSqlSession.selectList(DefaultSqlSession.java:147)
	at org.apache.ibatis.session.defaults.DefaultSqlSession.selectList(DefaultSqlSession.java:140)
	at org.apache.ibatis.session.defaults.DefaultSqlSession.selectOne(DefaultSqlSession.java:76)
	at sun.reflect.NativeMethodAccessorImpl.invoke0(Native Method)
	at sun.reflect.NativeMethodAccessorImpl.invoke(NativeMethodAccessorImpl.java:62)
	at sun.reflect.DelegatingMethodAccessorImpl.invoke(DelegatingMethodAccessorImpl.java:43)
	at java.lang.reflect.Method.invoke(Method.java:498)
	at org.mybatis.spring.SqlSessionTemplate$SqlSessionInterceptor.invoke(SqlSessionTemplate.java:426)
	at com.sun.proxy.$Proxy59.selectOne(Unknown Source)
	at org.mybatis.spring.SqlSessionTemplate.selectOne(SqlSessionTemplate.java:159)
	at org.apache.ibatis.binding.MapperMethod.execute(MapperMethod.java:87)
	at org.apache.ibatis.binding.MapperProxy.invoke(MapperProxy.java:57)
	at com.sun.proxy.$Proxy61.checkUserWithSessionKey(Unknown Source)
	at com.daejist.login.service.LoginServiceImp.checkUserWithSessionKey(LoginServiceImp.java:84)
	at com.daejist.login.controller.LoginController.login(LoginController.java:75)
	at sun.reflect.NativeMethodAccessorImpl.invoke0(Native Method)
	at sun.reflect.NativeMethodAccessorImpl.invoke(NativeMethodAccessorImpl.java:62)
	at sun.reflect.DelegatingMethodAccessorImpl.invoke(DelegatingMethodAccessorImpl.java:43)
	at java.lang.reflect.Method.invoke(Method.java:498)
	at org.springframework.web.method.support.InvocableHandlerMethod.doInvoke(InvocableHandlerMethod.java:190)
	at org.springframework.web.method.support.InvocableHandlerMethod.invokeForRequest(InvocableHandlerMethod.java:138)
	at org.springframework.web.servlet.mvc.method.annotation.ServletInvocableHandlerMethod.invokeAndHandle(ServletInvocableHandlerMethod.java:104)
	at org.springframework.web.servlet.mvc.method.annotation.RequestMappingHandlerAdapter.invokeHandlerMethod(RequestMappingHandlerAdapter.java:892)
	at org.springframework.web.servlet.mvc.method.annotation.RequestMappingHandlerAdapter.handleInternal(RequestMappingHandlerAdapter.java:797)
	at org.springframework.web.servlet.mvc.method.AbstractHandlerMethodAdapter.handle(AbstractHandlerMethodAdapter.java:87)
	at org.springframework.web.servlet.DispatcherServlet.doDispatch(DispatcherServlet.java:1039)
	at org.springframework.web.servlet.DispatcherServlet.doService(DispatcherServlet.java:942)
	at org.springframework.web.servlet.FrameworkServlet.processRequest(FrameworkServlet.java:1005)
	at org.springframework.web.servlet.FrameworkServlet.doGet(FrameworkServlet.java:897)
	at javax.servlet.http.HttpServlet.service(HttpServlet.java:622)
	at org.springframework.web.servlet.FrameworkServlet.service(FrameworkServlet.java:882)
	at javax.servlet.http.HttpServlet.service(HttpServlet.java:729)
	at org.apache.catalina.core.ApplicationFilterChain.internalDoFilter(ApplicationFilterChain.java:292)
	at org.apache.catalina.core.ApplicationFilterChain.doFilter(ApplicationFilterChain.java:207)
	at org.apache.tomcat.websocket.server.WsFilter.doFilter(WsFilter.java:52)
	at org.apache.catalina.core.ApplicationFilterChain.internalDoFilter(ApplicationFilterChain.java:240)
	at org.apache.catalina.core.ApplicationFilterChain.doFilter(ApplicationFilterChain.java:207)
	at org.springframework.web.filter.CharacterEncodingFilter.doFilterInternal(CharacterEncodingFilter.java:200)
	at org.springframework.web.filter.OncePerRequestFilter.doFilter(OncePerRequestFilter.java:118)
	at org.apache.catalina.core.ApplicationFilterChain.internalDoFilter(ApplicationFilterChain.java:240)
	at org.apache.catalina.core.ApplicationFilterChain.doFilter(ApplicationFilterChain.java:207)
	at org.apache.catalina.core.StandardWrapperValve.invoke(StandardWrapperValve.java:212)
	at org.apache.catalina.core.StandardContextValve.invoke(StandardContextValve.java:94)
	at org.apache.catalina.core.StandardHostValve.invoke(StandardHostValve.java:141)
	at org.apache.catalina.valves.ErrorReportValve.invoke(ErrorReportValve.java:79)
	at org.apache.catalina.core.StandardEngineValve.invoke(StandardEngineValve.java:88)
	at org.apache.catalina.connector.CoyoteAdapter.service(CoyoteAdapter.java:502)
	at org.apache.coyote.http11.AbstractHttp11Processor.process(AbstractHttp11Processor.java:1132)
	at org.apache.coyote.AbstractProtocol$AbstractConnectionHandler.process(AbstractProtocol.java:684)
	at org.apache.tomcat.util.net.NioEndpoint$SocketProcessor.doRun(NioEndpoint.java:1539)
	at org.apache.tomcat.util.net.NioEndpoint$SocketProcessor.run(NioEndpoint.java:1495)
	at java.util.concurrent.ThreadPoolExecutor.runWorker(ThreadPoolExecutor.java:1142)
	at java.util.concurrent.ThreadPoolExecutor$Worker.run(ThreadPoolExecutor.java:617)
	at org.apache.tomcat.util.threads.TaskThread$WrappingRunnable.run(TaskThread.java:61)
	at java.lang.Thread.run(Thread.java:745)

10-Aug-2026 12:15:03.058 심각 [http-nio-8855-exec-3] org.apache.catalina.core.StandardWrapperValve.invoke Servlet.service() for servlet [appServlet] in context with path [] threw exception [Request processing failed; nested exception is org.mybatis.spring.MyBatisSystemException: nested exception is org.apache.ibatis.exceptions.PersistenceException: 
### Error querying database.  Cause: org.springframework.jdbc.CannotGetJdbcConnectionException: Failed to obtain JDBC Connection; nested exception is org.apache.commons.dbcp.SQLNestedException: Cannot create PoolableConnectionFactory (호스트 61.32.101.234, 포트 1433에 대한 TCP/IP 연결에 실패했습니다. 오류: "connect timed out. 연결 속성을 확인하십시오. SQL Server의 인스턴스가 호스트에서 실행되고 있고 포트에서 TCP/IP 연결을 허용하고 있는지 확인하십시오. 또한 방화벽에서 포트로의 TCP 연결을 차단하지 않는지 확인하십시오.".)
### The error may exist in com/daejist/login/mapper/LoginMapper.xml
### The error may involve com.daejist.login.mapper.LoginMapper.checkUserWithSessionKey
### The error occurred while executing a query
### Cause: org.springframework.jdbc.CannotGetJdbcConnectionException: Failed to obtain JDBC Connection; nested exception is org.apache.commons.dbcp.SQLNestedException: Cannot create PoolableConnectionFactory (호스트 61.32.101.234, 포트 1433에 대한 TCP/IP 연결에 실패했습니다. 오류: "connect timed out. 연결 속성을 확인하십시오. SQL Server의 인스턴스가 호스트에서 실행되고 있고 포트에서 TCP/IP 연결을 허용하고 있는지 확인하십시오. 또한 방화벽에서 포트로의 TCP 연결을 차단하지 않는지 확인하십시오.".)] with root cause
 com.microsoft.sqlserver.jdbc.SQLServerException: 호스트 61.32.101.234, 포트 1433에 대한 TCP/IP 연결에 실패했습니다. 오류: "connect timed out. 연결 속성을 확인하십시오. SQL Server의 인스턴스가 호스트에서 실행되고 있고 포트에서 TCP/IP 연결을 허용하고 있는지 확인하십시오. 또한 방화벽에서 포트로의 TCP 연결을 차단하지 않는지 확인하십시오.".
	at com.microsoft.sqlserver.jdbc.SQLServerException.makeFromDriverError(SQLServerException.java:234)
	at com.microsoft.sqlserver.jdbc.SQLServerException.ConvertConnectExceptionToSQLServerException(SQLServerException.java:285)
	at com.microsoft.sqlserver.jdbc.SocketFinder.findSocket(IOBuffer.java:2462)
	at com.microsoft.sqlserver.jdbc.TDSChannel.open(IOBuffer.java:668)
	at com.microsoft.sqlserver.jdbc.SQLServerConnection.connectHelper(SQLServerConnection.java:2695)
	at com.microsoft.sqlserver.jdbc.SQLServerConnection.login(SQLServerConnection.java:2362)
	at com.microsoft.sqlserver.jdbc.SQLServerConnection.connectInternal(SQLServerConnection.java:2213)
	at com.microsoft.sqlserver.jdbc.SQLServerConnection.connect(SQLServerConnection.java:1276)
	at com.microsoft.sqlserver.jdbc.SQLServerDriver.connect(SQLServerDriver.java:861)
	at org.apache.commons.dbcp.DriverConnectionFactory.createConnection(DriverConnectionFactory.java:38)
	at org.apache.commons.dbcp.PoolableConnectionFactory.makeObject(PoolableConnectionFactory.java:582)
	at org.apache.commons.dbcp.BasicDataSource.validateConnectionFactory(BasicDataSource.java:1556)
	at org.apache.commons.dbcp.BasicDataSource.createPoolableConnectionFactory(BasicDataSource.java:1545)
	at org.apache.commons.dbcp.BasicDataSource.createDataSource(BasicDataSource.java:1388)
	at org.apache.commons.dbcp.BasicDataSource.getConnection(BasicDataSource.java:1044)
	at org.springframework.jdbc.datasource.DataSourceUtils.fetchConnection(DataSourceUtils.java:157)
	at org.springframework.jdbc.datasource.DataSourceUtils.doGetConnection(DataSourceUtils.java:115)
	at org.springframework.jdbc.datasource.DataSourceUtils.getConnection(DataSourceUtils.java:78)
	at org.mybatis.spring.transaction.SpringManagedTransaction.openConnection(SpringManagedTransaction.java:80)
	at org.mybatis.spring.transaction.SpringManagedTransaction.getConnection(SpringManagedTransaction.java:67)
	at org.apache.ibatis.executor.BaseExecutor.getConnection(BaseExecutor.java:336)
	at org.apache.ibatis.executor.SimpleExecutor.prepareStatement(SimpleExecutor.java:85)
	at org.apache.ibatis.executor.SimpleExecutor.doQuery(SimpleExecutor.java:62)
	at org.apache.ibatis.executor.BaseExecutor.queryFromDatabase(BaseExecutor.java:324)
	at org.apache.ibatis.executor.BaseExecutor.query(BaseExecutor.java:156)
	at org.apache.ibatis.executor.CachingExecutor.query(CachingExecutor.java:109)
	at org.apache.ibatis.executor.CachingExecutor.query(CachingExecutor.java:83)
	at org.apache.ibatis.session.defaults.DefaultSqlSession.selectList(DefaultSqlSession.java:147)
	at org.apache.ibatis.session.defaults.DefaultSqlSession.selectList(DefaultSqlSession.java:140)
	at org.apache.ibatis.session.defaults.DefaultSqlSession.selectOne(DefaultSqlSession.java:76)
	at sun.reflect.GeneratedMethodAccessor77.invoke(Unknown Source)
	at sun.reflect.DelegatingMethodAccessorImpl.invoke(DelegatingMethodAccessorImpl.java:43)
	at java.lang.reflect.Method.invoke(Method.java:498)
	at org.mybatis.spring.SqlSessionTemplate$SqlSessionInterceptor.invoke(SqlSessionTemplate.java:426)
	at com.sun.proxy.$Proxy59.selectOne(Unknown Source)
	at org.mybatis.spring.SqlSessionTemplate.selectOne(SqlSessionTemplate.java:159)
	at org.apache.ibatis.binding.MapperMethod.execute(MapperMethod.java:87)
	at org.apache.ibatis.binding.MapperProxy.invoke(MapperProxy.java:57)
	at com.sun.proxy.$Proxy61.checkUserWithSessionKey(Unknown Source)
	at com.daejist.login.service.LoginServiceImp.checkUserWithSessionKey(LoginServiceImp.java:84)
	at com.daejist.login.controller.LoginController.login(LoginController.java:75)
	at sun.reflect.GeneratedMethodAccessor76.invoke(Unknown Source)
	at sun.reflect.DelegatingMethodAccessorImpl.invoke(DelegatingMethodAccessorImpl.java:43)
	at java.lang.reflect.Method.invoke(Method.java:498)
	at org.springframework.web.method.support.InvocableHandlerMethod.doInvoke(InvocableHandlerMethod.java:190)
	at org.springframework.web.method.support.InvocableHandlerMethod.invokeForRequest(InvocableHandlerMethod.java:138)
	at org.springframework.web.servlet.mvc.method.annotation.ServletInvocableHandlerMethod.invokeAndHandle(ServletInvocableHandlerMethod.java:104)
	at org.springframework.web.servlet.mvc.method.annotation.RequestMappingHandlerAdapter.invokeHandlerMethod(RequestMappingHandlerAdapter.java:892)
	at org.springframework.web.servlet.mvc.method.annotation.RequestMappingHandlerAdapter.handleInternal(RequestMappingHandlerAdapter.java:797)
	at org.springframework.web.servlet.mvc.method.AbstractHandlerMethodAdapter.handle(AbstractHandlerMethodAdapter.java:87)
	at org.springframework.web.servlet.DispatcherServlet.doDispatch(DispatcherServlet.java:1039)
	at org.springframework.web.servlet.DispatcherServlet.doService(DispatcherServlet.java:942)
	at org.springframework.web.servlet.FrameworkServlet.processRequest(FrameworkServlet.java:1005)
	at org.springframework.web.servlet.FrameworkServlet.doGet(FrameworkServlet.java:897)
	at javax.servlet.http.HttpServlet.service(HttpServlet.java:622)
	at org.springframework.web.servlet.FrameworkServlet.service(FrameworkServlet.java:882)
	at javax.servlet.http.HttpServlet.service(HttpServlet.java:729)
	at org.apache.catalina.core.ApplicationFilterChain.internalDoFilter(ApplicationFilterChain.java:292)
	at org.apache.catalina.core.ApplicationFilterChain.doFilter(ApplicationFilterChain.java:207)
	at org.apache.tomcat.websocket.server.WsFilter.doFilter(WsFilter.java:52)
	at org.apache.catalina.core.ApplicationFilterChain.internalDoFilter(ApplicationFilterChain.java:240)
	at org.apache.catalina.core.ApplicationFilterChain.doFilter(ApplicationFilterChain.java:207)
	at org.springframework.web.filter.CharacterEncodingFilter.doFilterInternal(CharacterEncodingFilter.java:200)
	at org.springframework.web.filter.OncePerRequestFilter.doFilter(OncePerRequestFilter.java:118)
	at org.apache.catalina.core.ApplicationFilterChain.internalDoFilter(ApplicationFilterChain.java:240)
	at org.apache.catalina.core.ApplicationFilterChain.doFilter(ApplicationFilterChain.java:207)
	at org.apache.catalina.core.StandardWrapperValve.invoke(StandardWrapperValve.java:212)
	at org.apache.catalina.core.StandardContextValve.invoke(StandardContextValve.java:94)
	at org.apache.catalina.core.StandardHostValve.invoke(StandardHostValve.java:141)
	at org.apache.catalina.valves.ErrorReportValve.invoke(ErrorReportValve.java:79)
	at org.apache.catalina.core.StandardEngineValve.invoke(StandardEngineValve.java:88)
	at org.apache.catalina.connector.CoyoteAdapter.service(CoyoteAdapter.java:502)
	at org.apache.coyote.http11.AbstractHttp11Processor.process(AbstractHttp11Processor.java:1132)
	at org.apache.coyote.AbstractProtocol$AbstractConnectionHandler.process(AbstractProtocol.java:684)
	at org.apache.tomcat.util.net.NioEndpoint$SocketProcessor.doRun(NioEndpoint.java:1539)
	at org.apache.tomcat.util.net.NioEndpoint$SocketProcessor.run(NioEndpoint.java:1495)
	at java.util.concurrent.ThreadPoolExecutor.runWorker(ThreadPoolExecutor.java:1142)
	at java.util.concurrent.ThreadPoolExecutor$Worker.run(ThreadPoolExecutor.java:617)
	at org.apache.tomcat.util.threads.TaskThread$WrappingRunnable.run(TaskThread.java:61)
	at java.lang.Thread.run(Thread.java:745)

10-Aug-2026 12:15:18.063 심각 [http-nio-8855-exec-28] org.apache.catalina.core.StandardWrapperValve.invoke Servlet.service() for servlet [appServlet] in context with path [] threw exception [Request processing failed; nested exception is org.mybatis.spring.MyBatisSystemException: nested exception is org.apache.ibatis.exceptions.PersistenceException: 
### Error querying database.  Cause: org.springframework.jdbc.CannotGetJdbcConnectionException: Failed to obtain JDBC Connection; nested exception is org.apache.commons.dbcp.SQLNestedException: Cannot create PoolableConnectionFactory (호스트 61.32.101.234, 포트 1433에 대한 TCP/IP 연결에 실패했습니다. 오류: "connect timed out. 연결 속성을 확인하십시오. SQL Server의 인스턴스가 호스트에서 실행되고 있고 포트에서 TCP/IP 연결을 허용하고 있는지 확인하십시오. 또한 방화벽에서 포트로의 TCP 연결을 차단하지 않는지 확인하십시오.".)
### The error may exist in com/daejist/login/mapper/LoginMapper.xml
### The error may involve com.daejist.login.mapper.LoginMapper.checkUserWithSessionKey
### The error occurred while executing a query
### Cause: org.springframework.jdbc.CannotGetJdbcConnectionException: Failed to obtain JDBC Connection; nested exception is org.apache.commons.dbcp.SQLNestedException: Cannot create PoolableConnectionFactory (호스트 61.32.101.234, 포트 1433에 대한 TCP/IP 연결에 실패했습니다. 오류: "connect timed out. 연결 속성을 확인하십시오. SQL Server의 인스턴스가 호스트에서 실행되고 있고 포트에서 TCP/IP 연결을 허용하고 있는지 확인하십시오. 또한 방화벽에서 포트로의 TCP 연결을 차단하지 않는지 확인하십시오.".)] with root cause
 com.microsoft.sqlserver.jdbc.SQLServerException: 호스트 61.32.101.234, 포트 1433에 대한 TCP/IP 연결에 실패했습니다. 오류: "connect timed out. 연결 속성을 확인하십시오. SQL Server의 인스턴스가 호스트에서 실행되고 있고 포트에서 TCP/IP 연결을 허용하고 있는지 확인하십시오. 또한 방화벽에서 포트로의 TCP 연결을 차단하지 않는지 확인하십시오.".
	at com.microsoft.sqlserver.jdbc.SQLServerException.makeFromDriverError(SQLServerException.java:234)
	at com.microsoft.sqlserver.jdbc.SQLServerException.ConvertConnectExceptionToSQLServerException(SQLServerException.java:285)
	at com.microsoft.sqlserver.jdbc.SocketFinder.findSocket(IOBuffer.java:2462)
	at com.microsoft.sqlserver.jdbc.TDSChannel.open(IOBuffer.java:668)
	at com.microsoft.sqlserver.jdbc.SQLServerConnection.connectHelper(SQLServerConnection.java:2695)
	at com.microsoft.sqlserver.jdbc.SQLServerConnection.login(SQLServerConnection.java:2362)
	at com.microsoft.sqlserver.jdbc.SQLServerConnection.connectInternal(SQLServerConnection.java:2213)
	at com.microsoft.sqlserver.jdbc.SQLServerConnection.connect(SQLServerConnection.java:1276)
	at com.microsoft.sqlserver.jdbc.SQLServerDriver.connect(SQLServerDriver.java:861)
	at org.apache.commons.dbcp.DriverConnectionFactory.createConnection(DriverConnectionFactory.java:38)
	at org.apache.commons.dbcp.PoolableConnectionFactory.makeObject(PoolableConnectionFactory.java:582)
	at org.apache.commons.dbcp.BasicDataSource.validateConnectionFactory(BasicDataSource.java:1556)
	at org.apache.commons.dbcp.BasicDataSource.createPoolableConnectionFactory(BasicDataSource.java:1545)
	at org.apache.commons.dbcp.BasicDataSource.createDataSource(BasicDataSource.java:1388)
	at org.apache.commons.dbcp.BasicDataSource.getConnection(BasicDataSource.java:1044)
	at org.springframework.jdbc.datasource.DataSourceUtils.fetchConnection(DataSourceUtils.java:157)
	at org.springframework.jdbc.datasource.DataSourceUtils.doGetConnection(DataSourceUtils.java:115)
	at org.springframework.jdbc.datasource.DataSourceUtils.getConnection(DataSourceUtils.java:78)
	at org.mybatis.spring.transaction.SpringManagedTransaction.openConnection(SpringManagedTransaction.java:80)
	at org.mybatis.spring.transaction.SpringManagedTransaction.getConnection(SpringManagedTransaction.java:67)
	at org.apache.ibatis.executor.BaseExecutor.getConnection(BaseExecutor.java:336)
	at org.apache.ibatis.executor.SimpleExecutor.prepareStatement(SimpleExecutor.java:85)
	at org.apache.ibatis.executor.SimpleExecutor.doQuery(SimpleExecutor.java:62)
	at org.apache.ibatis.executor.BaseExecutor.queryFromDatabase(BaseExecutor.java:324)
	at org.apache.ibatis.executor.BaseExecutor.query(BaseExecutor.java:156)
	at org.apache.ibatis.executor.CachingExecutor.query(CachingExecutor.java:109)
	at org.apache.ibatis.executor.CachingExecutor.query(CachingExecutor.java:83)
	at org.apache.ibatis.session.defaults.DefaultSqlSession.selectList(DefaultSqlSession.java:147)
	at org.apache.ibatis.session.defaults.DefaultSqlSession.selectList(DefaultSqlSession.java:140)
	at org.apache.ibatis.session.defaults.DefaultSqlSession.selectOne(DefaultSqlSession.java:76)
	at sun.reflect.GeneratedMethodAccessor77.invoke(Unknown Source)
	at sun.reflect.DelegatingMethodAccessorImpl.invoke(DelegatingMethodAccessorImpl.java:43)
	at java.lang.reflect.Method.invoke(Method.java:498)
	at org.mybatis.spring.SqlSessionTemplate$SqlSessionInterceptor.invoke(SqlSessionTemplate.java:426)
	at com.sun.proxy.$Proxy59.selectOne(Unknown Source)
	at org.mybatis.spring.SqlSessionTemplate.selectOne(SqlSessionTemplate.java:159)
	at org.apache.ibatis.binding.MapperMethod.execute(MapperMethod.java:87)
	at org.apache.ibatis.binding.MapperProxy.invoke(MapperProxy.java:57)
	at com.sun.proxy.$Proxy61.checkUserWithSessionKey(Unknown Source)
	at com.daejist.login.service.LoginServiceImp.checkUserWithSessionKey(LoginServiceImp.java:84)
	at com.daejist.login.controller.LoginController.login(LoginController.java:75)
	at sun.reflect.GeneratedMethodAccessor76.invoke(Unknown Source)
	at sun.reflect.DelegatingMethodAccessorImpl.invoke(DelegatingMethodAccessorImpl.java:43)
	at java.lang.reflect.Method.invoke(Method.java:498)
	at org.springframework.web.method.support.InvocableHandlerMethod.doInvoke(InvocableHandlerMethod.java:190)
	at org.springframework.web.method.support.InvocableHandlerMethod.invokeForRequest(InvocableHandlerMethod.java:138)
	at org.springframework.web.servlet.mvc.method.annotation.ServletInvocableHandlerMethod.invokeAndHandle(ServletInvocableHandlerMethod.java:104)
	at org.springframework.web.servlet.mvc.method.annotation.RequestMappingHandlerAdapter.invokeHandlerMethod(RequestMappingHandlerAdapter.java:892)
	at org.springframework.web.servlet.mvc.method.annotation.RequestMappingHandlerAdapter.handleInternal(RequestMappingHandlerAdapter.java:797)
	at org.springframework.web.servlet.mvc.method.AbstractHandlerMethodAdapter.handle(AbstractHandlerMethodAdapter.java:87)
	at org.springframework.web.servlet.DispatcherServlet.doDispatch(DispatcherServlet.java:1039)
	at org.springframework.web.servlet.DispatcherServlet.doService(DispatcherServlet.java:942)
	at org.springframework.web.servlet.FrameworkServlet.processRequest(FrameworkServlet.java:1005)
	at org.springframework.web.servlet.FrameworkServlet.doGet(FrameworkServlet.java:897)
	at javax.servlet.http.HttpServlet.service(HttpServlet.java:622)
	at org.springframework.web.servlet.FrameworkServlet.service(FrameworkServlet.java:882)
	at javax.servlet.http.HttpServlet.service(HttpServlet.java:729)
	at org.apache.catalina.core.ApplicationFilterChain.internalDoFilter(ApplicationFilterChain.java:292)
	at org.apache.catalina.core.ApplicationFilterChain.doFilter(ApplicationFilterChain.java:207)
	at org.apache.tomcat.websocket.server.WsFilter.doFilter(WsFilter.java:52)
	at org.apache.catalina.core.ApplicationFilterChain.internalDoFilter(ApplicationFilterChain.java:240)
	at org.apache.catalina.core.ApplicationFilterChain.doFilter(ApplicationFilterChain.java:207)
	at org.springframework.web.filter.CharacterEncodingFilter.doFilterInternal(CharacterEncodingFilter.java:200)
	at org.springframework.web.filter.OncePerRequestFilter.doFilter(OncePerRequestFilter.java:118)
	at org.apache.catalina.core.ApplicationFilterChain.internalDoFilter(ApplicationFilterChain.java:240)
	at org.apache.catalina.core.ApplicationFilterChain.doFilter(ApplicationFilterChain.java:207)
	at org.apache.catalina.core.StandardWrapperValve.invoke(StandardWrapperValve.java:212)
	at org.apache.catalina.core.StandardContextValve.invoke(StandardContextValve.java:94)
	at org.apache.catalina.core.StandardHostValve.invoke(StandardHostValve.java:141)
	at org.apache.catalina.valves.ErrorReportValve.invoke(ErrorReportValve.java:79)
	at org.apache.catalina.core.StandardEngineValve.invoke(StandardEngineValve.java:88)
	at org.apache.catalina.connector.CoyoteAdapter.service(CoyoteAdapter.java:502)
	at org.apache.coyote.http11.AbstractHttp11Processor.process(AbstractHttp11Processor.java:1132)
	at org.apache.coyote.AbstractProtocol$AbstractConnectionHandler.process(AbstractProtocol.java:684)
	at org.apache.tomcat.util.net.NioEndpoint$SocketProcessor.doRun(NioEndpoint.java:1539)
	at org.apache.tomcat.util.net.NioEndpoint$SocketProcessor.run(NioEndpoint.java:1495)
	at java.util.concurrent.ThreadPoolExecutor.runWorker(ThreadPoolExecutor.java:1142)
	at java.util.concurrent.ThreadPoolExecutor$Worker.run(ThreadPoolExecutor.java:617)
	at org.apache.tomcat.util.threads.TaskThread$WrappingRunnable.run(TaskThread.java:61)
	at java.lang.Thread.run(Thread.java:745)

10-Aug-2026 12:15:33.065 심각 [http-nio-8855-exec-27] org.apache.catalina.core.StandardWrapperValve.invoke Servlet.service() for servlet [appServlet] in context with path [] threw exception [Request processing failed; nested exception is org.mybatis.spring.MyBatisSystemException: nested exception is org.apache.ibatis.exceptions.PersistenceException: 
### Error querying database.  Cause: org.springframework.jdbc.CannotGetJdbcConnectionException: Failed to obtain JDBC Connection; nested exception is org.apache.commons.dbcp.SQLNestedException: Cannot create PoolableConnectionFactory (호스트 61.32.101.234, 포트 1433에 대한 TCP/IP 연결에 실패했습니다. 오류: "connect timed out. 연결 속성을 확인하십시오. SQL Server의 인스턴스가 호스트에서 실행되고 있고 포트에서 TCP/IP 연결을 허용하고 있는지 확인하십시오. 또한 방화벽에서 포트로의 TCP 연결을 차단하지 않는지 확인하십시오.".)
### The error may exist in com/daejist/login/mapper/LoginMapper.xml
### The error may involve com.daejist.login.mapper.LoginMapper.checkUserWithSessionKey
### The error occurred while executing a query
### Cause: org.springframework.jdbc.CannotGetJdbcConnectionException: Failed to obtain JDBC Connection; nested exception is org.apache.commons.dbcp.SQLNestedException: Cannot create PoolableConnectionFactory (호스트 61.32.101.234, 포트 1433에 대한 TCP/IP 연결에 실패했습니다. 오류: "connect timed out. 연결 속성을 확인하십시오. SQL Server의 인스턴스가 호스트에서 실행되고 있고 포트에서 TCP/IP 연결을 허용하고 있는지 확인하십시오. 또한 방화벽에서 포트로의 TCP 연결을 차단하지 않는지 확인하십시오.".)] with root cause
 com.microsoft.sqlserver.jdbc.SQLServerException: 호스트 61.32.101.234, 포트 1433에 대한 TCP/IP 연결에 실패했습니다. 오류: "connect timed out. 연결 속성을 확인하십시오. SQL Server의 인스턴스가 호스트에서 실행되고 있고 포트에서 TCP/IP 연결을 허용하고 있는지 확인하십시오. 또한 방화벽에서 포트로의 TCP 연결을 차단하지 않는지 확인하십시오.".
	at com.microsoft.sqlserver.jdbc.SQLServerException.makeFromDriverError(SQLServerException.java:234)
	at com.microsoft.sqlserver.jdbc.SQLServerException.ConvertConnectExceptionToSQLServerException(SQLServerException.java:285)
	at com.microsoft.sqlserver.jdbc.SocketFinder.findSocket(IOBuffer.java:2462)
	at com.microsoft.sqlserver.jdbc.TDSChannel.open(IOBuffer.java:668)
	at com.microsoft.sqlserver.jdbc.SQLServerConnection.connectHelper(SQLServerConnection.java:2695)
	at com.microsoft.sqlserver.jdbc.SQLServerConnection.login(SQLServerConnection.java:2362)
	at com.microsoft.sqlserver.jdbc.SQLServerConnection.connectInternal(SQLServerConnection.java:2213)
	at com.microsoft.sqlserver.jdbc.SQLServerConnection.connect(SQLServerConnection.java:1276)
	at com.microsoft.sqlserver.jdbc.SQLServerDriver.connect(SQLServerDriver.java:861)
	at org.apache.commons.dbcp.DriverConnectionFactory.createConnection(DriverConnectionFactory.java:38)
	at org.apache.commons.dbcp.PoolableConnectionFactory.makeObject(PoolableConnectionFactory.java:582)
	at org.apache.commons.dbcp.BasicDataSource.validateConnectionFactory(BasicDataSource.java:1556)
	at org.apache.commons.dbcp.BasicDataSource.createPoolableConnectionFactory(BasicDataSource.java:1545)
	at org.apache.commons.dbcp.BasicDataSource.createDataSource(BasicDataSource.java:1388)
	at org.apache.commons.dbcp.BasicDataSource.getConnection(BasicDataSource.java:1044)
	at org.springframework.jdbc.datasource.DataSourceUtils.fetchConnection(DataSourceUtils.java:157)
	at org.springframework.jdbc.datasource.DataSourceUtils.doGetConnection(DataSourceUtils.java:115)
	at org.springframework.jdbc.datasource.DataSourceUtils.getConnection(DataSourceUtils.java:78)
	at org.mybatis.spring.transaction.SpringManagedTransaction.openConnection(SpringManagedTransaction.java:80)
	at org.mybatis.spring.transaction.SpringManagedTransaction.getConnection(SpringManagedTransaction.java:67)
	at org.apache.ibatis.executor.BaseExecutor.getConnection(BaseExecutor.java:336)
	at org.apache.ibatis.executor.SimpleExecutor.prepareStatement(SimpleExecutor.java:85)
	at org.apache.ibatis.executor.SimpleExecutor.doQuery(SimpleExecutor.java:62)
	at org.apache.ibatis.executor.BaseExecutor.queryFromDatabase(BaseExecutor.java:324)
	at org.apache.ibatis.executor.BaseExecutor.query(BaseExecutor.java:156)
	at org.apache.ibatis.executor.CachingExecutor.query(CachingExecutor.java:109)
	at org.apache.ibatis.executor.CachingExecutor.query(CachingExecutor.java:83)
	at org.apache.ibatis.session.defaults.DefaultSqlSession.selectList(DefaultSqlSession.java:147)
	at org.apache.ibatis.session.defaults.DefaultSqlSession.selectList(DefaultSqlSession.java:140)
	at org.apache.ibatis.session.defaults.DefaultSqlSession.selectOne(DefaultSqlSession.java:76)
	at sun.reflect.GeneratedMethodAccessor77.invoke(Unknown Source)
	at sun.reflect.DelegatingMethodAccessorImpl.invoke(DelegatingMethodAccessorImpl.java:43)
	at java.lang.reflect.Method.invoke(Method.java:498)
	at org.mybatis.spring.SqlSessionTemplate$SqlSessionInterceptor.invoke(SqlSessionTemplate.java:426)
	at com.sun.proxy.$Proxy59.selectOne(Unknown Source)
	at org.mybatis.spring.SqlSessionTemplate.selectOne(SqlSessionTemplate.java:159)
	at org.apache.ibatis.binding.MapperMethod.execute(MapperMethod.java:87)
	at org.apache.ibatis.binding.MapperProxy.invoke(MapperProxy.java:57)
	at com.sun.proxy.$Proxy61.checkUserWithSessionKey(Unknown Source)
	at com.daejist.login.service.LoginServiceImp.checkUserWithSessionKey(LoginServiceImp.java:84)
	at com.daejist.login.controller.LoginController.login(LoginController.java:75)
	at sun.reflect.GeneratedMethodAccessor76.invoke(Unknown Source)
	at sun.reflect.DelegatingMethodAccessorImpl.invoke(DelegatingMethodAccessorImpl.java:43)
	at java.lang.reflect.Method.invoke(Method.java:498)
	at org.springframework.web.method.support.InvocableHandlerMethod.doInvoke(InvocableHandlerMethod.java:190)
	at org.springframework.web.method.support.InvocableHandlerMethod.invokeForRequest(InvocableHandlerMethod.java:138)
	at org.springframework.web.servlet.mvc.method.annotation.ServletInvocableHandlerMethod.invokeAndHandle(ServletInvocableHandlerMethod.java:104)
	at org.springframework.web.servlet.mvc.method.annotation.RequestMappingHandlerAdapter.invokeHandlerMethod(RequestMappingHandlerAdapter.java:892)
	at org.springframework.web.servlet.mvc.method.annotation.RequestMappingHandlerAdapter.handleInternal(RequestMappingHandlerAdapter.java:797)
	at org.springframework.web.servlet.mvc.method.AbstractHandlerMethodAdapter.handle(AbstractHandlerMethodAdapter.java:87)
	at org.springframework.web.servlet.DispatcherServlet.doDispatch(DispatcherServlet.java:1039)
	at org.springframework.web.servlet.DispatcherServlet.doService(DispatcherServlet.java:942)
	at org.springframework.web.servlet.FrameworkServlet.processRequest(FrameworkServlet.java:1005)
	at org.springframework.web.servlet.FrameworkServlet.doGet(FrameworkServlet.java:897)
	at javax.servlet.http.HttpServlet.service(HttpServlet.java:622)
	at org.springframework.web.servlet.FrameworkServlet.service(FrameworkServlet.java:882)
	at javax.servlet.http.HttpServlet.service(HttpServlet.java:729)
	at org.apache.catalina.core.ApplicationFilterChain.internalDoFilter(ApplicationFilterChain.java:292)
	at org.apache.catalina.core.ApplicationFilterChain.doFilter(ApplicationFilterChain.java:207)
	at org.apache.tomcat.websocket.server.WsFilter.doFilter(WsFilter.java:52)
	at org.apache.catalina.core.ApplicationFilterChain.internalDoFilter(ApplicationFilterChain.java:240)
	at org.apache.catalina.core.ApplicationFilterChain.doFilter(ApplicationFilterChain.java:207)
	at org.springframework.web.filter.CharacterEncodingFilter.doFilterInternal(CharacterEncodingFilter.java:200)
	at org.springframework.web.filter.OncePerRequestFilter.doFilter(OncePerRequestFilter.java:118)
	at org.apache.catalina.core.ApplicationFilterChain.internalDoFilter(ApplicationFilterChain.java:240)
	at org.apache.catalina.core.ApplicationFilterChain.doFilter(ApplicationFilterChain.java:207)
	at org.apache.catalina.core.StandardWrapperValve.invoke(StandardWrapperValve.java:212)
	at org.apache.catalina.core.StandardContextValve.invoke(StandardContextValve.java:94)
	at org.apache.catalina.core.StandardHostValve.invoke(StandardHostValve.java:141)
	at org.apache.catalina.valves.ErrorReportValve.invoke(ErrorReportValve.java:79)
	at org.apache.catalina.core.StandardEngineValve.invoke(StandardEngineValve.java:88)
	at org.apache.catalina.connector.CoyoteAdapter.service(CoyoteAdapter.java:502)
	at org.apache.coyote.http11.AbstractHttp11Processor.process(AbstractHttp11Processor.java:1132)
	at org.apache.coyote.AbstractProtocol$AbstractConnectionHandler.process(AbstractProtocol.java:684)
	at org.apache.tomcat.util.net.NioEndpoint$SocketProcessor.doRun(NioEndpoint.java:1539)
	at org.apache.tomcat.util.net.NioEndpoint$SocketProcessor.run(NioEndpoint.java:1495)
	at java.util.concurrent.ThreadPoolExecutor.runWorker(ThreadPoolExecutor.java:1142)
	at java.util.concurrent.ThreadPoolExecutor$Worker.run(ThreadPoolExecutor.java:617)
	at org.apache.tomcat.util.threads.TaskThread$WrappingRunnable.run(TaskThread.java:61)
	at java.lang.Thread.run(Thread.java:745)

10-Aug-2026 12:15:48.070 심각 [http-nio-8855-exec-26] org.apache.catalina.core.StandardWrapperValve.invoke Servlet.service() for servlet [appServlet] in context with path [] threw exception [Request processing failed; nested exception is org.mybatis.spring.MyBatisSystemException: nested exception is org.apache.ibatis.exceptions.PersistenceException: 
### Error querying database.  Cause: org.springframework.jdbc.CannotGetJdbcConnectionException: Failed to obtain JDBC Connection; nested exception is org.apache.commons.dbcp.SQLNestedException: Cannot create PoolableConnectionFactory (호스트 61.32.101.234, 포트 1433에 대한 TCP/IP 연결에 실패했습니다. 오류: "connect timed out. 연결 속성을 확인하십시오. SQL Server의 인스턴스가 호스트에서 실행되고 있고 포트에서 TCP/IP 연결을 허용하고 있는지 확인하십시오. 또한 방화벽에서 포트로의 TCP 연결을 차단하지 않는지 확인하십시오.".)
### The error may exist in com/daejist/login/mapper/LoginMapper.xml
### The error may involve com.daejist.login.mapper.LoginMapper.checkUserWithSessionKey
### The error occurred while executing a query
### Cause: org.springframework.jdbc.CannotGetJdbcConnectionException: Failed to obtain JDBC Connection; nested exception is org.apache.commons.dbcp.SQLNestedException: Cannot create PoolableConnectionFactory (호스트 61.32.101.234, 포트 1433에 대한 TCP/IP 연결에 실패했습니다. 오류: "connect timed out. 연결 속성을 확인하십시오. SQL Server의 인스턴스가 호스트에서 실행되고 있고 포트에서 TCP/IP 연결을 허용하고 있는지 확인하십시오. 또한 방화벽에서 포트로의 TCP 연결을 차단하지 않는지 확인하십시오.".)] with root cause
 com.microsoft.sqlserver.jdbc.SQLServerException: 호스트 61.32.101.234, 포트 1433에 대한 TCP/IP 연결에 실패했습니다. 오류: "connect timed out. 연결 속성을 확인하십시오. SQL Server의 인스턴스가 호스트에서 실행되고 있고 포트에서 TCP/IP 연결을 허용하고 있는지 확인하십시오. 또한 방화벽에서 포트로의 TCP 연결을 차단하지 않는지 확인하십시오.".
	at com.microsoft.sqlserver.jdbc.SQLServerException.makeFromDriverError(SQLServerException.java:234)
	at com.microsoft.sqlserver.jdbc.SQLServerException.ConvertConnectExceptionToSQLServerException(SQLServerException.java:285)
	at com.microsoft.sqlserver.jdbc.SocketFinder.findSocket(IOBuffer.java:2462)
	at com.microsoft.sqlserver.jdbc.TDSChannel.open(IOBuffer.java:668)
	at com.microsoft.sqlserver.jdbc.SQLServerConnection.connectHelper(SQLServerConnection.java:2695)
	at com.microsoft.sqlserver.jdbc.SQLServerConnection.login(SQLServerConnection.java:2362)
	at com.microsoft.sqlserver.jdbc.SQLServerConnection.connectInternal(SQLServerConnection.java:2213)
	at com.microsoft.sqlserver.jdbc.SQLServerConnection.connect(SQLServerConnection.java:1276)
	at com.microsoft.sqlserver.jdbc.SQLServerDriver.connect(SQLServerDriver.java:861)
	at org.apache.commons.dbcp.DriverConnectionFactory.createConnection(DriverConnectionFactory.java:38)
	at org.apache.commons.dbcp.PoolableConnectionFactory.makeObject(PoolableConnectionFactory.java:582)
	at org.apache.commons.dbcp.BasicDataSource.validateConnectionFactory(BasicDataSource.java:1556)
	at org.apache.commons.dbcp.BasicDataSource.createPoolableConnectionFactory(BasicDataSource.java:1545)
	at org.apache.commons.dbcp.BasicDataSource.createDataSource(BasicDataSource.java:1388)
	at org.apache.commons.dbcp.BasicDataSource.getConnection(BasicDataSource.java:1044)
	at org.springframework.jdbc.datasource.DataSourceUtils.fetchConnection(DataSourceUtils.java:157)
	at org.springframework.jdbc.datasource.DataSourceUtils.doGetConnection(DataSourceUtils.java:115)
	at org.springframework.jdbc.datasource.DataSourceUtils.getConnection(DataSourceUtils.java:78)
	at org.mybatis.spring.transaction.SpringManagedTransaction.openConnection(SpringManagedTransaction.java:80)
	at org.mybatis.spring.transaction.SpringManagedTransaction.getConnection(SpringManagedTransaction.java:67)
	at org.apache.ibatis.executor.BaseExecutor.getConnection(BaseExecutor.java:336)
	at org.apache.ibatis.executor.SimpleExecutor.prepareStatement(SimpleExecutor.java:85)
	at org.apache.ibatis.executor.SimpleExecutor.doQuery(SimpleExecutor.java:62)
	at org.apache.ibatis.executor.BaseExecutor.queryFromDatabase(BaseExecutor.java:324)
	at org.apache.ibatis.executor.BaseExecutor.query(BaseExecutor.java:156)
	at org.apache.ibatis.executor.CachingExecutor.query(CachingExecutor.java:109)
	at org.apache.ibatis.executor.CachingExecutor.query(CachingExecutor.java:83)
	at org.apache.ibatis.session.defaults.DefaultSqlSession.selectList(DefaultSqlSession.java:147)
	at org.apache.ibatis.session.defaults.DefaultSqlSession.selectList(DefaultSqlSession.java:140)
	at org.apache.ibatis.session.defaults.DefaultSqlSession.selectOne(DefaultSqlSession.java:76)
	at sun.reflect.GeneratedMethodAccessor77.invoke(Unknown Source)
	at sun.reflect.DelegatingMethodAccessorImpl.invoke(DelegatingMethodAccessorImpl.java:43)
	at java.lang.reflect.Method.invoke(Method.java:498)
	at org.mybatis.spring.SqlSessionTemplate$SqlSessionInterceptor.invoke(SqlSessionTemplate.java:426)
	at com.sun.proxy.$Proxy59.selectOne(Unknown Source)
	at org.mybatis.spring.SqlSessionTemplate.selectOne(SqlSessionTemplate.java:159)
	at org.apache.ibatis.binding.MapperMethod.execute(MapperMethod.java:87)
	at org.apache.ibatis.binding.MapperProxy.invoke(MapperProxy.java:57)
	at com.sun.proxy.$Proxy61.checkUserWithSessionKey(Unknown Source)
	at com.daejist.login.service.LoginServiceImp.checkUserWithSessionKey(LoginServiceImp.java:84)
	at com.daejist.login.controller.LoginController.login(LoginController.java:75)
	at sun.reflect.GeneratedMethodAccessor76.invoke(Unknown Source)
	at sun.reflect.DelegatingMethodAccessorImpl.invoke(DelegatingMethodAccessorImpl.java:43)
	at java.lang.reflect.Method.invoke(Method.java:498)
	at org.springframework.web.method.support.InvocableHandlerMethod.doInvoke(InvocableHandlerMethod.java:190)
	at org.springframework.web.method.support.InvocableHandlerMethod.invokeForRequest(InvocableHandlerMethod.java:138)
	at org.springframework.web.servlet.mvc.method.annotation.ServletInvocableHandlerMethod.invokeAndHandle(ServletInvocableHandlerMethod.java:104)
	at org.springframework.web.servlet.mvc.method.annotation.RequestMappingHandlerAdapter.invokeHandlerMethod(RequestMappingHandlerAdapter.java:892)
	at org.springframework.web.servlet.mvc.method.annotation.RequestMappingHandlerAdapter.handleInternal(RequestMappingHandlerAdapter.java:797)
	at org.springframework.web.servlet.mvc.method.AbstractHandlerMethodAdapter.handle(AbstractHandlerMethodAdapter.java:87)
	at org.springframework.web.servlet.DispatcherServlet.doDispatch(DispatcherServlet.java:1039)
	at org.springframework.web.servlet.DispatcherServlet.doService(DispatcherServlet.java:942)
	at org.springframework.web.servlet.FrameworkServlet.processRequest(FrameworkServlet.java:1005)
	at org.springframework.web.servlet.FrameworkServlet.doGet(FrameworkServlet.java:897)
	at javax.servlet.http.HttpServlet.service(HttpServlet.java:622)
	at org.springframework.web.servlet.FrameworkServlet.service(FrameworkServlet.java:882)
	at javax.servlet.http.HttpServlet.service(HttpServlet.java:729)
	at org.apache.catalina.core.ApplicationFilterChain.internalDoFilter(ApplicationFilterChain.java:292)
	at org.apache.catalina.core.ApplicationFilterChain.doFilter(ApplicationFilterChain.java:207)
	at org.apache.tomcat.websocket.server.WsFilter.doFilter(WsFilter.java:52)
	at org.apache.catalina.core.ApplicationFilterChain.internalDoFilter(ApplicationFilterChain.java:240)
	at org.apache.catalina.core.ApplicationFilterChain.doFilter(ApplicationFilterChain.java:207)
	at org.springframework.web.filter.CharacterEncodingFilter.doFilterInternal(CharacterEncodingFilter.java:200)
	at org.springframework.web.filter.OncePerRequestFilter.doFilter(OncePerRequestFilter.java:118)
	at org.apache.catalina.core.ApplicationFilterChain.internalDoFilter(ApplicationFilterChain.java:240)
	at org.apache.catalina.core.ApplicationFilterChain.doFilter(ApplicationFilterChain.java:207)
	at org.apache.catalina.core.StandardWrapperValve.invoke(StandardWrapperValve.java:212)
	at org.apache.catalina.core.StandardContextValve.invoke(StandardContextValve.java:94)
	at org.apache.catalina.core.StandardHostValve.invoke(StandardHostValve.java:141)
	at org.apache.catalina.valves.ErrorReportValve.invoke(ErrorReportValve.java:79)
	at org.apache.catalina.core.StandardEngineValve.invoke(StandardEngineValve.java:88)
	at org.apache.catalina.connector.CoyoteAdapter.service(CoyoteAdapter.java:502)
	at org.apache.coyote.http11.AbstractHttp11Processor.process(AbstractHttp11Processor.java:1132)
	at org.apache.coyote.AbstractProtocol$AbstractConnectionHandler.process(AbstractProtocol.java:684)
	at org.apache.tomcat.util.net.NioEndpoint$SocketProcessor.doRun(NioEndpoint.java:1539)
	at org.apache.tomcat.util.net.NioEndpoint$SocketProcessor.run(NioEndpoint.java:1495)
	at java.util.concurrent.ThreadPoolExecutor.runWorker(ThreadPoolExecutor.java:1142)
	at java.util.concurrent.ThreadPoolExecutor$Worker.run(ThreadPoolExecutor.java:617)
	at org.apache.tomcat.util.threads.TaskThread$WrappingRunnable.run(TaskThread.java:61)
	at java.lang.Thread.run(Thread.java:745)

10-Aug-2026 12:16:03.075 심각 [http-nio-8855-exec-25] org.apache.catalina.core.StandardWrapperValve.invoke Servlet.service() for servlet [appServlet] in context with path [] threw exception [Request processing failed; nested exception is org.mybatis.spring.MyBatisSystemException: nested exception is org.apache.ibatis.exceptions.PersistenceException: 
### Error querying database.  Cause: org.springframework.jdbc.CannotGetJdbcConnectionException: Failed to obtain JDBC Connection; nested exception is org.apache.commons.dbcp.SQLNestedException: Cannot create PoolableConnectionFactory (호스트 61.32.101.234, 포트 1433에 대한 TCP/IP 연결에 실패했습니다. 오류: "connect timed out. 연결 속성을 확인하십시오. SQL Server의 인스턴스가 호스트에서 실행되고 있고 포트에서 TCP/IP 연결을 허용하고 있는지 확인하십시오. 또한 방화벽에서 포트로의 TCP 연결을 차단하지 않는지 확인하십시오.".)
### The error may exist in com/daejist/login/mapper/LoginMapper.xml
### The error may involve com.daejist.login.mapper.LoginMapper.checkUserWithSessionKey
### The error occurred while executing a query
### Cause: org.springframework.jdbc.CannotGetJdbcConnectionException: Failed to obtain JDBC Connection; nested exception is org.apache.commons.dbcp.SQLNestedException: Cannot create PoolableConnectionFactory (호스트 61.32.101.234, 포트 1433에 대한 TCP/IP 연결에 실패했습니다. 오류: "connect timed out. 연결 속성을 확인하십시오. SQL Server의 인스턴스가 호스트에서 실행되고 있고 포트에서 TCP/IP 연결을 허용하고 있는지 확인하십시오. 또한 방화벽에서 포트로의 TCP 연결을 차단하지 않는지 확인하십시오.".)] with root cause
 com.microsoft.sqlserver.jdbc.SQLServerException: 호스트 61.32.101.234, 포트 1433에 대한 TCP/IP 연결에 실패했습니다. 오류: "connect timed out. 연결 속성을 확인하십시오. SQL Server의 인스턴스가 호스트에서 실행되고 있고 포트에서 TCP/IP 연결을 허용하고 있는지 확인하십시오. 또한 방화벽에서 포트로의 TCP 연결을 차단하지 않는지 확인하십시오.".
	at com.microsoft.sqlserver.jdbc.SQLServerException.makeFromDriverError(SQLServerException.java:234)
	at com.microsoft.sqlserver.jdbc.SQLServerException.ConvertConnectExceptionToSQLServerException(SQLServerException.java:285)
	at com.microsoft.sqlserver.jdbc.SocketFinder.findSocket(IOBuffer.java:2462)
	at com.microsoft.sqlserver.jdbc.TDSChannel.open(IOBuffer.java:668)
	at com.microsoft.sqlserver.jdbc.SQLServerConnection.connectHelper(SQLServerConnection.java:2695)
	at com.microsoft.sqlserver.jdbc.SQLServerConnection.login(SQLServerConnection.java:2362)
	at com.microsoft.sqlserver.jdbc.SQLServerConnection.connectInternal(SQLServerConnection.java:2213)
	at com.microsoft.sqlserver.jdbc.SQLServerConnection.connect(SQLServerConnection.java:1276)
	at com.microsoft.sqlserver.jdbc.SQLServerDriver.connect(SQLServerDriver.java:861)
	at org.apache.commons.dbcp.DriverConnectionFactory.createConnection(DriverConnectionFactory.java:38)
	at org.apache.commons.dbcp.PoolableConnectionFactory.makeObject(PoolableConnectionFactory.java:582)
	at org.apache.commons.dbcp.BasicDataSource.validateConnectionFactory(BasicDataSource.java:1556)
	at org.apache.commons.dbcp.BasicDataSource.createPoolableConnectionFactory(BasicDataSource.java:1545)
	at org.apache.commons.dbcp.BasicDataSource.createDataSource(BasicDataSource.java:1388)
	at org.apache.commons.dbcp.BasicDataSource.getConnection(BasicDataSource.java:1044)
	at org.springframework.jdbc.datasource.DataSourceUtils.fetchConnection(DataSourceUtils.java:157)
	at org.springframework.jdbc.datasource.DataSourceUtils.doGetConnection(DataSourceUtils.java:115)
	at org.springframework.jdbc.datasource.DataSourceUtils.getConnection(DataSourceUtils.java:78)
	at org.mybatis.spring.transaction.SpringManagedTransaction.openConnection(SpringManagedTransaction.java:80)
	at org.mybatis.spring.transaction.SpringManagedTransaction.getConnection(SpringManagedTransaction.java:67)
	at org.apache.ibatis.executor.BaseExecutor.getConnection(BaseExecutor.java:336)
	at org.apache.ibatis.executor.SimpleExecutor.prepareStatement(SimpleExecutor.java:85)
	at org.apache.ibatis.executor.SimpleExecutor.doQuery(SimpleExecutor.java:62)
	at org.apache.ibatis.executor.BaseExecutor.queryFromDatabase(BaseExecutor.java:324)
	at org.apache.ibatis.executor.BaseExecutor.query(BaseExecutor.java:156)
	at org.apache.ibatis.executor.CachingExecutor.query(CachingExecutor.java:109)
	at org.apache.ibatis.executor.CachingExecutor.query(CachingExecutor.java:83)
	at org.apache.ibatis.session.defaults.DefaultSqlSession.selectList(DefaultSqlSession.java:147)
	at org.apache.ibatis.session.defaults.DefaultSqlSession.selectList(DefaultSqlSession.java:140)
	at org.apache.ibatis.session.defaults.DefaultSqlSession.selectOne(DefaultSqlSession.java:76)
	at sun.reflect.GeneratedMethodAccessor77.invoke(Unknown Source)
	at sun.reflect.DelegatingMethodAccessorImpl.invoke(DelegatingMethodAccessorImpl.java:43)
	at java.lang.reflect.Method.invoke(Method.java:498)
	at org.mybatis.spring.SqlSessionTemplate$SqlSessionInterceptor.invoke(SqlSessionTemplate.java:426)
	at com.sun.proxy.$Proxy59.selectOne(Unknown Source)
	at org.mybatis.spring.SqlSessionTemplate.selectOne(SqlSessionTemplate.java:159)
	at org.apache.ibatis.binding.MapperMethod.execute(MapperMethod.java:87)
	at org.apache.ibatis.binding.MapperProxy.invoke(MapperProxy.java:57)
	at com.sun.proxy.$Proxy61.checkUserWithSessionKey(Unknown Source)
	at com.daejist.login.service.LoginServiceImp.checkUserWithSessionKey(LoginServiceImp.java:84)
	at com.daejist.login.controller.LoginController.login(LoginController.java:75)
	at sun.reflect.GeneratedMethodAccessor76.invoke(Unknown Source)
	at sun.reflect.DelegatingMethodAccessorImpl.invoke(DelegatingMethodAccessorImpl.java:43)
	at java.lang.reflect.Method.invoke(Method.java:498)
	at org.springframework.web.method.support.InvocableHandlerMethod.doInvoke(InvocableHandlerMethod.java:190)
	at org.springframework.web.method.support.InvocableHandlerMethod.invokeForRequest(InvocableHandlerMethod.java:138)
	at org.springframework.web.servlet.mvc.method.annotation.ServletInvocableHandlerMethod.invokeAndHandle(ServletInvocableHandlerMethod.java:104)
	at org.springframework.web.servlet.mvc.method.annotation.RequestMappingHandlerAdapter.invokeHandlerMethod(RequestMappingHandlerAdapter.java:892)
	at org.springframework.web.servlet.mvc.method.annotation.RequestMappingHandlerAdapter.handleInternal(RequestMappingHandlerAdapter.java:797)
	at org.springframework.web.servlet.mvc.method.AbstractHandlerMethodAdapter.handle(AbstractHandlerMethodAdapter.java:87)
	at org.springframework.web.servlet.DispatcherServlet.doDispatch(DispatcherServlet.java:1039)
	at org.springframework.web.servlet.DispatcherServlet.doService(DispatcherServlet.java:942)
	at org.springframework.web.servlet.FrameworkServlet.processRequest(FrameworkServlet.java:1005)
	at org.springframework.web.servlet.FrameworkServlet.doGet(FrameworkServlet.java:897)
	at javax.servlet.http.HttpServlet.service(HttpServlet.java:622)
	at org.springframework.web.servlet.FrameworkServlet.service(FrameworkServlet.java:882)
	at javax.servlet.http.HttpServlet.service(HttpServlet.java:729)
	at org.apache.catalina.core.ApplicationFilterChain.internalDoFilter(ApplicationFilterChain.java:292)
	at org.apache.catalina.core.ApplicationFilterChain.doFilter(ApplicationFilterChain.java:207)
	at org.apache.tomcat.websocket.server.WsFilter.doFilter(WsFilter.java:52)
	at org.apache.catalina.core.ApplicationFilterChain.internalDoFilter(ApplicationFilterChain.java:240)
	at org.apache.catalina.core.ApplicationFilterChain.doFilter(ApplicationFilterChain.java:207)
	at org.springframework.web.filter.CharacterEncodingFilter.doFilterInternal(CharacterEncodingFilter.java:200)
	at org.springframework.web.filter.OncePerRequestFilter.doFilter(OncePerRequestFilter.java:118)
	at org.apache.catalina.core.ApplicationFilterChain.internalDoFilter(ApplicationFilterChain.java:240)
	at org.apache.catalina.core.ApplicationFilterChain.doFilter(ApplicationFilterChain.java:207)
	at org.apache.catalina.core.StandardWrapperValve.invoke(StandardWrapperValve.java:212)
	at org.apache.catalina.core.StandardContextValve.invoke(StandardContextValve.java:94)
	at org.apache.catalina.core.StandardHostValve.invoke(StandardHostValve.java:141)
	at org.apache.catalina.valves.ErrorReportValve.invoke(ErrorReportValve.java:79)
	at org.apache.catalina.core.StandardEngineValve.invoke(StandardEngineValve.java:88)
	at org.apache.catalina.connector.CoyoteAdapter.service(CoyoteAdapter.java:502)
	at org.apache.coyote.http11.AbstractHttp11Processor.process(AbstractHttp11Processor.java:1132)
	at org.apache.coyote.AbstractProtocol$AbstractConnectionHandler.process(AbstractProtocol.java:684)
	at org.apache.tomcat.util.net.NioEndpoint$SocketProcessor.doRun(NioEndpoint.java:1539)
	at org.apache.tomcat.util.net.NioEndpoint$SocketProcessor.run(NioEndpoint.java:1495)
	at java.util.concurrent.ThreadPoolExecutor.runWorker(ThreadPoolExecutor.java:1142)
	at java.util.concurrent.ThreadPoolExecutor$Worker.run(ThreadPoolExecutor.java:617)
	at org.apache.tomcat.util.threads.TaskThread$WrappingRunnable.run(TaskThread.java:61)
	at java.lang.Thread.run(Thread.java:745)

10-Aug-2026 12:16:18.079 심각 [http-nio-8855-exec-24] org.apache.catalina.core.StandardWrapperValve.invoke Servlet.service() for servlet [appServlet] in context with path [] threw exception [Request processing failed; nested exception is org.mybatis.spring.MyBatisSystemException: nested exception is org.apache.ibatis.exceptions.PersistenceException: 
### Error querying database.  Cause: org.springframework.jdbc.CannotGetJdbcConnectionException: Failed to obtain JDBC Connection; nested exception is org.apache.commons.dbcp.SQLNestedException: Cannot create PoolableConnectionFactory (호스트 61.32.101.234, 포트 1433에 대한 TCP/IP 연결에 실패했습니다. 오류: "connect timed out. 연결 속성을 확인하십시오. SQL Server의 인스턴스가 호스트에서 실행되고 있고 포트에서 TCP/IP 연결을 허용하고 있는지 확인하십시오. 또한 방화벽에서 포트로의 TCP 연결을 차단하지 않는지 확인하십시오.".)
### The error may exist in com/daejist/login/mapper/LoginMapper.xml
### The error may involve com.daejist.login.mapper.LoginMapper.checkUserWithSessionKey
### The error occurred while executing a query
### Cause: org.springframework.jdbc.CannotGetJdbcConnectionException: Failed to obtain JDBC Connection; nested exception is org.apache.commons.dbcp.SQLNestedException: Cannot create PoolableConnectionFactory (호스트 61.32.101.234, 포트 1433에 대한 TCP/IP 연결에 실패했습니다. 오류: "connect timed out. 연결 속성을 확인하십시오. SQL Server의 인스턴스가 호스트에서 실행되고 있고 포트에서 TCP/IP 연결을 허용하고 있는지 확인하십시오. 또한 방화벽에서 포트로의 TCP 연결을 차단하지 않는지 확인하십시오.".)] with root cause
 com.microsoft.sqlserver.jdbc.SQLServerException: 호스트 61.32.101.234, 포트 1433에 대한 TCP/IP 연결에 실패했습니다. 오류: "connect timed out. 연결 속성을 확인하십시오. SQL Server의 인스턴스가 호스트에서 실행되고 있고 포트에서 TCP/IP 연결을 허용하고 있는지 확인하십시오. 또한 방화벽에서 포트로의 TCP 연결을 차단하지 않는지 확인하십시오.".
	at com.microsoft.sqlserver.jdbc.SQLServerException.makeFromDriverError(SQLServerException.java:234)
	at com.microsoft.sqlserver.jdbc.SQLServerException.ConvertConnectExceptionToSQLServerException(SQLServerException.java:285)
	at com.microsoft.sqlserver.jdbc.SocketFinder.findSocket(IOBuffer.java:2462)
	at com.microsoft.sqlserver.jdbc.TDSChannel.open(IOBuffer.java:668)
	at com.microsoft.sqlserver.jdbc.SQLServerConnection.connectHelper(SQLServerConnection.java:2695)
	at com.microsoft.sqlserver.jdbc.SQLServerConnection.login(SQLServerConnection.java:2362)
	at com.microsoft.sqlserver.jdbc.SQLServerConnection.connectInternal(SQLServerConnection.java:2213)
	at com.microsoft.sqlserver.jdbc.SQLServerConnection.connect(SQLServerConnection.java:1276)
	at com.microsoft.sqlserver.jdbc.SQLServerDriver.connect(SQLServerDriver.java:861)
	at org.apache.commons.dbcp.DriverConnectionFactory.createConnection(DriverConnectionFactory.java:38)
	at org.apache.commons.dbcp.PoolableConnectionFactory.makeObject(PoolableConnectionFactory.java:582)
	at org.apache.commons.dbcp.BasicDataSource.validateConnectionFactory(BasicDataSource.java:1556)
	at org.apache.commons.dbcp.BasicDataSource.createPoolableConnectionFactory(BasicDataSource.java:1545)
	at org.apache.commons.dbcp.BasicDataSource.createDataSource(BasicDataSource.java:1388)
	at org.apache.commons.dbcp.BasicDataSource.getConnection(BasicDataSource.java:1044)
	at org.springframework.jdbc.datasource.DataSourceUtils.fetchConnection(DataSourceUtils.java:157)
	at org.springframework.jdbc.datasource.DataSourceUtils.doGetConnection(DataSourceUtils.java:115)
	at org.springframework.jdbc.datasource.DataSourceUtils.getConnection(DataSourceUtils.java:78)
	at org.mybatis.spring.transaction.SpringManagedTransaction.openConnection(SpringManagedTransaction.java:80)
	at org.mybatis.spring.transaction.SpringManagedTransaction.getConnection(SpringManagedTransaction.java:67)
	at org.apache.ibatis.executor.BaseExecutor.getConnection(BaseExecutor.java:336)
	at org.apache.ibatis.executor.SimpleExecutor.prepareStatement(SimpleExecutor.java:85)
	at org.apache.ibatis.executor.SimpleExecutor.doQuery(SimpleExecutor.java:62)
	at org.apache.ibatis.executor.BaseExecutor.queryFromDatabase(BaseExecutor.java:324)
	at org.apache.ibatis.executor.BaseExecutor.query(BaseExecutor.java:156)
	at org.apache.ibatis.executor.CachingExecutor.query(CachingExecutor.java:109)
	at org.apache.ibatis.executor.CachingExecutor.query(CachingExecutor.java:83)
	at org.apache.ibatis.session.defaults.DefaultSqlSession.selectList(DefaultSqlSession.java:147)
	at org.apache.ibatis.session.defaults.DefaultSqlSession.selectList(DefaultSqlSession.java:140)
	at org.apache.ibatis.session.defaults.DefaultSqlSession.selectOne(DefaultSqlSession.java:76)
	at sun.reflect.GeneratedMethodAccessor77.invoke(Unknown Source)
	at sun.reflect.DelegatingMethodAccessorImpl.invoke(DelegatingMethodAccessorImpl.java:43)
	at java.lang.reflect.Method.invoke(Method.java:498)
	at org.mybatis.spring.SqlSessionTemplate$SqlSessionInterceptor.invoke(SqlSessionTemplate.java:426)
	at com.sun.proxy.$Proxy59.selectOne(Unknown Source)
	at org.mybatis.spring.SqlSessionTemplate.selectOne(SqlSessionTemplate.java:159)
	at org.apache.ibatis.binding.MapperMethod.execute(MapperMethod.java:87)
	at org.apache.ibatis.binding.MapperProxy.invoke(MapperProxy.java:57)
	at com.sun.proxy.$Proxy61.checkUserWithSessionKey(Unknown Source)
	at com.daejist.login.service.LoginServiceImp.checkUserWithSessionKey(LoginServiceImp.java:84)
	at com.daejist.login.controller.LoginController.login(LoginController.java:75)
	at sun.reflect.GeneratedMethodAccessor76.invoke(Unknown Source)
	at sun.reflect.DelegatingMethodAccessorImpl.invoke(DelegatingMethodAccessorImpl.java:43)
	at java.lang.reflect.Method.invoke(Method.java:498)
	at org.springframework.web.method.support.InvocableHandlerMethod.doInvoke(InvocableHandlerMethod.java:190)
	at org.springframework.web.method.support.InvocableHandlerMethod.invokeForRequest(InvocableHandlerMethod.java:138)
	at org.springframework.web.servlet.mvc.method.annotation.ServletInvocableHandlerMethod.invokeAndHandle(ServletInvocableHandlerMethod.java:104)
	at org.springframework.web.servlet.mvc.method.annotation.RequestMappingHandlerAdapter.invokeHandlerMethod(RequestMappingHandlerAdapter.java:892)
	at org.springframework.web.servlet.mvc.method.annotation.RequestMappingHandlerAdapter.handleInternal(RequestMappingHandlerAdapter.java:797)
	at org.springframework.web.servlet.mvc.method.AbstractHandlerMethodAdapter.handle(AbstractHandlerMethodAdapter.java:87)
	at org.springframework.web.servlet.DispatcherServlet.doDispatch(DispatcherServlet.java:1039)
	at org.springframework.web.servlet.DispatcherServlet.doService(DispatcherServlet.java:942)
	at org.springframework.web.servlet.FrameworkServlet.processRequest(FrameworkServlet.java:1005)
	at org.springframework.web.servlet.FrameworkServlet.doGet(FrameworkServlet.java:897)
	at javax.servlet.http.HttpServlet.service(HttpServlet.java:622)
	at org.springframework.web.servlet.FrameworkServlet.service(FrameworkServlet.java:882)
	at javax.servlet.http.HttpServlet.service(HttpServlet.java:729)
	at org.apache.catalina.core.ApplicationFilterChain.internalDoFilter(ApplicationFilterChain.java:292)
	at org.apache.catalina.core.ApplicationFilterChain.doFilter(ApplicationFilterChain.java:207)
	at org.apache.tomcat.websocket.server.WsFilter.doFilter(WsFilter.java:52)
	at org.apache.catalina.core.ApplicationFilterChain.internalDoFilter(ApplicationFilterChain.java:240)
	at org.apache.catalina.core.ApplicationFilterChain.doFilter(ApplicationFilterChain.java:207)
	at org.springframework.web.filter.CharacterEncodingFilter.doFilterInternal(CharacterEncodingFilter.java:200)
	at org.springframework.web.filter.OncePerRequestFilter.doFilter(OncePerRequestFilter.java:118)
	at org.apache.catalina.core.ApplicationFilterChain.internalDoFilter(ApplicationFilterChain.java:240)
	at org.apache.catalina.core.ApplicationFilterChain.doFilter(ApplicationFilterChain.java:207)
	at org.apache.catalina.core.StandardWrapperValve.invoke(StandardWrapperValve.java:212)
	at org.apache.catalina.core.StandardContextValve.invoke(StandardContextValve.java:94)
	at org.apache.catalina.core.StandardHostValve.invoke(StandardHostValve.java:141)
	at org.apache.catalina.valves.ErrorReportValve.invoke(ErrorReportValve.java:79)
	at org.apache.catalina.core.StandardEngineValve.invoke(StandardEngineValve.java:88)
	at org.apache.catalina.connector.CoyoteAdapter.service(CoyoteAdapter.java:502)
	at org.apache.coyote.http11.AbstractHttp11Processor.process(AbstractHttp11Processor.java:1132)
	at org.apache.coyote.AbstractProtocol$AbstractConnectionHandler.process(AbstractProtocol.java:684)
	at org.apache.tomcat.util.net.NioEndpoint$SocketProcessor.doRun(NioEndpoint.java:1539)
	at org.apache.tomcat.util.net.NioEndpoint$SocketProcessor.run(NioEndpoint.java:1495)
	at java.util.concurrent.ThreadPoolExecutor.runWorker(ThreadPoolExecutor.java:1142)
	at java.util.concurrent.ThreadPoolExecutor$Worker.run(ThreadPoolExecutor.java:617)
	at org.apache.tomcat.util.threads.TaskThread$WrappingRunnable.run(TaskThread.java:61)
	at java.lang.Thread.run(Thread.java:745)

10-Aug-2026 12:16:33.082 심각 [http-nio-8855-exec-23] org.apache.catalina.core.StandardWrapperValve.invoke Servlet.service() for servlet [appServlet] in context with path [] threw exception [Request processing failed; nested exception is org.mybatis.spring.MyBatisSystemException: nested exception is org.apache.ibatis.exceptions.PersistenceException: 
### Error querying database.  Cause: org.springframework.jdbc.CannotGetJdbcConnectionException: Failed to obtain JDBC Connection; nested exception is org.apache.commons.dbcp.SQLNestedException: Cannot create PoolableConnectionFactory (호스트 61.32.101.234, 포트 1433에 대한 TCP/IP 연결에 실패했습니다. 오류: "connect timed out. 연결 속성을 확인하십시오. SQL Server의 인스턴스가 호스트에서 실행되고 있고 포트에서 TCP/IP 연결을 허용하고 있는지 확인하십시오. 또한 방화벽에서 포트로의 TCP 연결을 차단하지 않는지 확인하십시오.".)
### The error may exist in com/daejist/login/mapper/LoginMapper.xml
### The error may involve com.daejist.login.mapper.LoginMapper.checkUserWithSessionKey
### The error occurred while executing a query
### Cause: org.springframework.jdbc.CannotGetJdbcConnectionException: Failed to obtain JDBC Connection; nested exception is org.apache.commons.dbcp.SQLNestedException: Cannot create PoolableConnectionFactory (호스트 61.32.101.234, 포트 1433에 대한 TCP/IP 연결에 실패했습니다. 오류: "connect timed out. 연결 속성을 확인하십시오. SQL Server의 인스턴스가 호스트에서 실행되고 있고 포트에서 TCP/IP 연결을 허용하고 있는지 확인하십시오. 또한 방화벽에서 포트로의 TCP 연결을 차단하지 않는지 확인하십시오.".)] with root cause
 com.microsoft.sqlserver.jdbc.SQLServerException: 호스트 61.32.101.234, 포트 1433에 대한 TCP/IP 연결에 실패했습니다. 오류: "connect timed out. 연결 속성을 확인하십시오. SQL Server의 인스턴스가 호스트에서 실행되고 있고 포트에서 TCP/IP 연결을 허용하고 있는지 확인하십시오. 또한 방화벽에서 포트로의 TCP 연결을 차단하지 않는지 확인하십시오.".
	at com.microsoft.sqlserver.jdbc.SQLServerException.makeFromDriverError(SQLServerException.java:234)
	at com.microsoft.sqlserver.jdbc.SQLServerException.ConvertConnectExceptionToSQLServerException(SQLServerException.java:285)
	at com.microsoft.sqlserver.jdbc.SocketFinder.findSocket(IOBuffer.java:2462)
	at com.microsoft.sqlserver.jdbc.TDSChannel.open(IOBuffer.java:668)
	at com.microsoft.sqlserver.jdbc.SQLServerConnection.connectHelper(SQLServerConnection.java:2695)
	at com.microsoft.sqlserver.jdbc.SQLServerConnection.login(SQLServerConnection.java:2362)
	at com.microsoft.sqlserver.jdbc.SQLServerConnection.connectInternal(SQLServerConnection.java:2213)
	at com.microsoft.sqlserver.jdbc.SQLServerConnection.connect(SQLServerConnection.java:1276)
	at com.microsoft.sqlserver.jdbc.SQLServerDriver.connect(SQLServerDriver.java:861)
	at org.apache.commons.dbcp.DriverConnectionFactory.createConnection(DriverConnectionFactory.java:38)
	at org.apache.commons.dbcp.PoolableConnectionFactory.makeObject(PoolableConnectionFactory.java:582)
	at org.apache.commons.dbcp.BasicDataSource.validateConnectionFactory(BasicDataSource.java:1556)
	at org.apache.commons.dbcp.BasicDataSource.createPoolableConnectionFactory(BasicDataSource.java:1545)
	at org.apache.commons.dbcp.BasicDataSource.createDataSource(BasicDataSource.java:1388)
	at org.apache.commons.dbcp.BasicDataSource.getConnection(BasicDataSource.java:1044)
	at org.springframework.jdbc.datasource.DataSourceUtils.fetchConnection(DataSourceUtils.java:157)
	at org.springframework.jdbc.datasource.DataSourceUtils.doGetConnection(DataSourceUtils.java:115)
	at org.springframework.jdbc.datasource.DataSourceUtils.getConnection(DataSourceUtils.java:78)
	at org.mybatis.spring.transaction.SpringManagedTransaction.openConnection(SpringManagedTransaction.java:80)
	at org.mybatis.spring.transaction.SpringManagedTransaction.getConnection(SpringManagedTransaction.java:67)
	at org.apache.ibatis.executor.BaseExecutor.getConnection(BaseExecutor.java:336)
	at org.apache.ibatis.executor.SimpleExecutor.prepareStatement(SimpleExecutor.java:85)
	at org.apache.ibatis.executor.SimpleExecutor.doQuery(SimpleExecutor.java:62)
	at org.apache.ibatis.executor.BaseExecutor.queryFromDatabase(BaseExecutor.java:324)
	at org.apache.ibatis.executor.BaseExecutor.query(BaseExecutor.java:156)
	at org.apache.ibatis.executor.CachingExecutor.query(CachingExecutor.java:109)
	at org.apache.ibatis.executor.CachingExecutor.query(CachingExecutor.java:83)
	at org.apache.ibatis.session.defaults.DefaultSqlSession.selectList(DefaultSqlSession.java:147)
	at org.apache.ibatis.session.defaults.DefaultSqlSession.selectList(DefaultSqlSession.java:140)
	at org.apache.ibatis.session.defaults.DefaultSqlSession.selectOne(DefaultSqlSession.java:76)
	at sun.reflect.GeneratedMethodAccessor77.invoke(Unknown Source)
	at sun.reflect.DelegatingMethodAccessorImpl.invoke(DelegatingMethodAccessorImpl.java:43)
	at java.lang.reflect.Method.invoke(Method.java:498)
	at org.mybatis.spring.SqlSessionTemplate$SqlSessionInterceptor.invoke(SqlSessionTemplate.java:426)
	at com.sun.proxy.$Proxy59.selectOne(Unknown Source)
	at org.mybatis.spring.SqlSessionTemplate.selectOne(SqlSessionTemplate.java:159)
	at org.apache.ibatis.binding.MapperMethod.execute(MapperMethod.java:87)
	at org.apache.ibatis.binding.MapperProxy.invoke(MapperProxy.java:57)
	at com.sun.proxy.$Proxy61.checkUserWithSessionKey(Unknown Source)
	at com.daejist.login.service.LoginServiceImp.checkUserWithSessionKey(LoginServiceImp.java:84)
	at com.daejist.login.controller.LoginController.login(LoginController.java:75)
	at sun.reflect.GeneratedMethodAccessor76.invoke(Unknown Source)
	at sun.reflect.DelegatingMethodAccessorImpl.invoke(DelegatingMethodAccessorImpl.java:43)
	at java.lang.reflect.Method.invoke(Method.java:498)
	at org.springframework.web.method.support.InvocableHandlerMethod.doInvoke(InvocableHandlerMethod.java:190)
	at org.springframework.web.method.support.InvocableHandlerMethod.invokeForRequest(InvocableHandlerMethod.java:138)
	at org.springframework.web.servlet.mvc.method.annotation.ServletInvocableHandlerMethod.invokeAndHandle(ServletInvocableHandlerMethod.java:104)
	at org.springframework.web.servlet.mvc.method.annotation.RequestMappingHandlerAdapter.invokeHandlerMethod(RequestMappingHandlerAdapter.java:892)
	at org.springframework.web.servlet.mvc.method.annotation.RequestMappingHandlerAdapter.handleInternal(RequestMappingHandlerAdapter.java:797)
	at org.springframework.web.servlet.mvc.method.AbstractHandlerMethodAdapter.handle(AbstractHandlerMethodAdapter.java:87)
	at org.springframework.web.servlet.DispatcherServlet.doDispatch(DispatcherServlet.java:1039)
	at org.springframework.web.servlet.DispatcherServlet.doService(DispatcherServlet.java:942)
	at org.springframework.web.servlet.FrameworkServlet.processRequest(FrameworkServlet.java:1005)
	at org.springframework.web.servlet.FrameworkServlet.doGet(FrameworkServlet.java:897)
	at javax.servlet.http.HttpServlet.service(HttpServlet.java:622)
	at org.springframework.web.servlet.FrameworkServlet.service(FrameworkServlet.java:882)
	at javax.servlet.http.HttpServlet.service(HttpServlet.java:729)
	at org.apache.catalina.core.ApplicationFilterChain.internalDoFilter(ApplicationFilterChain.java:292)
	at org.apache.catalina.core.ApplicationFilterChain.doFilter(ApplicationFilterChain.java:207)
	at org.apache.tomcat.websocket.server.WsFilter.doFilter(WsFilter.java:52)
	at org.apache.catalina.core.ApplicationFilterChain.internalDoFilter(ApplicationFilterChain.java:240)
	at org.apache.catalina.core.ApplicationFilterChain.doFilter(ApplicationFilterChain.java:207)
	at org.springframework.web.filter.CharacterEncodingFilter.doFilterInternal(CharacterEncodingFilter.java:200)
	at org.springframework.web.filter.OncePerRequestFilter.doFilter(OncePerRequestFilter.java:118)
	at org.apache.catalina.core.ApplicationFilterChain.internalDoFilter(ApplicationFilterChain.java:240)
	at org.apache.catalina.core.ApplicationFilterChain.doFilter(ApplicationFilterChain.java:207)
	at org.apache.catalina.core.StandardWrapperValve.invoke(StandardWrapperValve.java:212)
	at org.apache.catalina.core.StandardContextValve.invoke(StandardContextValve.java:94)
	at org.apache.catalina.core.StandardHostValve.invoke(StandardHostValve.java:141)
	at org.apache.catalina.valves.ErrorReportValve.invoke(ErrorReportValve.java:79)
	at org.apache.catalina.core.StandardEngineValve.invoke(StandardEngineValve.java:88)
	at org.apache.catalina.connector.CoyoteAdapter.service(CoyoteAdapter.java:502)
	at org.apache.coyote.http11.AbstractHttp11Processor.process(AbstractHttp11Processor.java:1132)
	at org.apache.coyote.AbstractProtocol$AbstractConnectionHandler.process(AbstractProtocol.java:684)
	at org.apache.tomcat.util.net.NioEndpoint$SocketProcessor.doRun(NioEndpoint.java:1539)
	at org.apache.tomcat.util.net.NioEndpoint$SocketProcessor.run(NioEndpoint.java:1495)
	at java.util.concurrent.ThreadPoolExecutor.runWorker(ThreadPoolExecutor.java:1142)
	at java.util.concurrent.ThreadPoolExecutor$Worker.run(ThreadPoolExecutor.java:617)
	at org.apache.tomcat.util.threads.TaskThread$WrappingRunnable.run(TaskThread.java:61)
	at java.lang.Thread.run(Thread.java:745)

10-Aug-2026 12:16:48.085 심각 [http-nio-8855-exec-22] org.apache.catalina.core.StandardWrapperValve.invoke Servlet.service() for servlet [appServlet] in context with path [] threw exception [Request processing failed; nested exception is org.mybatis.spring.MyBatisSystemException: nested exception is org.apache.ibatis.exceptions.PersistenceException: 
### Error querying database.  Cause: org.springframework.jdbc.CannotGetJdbcConnectionException: Failed to obtain JDBC Connection; nested exception is org.apache.commons.dbcp.SQLNestedException: Cannot create PoolableConnectionFactory (호스트 61.32.101.234, 포트 1433에 대한 TCP/IP 연결에 실패했습니다. 오류: "connect timed out. 연결 속성을 확인하십시오. SQL Server의 인스턴스가 호스트에서 실행되고 있고 포트에서 TCP/IP 연결을 허용하고 있는지 확인하십시오. 또한 방화벽에서 포트로의 TCP 연결을 차단하지 않는지 확인하십시오.".)
### The error may exist in com/daejist/login/mapper/LoginMapper.xml
### The error may involve com.daejist.login.mapper.LoginMapper.checkUserWithSessionKey
### The error occurred while executing a query
### Cause: org.springframework.jdbc.CannotGetJdbcConnectionException: Failed to obtain JDBC Connection; nested exception is org.apache.commons.dbcp.SQLNestedException: Cannot create PoolableConnectionFactory (호스트 61.32.101.234, 포트 1433에 대한 TCP/IP 연결에 실패했습니다. 오류: "connect timed out. 연결 속성을 확인하십시오. SQL Server의 인스턴스가 호스트에서 실행되고 있고 포트에서 TCP/IP 연결을 허용하고 있는지 확인하십시오. 또한 방화벽에서 포트로의 TCP 연결을 차단하지 않는지 확인하십시오.".)] with root cause
 com.microsoft.sqlserver.jdbc.SQLServerException: 호스트 61.32.101.234, 포트 1433에 대한 TCP/IP 연결에 실패했습니다. 오류: "connect timed out. 연결 속성을 확인하십시오. SQL Server의 인스턴스가 호스트에서 실행되고 있고 포트에서 TCP/IP 연결을 허용하고 있는지 확인하십시오. 또한 방화벽에서 포트로의 TCP 연결을 차단하지 않는지 확인하십시오.".
	at com.microsoft.sqlserver.jdbc.SQLServerException.makeFromDriverError(SQLServerException.java:234)
	at com.microsoft.sqlserver.jdbc.SQLServerException.ConvertConnectExceptionToSQLServerException(SQLServerException.java:285)
	at com.microsoft.sqlserver.jdbc.SocketFinder.findSocket(IOBuffer.java:2462)
	at com.microsoft.sqlserver.jdbc.TDSChannel.open(IOBuffer.java:668)
	at com.microsoft.sqlserver.jdbc.SQLServerConnection.connectHelper(SQLServerConnection.java:2695)
	at com.microsoft.sqlserver.jdbc.SQLServerConnection.login(SQLServerConnection.java:2362)
	at com.microsoft.sqlserver.jdbc.SQLServerConnection.connectInternal(SQLServerConnection.java:2213)
	at com.microsoft.sqlserver.jdbc.SQLServerConnection.connect(SQLServerConnection.java:1276)
	at com.microsoft.sqlserver.jdbc.SQLServerDriver.connect(SQLServerDriver.java:861)
	at org.apache.commons.dbcp.DriverConnectionFactory.createConnection(DriverConnectionFactory.java:38)
	at org.apache.commons.dbcp.PoolableConnectionFactory.makeObject(PoolableConnectionFactory.java:582)
	at org.apache.commons.dbcp.BasicDataSource.validateConnectionFactory(BasicDataSource.java:1556)
	at org.apache.commons.dbcp.BasicDataSource.createPoolableConnectionFactory(BasicDataSource.java:1545)
	at org.apache.commons.dbcp.BasicDataSource.createDataSource(BasicDataSource.java:1388)
	at org.apache.commons.dbcp.BasicDataSource.getConnection(BasicDataSource.java:1044)
	at org.springframework.jdbc.datasource.DataSourceUtils.fetchConnection(DataSourceUtils.java:157)
	at org.springframework.jdbc.datasource.DataSourceUtils.doGetConnection(DataSourceUtils.java:115)
	at org.springframework.jdbc.datasource.DataSourceUtils.getConnection(DataSourceUtils.java:78)
	at org.mybatis.spring.transaction.SpringManagedTransaction.openConnection(SpringManagedTransaction.java:80)
	at org.mybatis.spring.transaction.SpringManagedTransaction.getConnection(SpringManagedTransaction.java:67)
	at org.apache.ibatis.executor.BaseExecutor.getConnection(BaseExecutor.java:336)
	at org.apache.ibatis.executor.SimpleExecutor.prepareStatement(SimpleExecutor.java:85)
	at org.apache.ibatis.executor.SimpleExecutor.doQuery(SimpleExecutor.java:62)
	at org.apache.ibatis.executor.BaseExecutor.queryFromDatabase(BaseExecutor.java:324)
	at org.apache.ibatis.executor.BaseExecutor.query(BaseExecutor.java:156)
	at org.apache.ibatis.executor.CachingExecutor.query(CachingExecutor.java:109)
	at org.apache.ibatis.executor.CachingExecutor.query(CachingExecutor.java:83)
	at org.apache.ibatis.session.defaults.DefaultSqlSession.selectList(DefaultSqlSession.java:147)
	at org.apache.ibatis.session.defaults.DefaultSqlSession.selectList(DefaultSqlSession.java:140)
	at org.apache.ibatis.session.defaults.DefaultSqlSession.selectOne(DefaultSqlSession.java:76)
	at sun.reflect.GeneratedMethodAccessor77.invoke(Unknown Source)
	at sun.reflect.DelegatingMethodAccessorImpl.invoke(DelegatingMethodAccessorImpl.java:43)
	at java.lang.reflect.Method.invoke(Method.java:498)
	at org.mybatis.spring.SqlSessionTemplate$SqlSessionInterceptor.invoke(SqlSessionTemplate.java:426)
	at com.sun.proxy.$Proxy59.selectOne(Unknown Source)
	at org.mybatis.spring.SqlSessionTemplate.selectOne(SqlSessionTemplate.java:159)
	at org.apache.ibatis.binding.MapperMethod.execute(MapperMethod.java:87)
	at org.apache.ibatis.binding.MapperProxy.invoke(MapperProxy.java:57)
	at com.sun.proxy.$Proxy61.checkUserWithSessionKey(Unknown Source)
	at com.daejist.login.service.LoginServiceImp.checkUserWithSessionKey(LoginServiceImp.java:84)
	at com.daejist.login.controller.LoginController.login(LoginController.java:75)
	at sun.reflect.GeneratedMethodAccessor76.invoke(Unknown Source)
	at sun.reflect.DelegatingMethodAccessorImpl.invoke(DelegatingMethodAccessorImpl.java:43)
	at java.lang.reflect.Method.invoke(Method.java:498)
	at org.springframework.web.method.support.InvocableHandlerMethod.doInvoke(InvocableHandlerMethod.java:190)
	at org.springframework.web.method.support.InvocableHandlerMethod.invokeForRequest(InvocableHandlerMethod.java:138)
	at org.springframework.web.servlet.mvc.method.annotation.ServletInvocableHandlerMethod.invokeAndHandle(ServletInvocableHandlerMethod.java:104)
	at org.springframework.web.servlet.mvc.method.annotation.RequestMappingHandlerAdapter.invokeHandlerMethod(RequestMappingHandlerAdapter.java:892)
	at org.springframework.web.servlet.mvc.method.annotation.RequestMappingHandlerAdapter.handleInternal(RequestMappingHandlerAdapter.java:797)
	at org.springframework.web.servlet.mvc.method.AbstractHandlerMethodAdapter.handle(AbstractHandlerMethodAdapter.java:87)
	at org.springframework.web.servlet.DispatcherServlet.doDispatch(DispatcherServlet.java:1039)
	at org.springframework.web.servlet.DispatcherServlet.doService(DispatcherServlet.java:942)
	at org.springframework.web.servlet.FrameworkServlet.processRequest(FrameworkServlet.java:1005)
	at org.springframework.web.servlet.FrameworkServlet.doGet(FrameworkServlet.java:897)
	at javax.servlet.http.HttpServlet.service(HttpServlet.java:622)
	at org.springframework.web.servlet.FrameworkServlet.service(FrameworkServlet.java:882)
	at javax.servlet.http.HttpServlet.service(HttpServlet.java:729)
	at org.apache.catalina.core.ApplicationFilterChain.internalDoFilter(ApplicationFilterChain.java:292)
	at org.apache.catalina.core.ApplicationFilterChain.doFilter(ApplicationFilterChain.java:207)
	at org.apache.tomcat.websocket.server.WsFilter.doFilter(WsFilter.java:52)
	at org.apache.catalina.core.ApplicationFilterChain.internalDoFilter(ApplicationFilterChain.java:240)
	at org.apache.catalina.core.ApplicationFilterChain.doFilter(ApplicationFilterChain.java:207)
	at org.springframework.web.filter.CharacterEncodingFilter.doFilterInternal(CharacterEncodingFilter.java:200)
	at org.springframework.web.filter.OncePerRequestFilter.doFilter(OncePerRequestFilter.java:118)
	at org.apache.catalina.core.ApplicationFilterChain.internalDoFilter(ApplicationFilterChain.java:240)
	at org.apache.catalina.core.ApplicationFilterChain.doFilter(ApplicationFilterChain.java:207)
	at org.apache.catalina.core.StandardWrapperValve.invoke(StandardWrapperValve.java:212)
	at org.apache.catalina.core.StandardContextValve.invoke(StandardContextValve.java:94)
	at org.apache.catalina.core.StandardHostValve.invoke(StandardHostValve.java:141)
	at org.apache.catalina.valves.ErrorReportValve.invoke(ErrorReportValve.java:79)
	at org.apache.catalina.core.StandardEngineValve.invoke(StandardEngineValve.java:88)
	at org.apache.catalina.connector.CoyoteAdapter.service(CoyoteAdapter.java:502)
	at org.apache.coyote.http11.AbstractHttp11Processor.process(AbstractHttp11Processor.java:1132)
	at org.apache.coyote.AbstractProtocol$AbstractConnectionHandler.process(AbstractProtocol.java:684)
	at org.apache.tomcat.util.net.NioEndpoint$SocketProcessor.doRun(NioEndpoint.java:1539)
	at org.apache.tomcat.util.net.NioEndpoint$SocketProcessor.run(NioEndpoint.java:1495)
	at java.util.concurrent.ThreadPoolExecutor.runWorker(ThreadPoolExecutor.java:1142)
	at java.util.concurrent.ThreadPoolExecutor$Worker.run(ThreadPoolExecutor.java:617)
	at org.apache.tomcat.util.threads.TaskThread$WrappingRunnable.run(TaskThread.java:61)
	at java.lang.Thread.run(Thread.java:745)

10-Aug-2026 12:17:03.090 심각 [http-nio-8855-exec-21] org.apache.catalina.core.StandardWrapperValve.invoke Servlet.service() for servlet [appServlet] in context with path [] threw exception [Request processing failed; nested exception is org.mybatis.spring.MyBatisSystemException: nested exception is org.apache.ibatis.exceptions.PersistenceException: 
### Error querying database.  Cause: org.springframework.jdbc.CannotGetJdbcConnectionException: Failed to obtain JDBC Connection; nested exception is org.apache.commons.dbcp.SQLNestedException: Cannot create PoolableConnectionFactory (호스트 61.32.101.234, 포트 1433에 대한 TCP/IP 연결에 실패했습니다. 오류: "connect timed out. 연결 속성을 확인하십시오. SQL Server의 인스턴스가 호스트에서 실행되고 있고 포트에서 TCP/IP 연결을 허용하고 있는지 확인하십시오. 또한 방화벽에서 포트로의 TCP 연결을 차단하지 않는지 확인하십시오.".)
### The error may exist in com/daejist/login/mapper/LoginMapper.xml
### The error may involve com.daejist.login.mapper.LoginMapper.checkUserWithSessionKey
### The error occurred while executing a query
### Cause: org.springframework.jdbc.CannotGetJdbcConnectionException: Failed to obtain JDBC Connection; nested exception is org.apache.commons.dbcp.SQLNestedException: Cannot create PoolableConnectionFactory (호스트 61.32.101.234, 포트 1433에 대한 TCP/IP 연결에 실패했습니다. 오류: "connect timed out. 연결 속성을 확인하십시오. SQL Server의 인스턴스가 호스트에서 실행되고 있고 포트에서 TCP/IP 연결을 허용하고 있는지 확인하십시오. 또한 방화벽에서 포트로의 TCP 연결을 차단하지 않는지 확인하십시오.".)] with root cause
 com.microsoft.sqlserver.jdbc.SQLServerException: 호스트 61.32.101.234, 포트 1433에 대한 TCP/IP 연결에 실패했습니다. 오류: "connect timed out. 연결 속성을 확인하십시오. SQL Server의 인스턴스가 호스트에서 실행되고 있고 포트에서 TCP/IP 연결을 허용하고 있는지 확인하십시오. 또한 방화벽에서 포트로의 TCP 연결을 차단하지 않는지 확인하십시오.".
	at com.microsoft.sqlserver.jdbc.SQLServerException.makeFromDriverError(SQLServerException.java:234)
	at com.microsoft.sqlserver.jdbc.SQLServerException.ConvertConnectExceptionToSQLServerException(SQLServerException.java:285)
	at com.microsoft.sqlserver.jdbc.SocketFinder.findSocket(IOBuffer.java:2462)
	at com.microsoft.sqlserver.jdbc.TDSChannel.open(IOBuffer.java:668)
	at com.microsoft.sqlserver.jdbc.SQLServerConnection.connectHelper(SQLServerConnection.java:2695)
	at com.microsoft.sqlserver.jdbc.SQLServerConnection.login(SQLServerConnection.java:2362)
	at com.microsoft.sqlserver.jdbc.SQLServerConnection.connectInternal(SQLServerConnection.java:2213)
	at com.microsoft.sqlserver.jdbc.SQLServerConnection.connect(SQLServerConnection.java:1276)
	at com.microsoft.sqlserver.jdbc.SQLServerDriver.connect(SQLServerDriver.java:861)
	at org.apache.commons.dbcp.DriverConnectionFactory.createConnection(DriverConnectionFactory.java:38)
	at org.apache.commons.dbcp.PoolableConnectionFactory.makeObject(PoolableConnectionFactory.java:582)
	at org.apache.commons.dbcp.BasicDataSource.validateConnectionFactory(BasicDataSource.java:1556)
	at org.apache.commons.dbcp.BasicDataSource.createPoolableConnectionFactory(BasicDataSource.java:1545)
	at org.apache.commons.dbcp.BasicDataSource.createDataSource(BasicDataSource.java:1388)
	at org.apache.commons.dbcp.BasicDataSource.getConnection(BasicDataSource.java:1044)
	at org.springframework.jdbc.datasource.DataSourceUtils.fetchConnection(DataSourceUtils.java:157)
	at org.springframework.jdbc.datasource.DataSourceUtils.doGetConnection(DataSourceUtils.java:115)
	at org.springframework.jdbc.datasource.DataSourceUtils.getConnection(DataSourceUtils.java:78)
	at org.mybatis.spring.transaction.SpringManagedTransaction.openConnection(SpringManagedTransaction.java:80)
	at org.mybatis.spring.transaction.SpringManagedTransaction.getConnection(SpringManagedTransaction.java:67)
	at org.apache.ibatis.executor.BaseExecutor.getConnection(BaseExecutor.java:336)
	at org.apache.ibatis.executor.SimpleExecutor.prepareStatement(SimpleExecutor.java:85)
	at org.apache.ibatis.executor.SimpleExecutor.doQuery(SimpleExecutor.java:62)
	at org.apache.ibatis.executor.BaseExecutor.queryFromDatabase(BaseExecutor.java:324)
	at org.apache.ibatis.executor.BaseExecutor.query(BaseExecutor.java:156)
	at org.apache.ibatis.executor.CachingExecutor.query(CachingExecutor.java:109)
	at org.apache.ibatis.executor.CachingExecutor.query(CachingExecutor.java:83)
	at org.apache.ibatis.session.defaults.DefaultSqlSession.selectList(DefaultSqlSession.java:147)
	at org.apache.ibatis.session.defaults.DefaultSqlSession.selectList(DefaultSqlSession.java:140)
	at org.apache.ibatis.session.defaults.DefaultSqlSession.selectOne(DefaultSqlSession.java:76)
	at sun.reflect.GeneratedMethodAccessor77.invoke(Unknown Source)
	at sun.reflect.DelegatingMethodAccessorImpl.invoke(DelegatingMethodAccessorImpl.java:43)
	at java.lang.reflect.Method.invoke(Method.java:498)
	at org.mybatis.spring.SqlSessionTemplate$SqlSessionInterceptor.invoke(SqlSessionTemplate.java:426)
	at com.sun.proxy.$Proxy59.selectOne(Unknown Source)
	at org.mybatis.spring.SqlSessionTemplate.selectOne(SqlSessionTemplate.java:159)
	at org.apache.ibatis.binding.MapperMethod.execute(MapperMethod.java:87)
	at org.apache.ibatis.binding.MapperProxy.invoke(MapperProxy.java:57)
	at com.sun.proxy.$Proxy61.checkUserWithSessionKey(Unknown Source)
	at com.daejist.login.service.LoginServiceImp.checkUserWithSessionKey(LoginServiceImp.java:84)
	at com.daejist.login.controller.LoginController.login(LoginController.java:75)
	at sun.reflect.GeneratedMethodAccessor76.invoke(Unknown Source)
	at sun.reflect.DelegatingMethodAccessorImpl.invoke(DelegatingMethodAccessorImpl.java:43)
	at java.lang.reflect.Method.invoke(Method.java:498)
	at org.springframework.web.method.support.InvocableHandlerMethod.doInvoke(InvocableHandlerMethod.java:190)
	at org.springframework.web.method.support.InvocableHandlerMethod.invokeForRequest(InvocableHandlerMethod.java:138)
	at org.springframework.web.servlet.mvc.method.annotation.ServletInvocableHandlerMethod.invokeAndHandle(ServletInvocableHandlerMethod.java:104)
	at org.springframework.web.servlet.mvc.method.annotation.RequestMappingHandlerAdapter.invokeHandlerMethod(RequestMappingHandlerAdapter.java:892)
	at org.springframework.web.servlet.mvc.method.annotation.RequestMappingHandlerAdapter.handleInternal(RequestMappingHandlerAdapter.java:797)
	at org.springframework.web.servlet.mvc.method.AbstractHandlerMethodAdapter.handle(AbstractHandlerMethodAdapter.java:87)
	at org.springframework.web.servlet.DispatcherServlet.doDispatch(DispatcherServlet.java:1039)
	at org.springframework.web.servlet.DispatcherServlet.doService(DispatcherServlet.java:942)
	at org.springframework.web.servlet.FrameworkServlet.processRequest(FrameworkServlet.java:1005)
	at org.springframework.web.servlet.FrameworkServlet.doGet(FrameworkServlet.java:897)
	at javax.servlet.http.HttpServlet.service(HttpServlet.java:622)
	at org.springframework.web.servlet.FrameworkServlet.service(FrameworkServlet.java:882)
	at javax.servlet.http.HttpServlet.service(HttpServlet.java:729)
	at org.apache.catalina.core.ApplicationFilterChain.internalDoFilter(ApplicationFilterChain.java:292)
	at org.apache.catalina.core.ApplicationFilterChain.doFilter(ApplicationFilterChain.java:207)
	at org.apache.tomcat.websocket.server.WsFilter.doFilter(WsFilter.java:52)
	at org.apache.catalina.core.ApplicationFilterChain.internalDoFilter(ApplicationFilterChain.java:240)
	at org.apache.catalina.core.ApplicationFilterChain.doFilter(ApplicationFilterChain.java:207)
	at org.springframework.web.filter.CharacterEncodingFilter.doFilterInternal(CharacterEncodingFilter.java:200)
	at org.springframework.web.filter.OncePerRequestFilter.doFilter(OncePerRequestFilter.java:118)
	at org.apache.catalina.core.ApplicationFilterChain.internalDoFilter(ApplicationFilterChain.java:240)
	at org.apache.catalina.core.ApplicationFilterChain.doFilter(ApplicationFilterChain.java:207)
	at org.apache.catalina.core.StandardWrapperValve.invoke(StandardWrapperValve.java:212)
	at org.apache.catalina.core.StandardContextValve.invoke(StandardContextValve.java:94)
	at org.apache.catalina.core.StandardHostValve.invoke(StandardHostValve.java:141)
	at org.apache.catalina.valves.ErrorReportValve.invoke(ErrorReportValve.java:79)
	at org.apache.catalina.core.StandardEngineValve.invoke(StandardEngineValve.java:88)
	at org.apache.catalina.connector.CoyoteAdapter.service(CoyoteAdapter.java:502)
	at org.apache.coyote.http11.AbstractHttp11Processor.process(AbstractHttp11Processor.java:1132)
	at org.apache.coyote.AbstractProtocol$AbstractConnectionHandler.process(AbstractProtocol.java:684)
	at org.apache.tomcat.util.net.NioEndpoint$SocketProcessor.doRun(NioEndpoint.java:1539)
	at org.apache.tomcat.util.net.NioEndpoint$SocketProcessor.run(NioEndpoint.java:1495)
	at java.util.concurrent.ThreadPoolExecutor.runWorker(ThreadPoolExecutor.java:1142)
	at java.util.concurrent.ThreadPoolExecutor$Worker.run(ThreadPoolExecutor.java:617)
	at org.apache.tomcat.util.threads.TaskThread$WrappingRunnable.run(TaskThread.java:61)
	at java.lang.Thread.run(Thread.java:745)

10-Aug-2026 12:17:18.095 심각 [http-nio-8855-exec-20] org.apache.catalina.core.StandardWrapperValve.invoke Servlet.service() for servlet [appServlet] in context with path [] threw exception [Request processing failed; nested exception is org.mybatis.spring.MyBatisSystemException: nested exception is org.apache.ibatis.exceptions.PersistenceException: 
### Error querying database.  Cause: org.springframework.jdbc.CannotGetJdbcConnectionException: Failed to obtain JDBC Connection; nested exception is org.apache.commons.dbcp.SQLNestedException: Cannot create PoolableConnectionFactory (호스트 61.32.101.234, 포트 1433에 대한 TCP/IP 연결에 실패했습니다. 오류: "connect timed out. 연결 속성을 확인하십시오. SQL Server의 인스턴스가 호스트에서 실행되고 있고 포트에서 TCP/IP 연결을 허용하고 있는지 확인하십시오. 또한 방화벽에서 포트로의 TCP 연결을 차단하지 않는지 확인하십시오.".)
### The error may exist in com/daejist/login/mapper/LoginMapper.xml
### The error may involve com.daejist.login.mapper.LoginMapper.checkUserWithSessionKey
### The error occurred while executing a query
### Cause: org.springframework.jdbc.CannotGetJdbcConnectionException: Failed to obtain JDBC Connection; nested exception is org.apache.commons.dbcp.SQLNestedException: Cannot create PoolableConnectionFactory (호스트 61.32.101.234, 포트 1433에 대한 TCP/IP 연결에 실패했습니다. 오류: "connect timed out. 연결 속성을 확인하십시오. SQL Server의 인스턴스가 호스트에서 실행되고 있고 포트에서 TCP/IP 연결을 허용하고 있는지 확인하십시오. 또한 방화벽에서 포트로의 TCP 연결을 차단하지 않는지 확인하십시오.".)] with root cause
 com.microsoft.sqlserver.jdbc.SQLServerException: 호스트 61.32.101.234, 포트 1433에 대한 TCP/IP 연결에 실패했습니다. 오류: "connect timed out. 연결 속성을 확인하십시오. SQL Server의 인스턴스가 호스트에서 실행되고 있고 포트에서 TCP/IP 연결을 허용하고 있는지 확인하십시오. 또한 방화벽에서 포트로의 TCP 연결을 차단하지 않는지 확인하십시오.".
	at com.microsoft.sqlserver.jdbc.SQLServerException.makeFromDriverError(SQLServerException.java:234)
	at com.microsoft.sqlserver.jdbc.SQLServerException.ConvertConnectExceptionToSQLServerException(SQLServerException.java:285)
	at com.microsoft.sqlserver.jdbc.SocketFinder.findSocket(IOBuffer.java:2462)
	at com.microsoft.sqlserver.jdbc.TDSChannel.open(IOBuffer.java:668)
	at com.microsoft.sqlserver.jdbc.SQLServerConnection.connectHelper(SQLServerConnection.java:2695)
	at com.microsoft.sqlserver.jdbc.SQLServerConnection.login(SQLServerConnection.java:2362)
	at com.microsoft.sqlserver.jdbc.SQLServerConnection.connectInternal(SQLServerConnection.java:2213)
	at com.microsoft.sqlserver.jdbc.SQLServerConnection.connect(SQLServerConnection.java:1276)
	at com.microsoft.sqlserver.jdbc.SQLServerDriver.connect(SQLServerDriver.java:861)
	at org.apache.commons.dbcp.DriverConnectionFactory.createConnection(DriverConnectionFactory.java:38)
	at org.apache.commons.dbcp.PoolableConnectionFactory.makeObject(PoolableConnectionFactory.java:582)
	at org.apache.commons.dbcp.BasicDataSource.validateConnectionFactory(BasicDataSource.java:1556)
	at org.apache.commons.dbcp.BasicDataSource.createPoolableConnectionFactory(BasicDataSource.java:1545)
	at org.apache.commons.dbcp.BasicDataSource.createDataSource(BasicDataSource.java:1388)
	at org.apache.commons.dbcp.BasicDataSource.getConnection(BasicDataSource.java:1044)
	at org.springframework.jdbc.datasource.DataSourceUtils.fetchConnection(DataSourceUtils.java:157)
	at org.springframework.jdbc.datasource.DataSourceUtils.doGetConnection(DataSourceUtils.java:115)
	at org.springframework.jdbc.datasource.DataSourceUtils.getConnection(DataSourceUtils.java:78)
	at org.mybatis.spring.transaction.SpringManagedTransaction.openConnection(SpringManagedTransaction.java:80)
	at org.mybatis.spring.transaction.SpringManagedTransaction.getConnection(SpringManagedTransaction.java:67)
	at org.apache.ibatis.executor.BaseExecutor.getConnection(BaseExecutor.java:336)
	at org.apache.ibatis.executor.SimpleExecutor.prepareStatement(SimpleExecutor.java:85)
	at org.apache.ibatis.executor.SimpleExecutor.doQuery(SimpleExecutor.java:62)
	at org.apache.ibatis.executor.BaseExecutor.queryFromDatabase(BaseExecutor.java:324)
	at org.apache.ibatis.executor.BaseExecutor.query(BaseExecutor.java:156)
	at org.apache.ibatis.executor.CachingExecutor.query(CachingExecutor.java:109)
	at org.apache.ibatis.executor.CachingExecutor.query(CachingExecutor.java:83)
	at org.apache.ibatis.session.defaults.DefaultSqlSession.selectList(DefaultSqlSession.java:147)
	at org.apache.ibatis.session.defaults.DefaultSqlSession.selectList(DefaultSqlSession.java:140)
	at org.apache.ibatis.session.defaults.DefaultSqlSession.selectOne(DefaultSqlSession.java:76)
	at sun.reflect.GeneratedMethodAccessor77.invoke(Unknown Source)
	at sun.reflect.DelegatingMethodAccessorImpl.invoke(DelegatingMethodAccessorImpl.java:43)
	at java.lang.reflect.Method.invoke(Method.java:498)
	at org.mybatis.spring.SqlSessionTemplate$SqlSessionInterceptor.invoke(SqlSessionTemplate.java:426)
	at com.sun.proxy.$Proxy59.selectOne(Unknown Source)
	at org.mybatis.spring.SqlSessionTemplate.selectOne(SqlSessionTemplate.java:159)
	at org.apache.ibatis.binding.MapperMethod.execute(MapperMethod.java:87)
	at org.apache.ibatis.binding.MapperProxy.invoke(MapperProxy.java:57)
	at com.sun.proxy.$Proxy61.checkUserWithSessionKey(Unknown Source)
	at com.daejist.login.service.LoginServiceImp.checkUserWithSessionKey(LoginServiceImp.java:84)
	at com.daejist.login.controller.LoginController.login(LoginController.java:75)
	at sun.reflect.GeneratedMethodAccessor76.invoke(Unknown Source)
	at sun.reflect.DelegatingMethodAccessorImpl.invoke(DelegatingMethodAccessorImpl.java:43)
	at java.lang.reflect.Method.invoke(Method.java:498)
	at org.springframework.web.method.support.InvocableHandlerMethod.doInvoke(InvocableHandlerMethod.java:190)
	at org.springframework.web.method.support.InvocableHandlerMethod.invokeForRequest(InvocableHandlerMethod.java:138)
	at org.springframework.web.servlet.mvc.method.annotation.ServletInvocableHandlerMethod.invokeAndHandle(ServletInvocableHandlerMethod.java:104)
	at org.springframework.web.servlet.mvc.method.annotation.RequestMappingHandlerAdapter.invokeHandlerMethod(RequestMappingHandlerAdapter.java:892)
	at org.springframework.web.servlet.mvc.method.annotation.RequestMappingHandlerAdapter.handleInternal(RequestMappingHandlerAdapter.java:797)
	at org.springframework.web.servlet.mvc.method.AbstractHandlerMethodAdapter.handle(AbstractHandlerMethodAdapter.java:87)
	at org.springframework.web.servlet.DispatcherServlet.doDispatch(DispatcherServlet.java:1039)
	at org.springframework.web.servlet.DispatcherServlet.doService(DispatcherServlet.java:942)
	at org.springframework.web.servlet.FrameworkServlet.processRequest(FrameworkServlet.java:1005)
	at org.springframework.web.servlet.FrameworkServlet.doGet(FrameworkServlet.java:897)
	at javax.servlet.http.HttpServlet.service(HttpServlet.java:622)
	at org.springframework.web.servlet.FrameworkServlet.service(FrameworkServlet.java:882)
	at javax.servlet.http.HttpServlet.service(HttpServlet.java:729)
	at org.apache.catalina.core.ApplicationFilterChain.internalDoFilter(ApplicationFilterChain.java:292)
	at org.apache.catalina.core.ApplicationFilterChain.doFilter(ApplicationFilterChain.java:207)
	at org.apache.tomcat.websocket.server.WsFilter.doFilter(WsFilter.java:52)
	at org.apache.catalina.core.ApplicationFilterChain.internalDoFilter(ApplicationFilterChain.java:240)
	at org.apache.catalina.core.ApplicationFilterChain.doFilter(ApplicationFilterChain.java:207)
	at org.springframework.web.filter.CharacterEncodingFilter.doFilterInternal(CharacterEncodingFilter.java:200)
	at org.springframework.web.filter.OncePerRequestFilter.doFilter(OncePerRequestFilter.java:118)
	at org.apache.catalina.core.ApplicationFilterChain.internalDoFilter(ApplicationFilterChain.java:240)
	at org.apache.catalina.core.ApplicationFilterChain.doFilter(ApplicationFilterChain.java:207)
	at org.apache.catalina.core.StandardWrapperValve.invoke(StandardWrapperValve.java:212)
	at org.apache.catalina.core.StandardContextValve.invoke(StandardContextValve.java:94)
	at org.apache.catalina.core.StandardHostValve.invoke(StandardHostValve.java:141)
	at org.apache.catalina.valves.ErrorReportValve.invoke(ErrorReportValve.java:79)
	at org.apache.catalina.core.StandardEngineValve.invoke(StandardEngineValve.java:88)
	at org.apache.catalina.connector.CoyoteAdapter.service(CoyoteAdapter.java:502)
	at org.apache.coyote.http11.AbstractHttp11Processor.process(AbstractHttp11Processor.java:1132)
	at org.apache.coyote.AbstractProtocol$AbstractConnectionHandler.process(AbstractProtocol.java:684)
	at org.apache.tomcat.util.net.NioEndpoint$SocketProcessor.doRun(NioEndpoint.java:1539)
	at org.apache.tomcat.util.net.NioEndpoint$SocketProcessor.run(NioEndpoint.java:1495)
	at java.util.concurrent.ThreadPoolExecutor.runWorker(ThreadPoolExecutor.java:1142)
	at java.util.concurrent.ThreadPoolExecutor$Worker.run(ThreadPoolExecutor.java:617)
	at org.apache.tomcat.util.threads.TaskThread$WrappingRunnable.run(TaskThread.java:61)
	at java.lang.Thread.run(Thread.java:745)

10-Aug-2026 12:17:33.100 심각 [http-nio-8855-exec-19] org.apache.catalina.core.StandardWrapperValve.invoke Servlet.service() for servlet [appServlet] in context with path [] threw exception [Request processing failed; nested exception is org.mybatis.spring.MyBatisSystemException: nested exception is org.apache.ibatis.exceptions.PersistenceException: 
### Error querying database.  Cause: org.springframework.jdbc.CannotGetJdbcConnectionException: Failed to obtain JDBC Connection; nested exception is org.apache.commons.dbcp.SQLNestedException: Cannot create PoolableConnectionFactory (호스트 61.32.101.234, 포트 1433에 대한 TCP/IP 연결에 실패했습니다. 오류: "connect timed out. 연결 속성을 확인하십시오. SQL Server의 인스턴스가 호스트에서 실행되고 있고 포트에서 TCP/IP 연결을 허용하고 있는지 확인하십시오. 또한 방화벽에서 포트로의 TCP 연결을 차단하지 않는지 확인하십시오.".)
### The error may exist in com/daejist/login/mapper/LoginMapper.xml
### The error may involve com.daejist.login.mapper.LoginMapper.checkUserWithSessionKey
### The error occurred while executing a query
### Cause: org.springframework.jdbc.CannotGetJdbcConnectionException: Failed to obtain JDBC Connection; nested exception is org.apache.commons.dbcp.SQLNestedException: Cannot create PoolableConnectionFactory (호스트 61.32.101.234, 포트 1433에 대한 TCP/IP 연결에 실패했습니다. 오류: "connect timed out. 연결 속성을 확인하십시오. SQL Server의 인스턴스가 호스트에서 실행되고 있고 포트에서 TCP/IP 연결을 허용하고 있는지 확인하십시오. 또한 방화벽에서 포트로의 TCP 연결을 차단하지 않는지 확인하십시오.".)] with root cause
 com.microsoft.sqlserver.jdbc.SQLServerException: 호스트 61.32.101.234, 포트 1433에 대한 TCP/IP 연결에 실패했습니다. 오류: "connect timed out. 연결 속성을 확인하십시오. SQL Server의 인스턴스가 호스트에서 실행되고 있고 포트에서 TCP/IP 연결을 허용하고 있는지 확인하십시오. 또한 방화벽에서 포트로의 TCP 연결을 차단하지 않는지 확인하십시오.".
	at com.microsoft.sqlserver.jdbc.SQLServerException.makeFromDriverError(SQLServerException.java:234)
	at com.microsoft.sqlserver.jdbc.SQLServerException.ConvertConnectExceptionToSQLServerException(SQLServerException.java:285)
	at com.microsoft.sqlserver.jdbc.SocketFinder.findSocket(IOBuffer.java:2462)
	at com.microsoft.sqlserver.jdbc.TDSChannel.open(IOBuffer.java:668)
	at com.microsoft.sqlserver.jdbc.SQLServerConnection.connectHelper(SQLServerConnection.java:2695)
	at com.microsoft.sqlserver.jdbc.SQLServerConnection.login(SQLServerConnection.java:2362)
	at com.microsoft.sqlserver.jdbc.SQLServerConnection.connectInternal(SQLServerConnection.java:2213)
	at com.microsoft.sqlserver.jdbc.SQLServerConnection.connect(SQLServerConnection.java:1276)
	at com.microsoft.sqlserver.jdbc.SQLServerDriver.connect(SQLServerDriver.java:861)
	at org.apache.commons.dbcp.DriverConnectionFactory.createConnection(DriverConnectionFactory.java:38)
	at org.apache.commons.dbcp.PoolableConnectionFactory.makeObject(PoolableConnectionFactory.java:582)
	at org.apache.commons.dbcp.BasicDataSource.validateConnectionFactory(BasicDataSource.java:1556)
	at org.apache.commons.dbcp.BasicDataSource.createPoolableConnectionFactory(BasicDataSource.java:1545)
	at org.apache.commons.dbcp.BasicDataSource.createDataSource(BasicDataSource.java:1388)
	at org.apache.commons.dbcp.BasicDataSource.getConnection(BasicDataSource.java:1044)
	at org.springframework.jdbc.datasource.DataSourceUtils.fetchConnection(DataSourceUtils.java:157)
	at org.springframework.jdbc.datasource.DataSourceUtils.doGetConnection(DataSourceUtils.java:115)
	at org.springframework.jdbc.datasource.DataSourceUtils.getConnection(DataSourceUtils.java:78)
	at org.mybatis.spring.transaction.SpringManagedTransaction.openConnection(SpringManagedTransaction.java:80)
	at org.mybatis.spring.transaction.SpringManagedTransaction.getConnection(SpringManagedTransaction.java:67)
	at org.apache.ibatis.executor.BaseExecutor.getConnection(BaseExecutor.java:336)
	at org.apache.ibatis.executor.SimpleExecutor.prepareStatement(SimpleExecutor.java:85)
	at org.apache.ibatis.executor.SimpleExecutor.doQuery(SimpleExecutor.java:62)
	at org.apache.ibatis.executor.BaseExecutor.queryFromDatabase(BaseExecutor.java:324)
	at org.apache.ibatis.executor.BaseExecutor.query(BaseExecutor.java:156)
	at org.apache.ibatis.executor.CachingExecutor.query(CachingExecutor.java:109)
	at org.apache.ibatis.executor.CachingExecutor.query(CachingExecutor.java:83)
	at org.apache.ibatis.session.defaults.DefaultSqlSession.selectList(DefaultSqlSession.java:147)
	at org.apache.ibatis.session.defaults.DefaultSqlSession.selectList(DefaultSqlSession.java:140)
	at org.apache.ibatis.session.defaults.DefaultSqlSession.selectOne(DefaultSqlSession.java:76)
	at sun.reflect.GeneratedMethodAccessor77.invoke(Unknown Source)
	at sun.reflect.DelegatingMethodAccessorImpl.invoke(DelegatingMethodAccessorImpl.java:43)
	at java.lang.reflect.Method.invoke(Method.java:498)
	at org.mybatis.spring.SqlSessionTemplate$SqlSessionInterceptor.invoke(SqlSessionTemplate.java:426)
	at com.sun.proxy.$Proxy59.selectOne(Unknown Source)
	at org.mybatis.spring.SqlSessionTemplate.selectOne(SqlSessionTemplate.java:159)
	at org.apache.ibatis.binding.MapperMethod.execute(MapperMethod.java:87)
	at org.apache.ibatis.binding.MapperProxy.invoke(MapperProxy.java:57)
	at com.sun.proxy.$Proxy61.checkUserWithSessionKey(Unknown Source)
	at com.daejist.login.service.LoginServiceImp.checkUserWithSessionKey(LoginServiceImp.java:84)
	at com.daejist.login.controller.LoginController.login(LoginController.java:75)
	at sun.reflect.GeneratedMethodAccessor76.invoke(Unknown Source)
	at sun.reflect.DelegatingMethodAccessorImpl.invoke(DelegatingMethodAccessorImpl.java:43)
	at java.lang.reflect.Method.invoke(Method.java:498)
	at org.springframework.web.method.support.InvocableHandlerMethod.doInvoke(InvocableHandlerMethod.java:190)
	at org.springframework.web.method.support.InvocableHandlerMethod.invokeForRequest(InvocableHandlerMethod.java:138)
	at org.springframework.web.servlet.mvc.method.annotation.ServletInvocableHandlerMethod.invokeAndHandle(ServletInvocableHandlerMethod.java:104)
	at org.springframework.web.servlet.mvc.method.annotation.RequestMappingHandlerAdapter.invokeHandlerMethod(RequestMappingHandlerAdapter.java:892)
	at org.springframework.web.servlet.mvc.method.annotation.RequestMappingHandlerAdapter.handleInternal(RequestMappingHandlerAdapter.java:797)
	at org.springframework.web.servlet.mvc.method.AbstractHandlerMethodAdapter.handle(AbstractHandlerMethodAdapter.java:87)
	at org.springframework.web.servlet.DispatcherServlet.doDispatch(DispatcherServlet.java:1039)
	at org.springframework.web.servlet.DispatcherServlet.doService(DispatcherServlet.java:942)
	at org.springframework.web.servlet.FrameworkServlet.processRequest(FrameworkServlet.java:1005)
	at org.springframework.web.servlet.FrameworkServlet.doGet(FrameworkServlet.java:897)
	at javax.servlet.http.HttpServlet.service(HttpServlet.java:622)
	at org.springframework.web.servlet.FrameworkServlet.service(FrameworkServlet.java:882)
	at javax.servlet.http.HttpServlet.service(HttpServlet.java:729)
	at org.apache.catalina.core.ApplicationFilterChain.internalDoFilter(ApplicationFilterChain.java:292)
	at org.apache.catalina.core.ApplicationFilterChain.doFilter(ApplicationFilterChain.java:207)
	at org.apache.tomcat.websocket.server.WsFilter.doFilter(WsFilter.java:52)
	at org.apache.catalina.core.ApplicationFilterChain.internalDoFilter(ApplicationFilterChain.java:240)
	at org.apache.catalina.core.ApplicationFilterChain.doFilter(ApplicationFilterChain.java:207)
	at org.springframework.web.filter.CharacterEncodingFilter.doFilterInternal(CharacterEncodingFilter.java:200)
	at org.springframework.web.filter.OncePerRequestFilter.doFilter(OncePerRequestFilter.java:118)
	at org.apache.catalina.core.ApplicationFilterChain.internalDoFilter(ApplicationFilterChain.java:240)
	at org.apache.catalina.core.ApplicationFilterChain.doFilter(ApplicationFilterChain.java:207)
	at org.apache.catalina.core.StandardWrapperValve.invoke(StandardWrapperValve.java:212)
	at org.apache.catalina.core.StandardContextValve.invoke(StandardContextValve.java:94)
	at org.apache.catalina.core.StandardHostValve.invoke(StandardHostValve.java:141)
	at org.apache.catalina.valves.ErrorReportValve.invoke(ErrorReportValve.java:79)
	at org.apache.catalina.core.StandardEngineValve.invoke(StandardEngineValve.java:88)
	at org.apache.catalina.connector.CoyoteAdapter.service(CoyoteAdapter.java:502)
	at org.apache.coyote.http11.AbstractHttp11Processor.process(AbstractHttp11Processor.java:1132)
	at org.apache.coyote.AbstractProtocol$AbstractConnectionHandler.process(AbstractProtocol.java:684)
	at org.apache.tomcat.util.net.NioEndpoint$SocketProcessor.doRun(NioEndpoint.java:1539)
	at org.apache.tomcat.util.net.NioEndpoint$SocketProcessor.run(NioEndpoint.java:1495)
	at java.util.concurrent.ThreadPoolExecutor.runWorker(ThreadPoolExecutor.java:1142)
	at java.util.concurrent.ThreadPoolExecutor$Worker.run(ThreadPoolExecutor.java:617)
	at org.apache.tomcat.util.threads.TaskThread$WrappingRunnable.run(TaskThread.java:61)
	at java.lang.Thread.run(Thread.java:745)

10-Aug-2026 12:17:48.105 심각 [http-nio-8855-exec-18] org.apache.catalina.core.StandardWrapperValve.invoke Servlet.service() for servlet [appServlet] in context with path [] threw exception [Request processing failed; nested exception is org.mybatis.spring.MyBatisSystemException: nested exception is org.apache.ibatis.exceptions.PersistenceException: 
### Error querying database.  Cause: org.springframework.jdbc.CannotGetJdbcConnectionException: Failed to obtain JDBC Connection; nested exception is org.apache.commons.dbcp.SQLNestedException: Cannot create PoolableConnectionFactory (호스트 61.32.101.234, 포트 1433에 대한 TCP/IP 연결에 실패했습니다. 오류: "connect timed out. 연결 속성을 확인하십시오. SQL Server의 인스턴스가 호스트에서 실행되고 있고 포트에서 TCP/IP 연결을 허용하고 있는지 확인하십시오. 또한 방화벽에서 포트로의 TCP 연결을 차단하지 않는지 확인하십시오.".)
### The error may exist in com/daejist/login/mapper/LoginMapper.xml
### The error may involve com.daejist.login.mapper.LoginMapper.checkUserWithSessionKey
### The error occurred while executing a query
### Cause: org.springframework.jdbc.CannotGetJdbcConnectionException: Failed to obtain JDBC Connection; nested exception is org.apache.commons.dbcp.SQLNestedException: Cannot create PoolableConnectionFactory (호스트 61.32.101.234, 포트 1433에 대한 TCP/IP 연결에 실패했습니다. 오류: "connect timed out. 연결 속성을 확인하십시오. SQL Server의 인스턴스가 호스트에서 실행되고 있고 포트에서 TCP/IP 연결을 허용하고 있는지 확인하십시오. 또한 방화벽에서 포트로의 TCP 연결을 차단하지 않는지 확인하십시오.".)] with root cause
 com.microsoft.sqlserver.jdbc.SQLServerException: 호스트 61.32.101.234, 포트 1433에 대한 TCP/IP 연결에 실패했습니다. 오류: "connect timed out. 연결 속성을 확인하십시오. SQL Server의 인스턴스가 호스트에서 실행되고 있고 포트에서 TCP/IP 연결을 허용하고 있는지 확인하십시오. 또한 방화벽에서 포트로의 TCP 연결을 차단하지 않는지 확인하십시오.".
	at com.microsoft.sqlserver.jdbc.SQLServerException.makeFromDriverError(SQLServerException.java:234)
	at com.microsoft.sqlserver.jdbc.SQLServerException.ConvertConnectExceptionToSQLServerException(SQLServerException.java:285)
	at com.microsoft.sqlserver.jdbc.SocketFinder.findSocket(IOBuffer.java:2462)
	at com.microsoft.sqlserver.jdbc.TDSChannel.open(IOBuffer.java:668)
	at com.microsoft.sqlserver.jdbc.SQLServerConnection.connectHelper(SQLServerConnection.java:2695)
	at com.microsoft.sqlserver.jdbc.SQLServerConnection.login(SQLServerConnection.java:2362)
	at com.microsoft.sqlserver.jdbc.SQLServerConnection.connectInternal(SQLServerConnection.java:2213)
	at com.microsoft.sqlserver.jdbc.SQLServerConnection.connect(SQLServerConnection.java:1276)
	at com.microsoft.sqlserver.jdbc.SQLServerDriver.connect(SQLServerDriver.java:861)
	at org.apache.commons.dbcp.DriverConnectionFactory.createConnection(DriverConnectionFactory.java:38)
	at org.apache.commons.dbcp.PoolableConnectionFactory.makeObject(PoolableConnectionFactory.java:582)
	at org.apache.commons.dbcp.BasicDataSource.validateConnectionFactory(BasicDataSource.java:1556)
	at org.apache.commons.dbcp.BasicDataSource.createPoolableConnectionFactory(BasicDataSource.java:1545)
	at org.apache.commons.dbcp.BasicDataSource.createDataSource(BasicDataSource.java:1388)
	at org.apache.commons.dbcp.BasicDataSource.getConnection(BasicDataSource.java:1044)
	at org.springframework.jdbc.datasource.DataSourceUtils.fetchConnection(DataSourceUtils.java:157)
	at org.springframework.jdbc.datasource.DataSourceUtils.doGetConnection(DataSourceUtils.java:115)
	at org.springframework.jdbc.datasource.DataSourceUtils.getConnection(DataSourceUtils.java:78)
	at org.mybatis.spring.transaction.SpringManagedTransaction.openConnection(SpringManagedTransaction.java:80)
	at org.mybatis.spring.transaction.SpringManagedTransaction.getConnection(SpringManagedTransaction.java:67)
	at org.apache.ibatis.executor.BaseExecutor.getConnection(BaseExecutor.java:336)
	at org.apache.ibatis.executor.SimpleExecutor.prepareStatement(SimpleExecutor.java:85)
	at org.apache.ibatis.executor.SimpleExecutor.doQuery(SimpleExecutor.java:62)
	at org.apache.ibatis.executor.BaseExecutor.queryFromDatabase(BaseExecutor.java:324)
	at org.apache.ibatis.executor.BaseExecutor.query(BaseExecutor.java:156)
	at org.apache.ibatis.executor.CachingExecutor.query(CachingExecutor.java:109)
	at org.apache.ibatis.executor.CachingExecutor.query(CachingExecutor.java:83)
	at org.apache.ibatis.session.defaults.DefaultSqlSession.selectList(DefaultSqlSession.java:147)
	at org.apache.ibatis.session.defaults.DefaultSqlSession.selectList(DefaultSqlSession.java:140)
	at org.apache.ibatis.session.defaults.DefaultSqlSession.selectOne(DefaultSqlSession.java:76)
	at sun.reflect.GeneratedMethodAccessor77.invoke(Unknown Source)
	at sun.reflect.DelegatingMethodAccessorImpl.invoke(DelegatingMethodAccessorImpl.java:43)
	at java.lang.reflect.Method.invoke(Method.java:498)
	at org.mybatis.spring.SqlSessionTemplate$SqlSessionInterceptor.invoke(SqlSessionTemplate.java:426)
	at com.sun.proxy.$Proxy59.selectOne(Unknown Source)
	at org.mybatis.spring.SqlSessionTemplate.selectOne(SqlSessionTemplate.java:159)
	at org.apache.ibatis.binding.MapperMethod.execute(MapperMethod.java:87)
	at org.apache.ibatis.binding.MapperProxy.invoke(MapperProxy.java:57)
	at com.sun.proxy.$Proxy61.checkUserWithSessionKey(Unknown Source)
	at com.daejist.login.service.LoginServiceImp.checkUserWithSessionKey(LoginServiceImp.java:84)
	at com.daejist.login.controller.LoginController.login(LoginController.java:75)
	at sun.reflect.GeneratedMethodAccessor76.invoke(Unknown Source)
	at sun.reflect.DelegatingMethodAccessorImpl.invoke(DelegatingMethodAccessorImpl.java:43)
	at java.lang.reflect.Method.invoke(Method.java:498)
	at org.springframework.web.method.support.InvocableHandlerMethod.doInvoke(InvocableHandlerMethod.java:190)
	at org.springframework.web.method.support.InvocableHandlerMethod.invokeForRequest(InvocableHandlerMethod.java:138)
	at org.springframework.web.servlet.mvc.method.annotation.ServletInvocableHandlerMethod.invokeAndHandle(ServletInvocableHandlerMethod.java:104)
	at org.springframework.web.servlet.mvc.method.annotation.RequestMappingHandlerAdapter.invokeHandlerMethod(RequestMappingHandlerAdapter.java:892)
	at org.springframework.web.servlet.mvc.method.annotation.RequestMappingHandlerAdapter.handleInternal(RequestMappingHandlerAdapter.java:797)
	at org.springframework.web.servlet.mvc.method.AbstractHandlerMethodAdapter.handle(AbstractHandlerMethodAdapter.java:87)
	at org.springframework.web.servlet.DispatcherServlet.doDispatch(DispatcherServlet.java:1039)
	at org.springframework.web.servlet.DispatcherServlet.doService(DispatcherServlet.java:942)
	at org.springframework.web.servlet.FrameworkServlet.processRequest(FrameworkServlet.java:1005)
	at org.springframework.web.servlet.FrameworkServlet.doGet(FrameworkServlet.java:897)
	at javax.servlet.http.HttpServlet.service(HttpServlet.java:622)
	at org.springframework.web.servlet.FrameworkServlet.service(FrameworkServlet.java:882)
	at javax.servlet.http.HttpServlet.service(HttpServlet.java:729)
	at org.apache.catalina.core.ApplicationFilterChain.internalDoFilter(ApplicationFilterChain.java:292)
	at org.apache.catalina.core.ApplicationFilterChain.doFilter(ApplicationFilterChain.java:207)
	at org.apache.tomcat.websocket.server.WsFilter.doFilter(WsFilter.java:52)
	at org.apache.catalina.core.ApplicationFilterChain.internalDoFilter(ApplicationFilterChain.java:240)
	at org.apache.catalina.core.ApplicationFilterChain.doFilter(ApplicationFilterChain.java:207)
	at org.springframework.web.filter.CharacterEncodingFilter.doFilterInternal(CharacterEncodingFilter.java:200)
	at org.springframework.web.filter.OncePerRequestFilter.doFilter(OncePerRequestFilter.java:118)
	at org.apache.catalina.core.ApplicationFilterChain.internalDoFilter(ApplicationFilterChain.java:240)
	at org.apache.catalina.core.ApplicationFilterChain.doFilter(ApplicationFilterChain.java:207)
	at org.apache.catalina.core.StandardWrapperValve.invoke(StandardWrapperValve.java:212)
	at org.apache.catalina.core.StandardContextValve.invoke(StandardContextValve.java:94)
	at org.apache.catalina.core.StandardHostValve.invoke(StandardHostValve.java:141)
	at org.apache.catalina.valves.ErrorReportValve.invoke(ErrorReportValve.java:79)
	at org.apache.catalina.core.StandardEngineValve.invoke(StandardEngineValve.java:88)
	at org.apache.catalina.connector.CoyoteAdapter.service(CoyoteAdapter.java:502)
	at org.apache.coyote.http11.AbstractHttp11Processor.process(AbstractHttp11Processor.java:1132)
	at org.apache.coyote.AbstractProtocol$AbstractConnectionHandler.process(AbstractProtocol.java:684)
	at org.apache.tomcat.util.net.NioEndpoint$SocketProcessor.doRun(NioEndpoint.java:1539)
	at org.apache.tomcat.util.net.NioEndpoint$SocketProcessor.run(NioEndpoint.java:1495)
	at java.util.concurrent.ThreadPoolExecutor.runWorker(ThreadPoolExecutor.java:1142)
	at java.util.concurrent.ThreadPoolExecutor$Worker.run(ThreadPoolExecutor.java:617)
	at org.apache.tomcat.util.threads.TaskThread$WrappingRunnable.run(TaskThread.java:61)
	at java.lang.Thread.run(Thread.java:745)

10-Aug-2026 12:18:03.109 심각 [http-nio-8855-exec-17] org.apache.catalina.core.StandardWrapperValve.invoke Servlet.service() for servlet [appServlet] in context with path [] threw exception [Request processing failed; nested exception is org.mybatis.spring.MyBatisSystemException: nested exception is org.apache.ibatis.exceptions.PersistenceException: 
### Error querying database.  Cause: org.springframework.jdbc.CannotGetJdbcConnectionException: Failed to obtain JDBC Connection; nested exception is org.apache.commons.dbcp.SQLNestedException: Cannot create PoolableConnectionFactory (호스트 61.32.101.234, 포트 1433에 대한 TCP/IP 연결에 실패했습니다. 오류: "connect timed out. 연결 속성을 확인하십시오. SQL Server의 인스턴스가 호스트에서 실행되고 있고 포트에서 TCP/IP 연결을 허용하고 있는지 확인하십시오. 또한 방화벽에서 포트로의 TCP 연결을 차단하지 않는지 확인하십시오.".)
### The error may exist in com/daejist/login/mapper/LoginMapper.xml
### The error may involve com.daejist.login.mapper.LoginMapper.checkUserWithSessionKey
### The error occurred while executing a query
### Cause: org.springframework.jdbc.CannotGetJdbcConnectionException: Failed to obtain JDBC Connection; nested exception is org.apache.commons.dbcp.SQLNestedException: Cannot create PoolableConnectionFactory (호스트 61.32.101.234, 포트 1433에 대한 TCP/IP 연결에 실패했습니다. 오류: "connect timed out. 연결 속성을 확인하십시오. SQL Server의 인스턴스가 호스트에서 실행되고 있고 포트에서 TCP/IP 연결을 허용하고 있는지 확인하십시오. 또한 방화벽에서 포트로의 TCP 연결을 차단하지 않는지 확인하십시오.".)] with root cause
 com.microsoft.sqlserver.jdbc.SQLServerException: 호스트 61.32.101.234, 포트 1433에 대한 TCP/IP 연결에 실패했습니다. 오류: "connect timed out. 연결 속성을 확인하십시오. SQL Server의 인스턴스가 호스트에서 실행되고 있고 포트에서 TCP/IP 연결을 허용하고 있는지 확인하십시오. 또한 방화벽에서 포트로의 TCP 연결을 차단하지 않는지 확인하십시오.".
	at com.microsoft.sqlserver.jdbc.SQLServerException.makeFromDriverError(SQLServerException.java:234)
	at com.microsoft.sqlserver.jdbc.SQLServerException.ConvertConnectExceptionToSQLServerException(SQLServerException.java:285)
	at com.microsoft.sqlserver.jdbc.SocketFinder.findSocket(IOBuffer.java:2462)
	at com.microsoft.sqlserver.jdbc.TDSChannel.open(IOBuffer.java:668)
	at com.microsoft.sqlserver.jdbc.SQLServerConnection.connectHelper(SQLServerConnection.java:2695)
	at com.microsoft.sqlserver.jdbc.SQLServerConnection.login(SQLServerConnection.java:2362)
	at com.microsoft.sqlserver.jdbc.SQLServerConnection.connectInternal(SQLServerConnection.java:2213)
	at com.microsoft.sqlserver.jdbc.SQLServerConnection.connect(SQLServerConnection.java:1276)
	at com.microsoft.sqlserver.jdbc.SQLServerDriver.connect(SQLServerDriver.java:861)
	at org.apache.commons.dbcp.DriverConnectionFactory.createConnection(DriverConnectionFactory.java:38)
	at org.apache.commons.dbcp.PoolableConnectionFactory.makeObject(PoolableConnectionFactory.java:582)
	at org.apache.commons.dbcp.BasicDataSource.validateConnectionFactory(BasicDataSource.java:1556)
	at org.apache.commons.dbcp.BasicDataSource.createPoolableConnectionFactory(BasicDataSource.java:1545)
	at org.apache.commons.dbcp.BasicDataSource.createDataSource(BasicDataSource.java:1388)
	at org.apache.commons.dbcp.BasicDataSource.getConnection(BasicDataSource.java:1044)
	at org.springframework.jdbc.datasource.DataSourceUtils.fetchConnection(DataSourceUtils.java:157)
	at org.springframework.jdbc.datasource.DataSourceUtils.doGetConnection(DataSourceUtils.java:115)
	at org.springframework.jdbc.datasource.DataSourceUtils.getConnection(DataSourceUtils.java:78)
	at org.mybatis.spring.transaction.SpringManagedTransaction.openConnection(SpringManagedTransaction.java:80)
	at org.mybatis.spring.transaction.SpringManagedTransaction.getConnection(SpringManagedTransaction.java:67)
	at org.apache.ibatis.executor.BaseExecutor.getConnection(BaseExecutor.java:336)
	at org.apache.ibatis.executor.SimpleExecutor.prepareStatement(SimpleExecutor.java:85)
	at org.apache.ibatis.executor.SimpleExecutor.doQuery(SimpleExecutor.java:62)
	at org.apache.ibatis.executor.BaseExecutor.queryFromDatabase(BaseExecutor.java:324)
	at org.apache.ibatis.executor.BaseExecutor.query(BaseExecutor.java:156)
	at org.apache.ibatis.executor.CachingExecutor.query(CachingExecutor.java:109)
	at org.apache.ibatis.executor.CachingExecutor.query(CachingExecutor.java:83)
	at org.apache.ibatis.session.defaults.DefaultSqlSession.selectList(DefaultSqlSession.java:147)
	at org.apache.ibatis.session.defaults.DefaultSqlSession.selectList(DefaultSqlSession.java:140)
	at org.apache.ibatis.session.defaults.DefaultSqlSession.selectOne(DefaultSqlSession.java:76)
	at sun.reflect.GeneratedMethodAccessor77.invoke(Unknown Source)
	at sun.reflect.DelegatingMethodAccessorImpl.invoke(DelegatingMethodAccessorImpl.java:43)
	at java.lang.reflect.Method.invoke(Method.java:498)
	at org.mybatis.spring.SqlSessionTemplate$SqlSessionInterceptor.invoke(SqlSessionTemplate.java:426)
	at com.sun.proxy.$Proxy59.selectOne(Unknown Source)
	at org.mybatis.spring.SqlSessionTemplate.selectOne(SqlSessionTemplate.java:159)
	at org.apache.ibatis.binding.MapperMethod.execute(MapperMethod.java:87)
	at org.apache.ibatis.binding.MapperProxy.invoke(MapperProxy.java:57)
	at com.sun.proxy.$Proxy61.checkUserWithSessionKey(Unknown Source)
	at com.daejist.login.service.LoginServiceImp.checkUserWithSessionKey(LoginServiceImp.java:84)
	at com.daejist.login.controller.LoginController.login(LoginController.java:75)
	at sun.reflect.GeneratedMethodAccessor76.invoke(Unknown Source)
	at sun.reflect.DelegatingMethodAccessorImpl.invoke(DelegatingMethodAccessorImpl.java:43)
	at java.lang.reflect.Method.invoke(Method.java:498)
	at org.springframework.web.method.support.InvocableHandlerMethod.doInvoke(InvocableHandlerMethod.java:190)
	at org.springframework.web.method.support.InvocableHandlerMethod.invokeForRequest(InvocableHandlerMethod.java:138)
	at org.springframework.web.servlet.mvc.method.annotation.ServletInvocableHandlerMethod.invokeAndHandle(ServletInvocableHandlerMethod.java:104)
	at org.springframework.web.servlet.mvc.method.annotation.RequestMappingHandlerAdapter.invokeHandlerMethod(RequestMappingHandlerAdapter.java:892)
	at org.springframework.web.servlet.mvc.method.annotation.RequestMappingHandlerAdapter.handleInternal(RequestMappingHandlerAdapter.java:797)
	at org.springframework.web.servlet.mvc.method.AbstractHandlerMethodAdapter.handle(AbstractHandlerMethodAdapter.java:87)
	at org.springframework.web.servlet.DispatcherServlet.doDispatch(DispatcherServlet.java:1039)
	at org.springframework.web.servlet.DispatcherServlet.doService(DispatcherServlet.java:942)
	at org.springframework.web.servlet.FrameworkServlet.processRequest(FrameworkServlet.java:1005)
	at org.springframework.web.servlet.FrameworkServlet.doGet(FrameworkServlet.java:897)
	at javax.servlet.http.HttpServlet.service(HttpServlet.java:622)
	at org.springframework.web.servlet.FrameworkServlet.service(FrameworkServlet.java:882)
	at javax.servlet.http.HttpServlet.service(HttpServlet.java:729)
	at org.apache.catalina.core.ApplicationFilterChain.internalDoFilter(ApplicationFilterChain.java:292)
	at org.apache.catalina.core.ApplicationFilterChain.doFilter(ApplicationFilterChain.java:207)
	at org.apache.tomcat.websocket.server.WsFilter.doFilter(WsFilter.java:52)
	at org.apache.catalina.core.ApplicationFilterChain.internalDoFilter(ApplicationFilterChain.java:240)
	at org.apache.catalina.core.ApplicationFilterChain.doFilter(ApplicationFilterChain.java:207)
	at org.springframework.web.filter.CharacterEncodingFilter.doFilterInternal(CharacterEncodingFilter.java:200)
	at org.springframework.web.filter.OncePerRequestFilter.doFilter(OncePerRequestFilter.java:118)
	at org.apache.catalina.core.ApplicationFilterChain.internalDoFilter(ApplicationFilterChain.java:240)
	at org.apache.catalina.core.ApplicationFilterChain.doFilter(ApplicationFilterChain.java:207)
	at org.apache.catalina.core.StandardWrapperValve.invoke(StandardWrapperValve.java:212)
	at org.apache.catalina.core.StandardContextValve.invoke(StandardContextValve.java:94)
	at org.apache.catalina.core.StandardHostValve.invoke(StandardHostValve.java:141)
	at org.apache.catalina.valves.ErrorReportValve.invoke(ErrorReportValve.java:79)
	at org.apache.catalina.core.StandardEngineValve.invoke(StandardEngineValve.java:88)
	at org.apache.catalina.connector.CoyoteAdapter.service(CoyoteAdapter.java:502)
	at org.apache.coyote.http11.AbstractHttp11Processor.process(AbstractHttp11Processor.java:1132)
	at org.apache.coyote.AbstractProtocol$AbstractConnectionHandler.process(AbstractProtocol.java:684)
	at org.apache.tomcat.util.net.NioEndpoint$SocketProcessor.doRun(NioEndpoint.java:1539)
	at org.apache.tomcat.util.net.NioEndpoint$SocketProcessor.run(NioEndpoint.java:1495)
	at java.util.concurrent.ThreadPoolExecutor.runWorker(ThreadPoolExecutor.java:1142)
	at java.util.concurrent.ThreadPoolExecutor$Worker.run(ThreadPoolExecutor.java:617)
	at org.apache.tomcat.util.threads.TaskThread$WrappingRunnable.run(TaskThread.java:61)
	at java.lang.Thread.run(Thread.java:745)

10-Aug-2026 12:18:18.114 심각 [http-nio-8855-exec-16] org.apache.catalina.core.StandardWrapperValve.invoke Servlet.service() for servlet [appServlet] in context with path [] threw exception [Request processing failed; nested exception is org.mybatis.spring.MyBatisSystemException: nested exception is org.apache.ibatis.exceptions.PersistenceException: 
### Error querying database.  Cause: org.springframework.jdbc.CannotGetJdbcConnectionException: Failed to obtain JDBC Connection; nested exception is org.apache.commons.dbcp.SQLNestedException: Cannot create PoolableConnectionFactory (호스트 61.32.101.234, 포트 1433에 대한 TCP/IP 연결에 실패했습니다. 오류: "connect timed out. 연결 속성을 확인하십시오. SQL Server의 인스턴스가 호스트에서 실행되고 있고 포트에서 TCP/IP 연결을 허용하고 있는지 확인하십시오. 또한 방화벽에서 포트로의 TCP 연결을 차단하지 않는지 확인하십시오.".)
### The error may exist in com/daejist/login/mapper/LoginMapper.xml
### The error may involve com.daejist.login.mapper.LoginMapper.checkUserWithSessionKey
### The error occurred while executing a query
### Cause: org.springframework.jdbc.CannotGetJdbcConnectionException: Failed to obtain JDBC Connection; nested exception is org.apache.commons.dbcp.SQLNestedException: Cannot create PoolableConnectionFactory (호스트 61.32.101.234, 포트 1433에 대한 TCP/IP 연결에 실패했습니다. 오류: "connect timed out. 연결 속성을 확인하십시오. SQL Server의 인스턴스가 호스트에서 실행되고 있고 포트에서 TCP/IP 연결을 허용하고 있는지 확인하십시오. 또한 방화벽에서 포트로의 TCP 연결을 차단하지 않는지 확인하십시오.".)] with root cause
 com.microsoft.sqlserver.jdbc.SQLServerException: 호스트 61.32.101.234, 포트 1433에 대한 TCP/IP 연결에 실패했습니다. 오류: "connect timed out. 연결 속성을 확인하십시오. SQL Server의 인스턴스가 호스트에서 실행되고 있고 포트에서 TCP/IP 연결을 허용하고 있는지 확인하십시오. 또한 방화벽에서 포트로의 TCP 연결을 차단하지 않는지 확인하십시오.".
	at com.microsoft.sqlserver.jdbc.SQLServerException.makeFromDriverError(SQLServerException.java:234)
	at com.microsoft.sqlserver.jdbc.SQLServerException.ConvertConnectExceptionToSQLServerException(SQLServerException.java:285)
	at com.microsoft.sqlserver.jdbc.SocketFinder.findSocket(IOBuffer.java:2462)
	at com.microsoft.sqlserver.jdbc.TDSChannel.open(IOBuffer.java:668)
	at com.microsoft.sqlserver.jdbc.SQLServerConnection.connectHelper(SQLServerConnection.java:2695)
	at com.microsoft.sqlserver.jdbc.SQLServerConnection.login(SQLServerConnection.java:2362)
	at com.microsoft.sqlserver.jdbc.SQLServerConnection.connectInternal(SQLServerConnection.java:2213)
	at com.microsoft.sqlserver.jdbc.SQLServerConnection.connect(SQLServerConnection.java:1276)
	at com.microsoft.sqlserver.jdbc.SQLServerDriver.connect(SQLServerDriver.java:861)
	at org.apache.commons.dbcp.DriverConnectionFactory.createConnection(DriverConnectionFactory.java:38)
	at org.apache.commons.dbcp.PoolableConnectionFactory.makeObject(PoolableConnectionFactory.java:582)
	at org.apache.commons.dbcp.BasicDataSource.validateConnectionFactory(BasicDataSource.java:1556)
	at org.apache.commons.dbcp.BasicDataSource.createPoolableConnectionFactory(BasicDataSource.java:1545)
	at org.apache.commons.dbcp.BasicDataSource.createDataSource(BasicDataSource.java:1388)
	at org.apache.commons.dbcp.BasicDataSource.getConnection(BasicDataSource.java:1044)
	at org.springframework.jdbc.datasource.DataSourceUtils.fetchConnection(DataSourceUtils.java:157)
	at org.springframework.jdbc.datasource.DataSourceUtils.doGetConnection(DataSourceUtils.java:115)
	at org.springframework.jdbc.datasource.DataSourceUtils.getConnection(DataSourceUtils.java:78)
	at org.mybatis.spring.transaction.SpringManagedTransaction.openConnection(SpringManagedTransaction.java:80)
	at org.mybatis.spring.transaction.SpringManagedTransaction.getConnection(SpringManagedTransaction.java:67)
	at org.apache.ibatis.executor.BaseExecutor.getConnection(BaseExecutor.java:336)
	at org.apache.ibatis.executor.SimpleExecutor.prepareStatement(SimpleExecutor.java:85)
	at org.apache.ibatis.executor.SimpleExecutor.doQuery(SimpleExecutor.java:62)
	at org.apache.ibatis.executor.BaseExecutor.queryFromDatabase(BaseExecutor.java:324)
	at org.apache.ibatis.executor.BaseExecutor.query(BaseExecutor.java:156)
	at org.apache.ibatis.executor.CachingExecutor.query(CachingExecutor.java:109)
	at org.apache.ibatis.executor.CachingExecutor.query(CachingExecutor.java:83)
	at org.apache.ibatis.session.defaults.DefaultSqlSession.selectList(DefaultSqlSession.java:147)
	at org.apache.ibatis.session.defaults.DefaultSqlSession.selectList(DefaultSqlSession.java:140)
	at org.apache.ibatis.session.defaults.DefaultSqlSession.selectOne(DefaultSqlSession.java:76)
	at sun.reflect.GeneratedMethodAccessor77.invoke(Unknown Source)
	at sun.reflect.DelegatingMethodAccessorImpl.invoke(DelegatingMethodAccessorImpl.java:43)
	at java.lang.reflect.Method.invoke(Method.java:498)
	at org.mybatis.spring.SqlSessionTemplate$SqlSessionInterceptor.invoke(SqlSessionTemplate.java:426)
	at com.sun.proxy.$Proxy59.selectOne(Unknown Source)
	at org.mybatis.spring.SqlSessionTemplate.selectOne(SqlSessionTemplate.java:159)
	at org.apache.ibatis.binding.MapperMethod.execute(MapperMethod.java:87)
	at org.apache.ibatis.binding.MapperProxy.invoke(MapperProxy.java:57)
	at com.sun.proxy.$Proxy61.checkUserWithSessionKey(Unknown Source)
	at com.daejist.login.service.LoginServiceImp.checkUserWithSessionKey(LoginServiceImp.java:84)
	at com.daejist.login.controller.LoginController.login(LoginController.java:75)
	at sun.reflect.GeneratedMethodAccessor76.invoke(Unknown Source)
	at sun.reflect.DelegatingMethodAccessorImpl.invoke(DelegatingMethodAccessorImpl.java:43)
	at java.lang.reflect.Method.invoke(Method.java:498)
	at org.springframework.web.method.support.InvocableHandlerMethod.doInvoke(InvocableHandlerMethod.java:190)
	at org.springframework.web.method.support.InvocableHandlerMethod.invokeForRequest(InvocableHandlerMethod.java:138)
	at org.springframework.web.servlet.mvc.method.annotation.ServletInvocableHandlerMethod.invokeAndHandle(ServletInvocableHandlerMethod.java:104)
	at org.springframework.web.servlet.mvc.method.annotation.RequestMappingHandlerAdapter.invokeHandlerMethod(RequestMappingHandlerAdapter.java:892)
	at org.springframework.web.servlet.mvc.method.annotation.RequestMappingHandlerAdapter.handleInternal(RequestMappingHandlerAdapter.java:797)
	at org.springframework.web.servlet.mvc.method.AbstractHandlerMethodAdapter.handle(AbstractHandlerMethodAdapter.java:87)
	at org.springframework.web.servlet.DispatcherServlet.doDispatch(DispatcherServlet.java:1039)
	at org.springframework.web.servlet.DispatcherServlet.doService(DispatcherServlet.java:942)
	at org.springframework.web.servlet.FrameworkServlet.processRequest(FrameworkServlet.java:1005)
	at org.springframework.web.servlet.FrameworkServlet.doGet(FrameworkServlet.java:897)
	at javax.servlet.http.HttpServlet.service(HttpServlet.java:622)
	at org.springframework.web.servlet.FrameworkServlet.service(FrameworkServlet.java:882)
	at javax.servlet.http.HttpServlet.service(HttpServlet.java:729)
	at org.apache.catalina.core.ApplicationFilterChain.internalDoFilter(ApplicationFilterChain.java:292)
	at org.apache.catalina.core.ApplicationFilterChain.doFilter(ApplicationFilterChain.java:207)
	at org.apache.tomcat.websocket.server.WsFilter.doFilter(WsFilter.java:52)
	at org.apache.catalina.core.ApplicationFilterChain.internalDoFilter(ApplicationFilterChain.java:240)
	at org.apache.catalina.core.ApplicationFilterChain.doFilter(ApplicationFilterChain.java:207)
	at org.springframework.web.filter.CharacterEncodingFilter.doFilterInternal(CharacterEncodingFilter.java:200)
	at org.springframework.web.filter.OncePerRequestFilter.doFilter(OncePerRequestFilter.java:118)
	at org.apache.catalina.core.ApplicationFilterChain.internalDoFilter(ApplicationFilterChain.java:240)
	at org.apache.catalina.core.ApplicationFilterChain.doFilter(ApplicationFilterChain.java:207)
	at org.apache.catalina.core.StandardWrapperValve.invoke(StandardWrapperValve.java:212)
	at org.apache.catalina.core.StandardContextValve.invoke(StandardContextValve.java:94)
	at org.apache.catalina.core.StandardHostValve.invoke(StandardHostValve.java:141)
	at org.apache.catalina.valves.ErrorReportValve.invoke(ErrorReportValve.java:79)
	at org.apache.catalina.core.StandardEngineValve.invoke(StandardEngineValve.java:88)
	at org.apache.catalina.connector.CoyoteAdapter.service(CoyoteAdapter.java:502)
	at org.apache.coyote.http11.AbstractHttp11Processor.process(AbstractHttp11Processor.java:1132)
	at org.apache.coyote.AbstractProtocol$AbstractConnectionHandler.process(AbstractProtocol.java:684)
	at org.apache.tomcat.util.net.NioEndpoint$SocketProcessor.doRun(NioEndpoint.java:1539)
	at org.apache.tomcat.util.net.NioEndpoint$SocketProcessor.run(NioEndpoint.java:1495)
	at java.util.concurrent.ThreadPoolExecutor.runWorker(ThreadPoolExecutor.java:1142)
	at java.util.concurrent.ThreadPoolExecutor$Worker.run(ThreadPoolExecutor.java:617)
	at org.apache.tomcat.util.threads.TaskThread$WrappingRunnable.run(TaskThread.java:61)
	at java.lang.Thread.run(Thread.java:745)

10-Aug-2026 12:18:33.119 심각 [http-nio-8855-exec-15] org.apache.catalina.core.StandardWrapperValve.invoke Servlet.service() for servlet [appServlet] in context with path [] threw exception [Request processing failed; nested exception is org.mybatis.spring.MyBatisSystemException: nested exception is org.apache.ibatis.exceptions.PersistenceException: 
### Error querying database.  Cause: org.springframework.jdbc.CannotGetJdbcConnectionException: Failed to obtain JDBC Connection; nested exception is org.apache.commons.dbcp.SQLNestedException: Cannot create PoolableConnectionFactory (호스트 61.32.101.234, 포트 1433에 대한 TCP/IP 연결에 실패했습니다. 오류: "connect timed out. 연결 속성을 확인하십시오. SQL Server의 인스턴스가 호스트에서 실행되고 있고 포트에서 TCP/IP 연결을 허용하고 있는지 확인하십시오. 또한 방화벽에서 포트로의 TCP 연결을 차단하지 않는지 확인하십시오.".)
### The error may exist in com/daejist/login/mapper/LoginMapper.xml
### The error may involve com.daejist.login.mapper.LoginMapper.checkUserWithSessionKey
### The error occurred while executing a query
### Cause: org.springframework.jdbc.CannotGetJdbcConnectionException: Failed to obtain JDBC Connection; nested exception is org.apache.commons.dbcp.SQLNestedException: Cannot create PoolableConnectionFactory (호스트 61.32.101.234, 포트 1433에 대한 TCP/IP 연결에 실패했습니다. 오류: "connect timed out. 연결 속성을 확인하십시오. SQL Server의 인스턴스가 호스트에서 실행되고 있고 포트에서 TCP/IP 연결을 허용하고 있는지 확인하십시오. 또한 방화벽에서 포트로의 TCP 연결을 차단하지 않는지 확인하십시오.".)] with root cause
 com.microsoft.sqlserver.jdbc.SQLServerException: 호스트 61.32.101.234, 포트 1433에 대한 TCP/IP 연결에 실패했습니다. 오류: "connect timed out. 연결 속성을 확인하십시오. SQL Server의 인스턴스가 호스트에서 실행되고 있고 포트에서 TCP/IP 연결을 허용하고 있는지 확인하십시오. 또한 방화벽에서 포트로의 TCP 연결을 차단하지 않는지 확인하십시오.".
	at com.microsoft.sqlserver.jdbc.SQLServerException.makeFromDriverError(SQLServerException.java:234)
	at com.microsoft.sqlserver.jdbc.SQLServerException.ConvertConnectExceptionToSQLServerException(SQLServerException.java:285)
	at com.microsoft.sqlserver.jdbc.SocketFinder.findSocket(IOBuffer.java:2462)
	at com.microsoft.sqlserver.jdbc.TDSChannel.open(IOBuffer.java:668)
	at com.microsoft.sqlserver.jdbc.SQLServerConnection.connectHelper(SQLServerConnection.java:2695)
	at com.microsoft.sqlserver.jdbc.SQLServerConnection.login(SQLServerConnection.java:2362)
	at com.microsoft.sqlserver.jdbc.SQLServerConnection.connectInternal(SQLServerConnection.java:2213)
	at com.microsoft.sqlserver.jdbc.SQLServerConnection.connect(SQLServerConnection.java:1276)
	at com.microsoft.sqlserver.jdbc.SQLServerDriver.connect(SQLServerDriver.java:861)
	at org.apache.commons.dbcp.DriverConnectionFactory.createConnection(DriverConnectionFactory.java:38)
	at org.apache.commons.dbcp.PoolableConnectionFactory.makeObject(PoolableConnectionFactory.java:582)
	at org.apache.commons.dbcp.BasicDataSource.validateConnectionFactory(BasicDataSource.java:1556)
	at org.apache.commons.dbcp.BasicDataSource.createPoolableConnectionFactory(BasicDataSource.java:1545)
	at org.apache.commons.dbcp.BasicDataSource.createDataSource(BasicDataSource.java:1388)
	at org.apache.commons.dbcp.BasicDataSource.getConnection(BasicDataSource.java:1044)
	at org.springframework.jdbc.datasource.DataSourceUtils.fetchConnection(DataSourceUtils.java:157)
	at org.springframework.jdbc.datasource.DataSourceUtils.doGetConnection(DataSourceUtils.java:115)
	at org.springframework.jdbc.datasource.DataSourceUtils.getConnection(DataSourceUtils.java:78)
	at org.mybatis.spring.transaction.SpringManagedTransaction.openConnection(SpringManagedTransaction.java:80)
	at org.mybatis.spring.transaction.SpringManagedTransaction.getConnection(SpringManagedTransaction.java:67)
	at org.apache.ibatis.executor.BaseExecutor.getConnection(BaseExecutor.java:336)
	at org.apache.ibatis.executor.SimpleExecutor.prepareStatement(SimpleExecutor.java:85)
	at org.apache.ibatis.executor.SimpleExecutor.doQuery(SimpleExecutor.java:62)
	at org.apache.ibatis.executor.BaseExecutor.queryFromDatabase(BaseExecutor.java:324)
	at org.apache.ibatis.executor.BaseExecutor.query(BaseExecutor.java:156)
	at org.apache.ibatis.executor.CachingExecutor.query(CachingExecutor.java:109)
	at org.apache.ibatis.executor.CachingExecutor.query(CachingExecutor.java:83)
	at org.apache.ibatis.session.defaults.DefaultSqlSession.selectList(DefaultSqlSession.java:147)
	at org.apache.ibatis.session.defaults.DefaultSqlSession.selectList(DefaultSqlSession.java:140)
	at org.apache.ibatis.session.defaults.DefaultSqlSession.selectOne(DefaultSqlSession.java:76)
	at sun.reflect.GeneratedMethodAccessor77.invoke(Unknown Source)
	at sun.reflect.DelegatingMethodAccessorImpl.invoke(DelegatingMethodAccessorImpl.java:43)
	at java.lang.reflect.Method.invoke(Method.java:498)
	at org.mybatis.spring.SqlSessionTemplate$SqlSessionInterceptor.invoke(SqlSessionTemplate.java:426)
	at com.sun.proxy.$Proxy59.selectOne(Unknown Source)
	at org.mybatis.spring.SqlSessionTemplate.selectOne(SqlSessionTemplate.java:159)
	at org.apache.ibatis.binding.MapperMethod.execute(MapperMethod.java:87)
	at org.apache.ibatis.binding.MapperProxy.invoke(MapperProxy.java:57)
	at com.sun.proxy.$Proxy61.checkUserWithSessionKey(Unknown Source)
	at com.daejist.login.service.LoginServiceImp.checkUserWithSessionKey(LoginServiceImp.java:84)
	at com.daejist.login.controller.LoginController.login(LoginController.java:75)
	at sun.reflect.GeneratedMethodAccessor76.invoke(Unknown Source)
	at sun.reflect.DelegatingMethodAccessorImpl.invoke(DelegatingMethodAccessorImpl.java:43)
	at java.lang.reflect.Method.invoke(Method.java:498)
	at org.springframework.web.method.support.InvocableHandlerMethod.doInvoke(InvocableHandlerMethod.java:190)
	at org.springframework.web.method.support.InvocableHandlerMethod.invokeForRequest(InvocableHandlerMethod.java:138)
	at org.springframework.web.servlet.mvc.method.annotation.ServletInvocableHandlerMethod.invokeAndHandle(ServletInvocableHandlerMethod.java:104)
	at org.springframework.web.servlet.mvc.method.annotation.RequestMappingHandlerAdapter.invokeHandlerMethod(RequestMappingHandlerAdapter.java:892)
	at org.springframework.web.servlet.mvc.method.annotation.RequestMappingHandlerAdapter.handleInternal(RequestMappingHandlerAdapter.java:797)
	at org.springframework.web.servlet.mvc.method.AbstractHandlerMethodAdapter.handle(AbstractHandlerMethodAdapter.java:87)
	at org.springframework.web.servlet.DispatcherServlet.doDispatch(DispatcherServlet.java:1039)
	at org.springframework.web.servlet.DispatcherServlet.doService(DispatcherServlet.java:942)
	at org.springframework.web.servlet.FrameworkServlet.processRequest(FrameworkServlet.java:1005)
	at org.springframework.web.servlet.FrameworkServlet.doGet(FrameworkServlet.java:897)
	at javax.servlet.http.HttpServlet.service(HttpServlet.java:622)
	at org.springframework.web.servlet.FrameworkServlet.service(FrameworkServlet.java:882)
	at javax.servlet.http.HttpServlet.service(HttpServlet.java:729)
	at org.apache.catalina.core.ApplicationFilterChain.internalDoFilter(ApplicationFilterChain.java:292)
	at org.apache.catalina.core.ApplicationFilterChain.doFilter(ApplicationFilterChain.java:207)
	at org.apache.tomcat.websocket.server.WsFilter.doFilter(WsFilter.java:52)
	at org.apache.catalina.core.ApplicationFilterChain.internalDoFilter(ApplicationFilterChain.java:240)
	at org.apache.catalina.core.ApplicationFilterChain.doFilter(ApplicationFilterChain.java:207)
	at org.springframework.web.filter.CharacterEncodingFilter.doFilterInternal(CharacterEncodingFilter.java:200)
	at org.springframework.web.filter.OncePerRequestFilter.doFilter(OncePerRequestFilter.java:118)
	at org.apache.catalina.core.ApplicationFilterChain.internalDoFilter(ApplicationFilterChain.java:240)
	at org.apache.catalina.core.ApplicationFilterChain.doFilter(ApplicationFilterChain.java:207)
	at org.apache.catalina.core.StandardWrapperValve.invoke(StandardWrapperValve.java:212)
	at org.apache.catalina.core.StandardContextValve.invoke(StandardContextValve.java:94)
	at org.apache.catalina.core.StandardHostValve.invoke(StandardHostValve.java:141)
	at org.apache.catalina.valves.ErrorReportValve.invoke(ErrorReportValve.java:79)
	at org.apache.catalina.core.StandardEngineValve.invoke(StandardEngineValve.java:88)
	at org.apache.catalina.connector.CoyoteAdapter.service(CoyoteAdapter.java:502)
	at org.apache.coyote.http11.AbstractHttp11Processor.process(AbstractHttp11Processor.java:1132)
	at org.apache.coyote.AbstractProtocol$AbstractConnectionHandler.process(AbstractProtocol.java:684)
	at org.apache.tomcat.util.net.NioEndpoint$SocketProcessor.doRun(NioEndpoint.java:1539)
	at org.apache.tomcat.util.net.NioEndpoint$SocketProcessor.run(NioEndpoint.java:1495)
	at java.util.concurrent.ThreadPoolExecutor.runWorker(ThreadPoolExecutor.java:1142)
	at java.util.concurrent.ThreadPoolExecutor$Worker.run(ThreadPoolExecutor.java:617)
	at org.apache.tomcat.util.threads.TaskThread$WrappingRunnable.run(TaskThread.java:61)
	at java.lang.Thread.run(Thread.java:745)

10-Aug-2026 12:18:48.124 심각 [http-nio-8855-exec-14] org.apache.catalina.core.StandardWrapperValve.invoke Servlet.service() for servlet [appServlet] in context with path [] threw exception [Request processing failed; nested exception is org.mybatis.spring.MyBatisSystemException: nested exception is org.apache.ibatis.exceptions.PersistenceException: 
### Error querying database.  Cause: org.springframework.jdbc.CannotGetJdbcConnectionException: Failed to obtain JDBC Connection; nested exception is org.apache.commons.dbcp.SQLNestedException: Cannot create PoolableConnectionFactory (호스트 61.32.101.234, 포트 1433에 대한 TCP/IP 연결에 실패했습니다. 오류: "connect timed out. 연결 속성을 확인하십시오. SQL Server의 인스턴스가 호스트에서 실행되고 있고 포트에서 TCP/IP 연결을 허용하고 있는지 확인하십시오. 또한 방화벽에서 포트로의 TCP 연결을 차단하지 않는지 확인하십시오.".)
### The error may exist in com/daejist/login/mapper/LoginMapper.xml
### The error may involve com.daejist.login.mapper.LoginMapper.checkUserWithSessionKey
### The error occurred while executing a query
### Cause: org.springframework.jdbc.CannotGetJdbcConnectionException: Failed to obtain JDBC Connection; nested exception is org.apache.commons.dbcp.SQLNestedException: Cannot create PoolableConnectionFactory (호스트 61.32.101.234, 포트 1433에 대한 TCP/IP 연결에 실패했습니다. 오류: "connect timed out. 연결 속성을 확인하십시오. SQL Server의 인스턴스가 호스트에서 실행되고 있고 포트에서 TCP/IP 연결을 허용하고 있는지 확인하십시오. 또한 방화벽에서 포트로의 TCP 연결을 차단하지 않는지 확인하십시오.".)] with root cause
 com.microsoft.sqlserver.jdbc.SQLServerException: 호스트 61.32.101.234, 포트 1433에 대한 TCP/IP 연결에 실패했습니다. 오류: "connect timed out. 연결 속성을 확인하십시오. SQL Server의 인스턴스가 호스트에서 실행되고 있고 포트에서 TCP/IP 연결을 허용하고 있는지 확인하십시오. 또한 방화벽에서 포트로의 TCP 연결을 차단하지 않는지 확인하십시오.".
	at com.microsoft.sqlserver.jdbc.SQLServerException.makeFromDriverError(SQLServerException.java:234)
	at com.microsoft.sqlserver.jdbc.SQLServerException.ConvertConnectExceptionToSQLServerException(SQLServerException.java:285)
	at com.microsoft.sqlserver.jdbc.SocketFinder.findSocket(IOBuffer.java:2462)
	at com.microsoft.sqlserver.jdbc.TDSChannel.open(IOBuffer.java:668)
	at com.microsoft.sqlserver.jdbc.SQLServerConnection.connectHelper(SQLServerConnection.java:2695)
	at com.microsoft.sqlserver.jdbc.SQLServerConnection.login(SQLServerConnection.java:2362)
	at com.microsoft.sqlserver.jdbc.SQLServerConnection.connectInternal(SQLServerConnection.java:2213)
	at com.microsoft.sqlserver.jdbc.SQLServerConnection.connect(SQLServerConnection.java:1276)
	at com.microsoft.sqlserver.jdbc.SQLServerDriver.connect(SQLServerDriver.java:861)
	at org.apache.commons.dbcp.DriverConnectionFactory.createConnection(DriverConnectionFactory.java:38)
	at org.apache.commons.dbcp.PoolableConnectionFactory.makeObject(PoolableConnectionFactory.java:582)
	at org.apache.commons.dbcp.BasicDataSource.validateConnectionFactory(BasicDataSource.java:1556)
	at org.apache.commons.dbcp.BasicDataSource.createPoolableConnectionFactory(BasicDataSource.java:1545)
	at org.apache.commons.dbcp.BasicDataSource.createDataSource(BasicDataSource.java:1388)
	at org.apache.commons.dbcp.BasicDataSource.getConnection(BasicDataSource.java:1044)
	at org.springframework.jdbc.datasource.DataSourceUtils.fetchConnection(DataSourceUtils.java:157)
	at org.springframework.jdbc.datasource.DataSourceUtils.doGetConnection(DataSourceUtils.java:115)
	at org.springframework.jdbc.datasource.DataSourceUtils.getConnection(DataSourceUtils.java:78)
	at org.mybatis.spring.transaction.SpringManagedTransaction.openConnection(SpringManagedTransaction.java:80)
	at org.mybatis.spring.transaction.SpringManagedTransaction.getConnection(SpringManagedTransaction.java:67)
	at org.apache.ibatis.executor.BaseExecutor.getConnection(BaseExecutor.java:336)
	at org.apache.ibatis.executor.SimpleExecutor.prepareStatement(SimpleExecutor.java:85)
	at org.apache.ibatis.executor.SimpleExecutor.doQuery(SimpleExecutor.java:62)
	at org.apache.ibatis.executor.BaseExecutor.queryFromDatabase(BaseExecutor.java:324)
	at org.apache.ibatis.executor.BaseExecutor.query(BaseExecutor.java:156)
	at org.apache.ibatis.executor.CachingExecutor.query(CachingExecutor.java:109)
	at org.apache.ibatis.executor.CachingExecutor.query(CachingExecutor.java:83)
	at org.apache.ibatis.session.defaults.DefaultSqlSession.selectList(DefaultSqlSession.java:147)
	at org.apache.ibatis.session.defaults.DefaultSqlSession.selectList(DefaultSqlSession.java:140)
	at org.apache.ibatis.session.defaults.DefaultSqlSession.selectOne(DefaultSqlSession.java:76)
	at sun.reflect.GeneratedMethodAccessor77.invoke(Unknown Source)
	at sun.reflect.DelegatingMethodAccessorImpl.invoke(DelegatingMethodAccessorImpl.java:43)
	at java.lang.reflect.Method.invoke(Method.java:498)
	at org.mybatis.spring.SqlSessionTemplate$SqlSessionInterceptor.invoke(SqlSessionTemplate.java:426)
	at com.sun.proxy.$Proxy59.selectOne(Unknown Source)
	at org.mybatis.spring.SqlSessionTemplate.selectOne(SqlSessionTemplate.java:159)
	at org.apache.ibatis.binding.MapperMethod.execute(MapperMethod.java:87)
	at org.apache.ibatis.binding.MapperProxy.invoke(MapperProxy.java:57)
	at com.sun.proxy.$Proxy61.checkUserWithSessionKey(Unknown Source)
	at com.daejist.login.service.LoginServiceImp.checkUserWithSessionKey(LoginServiceImp.java:84)
	at com.daejist.login.controller.LoginController.login(LoginController.java:75)
	at sun.reflect.GeneratedMethodAccessor76.invoke(Unknown Source)
	at sun.reflect.DelegatingMethodAccessorImpl.invoke(DelegatingMethodAccessorImpl.java:43)
	at java.lang.reflect.Method.invoke(Method.java:498)
	at org.springframework.web.method.support.InvocableHandlerMethod.doInvoke(InvocableHandlerMethod.java:190)
	at org.springframework.web.method.support.InvocableHandlerMethod.invokeForRequest(InvocableHandlerMethod.java:138)
	at org.springframework.web.servlet.mvc.method.annotation.ServletInvocableHandlerMethod.invokeAndHandle(ServletInvocableHandlerMethod.java:104)
	at org.springframework.web.servlet.mvc.method.annotation.RequestMappingHandlerAdapter.invokeHandlerMethod(RequestMappingHandlerAdapter.java:892)
	at org.springframework.web.servlet.mvc.method.annotation.RequestMappingHandlerAdapter.handleInternal(RequestMappingHandlerAdapter.java:797)
	at org.springframework.web.servlet.mvc.method.AbstractHandlerMethodAdapter.handle(AbstractHandlerMethodAdapter.java:87)
	at org.springframework.web.servlet.DispatcherServlet.doDispatch(DispatcherServlet.java:1039)
	at org.springframework.web.servlet.DispatcherServlet.doService(DispatcherServlet.java:942)
	at org.springframework.web.servlet.FrameworkServlet.processRequest(FrameworkServlet.java:1005)
	at org.springframework.web.servlet.FrameworkServlet.doGet(FrameworkServlet.java:897)
	at javax.servlet.http.HttpServlet.service(HttpServlet.java:622)
	at org.springframework.web.servlet.FrameworkServlet.service(FrameworkServlet.java:882)
	at javax.servlet.http.HttpServlet.service(HttpServlet.java:729)
	at org.apache.catalina.core.ApplicationFilterChain.internalDoFilter(ApplicationFilterChain.java:292)
	at org.apache.catalina.core.ApplicationFilterChain.doFilter(ApplicationFilterChain.java:207)
	at org.apache.tomcat.websocket.server.WsFilter.doFilter(WsFilter.java:52)
	at org.apache.catalina.core.ApplicationFilterChain.internalDoFilter(ApplicationFilterChain.java:240)
	at org.apache.catalina.core.ApplicationFilterChain.doFilter(ApplicationFilterChain.java:207)
	at org.springframework.web.filter.CharacterEncodingFilter.doFilterInternal(CharacterEncodingFilter.java:200)
	at org.springframework.web.filter.OncePerRequestFilter.doFilter(OncePerRequestFilter.java:118)
	at org.apache.catalina.core.ApplicationFilterChain.internalDoFilter(ApplicationFilterChain.java:240)
	at org.apache.catalina.core.ApplicationFilterChain.doFilter(ApplicationFilterChain.java:207)
	at org.apache.catalina.core.StandardWrapperValve.invoke(StandardWrapperValve.java:212)
	at org.apache.catalina.core.StandardContextValve.invoke(StandardContextValve.java:94)
	at org.apache.catalina.core.StandardHostValve.invoke(StandardHostValve.java:141)
	at org.apache.catalina.valves.ErrorReportValve.invoke(ErrorReportValve.java:79)
	at org.apache.catalina.core.StandardEngineValve.invoke(StandardEngineValve.java:88)
	at org.apache.catalina.connector.CoyoteAdapter.service(CoyoteAdapter.java:502)
	at org.apache.coyote.http11.AbstractHttp11Processor.process(AbstractHttp11Processor.java:1132)
	at org.apache.coyote.AbstractProtocol$AbstractConnectionHandler.process(AbstractProtocol.java:684)
	at org.apache.tomcat.util.net.NioEndpoint$SocketProcessor.doRun(NioEndpoint.java:1539)
	at org.apache.tomcat.util.net.NioEndpoint$SocketProcessor.run(NioEndpoint.java:1495)
	at java.util.concurrent.ThreadPoolExecutor.runWorker(ThreadPoolExecutor.java:1142)
	at java.util.concurrent.ThreadPoolExecutor$Worker.run(ThreadPoolExecutor.java:617)
	at org.apache.tomcat.util.threads.TaskThread$WrappingRunnable.run(TaskThread.java:61)
	at java.lang.Thread.run(Thread.java:745)

10-Aug-2026 12:19:03.129 심각 [http-nio-8855-exec-13] org.apache.catalina.core.StandardWrapperValve.invoke Servlet.service() for servlet [appServlet] in context with path [] threw exception [Request processing failed; nested exception is org.mybatis.spring.MyBatisSystemException: nested exception is org.apache.ibatis.exceptions.PersistenceException: 
### Error querying database.  Cause: org.springframework.jdbc.CannotGetJdbcConnectionException: Failed to obtain JDBC Connection; nested exception is org.apache.commons.dbcp.SQLNestedException: Cannot create PoolableConnectionFactory (호스트 61.32.101.234, 포트 1433에 대한 TCP/IP 연결에 실패했습니다. 오류: "connect timed out. 연결 속성을 확인하십시오. SQL Server의 인스턴스가 호스트에서 실행되고 있고 포트에서 TCP/IP 연결을 허용하고 있는지 확인하십시오. 또한 방화벽에서 포트로의 TCP 연결을 차단하지 않는지 확인하십시오.".)
### The error may exist in com/daejist/login/mapper/LoginMapper.xml
### The error may involve com.daejist.login.mapper.LoginMapper.checkUserWithSessionKey
### The error occurred while executing a query
### Cause: org.springframework.jdbc.CannotGetJdbcConnectionException: Failed to obtain JDBC Connection; nested exception is org.apache.commons.dbcp.SQLNestedException: Cannot create PoolableConnectionFactory (호스트 61.32.101.234, 포트 1433에 대한 TCP/IP 연결에 실패했습니다. 오류: "connect timed out. 연결 속성을 확인하십시오. SQL Server의 인스턴스가 호스트에서 실행되고 있고 포트에서 TCP/IP 연결을 허용하고 있는지 확인하십시오. 또한 방화벽에서 포트로의 TCP 연결을 차단하지 않는지 확인하십시오.".)] with root cause
 com.microsoft.sqlserver.jdbc.SQLServerException: 호스트 61.32.101.234, 포트 1433에 대한 TCP/IP 연결에 실패했습니다. 오류: "connect timed out. 연결 속성을 확인하십시오. SQL Server의 인스턴스가 호스트에서 실행되고 있고 포트에서 TCP/IP 연결을 허용하고 있는지 확인하십시오. 또한 방화벽에서 포트로의 TCP 연결을 차단하지 않는지 확인하십시오.".
	at com.microsoft.sqlserver.jdbc.SQLServerException.makeFromDriverError(SQLServerException.java:234)
	at com.microsoft.sqlserver.jdbc.SQLServerException.ConvertConnectExceptionToSQLServerException(SQLServerException.java:285)
	at com.microsoft.sqlserver.jdbc.SocketFinder.findSocket(IOBuffer.java:2462)
	at com.microsoft.sqlserver.jdbc.TDSChannel.open(IOBuffer.java:668)
	at com.microsoft.sqlserver.jdbc.SQLServerConnection.connectHelper(SQLServerConnection.java:2695)
	at com.microsoft.sqlserver.jdbc.SQLServerConnection.login(SQLServerConnection.java:2362)
	at com.microsoft.sqlserver.jdbc.SQLServerConnection.connectInternal(SQLServerConnection.java:2213)
	at com.microsoft.sqlserver.jdbc.SQLServerConnection.connect(SQLServerConnection.java:1276)
	at com.microsoft.sqlserver.jdbc.SQLServerDriver.connect(SQLServerDriver.java:861)
	at org.apache.commons.dbcp.DriverConnectionFactory.createConnection(DriverConnectionFactory.java:38)
	at org.apache.commons.dbcp.PoolableConnectionFactory.makeObject(PoolableConnectionFactory.java:582)
	at org.apache.commons.dbcp.BasicDataSource.validateConnectionFactory(BasicDataSource.java:1556)
	at org.apache.commons.dbcp.BasicDataSource.createPoolableConnectionFactory(BasicDataSource.java:1545)
	at org.apache.commons.dbcp.BasicDataSource.createDataSource(BasicDataSource.java:1388)
	at org.apache.commons.dbcp.BasicDataSource.getConnection(BasicDataSource.java:1044)
	at org.springframework.jdbc.datasource.DataSourceUtils.fetchConnection(DataSourceUtils.java:157)
	at org.springframework.jdbc.datasource.DataSourceUtils.doGetConnection(DataSourceUtils.java:115)
	at org.springframework.jdbc.datasource.DataSourceUtils.getConnection(DataSourceUtils.java:78)
	at org.mybatis.spring.transaction.SpringManagedTransaction.openConnection(SpringManagedTransaction.java:80)
	at org.mybatis.spring.transaction.SpringManagedTransaction.getConnection(SpringManagedTransaction.java:67)
	at org.apache.ibatis.executor.BaseExecutor.getConnection(BaseExecutor.java:336)
	at org.apache.ibatis.executor.SimpleExecutor.prepareStatement(SimpleExecutor.java:85)
	at org.apache.ibatis.executor.SimpleExecutor.doQuery(SimpleExecutor.java:62)
	at org.apache.ibatis.executor.BaseExecutor.queryFromDatabase(BaseExecutor.java:324)
	at org.apache.ibatis.executor.BaseExecutor.query(BaseExecutor.java:156)
	at org.apache.ibatis.executor.CachingExecutor.query(CachingExecutor.java:109)
	at org.apache.ibatis.executor.CachingExecutor.query(CachingExecutor.java:83)
	at org.apache.ibatis.session.defaults.DefaultSqlSession.selectList(DefaultSqlSession.java:147)
	at org.apache.ibatis.session.defaults.DefaultSqlSession.selectList(DefaultSqlSession.java:140)
	at org.apache.ibatis.session.defaults.DefaultSqlSession.selectOne(DefaultSqlSession.java:76)
	at sun.reflect.GeneratedMethodAccessor77.invoke(Unknown Source)
	at sun.reflect.DelegatingMethodAccessorImpl.invoke(DelegatingMethodAccessorImpl.java:43)
	at java.lang.reflect.Method.invoke(Method.java:498)
	at org.mybatis.spring.SqlSessionTemplate$SqlSessionInterceptor.invoke(SqlSessionTemplate.java:426)
	at com.sun.proxy.$Proxy59.selectOne(Unknown Source)
	at org.mybatis.spring.SqlSessionTemplate.selectOne(SqlSessionTemplate.java:159)
	at org.apache.ibatis.binding.MapperMethod.execute(MapperMethod.java:87)
	at org.apache.ibatis.binding.MapperProxy.invoke(MapperProxy.java:57)
	at com.sun.proxy.$Proxy61.checkUserWithSessionKey(Unknown Source)
	at com.daejist.login.service.LoginServiceImp.checkUserWithSessionKey(LoginServiceImp.java:84)
	at com.daejist.login.controller.LoginController.login(LoginController.java:75)
	at sun.reflect.GeneratedMethodAccessor76.invoke(Unknown Source)
	at sun.reflect.DelegatingMethodAccessorImpl.invoke(DelegatingMethodAccessorImpl.java:43)
	at java.lang.reflect.Method.invoke(Method.java:498)
	at org.springframework.web.method.support.InvocableHandlerMethod.doInvoke(InvocableHandlerMethod.java:190)
	at org.springframework.web.method.support.InvocableHandlerMethod.invokeForRequest(InvocableHandlerMethod.java:138)
	at org.springframework.web.servlet.mvc.method.annotation.ServletInvocableHandlerMethod.invokeAndHandle(ServletInvocableHandlerMethod.java:104)
	at org.springframework.web.servlet.mvc.method.annotation.RequestMappingHandlerAdapter.invokeHandlerMethod(RequestMappingHandlerAdapter.java:892)
	at org.springframework.web.servlet.mvc.method.annotation.RequestMappingHandlerAdapter.handleInternal(RequestMappingHandlerAdapter.java:797)
	at org.springframework.web.servlet.mvc.method.AbstractHandlerMethodAdapter.handle(AbstractHandlerMethodAdapter.java:87)
	at org.springframework.web.servlet.DispatcherServlet.doDispatch(DispatcherServlet.java:1039)
	at org.springframework.web.servlet.DispatcherServlet.doService(DispatcherServlet.java:942)
	at org.springframework.web.servlet.FrameworkServlet.processRequest(FrameworkServlet.java:1005)
	at org.springframework.web.servlet.FrameworkServlet.doGet(FrameworkServlet.java:897)
	at javax.servlet.http.HttpServlet.service(HttpServlet.java:622)
	at org.springframework.web.servlet.FrameworkServlet.service(FrameworkServlet.java:882)
	at javax.servlet.http.HttpServlet.service(HttpServlet.java:729)
	at org.apache.catalina.core.ApplicationFilterChain.internalDoFilter(ApplicationFilterChain.java:292)
	at org.apache.catalina.core.ApplicationFilterChain.doFilter(ApplicationFilterChain.java:207)
	at org.apache.tomcat.websocket.server.WsFilter.doFilter(WsFilter.java:52)
	at org.apache.catalina.core.ApplicationFilterChain.internalDoFilter(ApplicationFilterChain.java:240)
	at org.apache.catalina.core.ApplicationFilterChain.doFilter(ApplicationFilterChain.java:207)
	at org.springframework.web.filter.CharacterEncodingFilter.doFilterInternal(CharacterEncodingFilter.java:200)
	at org.springframework.web.filter.OncePerRequestFilter.doFilter(OncePerRequestFilter.java:118)
	at org.apache.catalina.core.ApplicationFilterChain.internalDoFilter(ApplicationFilterChain.java:240)
	at org.apache.catalina.core.ApplicationFilterChain.doFilter(ApplicationFilterChain.java:207)
	at org.apache.catalina.core.StandardWrapperValve.invoke(StandardWrapperValve.java:212)
	at org.apache.catalina.core.StandardContextValve.invoke(StandardContextValve.java:94)
	at org.apache.catalina.core.StandardHostValve.invoke(StandardHostValve.java:141)
	at org.apache.catalina.valves.ErrorReportValve.invoke(ErrorReportValve.java:79)
	at org.apache.catalina.core.StandardEngineValve.invoke(StandardEngineValve.java:88)
	at org.apache.catalina.connector.CoyoteAdapter.service(CoyoteAdapter.java:502)
	at org.apache.coyote.http11.AbstractHttp11Processor.process(AbstractHttp11Processor.java:1132)
	at org.apache.coyote.AbstractProtocol$AbstractConnectionHandler.process(AbstractProtocol.java:684)
	at org.apache.tomcat.util.net.NioEndpoint$SocketProcessor.doRun(NioEndpoint.java:1539)
	at org.apache.tomcat.util.net.NioEndpoint$SocketProcessor.run(NioEndpoint.java:1495)
	at java.util.concurrent.ThreadPoolExecutor.runWorker(ThreadPoolExecutor.java:1142)
	at java.util.concurrent.ThreadPoolExecutor$Worker.run(ThreadPoolExecutor.java:617)
	at org.apache.tomcat.util.threads.TaskThread$WrappingRunnable.run(TaskThread.java:61)
	at java.lang.Thread.run(Thread.java:745)

10-Aug-2026 12:19:18.134 심각 [http-nio-8855-exec-12] org.apache.catalina.core.StandardWrapperValve.invoke Servlet.service() for servlet [appServlet] in context with path [] threw exception [Request processing failed; nested exception is org.mybatis.spring.MyBatisSystemException: nested exception is org.apache.ibatis.exceptions.PersistenceException: 
### Error querying database.  Cause: org.springframework.jdbc.CannotGetJdbcConnectionException: Failed to obtain JDBC Connection; nested exception is org.apache.commons.dbcp.SQLNestedException: Cannot create PoolableConnectionFactory (호스트 61.32.101.234, 포트 1433에 대한 TCP/IP 연결에 실패했습니다. 오류: "connect timed out. 연결 속성을 확인하십시오. SQL Server의 인스턴스가 호스트에서 실행되고 있고 포트에서 TCP/IP 연결을 허용하고 있는지 확인하십시오. 또한 방화벽에서 포트로의 TCP 연결을 차단하지 않는지 확인하십시오.".)
### The error may exist in com/daejist/login/mapper/LoginMapper.xml
### The error may involve com.daejist.login.mapper.LoginMapper.checkUserWithSessionKey
### The error occurred while executing a query
### Cause: org.springframework.jdbc.CannotGetJdbcConnectionException: Failed to obtain JDBC Connection; nested exception is org.apache.commons.dbcp.SQLNestedException: Cannot create PoolableConnectionFactory (호스트 61.32.101.234, 포트 1433에 대한 TCP/IP 연결에 실패했습니다. 오류: "connect timed out. 연결 속성을 확인하십시오. SQL Server의 인스턴스가 호스트에서 실행되고 있고 포트에서 TCP/IP 연결을 허용하고 있는지 확인하십시오. 또한 방화벽에서 포트로의 TCP 연결을 차단하지 않는지 확인하십시오.".)] with root cause
 com.microsoft.sqlserver.jdbc.SQLServerException: 호스트 61.32.101.234, 포트 1433에 대한 TCP/IP 연결에 실패했습니다. 오류: "connect timed out. 연결 속성을 확인하십시오. SQL Server의 인스턴스가 호스트에서 실행되고 있고 포트에서 TCP/IP 연결을 허용하고 있는지 확인하십시오. 또한 방화벽에서 포트로의 TCP 연결을 차단하지 않는지 확인하십시오.".
	at com.microsoft.sqlserver.jdbc.SQLServerException.makeFromDriverError(SQLServerException.java:234)
	at com.microsoft.sqlserver.jdbc.SQLServerException.ConvertConnectExceptionToSQLServerException(SQLServerException.java:285)
	at com.microsoft.sqlserver.jdbc.SocketFinder.findSocket(IOBuffer.java:2462)
	at com.microsoft.sqlserver.jdbc.TDSChannel.open(IOBuffer.java:668)
	at com.microsoft.sqlserver.jdbc.SQLServerConnection.connectHelper(SQLServerConnection.java:2695)
	at com.microsoft.sqlserver.jdbc.SQLServerConnection.login(SQLServerConnection.java:2362)
	at com.microsoft.sqlserver.jdbc.SQLServerConnection.connectInternal(SQLServerConnection.java:2213)
	at com.microsoft.sqlserver.jdbc.SQLServerConnection.connect(SQLServerConnection.java:1276)
	at com.microsoft.sqlserver.jdbc.SQLServerDriver.connect(SQLServerDriver.java:861)
	at org.apache.commons.dbcp.DriverConnectionFactory.createConnection(DriverConnectionFactory.java:38)
	at org.apache.commons.dbcp.PoolableConnectionFactory.makeObject(PoolableConnectionFactory.java:582)
	at org.apache.commons.dbcp.BasicDataSource.validateConnectionFactory(BasicDataSource.java:1556)
	at org.apache.commons.dbcp.BasicDataSource.createPoolableConnectionFactory(BasicDataSource.java:1545)
	at org.apache.commons.dbcp.BasicDataSource.createDataSource(BasicDataSource.java:1388)
	at org.apache.commons.dbcp.BasicDataSource.getConnection(BasicDataSource.java:1044)
	at org.springframework.jdbc.datasource.DataSourceUtils.fetchConnection(DataSourceUtils.java:157)
	at org.springframework.jdbc.datasource.DataSourceUtils.doGetConnection(DataSourceUtils.java:115)
	at org.springframework.jdbc.datasource.DataSourceUtils.getConnection(DataSourceUtils.java:78)
	at org.mybatis.spring.transaction.SpringManagedTransaction.openConnection(SpringManagedTransaction.java:80)
	at org.mybatis.spring.transaction.SpringManagedTransaction.getConnection(SpringManagedTransaction.java:67)
	at org.apache.ibatis.executor.BaseExecutor.getConnection(BaseExecutor.java:336)
	at org.apache.ibatis.executor.SimpleExecutor.prepareStatement(SimpleExecutor.java:85)
	at org.apache.ibatis.executor.SimpleExecutor.doQuery(SimpleExecutor.java:62)
	at org.apache.ibatis.executor.BaseExecutor.queryFromDatabase(BaseExecutor.java:324)
	at org.apache.ibatis.executor.BaseExecutor.query(BaseExecutor.java:156)
	at org.apache.ibatis.executor.CachingExecutor.query(CachingExecutor.java:109)
	at org.apache.ibatis.executor.CachingExecutor.query(CachingExecutor.java:83)
	at org.apache.ibatis.session.defaults.DefaultSqlSession.selectList(DefaultSqlSession.java:147)
	at org.apache.ibatis.session.defaults.DefaultSqlSession.selectList(DefaultSqlSession.java:140)
	at org.apache.ibatis.session.defaults.DefaultSqlSession.selectOne(DefaultSqlSession.java:76)
	at sun.reflect.NativeMethodAccessorImpl.invoke0(Native Method)
	at sun.reflect.NativeMethodAccessorImpl.invoke(NativeMethodAccessorImpl.java:62)
	at sun.reflect.DelegatingMethodAccessorImpl.invoke(DelegatingMethodAccessorImpl.java:43)
	at java.lang.reflect.Method.invoke(Method.java:498)
	at org.mybatis.spring.SqlSessionTemplate$SqlSessionInterceptor.invoke(SqlSessionTemplate.java:426)
	at com.sun.proxy.$Proxy59.selectOne(Unknown Source)
	at org.mybatis.spring.SqlSessionTemplate.selectOne(SqlSessionTemplate.java:159)
	at org.apache.ibatis.binding.MapperMethod.execute(MapperMethod.java:87)
	at org.apache.ibatis.binding.MapperProxy.invoke(MapperProxy.java:57)
	at com.sun.proxy.$Proxy61.checkUserWithSessionKey(Unknown Source)
	at com.daejist.login.service.LoginServiceImp.checkUserWithSessionKey(LoginServiceImp.java:84)
	at com.daejist.login.controller.LoginController.login(LoginController.java:75)
	at sun.reflect.GeneratedMethodAccessor76.invoke(Unknown Source)
	at sun.reflect.DelegatingMethodAccessorImpl.invoke(DelegatingMethodAccessorImpl.java:43)
	at java.lang.reflect.Method.invoke(Method.java:498)
	at org.springframework.web.method.support.InvocableHandlerMethod.doInvoke(InvocableHandlerMethod.java:190)
	at org.springframework.web.method.support.InvocableHandlerMethod.invokeForRequest(InvocableHandlerMethod.java:138)
	at org.springframework.web.servlet.mvc.method.annotation.ServletInvocableHandlerMethod.invokeAndHandle(ServletInvocableHandlerMethod.java:104)
	at org.springframework.web.servlet.mvc.method.annotation.RequestMappingHandlerAdapter.invokeHandlerMethod(RequestMappingHandlerAdapter.java:892)
	at org.springframework.web.servlet.mvc.method.annotation.RequestMappingHandlerAdapter.handleInternal(RequestMappingHandlerAdapter.java:797)
	at org.springframework.web.servlet.mvc.method.AbstractHandlerMethodAdapter.handle(AbstractHandlerMethodAdapter.java:87)
	at org.springframework.web.servlet.DispatcherServlet.doDispatch(DispatcherServlet.java:1039)
	at org.springframework.web.servlet.DispatcherServlet.doService(DispatcherServlet.java:942)
	at org.springframework.web.servlet.FrameworkServlet.processRequest(FrameworkServlet.java:1005)
	at org.springframework.web.servlet.FrameworkServlet.doGet(FrameworkServlet.java:897)
	at javax.servlet.http.HttpServlet.service(HttpServlet.java:622)
	at org.springframework.web.servlet.FrameworkServlet.service(FrameworkServlet.java:882)
	at javax.servlet.http.HttpServlet.service(HttpServlet.java:729)
	at org.apache.catalina.core.ApplicationFilterChain.internalDoFilter(ApplicationFilterChain.java:292)
	at org.apache.catalina.core.ApplicationFilterChain.doFilter(ApplicationFilterChain.java:207)
	at org.apache.tomcat.websocket.server.WsFilter.doFilter(WsFilter.java:52)
	at org.apache.catalina.core.ApplicationFilterChain.internalDoFilter(ApplicationFilterChain.java:240)
	at org.apache.catalina.core.ApplicationFilterChain.doFilter(ApplicationFilterChain.java:207)
	at org.springframework.web.filter.CharacterEncodingFilter.doFilterInternal(CharacterEncodingFilter.java:200)
	at org.springframework.web.filter.OncePerRequestFilter.doFilter(OncePerRequestFilter.java:118)
	at org.apache.catalina.core.ApplicationFilterChain.internalDoFilter(ApplicationFilterChain.java:240)
	at org.apache.catalina.core.ApplicationFilterChain.doFilter(ApplicationFilterChain.java:207)
	at org.apache.catalina.core.StandardWrapperValve.invoke(StandardWrapperValve.java:212)
	at org.apache.catalina.core.StandardContextValve.invoke(StandardContextValve.java:94)
	at org.apache.catalina.core.StandardHostValve.invoke(StandardHostValve.java:141)
	at org.apache.catalina.valves.ErrorReportValve.invoke(ErrorReportValve.java:79)
	at org.apache.catalina.core.StandardEngineValve.invoke(StandardEngineValve.java:88)
	at org.apache.catalina.connector.CoyoteAdapter.service(CoyoteAdapter.java:502)
	at org.apache.coyote.http11.AbstractHttp11Processor.process(AbstractHttp11Processor.java:1132)
	at org.apache.coyote.AbstractProtocol$AbstractConnectionHandler.process(AbstractProtocol.java:684)
	at org.apache.tomcat.util.net.NioEndpoint$SocketProcessor.doRun(NioEndpoint.java:1539)
	at org.apache.tomcat.util.net.NioEndpoint$SocketProcessor.run(NioEndpoint.java:1495)
	at java.util.concurrent.ThreadPoolExecutor.runWorker(ThreadPoolExecutor.java:1142)
	at java.util.concurrent.ThreadPoolExecutor$Worker.run(ThreadPoolExecutor.java:617)
	at org.apache.tomcat.util.threads.TaskThread$WrappingRunnable.run(TaskThread.java:61)
	at java.lang.Thread.run(Thread.java:745)

10-Aug-2026 12:19:33.137 심각 [http-nio-8855-exec-11] org.apache.catalina.core.StandardWrapperValve.invoke Servlet.service() for servlet [appServlet] in context with path [] threw exception [Request processing failed; nested exception is org.mybatis.spring.MyBatisSystemException: nested exception is org.apache.ibatis.exceptions.PersistenceException: 
### Error querying database.  Cause: org.springframework.jdbc.CannotGetJdbcConnectionException: Failed to obtain JDBC Connection; nested exception is org.apache.commons.dbcp.SQLNestedException: Cannot create PoolableConnectionFactory (호스트 61.32.101.234, 포트 1433에 대한 TCP/IP 연결에 실패했습니다. 오류: "connect timed out. 연결 속성을 확인하십시오. SQL Server의 인스턴스가 호스트에서 실행되고 있고 포트에서 TCP/IP 연결을 허용하고 있는지 확인하십시오. 또한 방화벽에서 포트로의 TCP 연결을 차단하지 않는지 확인하십시오.".)
### The error may exist in com/daejist/login/mapper/LoginMapper.xml
### The error may involve com.daejist.login.mapper.LoginMapper.checkUserWithSessionKey
### The error occurred while executing a query
### Cause: org.springframework.jdbc.CannotGetJdbcConnectionException: Failed to obtain JDBC Connection; nested exception is org.apache.commons.dbcp.SQLNestedException: Cannot create PoolableConnectionFactory (호스트 61.32.101.234, 포트 1433에 대한 TCP/IP 연결에 실패했습니다. 오류: "connect timed out. 연결 속성을 확인하십시오. SQL Server의 인스턴스가 호스트에서 실행되고 있고 포트에서 TCP/IP 연결을 허용하고 있는지 확인하십시오. 또한 방화벽에서 포트로의 TCP 연결을 차단하지 않는지 확인하십시오.".)] with root cause
 com.microsoft.sqlserver.jdbc.SQLServerException: 호스트 61.32.101.234, 포트 1433에 대한 TCP/IP 연결에 실패했습니다. 오류: "connect timed out. 연결 속성을 확인하십시오. SQL Server의 인스턴스가 호스트에서 실행되고 있고 포트에서 TCP/IP 연결을 허용하고 있는지 확인하십시오. 또한 방화벽에서 포트로의 TCP 연결을 차단하지 않는지 확인하십시오.".
	at com.microsoft.sqlserver.jdbc.SQLServerException.makeFromDriverError(SQLServerException.java:234)
	at com.microsoft.sqlserver.jdbc.SQLServerException.ConvertConnectExceptionToSQLServerException(SQLServerException.java:285)
	at com.microsoft.sqlserver.jdbc.SocketFinder.findSocket(IOBuffer.java:2462)
	at com.microsoft.sqlserver.jdbc.TDSChannel.open(IOBuffer.java:668)
	at com.microsoft.sqlserver.jdbc.SQLServerConnection.connectHelper(SQLServerConnection.java:2695)
	at com.microsoft.sqlserver.jdbc.SQLServerConnection.login(SQLServerConnection.java:2362)
	at com.microsoft.sqlserver.jdbc.SQLServerConnection.connectInternal(SQLServerConnection.java:2213)
	at com.microsoft.sqlserver.jdbc.SQLServerConnection.connect(SQLServerConnection.java:1276)
	at com.microsoft.sqlserver.jdbc.SQLServerDriver.connect(SQLServerDriver.java:861)
	at org.apache.commons.dbcp.DriverConnectionFactory.createConnection(DriverConnectionFactory.java:38)
	at org.apache.commons.dbcp.PoolableConnectionFactory.makeObject(PoolableConnectionFactory.java:582)
	at org.apache.commons.dbcp.BasicDataSource.validateConnectionFactory(BasicDataSource.java:1556)
	at org.apache.commons.dbcp.BasicDataSource.createPoolableConnectionFactory(BasicDataSource.java:1545)
	at org.apache.commons.dbcp.BasicDataSource.createDataSource(BasicDataSource.java:1388)
	at org.apache.commons.dbcp.BasicDataSource.getConnection(BasicDataSource.java:1044)
	at org.springframework.jdbc.datasource.DataSourceUtils.fetchConnection(DataSourceUtils.java:157)
	at org.springframework.jdbc.datasource.DataSourceUtils.doGetConnection(DataSourceUtils.java:115)
	at org.springframework.jdbc.datasource.DataSourceUtils.getConnection(DataSourceUtils.java:78)
	at org.mybatis.spring.transaction.SpringManagedTransaction.openConnection(SpringManagedTransaction.java:80)
	at org.mybatis.spring.transaction.SpringManagedTransaction.getConnection(SpringManagedTransaction.java:67)
	at org.apache.ibatis.executor.BaseExecutor.getConnection(BaseExecutor.java:336)
	at org.apache.ibatis.executor.SimpleExecutor.prepareStatement(SimpleExecutor.java:85)
	at org.apache.ibatis.executor.SimpleExecutor.doQuery(SimpleExecutor.java:62)
	at org.apache.ibatis.executor.BaseExecutor.queryFromDatabase(BaseExecutor.java:324)
	at org.apache.ibatis.executor.BaseExecutor.query(BaseExecutor.java:156)
	at org.apache.ibatis.executor.CachingExecutor.query(CachingExecutor.java:109)
	at org.apache.ibatis.executor.CachingExecutor.query(CachingExecutor.java:83)
	at org.apache.ibatis.session.defaults.DefaultSqlSession.selectList(DefaultSqlSession.java:147)
	at org.apache.ibatis.session.defaults.DefaultSqlSession.selectList(DefaultSqlSession.java:140)
	at org.apache.ibatis.session.defaults.DefaultSqlSession.selectOne(DefaultSqlSession.java:76)
	at sun.reflect.NativeMethodAccessorImpl.invoke0(Native Method)
	at sun.reflect.NativeMethodAccessorImpl.invoke(NativeMethodAccessorImpl.java:62)
	at sun.reflect.DelegatingMethodAccessorImpl.invoke(DelegatingMethodAccessorImpl.java:43)
	at java.lang.reflect.Method.invoke(Method.java:498)
	at org.mybatis.spring.SqlSessionTemplate$SqlSessionInterceptor.invoke(SqlSessionTemplate.java:426)
	at com.sun.proxy.$Proxy59.selectOne(Unknown Source)
	at org.mybatis.spring.SqlSessionTemplate.selectOne(SqlSessionTemplate.java:159)
	at org.apache.ibatis.binding.MapperMethod.execute(MapperMethod.java:87)
	at org.apache.ibatis.binding.MapperProxy.invoke(MapperProxy.java:57)
	at com.sun.proxy.$Proxy61.checkUserWithSessionKey(Unknown Source)
	at com.daejist.login.service.LoginServiceImp.checkUserWithSessionKey(LoginServiceImp.java:84)
	at com.daejist.login.controller.LoginController.login(LoginController.java:75)
	at sun.reflect.NativeMethodAccessorImpl.invoke0(Native Method)
	at sun.reflect.NativeMethodAccessorImpl.invoke(NativeMethodAccessorImpl.java:62)
	at sun.reflect.DelegatingMethodAccessorImpl.invoke(DelegatingMethodAccessorImpl.java:43)
	at java.lang.reflect.Method.invoke(Method.java:498)
	at org.springframework.web.method.support.InvocableHandlerMethod.doInvoke(InvocableHandlerMethod.java:190)
	at org.springframework.web.method.support.InvocableHandlerMethod.invokeForRequest(InvocableHandlerMethod.java:138)
	at org.springframework.web.servlet.mvc.method.annotation.ServletInvocableHandlerMethod.invokeAndHandle(ServletInvocableHandlerMethod.java:104)
	at org.springframework.web.servlet.mvc.method.annotation.RequestMappingHandlerAdapter.invokeHandlerMethod(RequestMappingHandlerAdapter.java:892)
	at org.springframework.web.servlet.mvc.method.annotation.RequestMappingHandlerAdapter.handleInternal(RequestMappingHandlerAdapter.java:797)
	at org.springframework.web.servlet.mvc.method.AbstractHandlerMethodAdapter.handle(AbstractHandlerMethodAdapter.java:87)
	at org.springframework.web.servlet.DispatcherServlet.doDispatch(DispatcherServlet.java:1039)
	at org.springframework.web.servlet.DispatcherServlet.doService(DispatcherServlet.java:942)
	at org.springframework.web.servlet.FrameworkServlet.processRequest(FrameworkServlet.java:1005)
	at org.springframework.web.servlet.FrameworkServlet.doGet(FrameworkServlet.java:897)
	at javax.servlet.http.HttpServlet.service(HttpServlet.java:622)
	at org.springframework.web.servlet.FrameworkServlet.service(FrameworkServlet.java:882)
	at javax.servlet.http.HttpServlet.service(HttpServlet.java:729)
	at org.apache.catalina.core.ApplicationFilterChain.internalDoFilter(ApplicationFilterChain.java:292)
	at org.apache.catalina.core.ApplicationFilterChain.doFilter(ApplicationFilterChain.java:207)
	at org.apache.tomcat.websocket.server.WsFilter.doFilter(WsFilter.java:52)
	at org.apache.catalina.core.ApplicationFilterChain.internalDoFilter(ApplicationFilterChain.java:240)
	at org.apache.catalina.core.ApplicationFilterChain.doFilter(ApplicationFilterChain.java:207)
	at org.springframework.web.filter.CharacterEncodingFilter.doFilterInternal(CharacterEncodingFilter.java:200)
	at org.springframework.web.filter.OncePerRequestFilter.doFilter(OncePerRequestFilter.java:118)
	at org.apache.catalina.core.ApplicationFilterChain.internalDoFilter(ApplicationFilterChain.java:240)
	at org.apache.catalina.core.ApplicationFilterChain.doFilter(ApplicationFilterChain.java:207)
	at org.apache.catalina.core.StandardWrapperValve.invoke(StandardWrapperValve.java:212)
	at org.apache.catalina.core.StandardContextValve.invoke(StandardContextValve.java:94)
	at org.apache.catalina.core.StandardHostValve.invoke(StandardHostValve.java:141)
	at org.apache.catalina.valves.ErrorReportValve.invoke(ErrorReportValve.java:79)
	at org.apache.catalina.core.StandardEngineValve.invoke(StandardEngineValve.java:88)
	at org.apache.catalina.connector.CoyoteAdapter.service(CoyoteAdapter.java:502)
	at org.apache.coyote.http11.AbstractHttp11Processor.process(AbstractHttp11Processor.java:1132)
	at org.apache.coyote.AbstractProtocol$AbstractConnectionHandler.process(AbstractProtocol.java:684)
	at org.apache.tomcat.util.net.NioEndpoint$SocketProcessor.doRun(NioEndpoint.java:1539)
	at org.apache.tomcat.util.net.NioEndpoint$SocketProcessor.run(NioEndpoint.java:1495)
	at java.util.concurrent.ThreadPoolExecutor.runWorker(ThreadPoolExecutor.java:1142)
	at java.util.concurrent.ThreadPoolExecutor$Worker.run(ThreadPoolExecutor.java:617)
	at org.apache.tomcat.util.threads.TaskThread$WrappingRunnable.run(TaskThread.java:61)
	at java.lang.Thread.run(Thread.java:745)

10-Aug-2026 12:19:48.142 심각 [http-nio-8855-exec-7] org.apache.catalina.core.StandardWrapperValve.invoke Servlet.service() for servlet [appServlet] in context with path [] threw exception [Request processing failed; nested exception is org.mybatis.spring.MyBatisSystemException: nested exception is org.apache.ibatis.exceptions.PersistenceException: 
### Error querying database.  Cause: org.springframework.jdbc.CannotGetJdbcConnectionException: Failed to obtain JDBC Connection; nested exception is org.apache.commons.dbcp.SQLNestedException: Cannot create PoolableConnectionFactory (호스트 61.32.101.234, 포트 1433에 대한 TCP/IP 연결에 실패했습니다. 오류: "connect timed out. 연결 속성을 확인하십시오. SQL Server의 인스턴스가 호스트에서 실행되고 있고 포트에서 TCP/IP 연결을 허용하고 있는지 확인하십시오. 또한 방화벽에서 포트로의 TCP 연결을 차단하지 않는지 확인하십시오.".)
### The error may exist in com/daejist/login/mapper/LoginMapper.xml
### The error may involve com.daejist.login.mapper.LoginMapper.checkUserWithSessionKey
### The error occurred while executing a query
### Cause: org.springframework.jdbc.CannotGetJdbcConnectionException: Failed to obtain JDBC Connection; nested exception is org.apache.commons.dbcp.SQLNestedException: Cannot create PoolableConnectionFactory (호스트 61.32.101.234, 포트 1433에 대한 TCP/IP 연결에 실패했습니다. 오류: "connect timed out. 연결 속성을 확인하십시오. SQL Server의 인스턴스가 호스트에서 실행되고 있고 포트에서 TCP/IP 연결을 허용하고 있는지 확인하십시오. 또한 방화벽에서 포트로의 TCP 연결을 차단하지 않는지 확인하십시오.".)] with root cause
 com.microsoft.sqlserver.jdbc.SQLServerException: 호스트 61.32.101.234, 포트 1433에 대한 TCP/IP 연결에 실패했습니다. 오류: "connect timed out. 연결 속성을 확인하십시오. SQL Server의 인스턴스가 호스트에서 실행되고 있고 포트에서 TCP/IP 연결을 허용하고 있는지 확인하십시오. 또한 방화벽에서 포트로의 TCP 연결을 차단하지 않는지 확인하십시오.".
	at com.microsoft.sqlserver.jdbc.SQLServerException.makeFromDriverError(SQLServerException.java:234)
	at com.microsoft.sqlserver.jdbc.SQLServerException.ConvertConnectExceptionToSQLServerException(SQLServerException.java:285)
	at com.microsoft.sqlserver.jdbc.SocketFinder.findSocket(IOBuffer.java:2462)
	at com.microsoft.sqlserver.jdbc.TDSChannel.open(IOBuffer.java:668)
	at com.microsoft.sqlserver.jdbc.SQLServerConnection.connectHelper(SQLServerConnection.java:2695)
	at com.microsoft.sqlserver.jdbc.SQLServerConnection.login(SQLServerConnection.java:2362)
	at com.microsoft.sqlserver.jdbc.SQLServerConnection.connectInternal(SQLServerConnection.java:2213)
	at com.microsoft.sqlserver.jdbc.SQLServerConnection.connect(SQLServerConnection.java:1276)
	at com.microsoft.sqlserver.jdbc.SQLServerDriver.connect(SQLServerDriver.java:861)
	at org.apache.commons.dbcp.DriverConnectionFactory.createConnection(DriverConnectionFactory.java:38)
	at org.apache.commons.dbcp.PoolableConnectionFactory.makeObject(PoolableConnectionFactory.java:582)
	at org.apache.commons.dbcp.BasicDataSource.validateConnectionFactory(BasicDataSource.java:1556)
	at org.apache.commons.dbcp.BasicDataSource.createPoolableConnectionFactory(BasicDataSource.java:1545)
	at org.apache.commons.dbcp.BasicDataSource.createDataSource(BasicDataSource.java:1388)
	at org.apache.commons.dbcp.BasicDataSource.getConnection(BasicDataSource.java:1044)
	at org.springframework.jdbc.datasource.DataSourceUtils.fetchConnection(DataSourceUtils.java:157)
	at org.springframework.jdbc.datasource.DataSourceUtils.doGetConnection(DataSourceUtils.java:115)
	at org.springframework.jdbc.datasource.DataSourceUtils.getConnection(DataSourceUtils.java:78)
	at org.mybatis.spring.transaction.SpringManagedTransaction.openConnection(SpringManagedTransaction.java:80)
	at org.mybatis.spring.transaction.SpringManagedTransaction.getConnection(SpringManagedTransaction.java:67)
	at org.apache.ibatis.executor.BaseExecutor.getConnection(BaseExecutor.java:336)
	at org.apache.ibatis.executor.SimpleExecutor.prepareStatement(SimpleExecutor.java:85)
	at org.apache.ibatis.executor.SimpleExecutor.doQuery(SimpleExecutor.java:62)
	at org.apache.ibatis.executor.BaseExecutor.queryFromDatabase(BaseExecutor.java:324)
	at org.apache.ibatis.executor.BaseExecutor.query(BaseExecutor.java:156)
	at org.apache.ibatis.executor.CachingExecutor.query(CachingExecutor.java:109)
	at org.apache.ibatis.executor.CachingExecutor.query(CachingExecutor.java:83)
	at org.apache.ibatis.session.defaults.DefaultSqlSession.selectList(DefaultSqlSession.java:147)
	at org.apache.ibatis.session.defaults.DefaultSqlSession.selectList(DefaultSqlSession.java:140)
	at org.apache.ibatis.session.defaults.DefaultSqlSession.selectOne(DefaultSqlSession.java:76)
	at sun.reflect.NativeMethodAccessorImpl.invoke0(Native Method)
	at sun.reflect.NativeMethodAccessorImpl.invoke(NativeMethodAccessorImpl.java:62)
	at sun.reflect.DelegatingMethodAccessorImpl.invoke(DelegatingMethodAccessorImpl.java:43)
	at java.lang.reflect.Method.invoke(Method.java:498)
	at org.mybatis.spring.SqlSessionTemplate$SqlSessionInterceptor.invoke(SqlSessionTemplate.java:426)
	at com.sun.proxy.$Proxy59.selectOne(Unknown Source)
	at org.mybatis.spring.SqlSessionTemplate.selectOne(SqlSessionTemplate.java:159)
	at org.apache.ibatis.binding.MapperMethod.execute(MapperMethod.java:87)
	at org.apache.ibatis.binding.MapperProxy.invoke(MapperProxy.java:57)
	at com.sun.proxy.$Proxy61.checkUserWithSessionKey(Unknown Source)
	at com.daejist.login.service.LoginServiceImp.checkUserWithSessionKey(LoginServiceImp.java:84)
	at com.daejist.login.controller.LoginController.login(LoginController.java:75)
	at sun.reflect.NativeMethodAccessorImpl.invoke0(Native Method)
	at sun.reflect.NativeMethodAccessorImpl.invoke(NativeMethodAccessorImpl.java:62)
	at sun.reflect.DelegatingMethodAccessorImpl.invoke(DelegatingMethodAccessorImpl.java:43)
	at java.lang.reflect.Method.invoke(Method.java:498)
	at org.springframework.web.method.support.InvocableHandlerMethod.doInvoke(InvocableHandlerMethod.java:190)
	at org.springframework.web.method.support.InvocableHandlerMethod.invokeForRequest(InvocableHandlerMethod.java:138)
	at org.springframework.web.servlet.mvc.method.annotation.ServletInvocableHandlerMethod.invokeAndHandle(ServletInvocableHandlerMethod.java:104)
	at org.springframework.web.servlet.mvc.method.annotation.RequestMappingHandlerAdapter.invokeHandlerMethod(RequestMappingHandlerAdapter.java:892)
	at org.springframework.web.servlet.mvc.method.annotation.RequestMappingHandlerAdapter.handleInternal(RequestMappingHandlerAdapter.java:797)
	at org.springframework.web.servlet.mvc.method.AbstractHandlerMethodAdapter.handle(AbstractHandlerMethodAdapter.java:87)
	at org.springframework.web.servlet.DispatcherServlet.doDispatch(DispatcherServlet.java:1039)
	at org.springframework.web.servlet.DispatcherServlet.doService(DispatcherServlet.java:942)
	at org.springframework.web.servlet.FrameworkServlet.processRequest(FrameworkServlet.java:1005)
	at org.springframework.web.servlet.FrameworkServlet.doGet(FrameworkServlet.java:897)
	at javax.servlet.http.HttpServlet.service(HttpServlet.java:622)
	at org.springframework.web.servlet.FrameworkServlet.service(FrameworkServlet.java:882)
	at javax.servlet.http.HttpServlet.service(HttpServlet.java:729)
	at org.apache.catalina.core.ApplicationFilterChain.internalDoFilter(ApplicationFilterChain.java:292)
	at org.apache.catalina.core.ApplicationFilterChain.doFilter(ApplicationFilterChain.java:207)
	at org.apache.tomcat.websocket.server.WsFilter.doFilter(WsFilter.java:52)
	at org.apache.catalina.core.ApplicationFilterChain.internalDoFilter(ApplicationFilterChain.java:240)
	at org.apache.catalina.core.ApplicationFilterChain.doFilter(ApplicationFilterChain.java:207)
	at org.springframework.web.filter.CharacterEncodingFilter.doFilterInternal(CharacterEncodingFilter.java:200)
	at org.springframework.web.filter.OncePerRequestFilter.doFilter(OncePerRequestFilter.java:118)
	at org.apache.catalina.core.ApplicationFilterChain.internalDoFilter(ApplicationFilterChain.java:240)
	at org.apache.catalina.core.ApplicationFilterChain.doFilter(ApplicationFilterChain.java:207)
	at org.apache.catalina.core.StandardWrapperValve.invoke(StandardWrapperValve.java:212)
	at org.apache.catalina.core.StandardContextValve.invoke(StandardContextValve.java:94)
	at org.apache.catalina.core.StandardHostValve.invoke(StandardHostValve.java:141)
	at org.apache.catalina.valves.ErrorReportValve.invoke(ErrorReportValve.java:79)
	at org.apache.catalina.core.StandardEngineValve.invoke(StandardEngineValve.java:88)
	at org.apache.catalina.connector.CoyoteAdapter.service(CoyoteAdapter.java:502)
	at org.apache.coyote.http11.AbstractHttp11Processor.process(AbstractHttp11Processor.java:1132)
	at org.apache.coyote.AbstractProtocol$AbstractConnectionHandler.process(AbstractProtocol.java:684)
	at org.apache.tomcat.util.net.NioEndpoint$SocketProcessor.doRun(NioEndpoint.java:1539)
	at org.apache.tomcat.util.net.NioEndpoint$SocketProcessor.run(NioEndpoint.java:1495)
	at java.util.concurrent.ThreadPoolExecutor.runWorker(ThreadPoolExecutor.java:1142)
	at java.util.concurrent.ThreadPoolExecutor$Worker.run(ThreadPoolExecutor.java:617)
	at org.apache.tomcat.util.threads.TaskThread$WrappingRunnable.run(TaskThread.java:61)
	at java.lang.Thread.run(Thread.java:745)

10-Aug-2026 12:20:03.147 심각 [http-nio-8855-exec-5] org.apache.catalina.core.StandardWrapperValve.invoke Servlet.service() for servlet [appServlet] in context with path [] threw exception [Request processing failed; nested exception is org.mybatis.spring.MyBatisSystemException: nested exception is org.apache.ibatis.exceptions.PersistenceException: 
### Error querying database.  Cause: org.springframework.jdbc.CannotGetJdbcConnectionException: Failed to obtain JDBC Connection; nested exception is org.apache.commons.dbcp.SQLNestedException: Cannot create PoolableConnectionFactory (호스트 61.32.101.234, 포트 1433에 대한 TCP/IP 연결에 실패했습니다. 오류: "connect timed out. 연결 속성을 확인하십시오. SQL Server의 인스턴스가 호스트에서 실행되고 있고 포트에서 TCP/IP 연결을 허용하고 있는지 확인하십시오. 또한 방화벽에서 포트로의 TCP 연결을 차단하지 않는지 확인하십시오.".)
### The error may exist in com/daejist/login/mapper/LoginMapper.xml
### The error may involve com.daejist.login.mapper.LoginMapper.checkUserWithSessionKey
### The error occurred while executing a query
### Cause: org.springframework.jdbc.CannotGetJdbcConnectionException: Failed to obtain JDBC Connection; nested exception is org.apache.commons.dbcp.SQLNestedException: Cannot create PoolableConnectionFactory (호스트 61.32.101.234, 포트 1433에 대한 TCP/IP 연결에 실패했습니다. 오류: "connect timed out. 연결 속성을 확인하십시오. SQL Server의 인스턴스가 호스트에서 실행되고 있고 포트에서 TCP/IP 연결을 허용하고 있는지 확인하십시오. 또한 방화벽에서 포트로의 TCP 연결을 차단하지 않는지 확인하십시오.".)] with root cause
 com.microsoft.sqlserver.jdbc.SQLServerException: 호스트 61.32.101.234, 포트 1433에 대한 TCP/IP 연결에 실패했습니다. 오류: "connect timed out. 연결 속성을 확인하십시오. SQL Server의 인스턴스가 호스트에서 실행되고 있고 포트에서 TCP/IP 연결을 허용하고 있는지 확인하십시오. 또한 방화벽에서 포트로의 TCP 연결을 차단하지 않는지 확인하십시오.".
	at com.microsoft.sqlserver.jdbc.SQLServerException.makeFromDriverError(SQLServerException.java:234)
	at com.microsoft.sqlserver.jdbc.SQLServerException.ConvertConnectExceptionToSQLServerException(SQLServerException.java:285)
	at com.microsoft.sqlserver.jdbc.SocketFinder.findSocket(IOBuffer.java:2462)
	at com.microsoft.sqlserver.jdbc.TDSChannel.open(IOBuffer.java:668)
	at com.microsoft.sqlserver.jdbc.SQLServerConnection.connectHelper(SQLServerConnection.java:2695)
	at com.microsoft.sqlserver.jdbc.SQLServerConnection.login(SQLServerConnection.java:2362)
	at com.microsoft.sqlserver.jdbc.SQLServerConnection.connectInternal(SQLServerConnection.java:2213)
	at com.microsoft.sqlserver.jdbc.SQLServerConnection.connect(SQLServerConnection.java:1276)
	at com.microsoft.sqlserver.jdbc.SQLServerDriver.connect(SQLServerDriver.java:861)
	at org.apache.commons.dbcp.DriverConnectionFactory.createConnection(DriverConnectionFactory.java:38)
	at org.apache.commons.dbcp.PoolableConnectionFactory.makeObject(PoolableConnectionFactory.java:582)
	at org.apache.commons.dbcp.BasicDataSource.validateConnectionFactory(BasicDataSource.java:1556)
	at org.apache.commons.dbcp.BasicDataSource.createPoolableConnectionFactory(BasicDataSource.java:1545)
	at org.apache.commons.dbcp.BasicDataSource.createDataSource(BasicDataSource.java:1388)
	at org.apache.commons.dbcp.BasicDataSource.getConnection(BasicDataSource.java:1044)
	at org.springframework.jdbc.datasource.DataSourceUtils.fetchConnection(DataSourceUtils.java:157)
	at org.springframework.jdbc.datasource.DataSourceUtils.doGetConnection(DataSourceUtils.java:115)
	at org.springframework.jdbc.datasource.DataSourceUtils.getConnection(DataSourceUtils.java:78)
	at org.mybatis.spring.transaction.SpringManagedTransaction.openConnection(SpringManagedTransaction.java:80)
	at org.mybatis.spring.transaction.SpringManagedTransaction.getConnection(SpringManagedTransaction.java:67)
	at org.apache.ibatis.executor.BaseExecutor.getConnection(BaseExecutor.java:336)
	at org.apache.ibatis.executor.SimpleExecutor.prepareStatement(SimpleExecutor.java:85)
	at org.apache.ibatis.executor.SimpleExecutor.doQuery(SimpleExecutor.java:62)
	at org.apache.ibatis.executor.BaseExecutor.queryFromDatabase(BaseExecutor.java:324)
	at org.apache.ibatis.executor.BaseExecutor.query(BaseExecutor.java:156)
	at org.apache.ibatis.executor.CachingExecutor.query(CachingExecutor.java:109)
	at org.apache.ibatis.executor.CachingExecutor.query(CachingExecutor.java:83)
	at org.apache.ibatis.session.defaults.DefaultSqlSession.selectList(DefaultSqlSession.java:147)
	at org.apache.ibatis.session.defaults.DefaultSqlSession.selectList(DefaultSqlSession.java:140)
	at org.apache.ibatis.session.defaults.DefaultSqlSession.selectOne(DefaultSqlSession.java:76)
	at sun.reflect.NativeMethodAccessorImpl.invoke0(Native Method)
	at sun.reflect.NativeMethodAccessorImpl.invoke(NativeMethodAccessorImpl.java:62)
	at sun.reflect.DelegatingMethodAccessorImpl.invoke(DelegatingMethodAccessorImpl.java:43)
	at java.lang.reflect.Method.invoke(Method.java:498)
	at org.mybatis.spring.SqlSessionTemplate$SqlSessionInterceptor.invoke(SqlSessionTemplate.java:426)
	at com.sun.proxy.$Proxy59.selectOne(Unknown Source)
	at org.mybatis.spring.SqlSessionTemplate.selectOne(SqlSessionTemplate.java:159)
	at org.apache.ibatis.binding.MapperMethod.execute(MapperMethod.java:87)
	at org.apache.ibatis.binding.MapperProxy.invoke(MapperProxy.java:57)
	at com.sun.proxy.$Proxy61.checkUserWithSessionKey(Unknown Source)
	at com.daejist.login.service.LoginServiceImp.checkUserWithSessionKey(LoginServiceImp.java:84)
	at com.daejist.login.controller.LoginController.login(LoginController.java:75)
	at sun.reflect.NativeMethodAccessorImpl.invoke0(Native Method)
	at sun.reflect.NativeMethodAccessorImpl.invoke(NativeMethodAccessorImpl.java:62)
	at sun.reflect.DelegatingMethodAccessorImpl.invoke(DelegatingMethodAccessorImpl.java:43)
	at java.lang.reflect.Method.invoke(Method.java:498)
	at org.springframework.web.method.support.InvocableHandlerMethod.doInvoke(InvocableHandlerMethod.java:190)
	at org.springframework.web.method.support.InvocableHandlerMethod.invokeForRequest(InvocableHandlerMethod.java:138)
	at org.springframework.web.servlet.mvc.method.annotation.ServletInvocableHandlerMethod.invokeAndHandle(ServletInvocableHandlerMethod.java:104)
	at org.springframework.web.servlet.mvc.method.annotation.RequestMappingHandlerAdapter.invokeHandlerMethod(RequestMappingHandlerAdapter.java:892)
	at org.springframework.web.servlet.mvc.method.annotation.RequestMappingHandlerAdapter.handleInternal(RequestMappingHandlerAdapter.java:797)
	at org.springframework.web.servlet.mvc.method.AbstractHandlerMethodAdapter.handle(AbstractHandlerMethodAdapter.java:87)
	at org.springframework.web.servlet.DispatcherServlet.doDispatch(DispatcherServlet.java:1039)
	at org.springframework.web.servlet.DispatcherServlet.doService(DispatcherServlet.java:942)
	at org.springframework.web.servlet.FrameworkServlet.processRequest(FrameworkServlet.java:1005)
	at org.springframework.web.servlet.FrameworkServlet.doGet(FrameworkServlet.java:897)
	at javax.servlet.http.HttpServlet.service(HttpServlet.java:622)
	at org.springframework.web.servlet.FrameworkServlet.service(FrameworkServlet.java:882)
	at javax.servlet.http.HttpServlet.service(HttpServlet.java:729)
	at org.apache.catalina.core.ApplicationFilterChain.internalDoFilter(ApplicationFilterChain.java:292)
	at org.apache.catalina.core.ApplicationFilterChain.doFilter(ApplicationFilterChain.java:207)
	at org.apache.tomcat.websocket.server.WsFilter.doFilter(WsFilter.java:52)
	at org.apache.catalina.core.ApplicationFilterChain.internalDoFilter(ApplicationFilterChain.java:240)
	at org.apache.catalina.core.ApplicationFilterChain.doFilter(ApplicationFilterChain.java:207)
	at org.springframework.web.filter.CharacterEncodingFilter.doFilterInternal(CharacterEncodingFilter.java:200)
	at org.springframework.web.filter.OncePerRequestFilter.doFilter(OncePerRequestFilter.java:118)
	at org.apache.catalina.core.ApplicationFilterChain.internalDoFilter(ApplicationFilterChain.java:240)
	at org.apache.catalina.core.ApplicationFilterChain.doFilter(ApplicationFilterChain.java:207)
	at org.apache.catalina.core.StandardWrapperValve.invoke(StandardWrapperValve.java:212)
	at org.apache.catalina.core.StandardContextValve.invoke(StandardContextValve.java:94)
	at org.apache.catalina.core.StandardHostValve.invoke(StandardHostValve.java:141)
	at org.apache.catalina.valves.ErrorReportValve.invoke(ErrorReportValve.java:79)
	at org.apache.catalina.core.StandardEngineValve.invoke(StandardEngineValve.java:88)
	at org.apache.catalina.connector.CoyoteAdapter.service(CoyoteAdapter.java:502)
	at org.apache.coyote.http11.AbstractHttp11Processor.process(AbstractHttp11Processor.java:1132)
	at org.apache.coyote.AbstractProtocol$AbstractConnectionHandler.process(AbstractProtocol.java:684)
	at org.apache.tomcat.util.net.NioEndpoint$SocketProcessor.doRun(NioEndpoint.java:1539)
	at org.apache.tomcat.util.net.NioEndpoint$SocketProcessor.run(NioEndpoint.java:1495)
	at java.util.concurrent.ThreadPoolExecutor.runWorker(ThreadPoolExecutor.java:1142)
	at java.util.concurrent.ThreadPoolExecutor$Worker.run(ThreadPoolExecutor.java:617)
	at org.apache.tomcat.util.threads.TaskThread$WrappingRunnable.run(TaskThread.java:61)
	at java.lang.Thread.run(Thread.java:745)

10-Aug-2026 12:20:18.151 심각 [http-nio-8855-exec-6] org.apache.catalina.core.StandardWrapperValve.invoke Servlet.service() for servlet [appServlet] in context with path [] threw exception [Request processing failed; nested exception is org.mybatis.spring.MyBatisSystemException: nested exception is org.apache.ibatis.exceptions.PersistenceException: 
### Error querying database.  Cause: org.springframework.jdbc.CannotGetJdbcConnectionException: Failed to obtain JDBC Connection; nested exception is org.apache.commons.dbcp.SQLNestedException: Cannot create PoolableConnectionFactory (호스트 61.32.101.234, 포트 1433에 대한 TCP/IP 연결에 실패했습니다. 오류: "connect timed out. 연결 속성을 확인하십시오. SQL Server의 인스턴스가 호스트에서 실행되고 있고 포트에서 TCP/IP 연결을 허용하고 있는지 확인하십시오. 또한 방화벽에서 포트로의 TCP 연결을 차단하지 않는지 확인하십시오.".)
### The error may exist in com/daejist/login/mapper/LoginMapper.xml
### The error may involve com.daejist.login.mapper.LoginMapper.checkUserWithSessionKey
### The error occurred while executing a query
### Cause: org.springframework.jdbc.CannotGetJdbcConnectionException: Failed to obtain JDBC Connection; nested exception is org.apache.commons.dbcp.SQLNestedException: Cannot create PoolableConnectionFactory (호스트 61.32.101.234, 포트 1433에 대한 TCP/IP 연결에 실패했습니다. 오류: "connect timed out. 연결 속성을 확인하십시오. SQL Server의 인스턴스가 호스트에서 실행되고 있고 포트에서 TCP/IP 연결을 허용하고 있는지 확인하십시오. 또한 방화벽에서 포트로의 TCP 연결을 차단하지 않는지 확인하십시오.".)] with root cause
 com.microsoft.sqlserver.jdbc.SQLServerException: 호스트 61.32.101.234, 포트 1433에 대한 TCP/IP 연결에 실패했습니다. 오류: "connect timed out. 연결 속성을 확인하십시오. SQL Server의 인스턴스가 호스트에서 실행되고 있고 포트에서 TCP/IP 연결을 허용하고 있는지 확인하십시오. 또한 방화벽에서 포트로의 TCP 연결을 차단하지 않는지 확인하십시오.".
	at com.microsoft.sqlserver.jdbc.SQLServerException.makeFromDriverError(SQLServerException.java:234)
	at com.microsoft.sqlserver.jdbc.SQLServerException.ConvertConnectExceptionToSQLServerException(SQLServerException.java:285)
	at com.microsoft.sqlserver.jdbc.SocketFinder.findSocket(IOBuffer.java:2462)
	at com.microsoft.sqlserver.jdbc.TDSChannel.open(IOBuffer.java:668)
	at com.microsoft.sqlserver.jdbc.SQLServerConnection.connectHelper(SQLServerConnection.java:2695)
	at com.microsoft.sqlserver.jdbc.SQLServerConnection.login(SQLServerConnection.java:2362)
	at com.microsoft.sqlserver.jdbc.SQLServerConnection.connectInternal(SQLServerConnection.java:2213)
	at com.microsoft.sqlserver.jdbc.SQLServerConnection.connect(SQLServerConnection.java:1276)
	at com.microsoft.sqlserver.jdbc.SQLServerDriver.connect(SQLServerDriver.java:861)
	at org.apache.commons.dbcp.DriverConnectionFactory.createConnection(DriverConnectionFactory.java:38)
	at org.apache.commons.dbcp.PoolableConnectionFactory.makeObject(PoolableConnectionFactory.java:582)
	at org.apache.commons.dbcp.BasicDataSource.validateConnectionFactory(BasicDataSource.java:1556)
	at org.apache.commons.dbcp.BasicDataSource.createPoolableConnectionFactory(BasicDataSource.java:1545)
	at org.apache.commons.dbcp.BasicDataSource.createDataSource(BasicDataSource.java:1388)
	at org.apache.commons.dbcp.BasicDataSource.getConnection(BasicDataSource.java:1044)
	at org.springframework.jdbc.datasource.DataSourceUtils.fetchConnection(DataSourceUtils.java:157)
	at org.springframework.jdbc.datasource.DataSourceUtils.doGetConnection(DataSourceUtils.java:115)
	at org.springframework.jdbc.datasource.DataSourceUtils.getConnection(DataSourceUtils.java:78)
	at org.mybatis.spring.transaction.SpringManagedTransaction.openConnection(SpringManagedTransaction.java:80)
	at org.mybatis.spring.transaction.SpringManagedTransaction.getConnection(SpringManagedTransaction.java:67)
	at org.apache.ibatis.executor.BaseExecutor.getConnection(BaseExecutor.java:336)
	at org.apache.ibatis.executor.SimpleExecutor.prepareStatement(SimpleExecutor.java:85)
	at org.apache.ibatis.executor.SimpleExecutor.doQuery(SimpleExecutor.java:62)
	at org.apache.ibatis.executor.BaseExecutor.queryFromDatabase(BaseExecutor.java:324)
	at org.apache.ibatis.executor.BaseExecutor.query(BaseExecutor.java:156)
	at org.apache.ibatis.executor.CachingExecutor.query(CachingExecutor.java:109)
	at org.apache.ibatis.executor.CachingExecutor.query(CachingExecutor.java:83)
	at org.apache.ibatis.session.defaults.DefaultSqlSession.selectList(DefaultSqlSession.java:147)
	at org.apache.ibatis.session.defaults.DefaultSqlSession.selectList(DefaultSqlSession.java:140)
	at org.apache.ibatis.session.defaults.DefaultSqlSession.selectOne(DefaultSqlSession.java:76)
	at sun.reflect.NativeMethodAccessorImpl.invoke0(Native Method)
	at sun.reflect.NativeMethodAccessorImpl.invoke(NativeMethodAccessorImpl.java:62)
	at sun.reflect.DelegatingMethodAccessorImpl.invoke(DelegatingMethodAccessorImpl.java:43)
	at java.lang.reflect.Method.invoke(Method.java:498)
	at org.mybatis.spring.SqlSessionTemplate$SqlSessionInterceptor.invoke(SqlSessionTemplate.java:426)
	at com.sun.proxy.$Proxy59.selectOne(Unknown Source)
	at org.mybatis.spring.SqlSessionTemplate.selectOne(SqlSessionTemplate.java:159)
	at org.apache.ibatis.binding.MapperMethod.execute(MapperMethod.java:87)
	at org.apache.ibatis.binding.MapperProxy.invoke(MapperProxy.java:57)
	at com.sun.proxy.$Proxy61.checkUserWithSessionKey(Unknown Source)
	at com.daejist.login.service.LoginServiceImp.checkUserWithSessionKey(LoginServiceImp.java:84)
	at com.daejist.login.controller.LoginController.login(LoginController.java:75)
	at sun.reflect.NativeMethodAccessorImpl.invoke0(Native Method)
	at sun.reflect.NativeMethodAccessorImpl.invoke(NativeMethodAccessorImpl.java:62)
	at sun.reflect.DelegatingMethodAccessorImpl.invoke(DelegatingMethodAccessorImpl.java:43)
	at java.lang.reflect.Method.invoke(Method.java:498)
	at org.springframework.web.method.support.InvocableHandlerMethod.doInvoke(InvocableHandlerMethod.java:190)
	at org.springframework.web.method.support.InvocableHandlerMethod.invokeForRequest(InvocableHandlerMethod.java:138)
	at org.springframework.web.servlet.mvc.method.annotation.ServletInvocableHandlerMethod.invokeAndHandle(ServletInvocableHandlerMethod.java:104)
	at org.springframework.web.servlet.mvc.method.annotation.RequestMappingHandlerAdapter.invokeHandlerMethod(RequestMappingHandlerAdapter.java:892)
	at org.springframework.web.servlet.mvc.method.annotation.RequestMappingHandlerAdapter.handleInternal(RequestMappingHandlerAdapter.java:797)
	at org.springframework.web.servlet.mvc.method.AbstractHandlerMethodAdapter.handle(AbstractHandlerMethodAdapter.java:87)
	at org.springframework.web.servlet.DispatcherServlet.doDispatch(DispatcherServlet.java:1039)
	at org.springframework.web.servlet.DispatcherServlet.doService(DispatcherServlet.java:942)
	at org.springframework.web.servlet.FrameworkServlet.processRequest(FrameworkServlet.java:1005)
	at org.springframework.web.servlet.FrameworkServlet.doGet(FrameworkServlet.java:897)
	at javax.servlet.http.HttpServlet.service(HttpServlet.java:622)
	at org.springframework.web.servlet.FrameworkServlet.service(FrameworkServlet.java:882)
	at javax.servlet.http.HttpServlet.service(HttpServlet.java:729)
	at org.apache.catalina.core.ApplicationFilterChain.internalDoFilter(ApplicationFilterChain.java:292)
	at org.apache.catalina.core.ApplicationFilterChain.doFilter(ApplicationFilterChain.java:207)
	at org.apache.tomcat.websocket.server.WsFilter.doFilter(WsFilter.java:52)
	at org.apache.catalina.core.ApplicationFilterChain.internalDoFilter(ApplicationFilterChain.java:240)
	at org.apache.catalina.core.ApplicationFilterChain.doFilter(ApplicationFilterChain.java:207)
	at org.springframework.web.filter.CharacterEncodingFilter.doFilterInternal(CharacterEncodingFilter.java:200)
	at org.springframework.web.filter.OncePerRequestFilter.doFilter(OncePerRequestFilter.java:118)
	at org.apache.catalina.core.ApplicationFilterChain.internalDoFilter(ApplicationFilterChain.java:240)
	at org.apache.catalina.core.ApplicationFilterChain.doFilter(ApplicationFilterChain.java:207)
	at org.apache.catalina.core.StandardWrapperValve.invoke(StandardWrapperValve.java:212)
	at org.apache.catalina.core.StandardContextValve.invoke(StandardContextValve.java:94)
	at org.apache.catalina.core.StandardHostValve.invoke(StandardHostValve.java:141)
	at org.apache.catalina.valves.ErrorReportValve.invoke(ErrorReportValve.java:79)
	at org.apache.catalina.core.StandardEngineValve.invoke(StandardEngineValve.java:88)
	at org.apache.catalina.connector.CoyoteAdapter.service(CoyoteAdapter.java:502)
	at org.apache.coyote.http11.AbstractHttp11Processor.process(AbstractHttp11Processor.java:1132)
	at org.apache.coyote.AbstractProtocol$AbstractConnectionHandler.process(AbstractProtocol.java:684)
	at org.apache.tomcat.util.net.NioEndpoint$SocketProcessor.doRun(NioEndpoint.java:1539)
	at org.apache.tomcat.util.net.NioEndpoint$SocketProcessor.run(NioEndpoint.java:1495)
	at java.util.concurrent.ThreadPoolExecutor.runWorker(ThreadPoolExecutor.java:1142)
	at java.util.concurrent.ThreadPoolExecutor$Worker.run(ThreadPoolExecutor.java:617)
	at org.apache.tomcat.util.threads.TaskThread$WrappingRunnable.run(TaskThread.java:61)
	at java.lang.Thread.run(Thread.java:745)

10-Aug-2026 12:20:33.156 심각 [http-nio-8855-exec-2] org.apache.catalina.core.StandardWrapperValve.invoke Servlet.service() for servlet [appServlet] in context with path [] threw exception [Request processing failed; nested exception is org.mybatis.spring.MyBatisSystemException: nested exception is org.apache.ibatis.exceptions.PersistenceException: 
### Error querying database.  Cause: org.springframework.jdbc.CannotGetJdbcConnectionException: Failed to obtain JDBC Connection; nested exception is org.apache.commons.dbcp.SQLNestedException: Cannot create PoolableConnectionFactory (호스트 61.32.101.234, 포트 1433에 대한 TCP/IP 연결에 실패했습니다. 오류: "connect timed out. 연결 속성을 확인하십시오. SQL Server의 인스턴스가 호스트에서 실행되고 있고 포트에서 TCP/IP 연결을 허용하고 있는지 확인하십시오. 또한 방화벽에서 포트로의 TCP 연결을 차단하지 않는지 확인하십시오.".)
### The error may exist in com/daejist/login/mapper/LoginMapper.xml
### The error may involve com.daejist.login.mapper.LoginMapper.checkUserWithSessionKey
### The error occurred while executing a query
### Cause: org.springframework.jdbc.CannotGetJdbcConnectionException: Failed to obtain JDBC Connection; nested exception is org.apache.commons.dbcp.SQLNestedException: Cannot create PoolableConnectionFactory (호스트 61.32.101.234, 포트 1433에 대한 TCP/IP 연결에 실패했습니다. 오류: "connect timed out. 연결 속성을 확인하십시오. SQL Server의 인스턴스가 호스트에서 실행되고 있고 포트에서 TCP/IP 연결을 허용하고 있는지 확인하십시오. 또한 방화벽에서 포트로의 TCP 연결을 차단하지 않는지 확인하십시오.".)] with root cause
 com.microsoft.sqlserver.jdbc.SQLServerException: 호스트 61.32.101.234, 포트 1433에 대한 TCP/IP 연결에 실패했습니다. 오류: "connect timed out. 연결 속성을 확인하십시오. SQL Server의 인스턴스가 호스트에서 실행되고 있고 포트에서 TCP/IP 연결을 허용하고 있는지 확인하십시오. 또한 방화벽에서 포트로의 TCP 연결을 차단하지 않는지 확인하십시오.".
	at com.microsoft.sqlserver.jdbc.SQLServerException.makeFromDriverError(SQLServerException.java:234)
	at com.microsoft.sqlserver.jdbc.SQLServerException.ConvertConnectExceptionToSQLServerException(SQLServerException.java:285)
	at com.microsoft.sqlserver.jdbc.SocketFinder.findSocket(IOBuffer.java:2462)
	at com.microsoft.sqlserver.jdbc.TDSChannel.open(IOBuffer.java:668)
	at com.microsoft.sqlserver.jdbc.SQLServerConnection.connectHelper(SQLServerConnection.java:2695)
	at com.microsoft.sqlserver.jdbc.SQLServerConnection.login(SQLServerConnection.java:2362)
	at com.microsoft.sqlserver.jdbc.SQLServerConnection.connectInternal(SQLServerConnection.java:2213)
	at com.microsoft.sqlserver.jdbc.SQLServerConnection.connect(SQLServerConnection.java:1276)
	at com.microsoft.sqlserver.jdbc.SQLServerDriver.connect(SQLServerDriver.java:861)
	at org.apache.commons.dbcp.DriverConnectionFactory.createConnection(DriverConnectionFactory.java:38)
	at org.apache.commons.dbcp.PoolableConnectionFactory.makeObject(PoolableConnectionFactory.java:582)
	at org.apache.commons.dbcp.BasicDataSource.validateConnectionFactory(BasicDataSource.java:1556)
	at org.apache.commons.dbcp.BasicDataSource.createPoolableConnectionFactory(BasicDataSource.java:1545)
	at org.apache.commons.dbcp.BasicDataSource.createDataSource(BasicDataSource.java:1388)
	at org.apache.commons.dbcp.BasicDataSource.getConnection(BasicDataSource.java:1044)
	at org.springframework.jdbc.datasource.DataSourceUtils.fetchConnection(DataSourceUtils.java:157)
	at org.springframework.jdbc.datasource.DataSourceUtils.doGetConnection(DataSourceUtils.java:115)
	at org.springframework.jdbc.datasource.DataSourceUtils.getConnection(DataSourceUtils.java:78)
	at org.mybatis.spring.transaction.SpringManagedTransaction.openConnection(SpringManagedTransaction.java:80)
	at org.mybatis.spring.transaction.SpringManagedTransaction.getConnection(SpringManagedTransaction.java:67)
	at org.apache.ibatis.executor.BaseExecutor.getConnection(BaseExecutor.java:336)
	at org.apache.ibatis.executor.SimpleExecutor.prepareStatement(SimpleExecutor.java:85)
	at org.apache.ibatis.executor.SimpleExecutor.doQuery(SimpleExecutor.java:62)
	at org.apache.ibatis.executor.BaseExecutor.queryFromDatabase(BaseExecutor.java:324)
	at org.apache.ibatis.executor.BaseExecutor.query(BaseExecutor.java:156)
	at org.apache.ibatis.executor.CachingExecutor.query(CachingExecutor.java:109)
	at org.apache.ibatis.executor.CachingExecutor.query(CachingExecutor.java:83)
	at org.apache.ibatis.session.defaults.DefaultSqlSession.selectList(DefaultSqlSession.java:147)
	at org.apache.ibatis.session.defaults.DefaultSqlSession.selectList(DefaultSqlSession.java:140)
	at org.apache.ibatis.session.defaults.DefaultSqlSession.selectOne(DefaultSqlSession.java:76)
	at sun.reflect.NativeMethodAccessorImpl.invoke0(Native Method)
	at sun.reflect.NativeMethodAccessorImpl.invoke(NativeMethodAccessorImpl.java:62)
	at sun.reflect.DelegatingMethodAccessorImpl.invoke(DelegatingMethodAccessorImpl.java:43)
	at java.lang.reflect.Method.invoke(Method.java:498)
	at org.mybatis.spring.SqlSessionTemplate$SqlSessionInterceptor.invoke(SqlSessionTemplate.java:426)
	at com.sun.proxy.$Proxy59.selectOne(Unknown Source)
	at org.mybatis.spring.SqlSessionTemplate.selectOne(SqlSessionTemplate.java:159)
	at org.apache.ibatis.binding.MapperMethod.execute(MapperMethod.java:87)
	at org.apache.ibatis.binding.MapperProxy.invoke(MapperProxy.java:57)
	at com.sun.proxy.$Proxy61.checkUserWithSessionKey(Unknown Source)
	at com.daejist.login.service.LoginServiceImp.checkUserWithSessionKey(LoginServiceImp.java:84)
	at com.daejist.login.controller.LoginController.login(LoginController.java:75)
	at sun.reflect.NativeMethodAccessorImpl.invoke0(Native Method)
	at sun.reflect.NativeMethodAccessorImpl.invoke(NativeMethodAccessorImpl.java:62)
	at sun.reflect.DelegatingMethodAccessorImpl.invoke(DelegatingMethodAccessorImpl.java:43)
	at java.lang.reflect.Method.invoke(Method.java:498)
	at org.springframework.web.method.support.InvocableHandlerMethod.doInvoke(InvocableHandlerMethod.java:190)
	at org.springframework.web.method.support.InvocableHandlerMethod.invokeForRequest(InvocableHandlerMethod.java:138)
	at org.springframework.web.servlet.mvc.method.annotation.ServletInvocableHandlerMethod.invokeAndHandle(ServletInvocableHandlerMethod.java:104)
	at org.springframework.web.servlet.mvc.method.annotation.RequestMappingHandlerAdapter.invokeHandlerMethod(RequestMappingHandlerAdapter.java:892)
	at org.springframework.web.servlet.mvc.method.annotation.RequestMappingHandlerAdapter.handleInternal(RequestMappingHandlerAdapter.java:797)
	at org.springframework.web.servlet.mvc.method.AbstractHandlerMethodAdapter.handle(AbstractHandlerMethodAdapter.java:87)
	at org.springframework.web.servlet.DispatcherServlet.doDispatch(DispatcherServlet.java:1039)
	at org.springframework.web.servlet.DispatcherServlet.doService(DispatcherServlet.java:942)
	at org.springframework.web.servlet.FrameworkServlet.processRequest(FrameworkServlet.java:1005)
	at org.springframework.web.servlet.FrameworkServlet.doGet(FrameworkServlet.java:897)
	at javax.servlet.http.HttpServlet.service(HttpServlet.java:622)
	at org.springframework.web.servlet.FrameworkServlet.service(FrameworkServlet.java:882)
	at javax.servlet.http.HttpServlet.service(HttpServlet.java:729)
	at org.apache.catalina.core.ApplicationFilterChain.internalDoFilter(ApplicationFilterChain.java:292)
	at org.apache.catalina.core.ApplicationFilterChain.doFilter(ApplicationFilterChain.java:207)
	at org.apache.tomcat.websocket.server.WsFilter.doFilter(WsFilter.java:52)
	at org.apache.catalina.core.ApplicationFilterChain.internalDoFilter(ApplicationFilterChain.java:240)
	at org.apache.catalina.core.ApplicationFilterChain.doFilter(ApplicationFilterChain.java:207)
	at org.springframework.web.filter.CharacterEncodingFilter.doFilterInternal(CharacterEncodingFilter.java:200)
	at org.springframework.web.filter.OncePerRequestFilter.doFilter(OncePerRequestFilter.java:118)
	at org.apache.catalina.core.ApplicationFilterChain.internalDoFilter(ApplicationFilterChain.java:240)
	at org.apache.catalina.core.ApplicationFilterChain.doFilter(ApplicationFilterChain.java:207)
	at org.apache.catalina.core.StandardWrapperValve.invoke(StandardWrapperValve.java:212)
	at org.apache.catalina.core.StandardContextValve.invoke(StandardContextValve.java:94)
	at org.apache.catalina.core.StandardHostValve.invoke(StandardHostValve.java:141)
	at org.apache.catalina.valves.ErrorReportValve.invoke(ErrorReportValve.java:79)
	at org.apache.catalina.core.StandardEngineValve.invoke(StandardEngineValve.java:88)
	at org.apache.catalina.connector.CoyoteAdapter.service(CoyoteAdapter.java:502)
	at org.apache.coyote.http11.AbstractHttp11Processor.process(AbstractHttp11Processor.java:1132)
	at org.apache.coyote.AbstractProtocol$AbstractConnectionHandler.process(AbstractProtocol.java:684)
	at org.apache.tomcat.util.net.NioEndpoint$SocketProcessor.doRun(NioEndpoint.java:1539)
	at org.apache.tomcat.util.net.NioEndpoint$SocketProcessor.run(NioEndpoint.java:1495)
	at java.util.concurrent.ThreadPoolExecutor.runWorker(ThreadPoolExecutor.java:1142)
	at java.util.concurrent.ThreadPoolExecutor$Worker.run(ThreadPoolExecutor.java:617)
	at org.apache.tomcat.util.threads.TaskThread$WrappingRunnable.run(TaskThread.java:61)
	at java.lang.Thread.run(Thread.java:745)

10-Aug-2026 12:20:48.160 심각 [http-nio-8855-exec-4] org.apache.catalina.core.StandardWrapperValve.invoke Servlet.service() for servlet [appServlet] in context with path [] threw exception [Request processing failed; nested exception is org.mybatis.spring.MyBatisSystemException: nested exception is org.apache.ibatis.exceptions.PersistenceException: 
### Error querying database.  Cause: org.springframework.jdbc.CannotGetJdbcConnectionException: Failed to obtain JDBC Connection; nested exception is org.apache.commons.dbcp.SQLNestedException: Cannot create PoolableConnectionFactory (호스트 61.32.101.234, 포트 1433에 대한 TCP/IP 연결에 실패했습니다. 오류: "connect timed out. 연결 속성을 확인하십시오. SQL Server의 인스턴스가 호스트에서 실행되고 있고 포트에서 TCP/IP 연결을 허용하고 있는지 확인하십시오. 또한 방화벽에서 포트로의 TCP 연결을 차단하지 않는지 확인하십시오.".)
### The error may exist in com/daejist/login/mapper/LoginMapper.xml
### The error may involve com.daejist.login.mapper.LoginMapper.checkUserWithSessionKey
### The error occurred while executing a query
### Cause: org.springframework.jdbc.CannotGetJdbcConnectionException: Failed to obtain JDBC Connection; nested exception is org.apache.commons.dbcp.SQLNestedException: Cannot create PoolableConnectionFactory (호스트 61.32.101.234, 포트 1433에 대한 TCP/IP 연결에 실패했습니다. 오류: "connect timed out. 연결 속성을 확인하십시오. SQL Server의 인스턴스가 호스트에서 실행되고 있고 포트에서 TCP/IP 연결을 허용하고 있는지 확인하십시오. 또한 방화벽에서 포트로의 TCP 연결을 차단하지 않는지 확인하십시오.".)] with root cause
 com.microsoft.sqlserver.jdbc.SQLServerException: 호스트 61.32.101.234, 포트 1433에 대한 TCP/IP 연결에 실패했습니다. 오류: "connect timed out. 연결 속성을 확인하십시오. SQL Server의 인스턴스가 호스트에서 실행되고 있고 포트에서 TCP/IP 연결을 허용하고 있는지 확인하십시오. 또한 방화벽에서 포트로의 TCP 연결을 차단하지 않는지 확인하십시오.".
	at com.microsoft.sqlserver.jdbc.SQLServerException.makeFromDriverError(SQLServerException.java:234)
	at com.microsoft.sqlserver.jdbc.SQLServerException.ConvertConnectExceptionToSQLServerException(SQLServerException.java:285)
	at com.microsoft.sqlserver.jdbc.SocketFinder.findSocket(IOBuffer.java:2462)
	at com.microsoft.sqlserver.jdbc.TDSChannel.open(IOBuffer.java:668)
	at com.microsoft.sqlserver.jdbc.SQLServerConnection.connectHelper(SQLServerConnection.java:2695)
	at com.microsoft.sqlserver.jdbc.SQLServerConnection.login(SQLServerConnection.java:2362)
	at com.microsoft.sqlserver.jdbc.SQLServerConnection.connectInternal(SQLServerConnection.java:2213)
	at com.microsoft.sqlserver.jdbc.SQLServerConnection.connect(SQLServerConnection.java:1276)
	at com.microsoft.sqlserver.jdbc.SQLServerDriver.connect(SQLServerDriver.java:861)
	at org.apache.commons.dbcp.DriverConnectionFactory.createConnection(DriverConnectionFactory.java:38)
	at org.apache.commons.dbcp.PoolableConnectionFactory.makeObject(PoolableConnectionFactory.java:582)
	at org.apache.commons.dbcp.BasicDataSource.validateConnectionFactory(BasicDataSource.java:1556)
	at org.apache.commons.dbcp.BasicDataSource.createPoolableConnectionFactory(BasicDataSource.java:1545)
	at org.apache.commons.dbcp.BasicDataSource.createDataSource(BasicDataSource.java:1388)
	at org.apache.commons.dbcp.BasicDataSource.getConnection(BasicDataSource.java:1044)
	at org.springframework.jdbc.datasource.DataSourceUtils.fetchConnection(DataSourceUtils.java:157)
	at org.springframework.jdbc.datasource.DataSourceUtils.doGetConnection(DataSourceUtils.java:115)
	at org.springframework.jdbc.datasource.DataSourceUtils.getConnection(DataSourceUtils.java:78)
	at org.mybatis.spring.transaction.SpringManagedTransaction.openConnection(SpringManagedTransaction.java:80)
	at org.mybatis.spring.transaction.SpringManagedTransaction.getConnection(SpringManagedTransaction.java:67)
	at org.apache.ibatis.executor.BaseExecutor.getConnection(BaseExecutor.java:336)
	at org.apache.ibatis.executor.SimpleExecutor.prepareStatement(SimpleExecutor.java:85)
	at org.apache.ibatis.executor.SimpleExecutor.doQuery(SimpleExecutor.java:62)
	at org.apache.ibatis.executor.BaseExecutor.queryFromDatabase(BaseExecutor.java:324)
	at org.apache.ibatis.executor.BaseExecutor.query(BaseExecutor.java:156)
	at org.apache.ibatis.executor.CachingExecutor.query(CachingExecutor.java:109)
	at org.apache.ibatis.executor.CachingExecutor.query(CachingExecutor.java:83)
	at org.apache.ibatis.session.defaults.DefaultSqlSession.selectList(DefaultSqlSession.java:147)
	at org.apache.ibatis.session.defaults.DefaultSqlSession.selectList(DefaultSqlSession.java:140)
	at org.apache.ibatis.session.defaults.DefaultSqlSession.selectOne(DefaultSqlSession.java:76)
	at sun.reflect.NativeMethodAccessorImpl.invoke0(Native Method)
	at sun.reflect.NativeMethodAccessorImpl.invoke(NativeMethodAccessorImpl.java:62)
	at sun.reflect.DelegatingMethodAccessorImpl.invoke(DelegatingMethodAccessorImpl.java:43)
	at java.lang.reflect.Method.invoke(Method.java:498)
	at org.mybatis.spring.SqlSessionTemplate$SqlSessionInterceptor.invoke(SqlSessionTemplate.java:426)
	at com.sun.proxy.$Proxy59.selectOne(Unknown Source)
	at org.mybatis.spring.SqlSessionTemplate.selectOne(SqlSessionTemplate.java:159)
	at org.apache.ibatis.binding.MapperMethod.execute(MapperMethod.java:87)
	at org.apache.ibatis.binding.MapperProxy.invoke(MapperProxy.java:57)
	at com.sun.proxy.$Proxy61.checkUserWithSessionKey(Unknown Source)
	at com.daejist.login.service.LoginServiceImp.checkUserWithSessionKey(LoginServiceImp.java:84)
	at com.daejist.login.controller.LoginController.login(LoginController.java:75)
	at sun.reflect.NativeMethodAccessorImpl.invoke0(Native Method)
	at sun.reflect.NativeMethodAccessorImpl.invoke(NativeMethodAccessorImpl.java:62)
	at sun.reflect.DelegatingMethodAccessorImpl.invoke(DelegatingMethodAccessorImpl.java:43)
	at java.lang.reflect.Method.invoke(Method.java:498)
	at org.springframework.web.method.support.InvocableHandlerMethod.doInvoke(InvocableHandlerMethod.java:190)
	at org.springframework.web.method.support.InvocableHandlerMethod.invokeForRequest(InvocableHandlerMethod.java:138)
	at org.springframework.web.servlet.mvc.method.annotation.ServletInvocableHandlerMethod.invokeAndHandle(ServletInvocableHandlerMethod.java:104)
	at org.springframework.web.servlet.mvc.method.annotation.RequestMappingHandlerAdapter.invokeHandlerMethod(RequestMappingHandlerAdapter.java:892)
	at org.springframework.web.servlet.mvc.method.annotation.RequestMappingHandlerAdapter.handleInternal(RequestMappingHandlerAdapter.java:797)
	at org.springframework.web.servlet.mvc.method.AbstractHandlerMethodAdapter.handle(AbstractHandlerMethodAdapter.java:87)
	at org.springframework.web.servlet.DispatcherServlet.doDispatch(DispatcherServlet.java:1039)
	at org.springframework.web.servlet.DispatcherServlet.doService(DispatcherServlet.java:942)
	at org.springframework.web.servlet.FrameworkServlet.processRequest(FrameworkServlet.java:1005)
	at org.springframework.web.servlet.FrameworkServlet.doGet(FrameworkServlet.java:897)
	at javax.servlet.http.HttpServlet.service(HttpServlet.java:622)
	at org.springframework.web.servlet.FrameworkServlet.service(FrameworkServlet.java:882)
	at javax.servlet.http.HttpServlet.service(HttpServlet.java:729)
	at org.apache.catalina.core.ApplicationFilterChain.internalDoFilter(ApplicationFilterChain.java:292)
	at org.apache.catalina.core.ApplicationFilterChain.doFilter(ApplicationFilterChain.java:207)
	at org.apache.tomcat.websocket.server.WsFilter.doFilter(WsFilter.java:52)
	at org.apache.catalina.core.ApplicationFilterChain.internalDoFilter(ApplicationFilterChain.java:240)
	at org.apache.catalina.core.ApplicationFilterChain.doFilter(ApplicationFilterChain.java:207)
	at org.springframework.web.filter.CharacterEncodingFilter.doFilterInternal(CharacterEncodingFilter.java:200)
	at org.springframework.web.filter.OncePerRequestFilter.doFilter(OncePerRequestFilter.java:118)
	at org.apache.catalina.core.ApplicationFilterChain.internalDoFilter(ApplicationFilterChain.java:240)
	at org.apache.catalina.core.ApplicationFilterChain.doFilter(ApplicationFilterChain.java:207)
	at org.apache.catalina.core.StandardWrapperValve.invoke(StandardWrapperValve.java:212)
	at org.apache.catalina.core.StandardContextValve.invoke(StandardContextValve.java:94)
	at org.apache.catalina.core.StandardHostValve.invoke(StandardHostValve.java:141)
	at org.apache.catalina.valves.ErrorReportValve.invoke(ErrorReportValve.java:79)
	at org.apache.catalina.core.StandardEngineValve.invoke(StandardEngineValve.java:88)
	at org.apache.catalina.connector.CoyoteAdapter.service(CoyoteAdapter.java:502)
	at org.apache.coyote.http11.AbstractHttp11Processor.process(AbstractHttp11Processor.java:1132)
	at org.apache.coyote.AbstractProtocol$AbstractConnectionHandler.process(AbstractProtocol.java:684)
	at org.apache.tomcat.util.net.NioEndpoint$SocketProcessor.doRun(NioEndpoint.java:1539)
	at org.apache.tomcat.util.net.NioEndpoint$SocketProcessor.run(NioEndpoint.java:1495)
	at java.util.concurrent.ThreadPoolExecutor.runWorker(ThreadPoolExecutor.java:1142)
	at java.util.concurrent.ThreadPoolExecutor$Worker.run(ThreadPoolExecutor.java:617)
	at org.apache.tomcat.util.threads.TaskThread$WrappingRunnable.run(TaskThread.java:61)
	at java.lang.Thread.run(Thread.java:745)

10-Aug-2026 12:21:03.165 심각 [http-nio-8855-exec-1] org.apache.catalina.core.StandardWrapperValve.invoke Servlet.service() for servlet [appServlet] in context with path [] threw exception [Request processing failed; nested exception is org.mybatis.spring.MyBatisSystemException: nested exception is org.apache.ibatis.exceptions.PersistenceException: 
### Error querying database.  Cause: org.springframework.jdbc.CannotGetJdbcConnectionException: Failed to obtain JDBC Connection; nested exception is org.apache.commons.dbcp.SQLNestedException: Cannot create PoolableConnectionFactory (호스트 61.32.101.234, 포트 1433에 대한 TCP/IP 연결에 실패했습니다. 오류: "connect timed out. 연결 속성을 확인하십시오. SQL Server의 인스턴스가 호스트에서 실행되고 있고 포트에서 TCP/IP 연결을 허용하고 있는지 확인하십시오. 또한 방화벽에서 포트로의 TCP 연결을 차단하지 않는지 확인하십시오.".)
### The error may exist in com/daejist/login/mapper/LoginMapper.xml
### The error may involve com.daejist.login.mapper.LoginMapper.checkUserWithSessionKey
### The error occurred while executing a query
### Cause: org.springframework.jdbc.CannotGetJdbcConnectionException: Failed to obtain JDBC Connection; nested exception is org.apache.commons.dbcp.SQLNestedException: Cannot create PoolableConnectionFactory (호스트 61.32.101.234, 포트 1433에 대한 TCP/IP 연결에 실패했습니다. 오류: "connect timed out. 연결 속성을 확인하십시오. SQL Server의 인스턴스가 호스트에서 실행되고 있고 포트에서 TCP/IP 연결을 허용하고 있는지 확인하십시오. 또한 방화벽에서 포트로의 TCP 연결을 차단하지 않는지 확인하십시오.".)] with root cause
 com.microsoft.sqlserver.jdbc.SQLServerException: 호스트 61.32.101.234, 포트 1433에 대한 TCP/IP 연결에 실패했습니다. 오류: "connect timed out. 연결 속성을 확인하십시오. SQL Server의 인스턴스가 호스트에서 실행되고 있고 포트에서 TCP/IP 연결을 허용하고 있는지 확인하십시오. 또한 방화벽에서 포트로의 TCP 연결을 차단하지 않는지 확인하십시오.".
	at com.microsoft.sqlserver.jdbc.SQLServerException.makeFromDriverError(SQLServerException.java:234)
	at com.microsoft.sqlserver.jdbc.SQLServerException.ConvertConnectExceptionToSQLServerException(SQLServerException.java:285)
	at com.microsoft.sqlserver.jdbc.SocketFinder.findSocket(IOBuffer.java:2462)
	at com.microsoft.sqlserver.jdbc.TDSChannel.open(IOBuffer.java:668)
	at com.microsoft.sqlserver.jdbc.SQLServerConnection.connectHelper(SQLServerConnection.java:2695)
	at com.microsoft.sqlserver.jdbc.SQLServerConnection.login(SQLServerConnection.java:2362)
	at com.microsoft.sqlserver.jdbc.SQLServerConnection.connectInternal(SQLServerConnection.java:2213)
	at com.microsoft.sqlserver.jdbc.SQLServerConnection.connect(SQLServerConnection.java:1276)
	at com.microsoft.sqlserver.jdbc.SQLServerDriver.connect(SQLServerDriver.java:861)
	at org.apache.commons.dbcp.DriverConnectionFactory.createConnection(DriverConnectionFactory.java:38)
	at org.apache.commons.dbcp.PoolableConnectionFactory.makeObject(PoolableConnectionFactory.java:582)
	at org.apache.commons.dbcp.BasicDataSource.validateConnectionFactory(BasicDataSource.java:1556)
	at org.apache.commons.dbcp.BasicDataSource.createPoolableConnectionFactory(BasicDataSource.java:1545)
	at org.apache.commons.dbcp.BasicDataSource.createDataSource(BasicDataSource.java:1388)
	at org.apache.commons.dbcp.BasicDataSource.getConnection(BasicDataSource.java:1044)
	at org.springframework.jdbc.datasource.DataSourceUtils.fetchConnection(DataSourceUtils.java:157)
	at org.springframework.jdbc.datasource.DataSourceUtils.doGetConnection(DataSourceUtils.java:115)
	at org.springframework.jdbc.datasource.DataSourceUtils.getConnection(DataSourceUtils.java:78)
	at org.mybatis.spring.transaction.SpringManagedTransaction.openConnection(SpringManagedTransaction.java:80)
	at org.mybatis.spring.transaction.SpringManagedTransaction.getConnection(SpringManagedTransaction.java:67)
	at org.apache.ibatis.executor.BaseExecutor.getConnection(BaseExecutor.java:336)
	at org.apache.ibatis.executor.SimpleExecutor.prepareStatement(SimpleExecutor.java:85)
	at org.apache.ibatis.executor.SimpleExecutor.doQuery(SimpleExecutor.java:62)
	at org.apache.ibatis.executor.BaseExecutor.queryFromDatabase(BaseExecutor.java:324)
	at org.apache.ibatis.executor.BaseExecutor.query(BaseExecutor.java:156)
	at org.apache.ibatis.executor.CachingExecutor.query(CachingExecutor.java:109)
	at org.apache.ibatis.executor.CachingExecutor.query(CachingExecutor.java:83)
	at org.apache.ibatis.session.defaults.DefaultSqlSession.selectList(DefaultSqlSession.java:147)
	at org.apache.ibatis.session.defaults.DefaultSqlSession.selectList(DefaultSqlSession.java:140)
	at org.apache.ibatis.session.defaults.DefaultSqlSession.selectOne(DefaultSqlSession.java:76)
	at sun.reflect.NativeMethodAccessorImpl.invoke0(Native Method)
	at sun.reflect.NativeMethodAccessorImpl.invoke(NativeMethodAccessorImpl.java:62)
	at sun.reflect.DelegatingMethodAccessorImpl.invoke(DelegatingMethodAccessorImpl.java:43)
	at java.lang.reflect.Method.invoke(Method.java:498)
	at org.mybatis.spring.SqlSessionTemplate$SqlSessionInterceptor.invoke(SqlSessionTemplate.java:426)
	at com.sun.proxy.$Proxy59.selectOne(Unknown Source)
	at org.mybatis.spring.SqlSessionTemplate.selectOne(SqlSessionTemplate.java:159)
	at org.apache.ibatis.binding.MapperMethod.execute(MapperMethod.java:87)
	at org.apache.ibatis.binding.MapperProxy.invoke(MapperProxy.java:57)
	at com.sun.proxy.$Proxy61.checkUserWithSessionKey(Unknown Source)
	at com.daejist.login.service.LoginServiceImp.checkUserWithSessionKey(LoginServiceImp.java:84)
	at com.daejist.login.controller.LoginController.login(LoginController.java:75)
	at sun.reflect.NativeMethodAccessorImpl.invoke0(Native Method)
	at sun.reflect.NativeMethodAccessorImpl.invoke(NativeMethodAccessorImpl.java:62)
	at sun.reflect.DelegatingMethodAccessorImpl.invoke(DelegatingMethodAccessorImpl.java:43)
	at java.lang.reflect.Method.invoke(Method.java:498)
	at org.springframework.web.method.support.InvocableHandlerMethod.doInvoke(InvocableHandlerMethod.java:190)
	at org.springframework.web.method.support.InvocableHandlerMethod.invokeForRequest(InvocableHandlerMethod.java:138)
	at org.springframework.web.servlet.mvc.method.annotation.ServletInvocableHandlerMethod.invokeAndHandle(ServletInvocableHandlerMethod.java:104)
	at org.springframework.web.servlet.mvc.method.annotation.RequestMappingHandlerAdapter.invokeHandlerMethod(RequestMappingHandlerAdapter.java:892)
	at org.springframework.web.servlet.mvc.method.annotation.RequestMappingHandlerAdapter.handleInternal(RequestMappingHandlerAdapter.java:797)
	at org.springframework.web.servlet.mvc.method.AbstractHandlerMethodAdapter.handle(AbstractHandlerMethodAdapter.java:87)
	at org.springframework.web.servlet.DispatcherServlet.doDispatch(DispatcherServlet.java:1039)
	at org.springframework.web.servlet.DispatcherServlet.doService(DispatcherServlet.java:942)
	at org.springframework.web.servlet.FrameworkServlet.processRequest(FrameworkServlet.java:1005)
	at org.springframework.web.servlet.FrameworkServlet.doGet(FrameworkServlet.java:897)
	at javax.servlet.http.HttpServlet.service(HttpServlet.java:622)
	at org.springframework.web.servlet.FrameworkServlet.service(FrameworkServlet.java:882)
	at javax.servlet.http.HttpServlet.service(HttpServlet.java:729)
	at org.apache.catalina.core.ApplicationFilterChain.internalDoFilter(ApplicationFilterChain.java:292)
	at org.apache.catalina.core.ApplicationFilterChain.doFilter(ApplicationFilterChain.java:207)
	at org.apache.tomcat.websocket.server.WsFilter.doFilter(WsFilter.java:52)
	at org.apache.catalina.core.ApplicationFilterChain.internalDoFilter(ApplicationFilterChain.java:240)
	at org.apache.catalina.core.ApplicationFilterChain.doFilter(ApplicationFilterChain.java:207)
	at org.springframework.web.filter.CharacterEncodingFilter.doFilterInternal(CharacterEncodingFilter.java:200)
	at org.springframework.web.filter.OncePerRequestFilter.doFilter(OncePerRequestFilter.java:118)
	at org.apache.catalina.core.ApplicationFilterChain.internalDoFilter(ApplicationFilterChain.java:240)
	at org.apache.catalina.core.ApplicationFilterChain.doFilter(ApplicationFilterChain.java:207)
	at org.apache.catalina.core.StandardWrapperValve.invoke(StandardWrapperValve.java:212)
	at org.apache.catalina.core.StandardContextValve.invoke(StandardContextValve.java:94)
	at org.apache.catalina.core.StandardHostValve.invoke(StandardHostValve.java:141)
	at org.apache.catalina.valves.ErrorReportValve.invoke(ErrorReportValve.java:79)
	at org.apache.catalina.core.StandardEngineValve.invoke(StandardEngineValve.java:88)
	at org.apache.catalina.connector.CoyoteAdapter.service(CoyoteAdapter.java:502)
	at org.apache.coyote.http11.AbstractHttp11Processor.process(AbstractHttp11Processor.java:1132)
	at org.apache.coyote.AbstractProtocol$AbstractConnectionHandler.process(AbstractProtocol.java:684)
	at org.apache.tomcat.util.net.NioEndpoint$SocketProcessor.doRun(NioEndpoint.java:1539)
	at org.apache.tomcat.util.net.NioEndpoint$SocketProcessor.run(NioEndpoint.java:1495)
	at java.util.concurrent.ThreadPoolExecutor.runWorker(ThreadPoolExecutor.java:1142)
	at java.util.concurrent.ThreadPoolExecutor$Worker.run(ThreadPoolExecutor.java:617)
	at org.apache.tomcat.util.threads.TaskThread$WrappingRunnable.run(TaskThread.java:61)
	at java.lang.Thread.run(Thread.java:745)

10-Aug-2026 12:21:18.170 심각 [http-nio-8855-exec-10] org.apache.catalina.core.StandardWrapperValve.invoke Servlet.service() for servlet [appServlet] in context with path [] threw exception [Request processing failed; nested exception is org.mybatis.spring.MyBatisSystemException: nested exception is org.apache.ibatis.exceptions.PersistenceException: 
### Error querying database.  Cause: org.springframework.jdbc.CannotGetJdbcConnectionException: Failed to obtain JDBC Connection; nested exception is org.apache.commons.dbcp.SQLNestedException: Cannot create PoolableConnectionFactory (호스트 61.32.101.234, 포트 1433에 대한 TCP/IP 연결에 실패했습니다. 오류: "connect timed out. 연결 속성을 확인하십시오. SQL Server의 인스턴스가 호스트에서 실행되고 있고 포트에서 TCP/IP 연결을 허용하고 있는지 확인하십시오. 또한 방화벽에서 포트로의 TCP 연결을 차단하지 않는지 확인하십시오.".)
### The error may exist in com/daejist/login/mapper/LoginMapper.xml
### The error may involve com.daejist.login.mapper.LoginMapper.checkUserWithSessionKey
### The error occurred while executing a query
### Cause: org.springframework.jdbc.CannotGetJdbcConnectionException: Failed to obtain JDBC Connection; nested exception is org.apache.commons.dbcp.SQLNestedException: Cannot create PoolableConnectionFactory (호스트 61.32.101.234, 포트 1433에 대한 TCP/IP 연결에 실패했습니다. 오류: "connect timed out. 연결 속성을 확인하십시오. SQL Server의 인스턴스가 호스트에서 실행되고 있고 포트에서 TCP/IP 연결을 허용하고 있는지 확인하십시오. 또한 방화벽에서 포트로의 TCP 연결을 차단하지 않는지 확인하십시오.".)] with root cause
 com.microsoft.sqlserver.jdbc.SQLServerException: 호스트 61.32.101.234, 포트 1433에 대한 TCP/IP 연결에 실패했습니다. 오류: "connect timed out. 연결 속성을 확인하십시오. SQL Server의 인스턴스가 호스트에서 실행되고 있고 포트에서 TCP/IP 연결을 허용하고 있는지 확인하십시오. 또한 방화벽에서 포트로의 TCP 연결을 차단하지 않는지 확인하십시오.".
	at com.microsoft.sqlserver.jdbc.SQLServerException.makeFromDriverError(SQLServerException.java:234)
	at com.microsoft.sqlserver.jdbc.SQLServerException.ConvertConnectExceptionToSQLServerException(SQLServerException.java:285)
	at com.microsoft.sqlserver.jdbc.SocketFinder.findSocket(IOBuffer.java:2462)
	at com.microsoft.sqlserver.jdbc.TDSChannel.open(IOBuffer.java:668)
	at com.microsoft.sqlserver.jdbc.SQLServerConnection.connectHelper(SQLServerConnection.java:2695)
	at com.microsoft.sqlserver.jdbc.SQLServerConnection.login(SQLServerConnection.java:2362)
	at com.microsoft.sqlserver.jdbc.SQLServerConnection.connectInternal(SQLServerConnection.java:2213)
	at com.microsoft.sqlserver.jdbc.SQLServerConnection.connect(SQLServerConnection.java:1276)
	at com.microsoft.sqlserver.jdbc.SQLServerDriver.connect(SQLServerDriver.java:861)
	at org.apache.commons.dbcp.DriverConnectionFactory.createConnection(DriverConnectionFactory.java:38)
	at org.apache.commons.dbcp.PoolableConnectionFactory.makeObject(PoolableConnectionFactory.java:582)
	at org.apache.commons.dbcp.BasicDataSource.validateConnectionFactory(BasicDataSource.java:1556)
	at org.apache.commons.dbcp.BasicDataSource.createPoolableConnectionFactory(BasicDataSource.java:1545)
	at org.apache.commons.dbcp.BasicDataSource.createDataSource(BasicDataSource.java:1388)
	at org.apache.commons.dbcp.BasicDataSource.getConnection(BasicDataSource.java:1044)
	at org.springframework.jdbc.datasource.DataSourceUtils.fetchConnection(DataSourceUtils.java:157)
	at org.springframework.jdbc.datasource.DataSourceUtils.doGetConnection(DataSourceUtils.java:115)
	at org.springframework.jdbc.datasource.DataSourceUtils.getConnection(DataSourceUtils.java:78)
	at org.mybatis.spring.transaction.SpringManagedTransaction.openConnection(SpringManagedTransaction.java:80)
	at org.mybatis.spring.transaction.SpringManagedTransaction.getConnection(SpringManagedTransaction.java:67)
	at org.apache.ibatis.executor.BaseExecutor.getConnection(BaseExecutor.java:336)
	at org.apache.ibatis.executor.SimpleExecutor.prepareStatement(SimpleExecutor.java:85)
	at org.apache.ibatis.executor.SimpleExecutor.doQuery(SimpleExecutor.java:62)
	at org.apache.ibatis.executor.BaseExecutor.queryFromDatabase(BaseExecutor.java:324)
	at org.apache.ibatis.executor.BaseExecutor.query(BaseExecutor.java:156)
	at org.apache.ibatis.executor.CachingExecutor.query(CachingExecutor.java:109)
	at org.apache.ibatis.executor.CachingExecutor.query(CachingExecutor.java:83)
	at org.apache.ibatis.session.defaults.DefaultSqlSession.selectList(DefaultSqlSession.java:147)
	at org.apache.ibatis.session.defaults.DefaultSqlSession.selectList(DefaultSqlSession.java:140)
	at org.apache.ibatis.session.defaults.DefaultSqlSession.selectOne(DefaultSqlSession.java:76)
	at sun.reflect.NativeMethodAccessorImpl.invoke0(Native Method)
	at sun.reflect.NativeMethodAccessorImpl.invoke(NativeMethodAccessorImpl.java:62)
	at sun.reflect.DelegatingMethodAccessorImpl.invoke(DelegatingMethodAccessorImpl.java:43)
	at java.lang.reflect.Method.invoke(Method.java:498)
	at org.mybatis.spring.SqlSessionTemplate$SqlSessionInterceptor.invoke(SqlSessionTemplate.java:426)
	at com.sun.proxy.$Proxy59.selectOne(Unknown Source)
	at org.mybatis.spring.SqlSessionTemplate.selectOne(SqlSessionTemplate.java:159)
	at org.apache.ibatis.binding.MapperMethod.execute(MapperMethod.java:87)
	at org.apache.ibatis.binding.MapperProxy.invoke(MapperProxy.java:57)
	at com.sun.proxy.$Proxy61.checkUserWithSessionKey(Unknown Source)
	at com.daejist.login.service.LoginServiceImp.checkUserWithSessionKey(LoginServiceImp.java:84)
	at com.daejist.login.controller.LoginController.login(LoginController.java:75)
	at sun.reflect.NativeMethodAccessorImpl.invoke0(Native Method)
	at sun.reflect.NativeMethodAccessorImpl.invoke(NativeMethodAccessorImpl.java:62)
	at sun.reflect.DelegatingMethodAccessorImpl.invoke(DelegatingMethodAccessorImpl.java:43)
	at java.lang.reflect.Method.invoke(Method.java:498)
	at org.springframework.web.method.support.InvocableHandlerMethod.doInvoke(InvocableHandlerMethod.java:190)
	at org.springframework.web.method.support.InvocableHandlerMethod.invokeForRequest(InvocableHandlerMethod.java:138)
	at org.springframework.web.servlet.mvc.method.annotation.ServletInvocableHandlerMethod.invokeAndHandle(ServletInvocableHandlerMethod.java:104)
	at org.springframework.web.servlet.mvc.method.annotation.RequestMappingHandlerAdapter.invokeHandlerMethod(RequestMappingHandlerAdapter.java:892)
	at org.springframework.web.servlet.mvc.method.annotation.RequestMappingHandlerAdapter.handleInternal(RequestMappingHandlerAdapter.java:797)
	at org.springframework.web.servlet.mvc.method.AbstractHandlerMethodAdapter.handle(AbstractHandlerMethodAdapter.java:87)
	at org.springframework.web.servlet.DispatcherServlet.doDispatch(DispatcherServlet.java:1039)
	at org.springframework.web.servlet.DispatcherServlet.doService(DispatcherServlet.java:942)
	at org.springframework.web.servlet.FrameworkServlet.processRequest(FrameworkServlet.java:1005)
	at org.springframework.web.servlet.FrameworkServlet.doGet(FrameworkServlet.java:897)
	at javax.servlet.http.HttpServlet.service(HttpServlet.java:622)
	at org.springframework.web.servlet.FrameworkServlet.service(FrameworkServlet.java:882)
	at javax.servlet.http.HttpServlet.service(HttpServlet.java:729)
	at org.apache.catalina.core.ApplicationFilterChain.internalDoFilter(ApplicationFilterChain.java:292)
	at org.apache.catalina.core.ApplicationFilterChain.doFilter(ApplicationFilterChain.java:207)
	at org.apache.tomcat.websocket.server.WsFilter.doFilter(WsFilter.java:52)
	at org.apache.catalina.core.ApplicationFilterChain.internalDoFilter(ApplicationFilterChain.java:240)
	at org.apache.catalina.core.ApplicationFilterChain.doFilter(ApplicationFilterChain.java:207)
	at org.springframework.web.filter.CharacterEncodingFilter.doFilterInternal(CharacterEncodingFilter.java:200)
	at org.springframework.web.filter.OncePerRequestFilter.doFilter(OncePerRequestFilter.java:118)
	at org.apache.catalina.core.ApplicationFilterChain.internalDoFilter(ApplicationFilterChain.java:240)
	at org.apache.catalina.core.ApplicationFilterChain.doFilter(ApplicationFilterChain.java:207)
	at org.apache.catalina.core.StandardWrapperValve.invoke(StandardWrapperValve.java:212)
	at org.apache.catalina.core.StandardContextValve.invoke(StandardContextValve.java:94)
	at org.apache.catalina.core.StandardHostValve.invoke(StandardHostValve.java:141)
	at org.apache.catalina.valves.ErrorReportValve.invoke(ErrorReportValve.java:79)
	at org.apache.catalina.core.StandardEngineValve.invoke(StandardEngineValve.java:88)
	at org.apache.catalina.connector.CoyoteAdapter.service(CoyoteAdapter.java:502)
	at org.apache.coyote.http11.AbstractHttp11Processor.process(AbstractHttp11Processor.java:1132)
	at org.apache.coyote.AbstractProtocol$AbstractConnectionHandler.process(AbstractProtocol.java:684)
	at org.apache.tomcat.util.net.NioEndpoint$SocketProcessor.doRun(NioEndpoint.java:1539)
	at org.apache.tomcat.util.net.NioEndpoint$SocketProcessor.run(NioEndpoint.java:1495)
	at java.util.concurrent.ThreadPoolExecutor.runWorker(ThreadPoolExecutor.java:1142)
	at java.util.concurrent.ThreadPoolExecutor$Worker.run(ThreadPoolExecutor.java:617)
	at org.apache.tomcat.util.threads.TaskThread$WrappingRunnable.run(TaskThread.java:61)
	at java.lang.Thread.run(Thread.java:745)

10-Aug-2026 12:21:33.175 심각 [http-nio-8855-exec-19] org.apache.catalina.core.StandardWrapperValve.invoke Servlet.service() for servlet [appServlet] in context with path [] threw exception [Request processing failed; nested exception is org.mybatis.spring.MyBatisSystemException: nested exception is org.apache.ibatis.exceptions.PersistenceException: 
### Error querying database.  Cause: org.springframework.jdbc.CannotGetJdbcConnectionException: Failed to obtain JDBC Connection; nested exception is org.apache.commons.dbcp.SQLNestedException: Cannot create PoolableConnectionFactory (호스트 61.32.101.234, 포트 1433에 대한 TCP/IP 연결에 실패했습니다. 오류: "connect timed out. 연결 속성을 확인하십시오. SQL Server의 인스턴스가 호스트에서 실행되고 있고 포트에서 TCP/IP 연결을 허용하고 있는지 확인하십시오. 또한 방화벽에서 포트로의 TCP 연결을 차단하지 않는지 확인하십시오.".)
### The error may exist in com/daejist/login/mapper/LoginMapper.xml
### The error may involve com.daejist.login.mapper.LoginMapper.LoginMember
### The error occurred while executing a query
### Cause: org.springframework.jdbc.CannotGetJdbcConnectionException: Failed to obtain JDBC Connection; nested exception is org.apache.commons.dbcp.SQLNestedException: Cannot create PoolableConnectionFactory (호스트 61.32.101.234, 포트 1433에 대한 TCP/IP 연결에 실패했습니다. 오류: "connect timed out. 연결 속성을 확인하십시오. SQL Server의 인스턴스가 호스트에서 실행되고 있고 포트에서 TCP/IP 연결을 허용하고 있는지 확인하십시오. 또한 방화벽에서 포트로의 TCP 연결을 차단하지 않는지 확인하십시오.".)] with root cause
 com.microsoft.sqlserver.jdbc.SQLServerException: 호스트 61.32.101.234, 포트 1433에 대한 TCP/IP 연결에 실패했습니다. 오류: "connect timed out. 연결 속성을 확인하십시오. SQL Server의 인스턴스가 호스트에서 실행되고 있고 포트에서 TCP/IP 연결을 허용하고 있는지 확인하십시오. 또한 방화벽에서 포트로의 TCP 연결을 차단하지 않는지 확인하십시오.".
	at com.microsoft.sqlserver.jdbc.SQLServerException.makeFromDriverError(SQLServerException.java:234)
	at com.microsoft.sqlserver.jdbc.SQLServerException.ConvertConnectExceptionToSQLServerException(SQLServerException.java:285)
	at com.microsoft.sqlserver.jdbc.SocketFinder.findSocket(IOBuffer.java:2462)
	at com.microsoft.sqlserver.jdbc.TDSChannel.open(IOBuffer.java:668)
	at com.microsoft.sqlserver.jdbc.SQLServerConnection.connectHelper(SQLServerConnection.java:2695)
	at com.microsoft.sqlserver.jdbc.SQLServerConnection.login(SQLServerConnection.java:2362)
	at com.microsoft.sqlserver.jdbc.SQLServerConnection.connectInternal(SQLServerConnection.java:2213)
	at com.microsoft.sqlserver.jdbc.SQLServerConnection.connect(SQLServerConnection.java:1276)
	at com.microsoft.sqlserver.jdbc.SQLServerDriver.connect(SQLServerDriver.java:861)
	at org.apache.commons.dbcp.DriverConnectionFactory.createConnection(DriverConnectionFactory.java:38)
	at org.apache.commons.dbcp.PoolableConnectionFactory.makeObject(PoolableConnectionFactory.java:582)
	at org.apache.commons.dbcp.BasicDataSource.validateConnectionFactory(BasicDataSource.java:1556)
	at org.apache.commons.dbcp.BasicDataSource.createPoolableConnectionFactory(BasicDataSource.java:1545)
	at org.apache.commons.dbcp.BasicDataSource.createDataSource(BasicDataSource.java:1388)
	at org.apache.commons.dbcp.BasicDataSource.getConnection(BasicDataSource.java:1044)
	at org.springframework.jdbc.datasource.DataSourceUtils.fetchConnection(DataSourceUtils.java:157)
	at org.springframework.jdbc.datasource.DataSourceUtils.doGetConnection(DataSourceUtils.java:115)
	at org.springframework.jdbc.datasource.DataSourceUtils.getConnection(DataSourceUtils.java:78)
	at org.mybatis.spring.transaction.SpringManagedTransaction.openConnection(SpringManagedTransaction.java:80)
	at org.mybatis.spring.transaction.SpringManagedTransaction.getConnection(SpringManagedTransaction.java:67)
	at org.apache.ibatis.executor.BaseExecutor.getConnection(BaseExecutor.java:336)
	at org.apache.ibatis.executor.SimpleExecutor.prepareStatement(SimpleExecutor.java:85)
	at org.apache.ibatis.executor.SimpleExecutor.doQuery(SimpleExecutor.java:62)
	at org.apache.ibatis.executor.BaseExecutor.queryFromDatabase(BaseExecutor.java:324)
	at org.apache.ibatis.executor.BaseExecutor.query(BaseExecutor.java:156)
	at org.apache.ibatis.executor.CachingExecutor.query(CachingExecutor.java:109)
	at org.apache.ibatis.executor.CachingExecutor.query(CachingExecutor.java:83)
	at org.apache.ibatis.session.defaults.DefaultSqlSession.selectList(DefaultSqlSession.java:147)
	at org.apache.ibatis.session.defaults.DefaultSqlSession.selectList(DefaultSqlSession.java:140)
	at org.apache.ibatis.session.defaults.DefaultSqlSession.selectOne(DefaultSqlSession.java:76)
	at sun.reflect.GeneratedMethodAccessor77.invoke(Unknown Source)
	at sun.reflect.DelegatingMethodAccessorImpl.invoke(DelegatingMethodAccessorImpl.java:43)
	at java.lang.reflect.Method.invoke(Method.java:498)
	at org.mybatis.spring.SqlSessionTemplate$SqlSessionInterceptor.invoke(SqlSessionTemplate.java:426)
	at com.sun.proxy.$Proxy59.selectOne(Unknown Source)
	at org.mybatis.spring.SqlSessionTemplate.selectOne(SqlSessionTemplate.java:159)
	at org.apache.ibatis.binding.MapperMethod.execute(MapperMethod.java:87)
	at org.apache.ibatis.binding.MapperProxy.invoke(MapperProxy.java:57)
	at com.sun.proxy.$Proxy61.LoginMember(Unknown Source)
	at com.daejist.login.service.LoginServiceImp.LoginCheck(LoginServiceImp.java:29)
	at com.daejist.login.controller.LoginController.getLogin(LoginController.java:98)
	at sun.reflect.NativeMethodAccessorImpl.invoke0(Native Method)
	at sun.reflect.NativeMethodAccessorImpl.invoke(NativeMethodAccessorImpl.java:62)
	at sun.reflect.DelegatingMethodAccessorImpl.invoke(DelegatingMethodAccessorImpl.java:43)
	at java.lang.reflect.Method.invoke(Method.java:498)
	at org.springframework.web.method.support.InvocableHandlerMethod.doInvoke(InvocableHandlerMethod.java:190)
	at org.springframework.web.method.support.InvocableHandlerMethod.invokeForRequest(InvocableHandlerMethod.java:138)
	at org.springframework.web.servlet.mvc.method.annotation.ServletInvocableHandlerMethod.invokeAndHandle(ServletInvocableHandlerMethod.java:104)
	at org.springframework.web.servlet.mvc.method.annotation.RequestMappingHandlerAdapter.invokeHandlerMethod(RequestMappingHandlerAdapter.java:892)
	at org.springframework.web.servlet.mvc.method.annotation.RequestMappingHandlerAdapter.handleInternal(RequestMappingHandlerAdapter.java:797)
	at org.springframework.web.servlet.mvc.method.AbstractHandlerMethodAdapter.handle(AbstractHandlerMethodAdapter.java:87)
	at org.springframework.web.servlet.DispatcherServlet.doDispatch(DispatcherServlet.java:1039)
	at org.springframework.web.servlet.DispatcherServlet.doService(DispatcherServlet.java:942)
	at org.springframework.web.servlet.FrameworkServlet.processRequest(FrameworkServlet.java:1005)
	at org.springframework.web.servlet.FrameworkServlet.doPost(FrameworkServlet.java:908)
	at javax.servlet.http.HttpServlet.service(HttpServlet.java:648)
	at org.springframework.web.servlet.FrameworkServlet.service(FrameworkServlet.java:882)
	at javax.servlet.http.HttpServlet.service(HttpServlet.java:729)
	at org.apache.catalina.core.ApplicationFilterChain.internalDoFilter(ApplicationFilterChain.java:292)
	at org.apache.catalina.core.ApplicationFilterChain.doFilter(ApplicationFilterChain.java:207)
	at org.apache.tomcat.websocket.server.WsFilter.doFilter(WsFilter.java:52)
	at org.apache.catalina.core.ApplicationFilterChain.internalDoFilter(ApplicationFilterChain.java:240)
	at org.apache.catalina.core.ApplicationFilterChain.doFilter(ApplicationFilterChain.java:207)
	at org.springframework.web.filter.CharacterEncodingFilter.doFilterInternal(CharacterEncodingFilter.java:200)
	at org.springframework.web.filter.OncePerRequestFilter.doFilter(OncePerRequestFilter.java:118)
	at org.apache.catalina.core.ApplicationFilterChain.internalDoFilter(ApplicationFilterChain.java:240)
	at org.apache.catalina.core.ApplicationFilterChain.doFilter(ApplicationFilterChain.java:207)
	at org.apache.catalina.core.StandardWrapperValve.invoke(StandardWrapperValve.java:212)
	at org.apache.catalina.core.StandardContextValve.invoke(StandardContextValve.java:94)
	at org.apache.catalina.core.StandardHostValve.invoke(StandardHostValve.java:141)
	at org.apache.catalina.valves.ErrorReportValve.invoke(ErrorReportValve.java:79)
	at org.apache.catalina.core.StandardEngineValve.invoke(StandardEngineValve.java:88)
	at org.apache.catalina.connector.CoyoteAdapter.service(CoyoteAdapter.java:502)
	at org.apache.coyote.http11.AbstractHttp11Processor.process(AbstractHttp11Processor.java:1132)
	at org.apache.coyote.AbstractProtocol$AbstractConnectionHandler.process(AbstractProtocol.java:684)
	at org.apache.tomcat.util.net.NioEndpoint$SocketProcessor.doRun(NioEndpoint.java:1539)
	at org.apache.tomcat.util.net.NioEndpoint$SocketProcessor.run(NioEndpoint.java:1495)
	at java.util.concurrent.ThreadPoolExecutor.runWorker(ThreadPoolExecutor.java:1142)
	at java.util.concurrent.ThreadPoolExecutor$Worker.run(ThreadPoolExecutor.java:617)
	at org.apache.tomcat.util.threads.TaskThread$WrappingRunnable.run(TaskThread.java:61)
	at java.lang.Thread.run(Thread.java:745)

10-Aug-2026 12:21:48.180 심각 [http-nio-8855-exec-20] org.apache.catalina.core.StandardWrapperValve.invoke Servlet.service() for servlet [appServlet] in context with path [] threw exception [Request processing failed; nested exception is org.mybatis.spring.MyBatisSystemException: nested exception is org.apache.ibatis.exceptions.PersistenceException: 
### Error querying database.  Cause: org.springframework.jdbc.CannotGetJdbcConnectionException: Failed to obtain JDBC Connection; nested exception is org.apache.commons.dbcp.SQLNestedException: Cannot create PoolableConnectionFactory (호스트 61.32.101.234, 포트 1433에 대한 TCP/IP 연결에 실패했습니다. 오류: "connect timed out. 연결 속성을 확인하십시오. SQL Server의 인스턴스가 호스트에서 실행되고 있고 포트에서 TCP/IP 연결을 허용하고 있는지 확인하십시오. 또한 방화벽에서 포트로의 TCP 연결을 차단하지 않는지 확인하십시오.".)
### The error may exist in com/daejist/login/mapper/LoginMapper.xml
### The error may involve com.daejist.login.mapper.LoginMapper.LoginMember
### The error occurred while executing a query
### Cause: org.springframework.jdbc.CannotGetJdbcConnectionException: Failed to obtain JDBC Connection; nested exception is org.apache.commons.dbcp.SQLNestedException: Cannot create PoolableConnectionFactory (호스트 61.32.101.234, 포트 1433에 대한 TCP/IP 연결에 실패했습니다. 오류: "connect timed out. 연결 속성을 확인하십시오. SQL Server의 인스턴스가 호스트에서 실행되고 있고 포트에서 TCP/IP 연결을 허용하고 있는지 확인하십시오. 또한 방화벽에서 포트로의 TCP 연결을 차단하지 않는지 확인하십시오.".)] with root cause
 com.microsoft.sqlserver.jdbc.SQLServerException: 호스트 61.32.101.234, 포트 1433에 대한 TCP/IP 연결에 실패했습니다. 오류: "connect timed out. 연결 속성을 확인하십시오. SQL Server의 인스턴스가 호스트에서 실행되고 있고 포트에서 TCP/IP 연결을 허용하고 있는지 확인하십시오. 또한 방화벽에서 포트로의 TCP 연결을 차단하지 않는지 확인하십시오.".
	at com.microsoft.sqlserver.jdbc.SQLServerException.makeFromDriverError(SQLServerException.java:234)
	at com.microsoft.sqlserver.jdbc.SQLServerException.ConvertConnectExceptionToSQLServerException(SQLServerException.java:285)
	at com.microsoft.sqlserver.jdbc.SocketFinder.findSocket(IOBuffer.java:2462)
	at com.microsoft.sqlserver.jdbc.TDSChannel.open(IOBuffer.java:668)
	at com.microsoft.sqlserver.jdbc.SQLServerConnection.connectHelper(SQLServerConnection.java:2695)
	at com.microsoft.sqlserver.jdbc.SQLServerConnection.login(SQLServerConnection.java:2362)
	at com.microsoft.sqlserver.jdbc.SQLServerConnection.connectInternal(SQLServerConnection.java:2213)
	at com.microsoft.sqlserver.jdbc.SQLServerConnection.connect(SQLServerConnection.java:1276)
	at com.microsoft.sqlserver.jdbc.SQLServerDriver.connect(SQLServerDriver.java:861)
	at org.apache.commons.dbcp.DriverConnectionFactory.createConnection(DriverConnectionFactory.java:38)
	at org.apache.commons.dbcp.PoolableConnectionFactory.makeObject(PoolableConnectionFactory.java:582)
	at org.apache.commons.dbcp.BasicDataSource.validateConnectionFactory(BasicDataSource.java:1556)
	at org.apache.commons.dbcp.BasicDataSource.createPoolableConnectionFactory(BasicDataSource.java:1545)
	at org.apache.commons.dbcp.BasicDataSource.createDataSource(BasicDataSource.java:1388)
	at org.apache.commons.dbcp.BasicDataSource.getConnection(BasicDataSource.java:1044)
	at org.springframework.jdbc.datasource.DataSourceUtils.fetchConnection(DataSourceUtils.java:157)
	at org.springframework.jdbc.datasource.DataSourceUtils.doGetConnection(DataSourceUtils.java:115)
	at org.springframework.jdbc.datasource.DataSourceUtils.getConnection(DataSourceUtils.java:78)
	at org.mybatis.spring.transaction.SpringManagedTransaction.openConnection(SpringManagedTransaction.java:80)
	at org.mybatis.spring.transaction.SpringManagedTransaction.getConnection(SpringManagedTransaction.java:67)
	at org.apache.ibatis.executor.BaseExecutor.getConnection(BaseExecutor.java:336)
	at org.apache.ibatis.executor.SimpleExecutor.prepareStatement(SimpleExecutor.java:85)
	at org.apache.ibatis.executor.SimpleExecutor.doQuery(SimpleExecutor.java:62)
	at org.apache.ibatis.executor.BaseExecutor.queryFromDatabase(BaseExecutor.java:324)
	at org.apache.ibatis.executor.BaseExecutor.query(BaseExecutor.java:156)
	at org.apache.ibatis.executor.CachingExecutor.query(CachingExecutor.java:109)
	at org.apache.ibatis.executor.CachingExecutor.query(CachingExecutor.java:83)
	at org.apache.ibatis.session.defaults.DefaultSqlSession.selectList(DefaultSqlSession.java:147)
	at org.apache.ibatis.session.defaults.DefaultSqlSession.selectList(DefaultSqlSession.java:140)
	at org.apache.ibatis.session.defaults.DefaultSqlSession.selectOne(DefaultSqlSession.java:76)
	at sun.reflect.GeneratedMethodAccessor77.invoke(Unknown Source)
	at sun.reflect.DelegatingMethodAccessorImpl.invoke(DelegatingMethodAccessorImpl.java:43)
	at java.lang.reflect.Method.invoke(Method.java:498)
	at org.mybatis.spring.SqlSessionTemplate$SqlSessionInterceptor.invoke(SqlSessionTemplate.java:426)
	at com.sun.proxy.$Proxy59.selectOne(Unknown Source)
	at org.mybatis.spring.SqlSessionTemplate.selectOne(SqlSessionTemplate.java:159)
	at org.apache.ibatis.binding.MapperMethod.execute(MapperMethod.java:87)
	at org.apache.ibatis.binding.MapperProxy.invoke(MapperProxy.java:57)
	at com.sun.proxy.$Proxy61.LoginMember(Unknown Source)
	at com.daejist.login.service.LoginServiceImp.LoginCheck(LoginServiceImp.java:29)
	at com.daejist.login.controller.LoginController.getLogin(LoginController.java:98)
	at sun.reflect.NativeMethodAccessorImpl.invoke0(Native Method)
	at sun.reflect.NativeMethodAccessorImpl.invoke(NativeMethodAccessorImpl.java:62)
	at sun.reflect.DelegatingMethodAccessorImpl.invoke(DelegatingMethodAccessorImpl.java:43)
	at java.lang.reflect.Method.invoke(Method.java:498)
	at org.springframework.web.method.support.InvocableHandlerMethod.doInvoke(InvocableHandlerMethod.java:190)
	at org.springframework.web.method.support.InvocableHandlerMethod.invokeForRequest(InvocableHandlerMethod.java:138)
	at org.springframework.web.servlet.mvc.method.annotation.ServletInvocableHandlerMethod.invokeAndHandle(ServletInvocableHandlerMethod.java:104)
	at org.springframework.web.servlet.mvc.method.annotation.RequestMappingHandlerAdapter.invokeHandlerMethod(RequestMappingHandlerAdapter.java:892)
	at org.springframework.web.servlet.mvc.method.annotation.RequestMappingHandlerAdapter.handleInternal(RequestMappingHandlerAdapter.java:797)
	at org.springframework.web.servlet.mvc.method.AbstractHandlerMethodAdapter.handle(AbstractHandlerMethodAdapter.java:87)
	at org.springframework.web.servlet.DispatcherServlet.doDispatch(DispatcherServlet.java:1039)
	at org.springframework.web.servlet.DispatcherServlet.doService(DispatcherServlet.java:942)
	at org.springframework.web.servlet.FrameworkServlet.processRequest(FrameworkServlet.java:1005)
	at org.springframework.web.servlet.FrameworkServlet.doPost(FrameworkServlet.java:908)
	at javax.servlet.http.HttpServlet.service(HttpServlet.java:648)
	at org.springframework.web.servlet.FrameworkServlet.service(FrameworkServlet.java:882)
	at javax.servlet.http.HttpServlet.service(HttpServlet.java:729)
	at org.apache.catalina.core.ApplicationFilterChain.internalDoFilter(ApplicationFilterChain.java:292)
	at org.apache.catalina.core.ApplicationFilterChain.doFilter(ApplicationFilterChain.java:207)
	at org.apache.tomcat.websocket.server.WsFilter.doFilter(WsFilter.java:52)
	at org.apache.catalina.core.ApplicationFilterChain.internalDoFilter(ApplicationFilterChain.java:240)
	at org.apache.catalina.core.ApplicationFilterChain.doFilter(ApplicationFilterChain.java:207)
	at org.springframework.web.filter.CharacterEncodingFilter.doFilterInternal(CharacterEncodingFilter.java:200)
	at org.springframework.web.filter.OncePerRequestFilter.doFilter(OncePerRequestFilter.java:118)
	at org.apache.catalina.core.ApplicationFilterChain.internalDoFilter(ApplicationFilterChain.java:240)
	at org.apache.catalina.core.ApplicationFilterChain.doFilter(ApplicationFilterChain.java:207)
	at org.apache.catalina.core.StandardWrapperValve.invoke(StandardWrapperValve.java:212)
	at org.apache.catalina.core.StandardContextValve.invoke(StandardContextValve.java:94)
	at org.apache.catalina.core.StandardHostValve.invoke(StandardHostValve.java:141)
	at org.apache.catalina.valves.ErrorReportValve.invoke(ErrorReportValve.java:79)
	at org.apache.catalina.core.StandardEngineValve.invoke(StandardEngineValve.java:88)
	at org.apache.catalina.connector.CoyoteAdapter.service(CoyoteAdapter.java:502)
	at org.apache.coyote.http11.AbstractHttp11Processor.process(AbstractHttp11Processor.java:1132)
	at org.apache.coyote.AbstractProtocol$AbstractConnectionHandler.process(AbstractProtocol.java:684)
	at org.apache.tomcat.util.net.NioEndpoint$SocketProcessor.doRun(NioEndpoint.java:1539)
	at org.apache.tomcat.util.net.NioEndpoint$SocketProcessor.run(NioEndpoint.java:1495)
	at java.util.concurrent.ThreadPoolExecutor.runWorker(ThreadPoolExecutor.java:1142)
	at java.util.concurrent.ThreadPoolExecutor$Worker.run(ThreadPoolExecutor.java:617)
	at org.apache.tomcat.util.threads.TaskThread$WrappingRunnable.run(TaskThread.java:61)
	at java.lang.Thread.run(Thread.java:745)

10-Aug-2026 12:22:03.185 심각 [http-nio-8855-exec-22] org.apache.catalina.core.StandardWrapperValve.invoke Servlet.service() for servlet [appServlet] in context with path [] threw exception [Request processing failed; nested exception is org.mybatis.spring.MyBatisSystemException: nested exception is org.apache.ibatis.exceptions.PersistenceException: 
### Error querying database.  Cause: org.springframework.jdbc.CannotGetJdbcConnectionException: Failed to obtain JDBC Connection; nested exception is org.apache.commons.dbcp.SQLNestedException: Cannot create PoolableConnectionFactory (호스트 61.32.101.234, 포트 1433에 대한 TCP/IP 연결에 실패했습니다. 오류: "connect timed out. 연결 속성을 확인하십시오. SQL Server의 인스턴스가 호스트에서 실행되고 있고 포트에서 TCP/IP 연결을 허용하고 있는지 확인하십시오. 또한 방화벽에서 포트로의 TCP 연결을 차단하지 않는지 확인하십시오.".)
### The error may exist in com/daejist/login/mapper/LoginMapper.xml
### The error may involve com.daejist.login.mapper.LoginMapper.LoginMember
### The error occurred while executing a query
### Cause: org.springframework.jdbc.CannotGetJdbcConnectionException: Failed to obtain JDBC Connection; nested exception is org.apache.commons.dbcp.SQLNestedException: Cannot create PoolableConnectionFactory (호스트 61.32.101.234, 포트 1433에 대한 TCP/IP 연결에 실패했습니다. 오류: "connect timed out. 연결 속성을 확인하십시오. SQL Server의 인스턴스가 호스트에서 실행되고 있고 포트에서 TCP/IP 연결을 허용하고 있는지 확인하십시오. 또한 방화벽에서 포트로의 TCP 연결을 차단하지 않는지 확인하십시오.".)] with root cause
 com.microsoft.sqlserver.jdbc.SQLServerException: 호스트 61.32.101.234, 포트 1433에 대한 TCP/IP 연결에 실패했습니다. 오류: "connect timed out. 연결 속성을 확인하십시오. SQL Server의 인스턴스가 호스트에서 실행되고 있고 포트에서 TCP/IP 연결을 허용하고 있는지 확인하십시오. 또한 방화벽에서 포트로의 TCP 연결을 차단하지 않는지 확인하십시오.".
	at com.microsoft.sqlserver.jdbc.SQLServerException.makeFromDriverError(SQLServerException.java:234)
	at com.microsoft.sqlserver.jdbc.SQLServerException.ConvertConnectExceptionToSQLServerException(SQLServerException.java:285)
	at com.microsoft.sqlserver.jdbc.SocketFinder.findSocket(IOBuffer.java:2462)
	at com.microsoft.sqlserver.jdbc.TDSChannel.open(IOBuffer.java:668)
	at com.microsoft.sqlserver.jdbc.SQLServerConnection.connectHelper(SQLServerConnection.java:2695)
	at com.microsoft.sqlserver.jdbc.SQLServerConnection.login(SQLServerConnection.java:2362)
	at com.microsoft.sqlserver.jdbc.SQLServerConnection.connectInternal(SQLServerConnection.java:2213)
	at com.microsoft.sqlserver.jdbc.SQLServerConnection.connect(SQLServerConnection.java:1276)
	at com.microsoft.sqlserver.jdbc.SQLServerDriver.connect(SQLServerDriver.java:861)
	at org.apache.commons.dbcp.DriverConnectionFactory.createConnection(DriverConnectionFactory.java:38)
	at org.apache.commons.dbcp.PoolableConnectionFactory.makeObject(PoolableConnectionFactory.java:582)
	at org.apache.commons.dbcp.BasicDataSource.validateConnectionFactory(BasicDataSource.java:1556)
	at org.apache.commons.dbcp.BasicDataSource.createPoolableConnectionFactory(BasicDataSource.java:1545)
	at org.apache.commons.dbcp.BasicDataSource.createDataSource(BasicDataSource.java:1388)
	at org.apache.commons.dbcp.BasicDataSource.getConnection(BasicDataSource.java:1044)
	at org.springframework.jdbc.datasource.DataSourceUtils.fetchConnection(DataSourceUtils.java:157)
	at org.springframework.jdbc.datasource.DataSourceUtils.doGetConnection(DataSourceUtils.java:115)
	at org.springframework.jdbc.datasource.DataSourceUtils.getConnection(DataSourceUtils.java:78)
	at org.mybatis.spring.transaction.SpringManagedTransaction.openConnection(SpringManagedTransaction.java:80)
	at org.mybatis.spring.transaction.SpringManagedTransaction.getConnection(SpringManagedTransaction.java:67)
	at org.apache.ibatis.executor.BaseExecutor.getConnection(BaseExecutor.java:336)
	at org.apache.ibatis.executor.SimpleExecutor.prepareStatement(SimpleExecutor.java:85)
	at org.apache.ibatis.executor.SimpleExecutor.doQuery(SimpleExecutor.java:62)
	at org.apache.ibatis.executor.BaseExecutor.queryFromDatabase(BaseExecutor.java:324)
	at org.apache.ibatis.executor.BaseExecutor.query(BaseExecutor.java:156)
	at org.apache.ibatis.executor.CachingExecutor.query(CachingExecutor.java:109)
	at org.apache.ibatis.executor.CachingExecutor.query(CachingExecutor.java:83)
	at org.apache.ibatis.session.defaults.DefaultSqlSession.selectList(DefaultSqlSession.java:147)
	at org.apache.ibatis.session.defaults.DefaultSqlSession.selectList(DefaultSqlSession.java:140)
	at org.apache.ibatis.session.defaults.DefaultSqlSession.selectOne(DefaultSqlSession.java:76)
	at sun.reflect.GeneratedMethodAccessor77.invoke(Unknown Source)
	at sun.reflect.DelegatingMethodAccessorImpl.invoke(DelegatingMethodAccessorImpl.java:43)
	at java.lang.reflect.Method.invoke(Method.java:498)
	at org.mybatis.spring.SqlSessionTemplate$SqlSessionInterceptor.invoke(SqlSessionTemplate.java:426)
	at com.sun.proxy.$Proxy59.selectOne(Unknown Source)
	at org.mybatis.spring.SqlSessionTemplate.selectOne(SqlSessionTemplate.java:159)
	at org.apache.ibatis.binding.MapperMethod.execute(MapperMethod.java:87)
	at org.apache.ibatis.binding.MapperProxy.invoke(MapperProxy.java:57)
	at com.sun.proxy.$Proxy61.LoginMember(Unknown Source)
	at com.daejist.login.service.LoginServiceImp.LoginCheck(LoginServiceImp.java:29)
	at com.daejist.login.controller.LoginController.getLogin(LoginController.java:98)
	at sun.reflect.NativeMethodAccessorImpl.invoke0(Native Method)
	at sun.reflect.NativeMethodAccessorImpl.invoke(NativeMethodAccessorImpl.java:62)
	at sun.reflect.DelegatingMethodAccessorImpl.invoke(DelegatingMethodAccessorImpl.java:43)
	at java.lang.reflect.Method.invoke(Method.java:498)
	at org.springframework.web.method.support.InvocableHandlerMethod.doInvoke(InvocableHandlerMethod.java:190)
	at org.springframework.web.method.support.InvocableHandlerMethod.invokeForRequest(InvocableHandlerMethod.java:138)
	at org.springframework.web.servlet.mvc.method.annotation.ServletInvocableHandlerMethod.invokeAndHandle(ServletInvocableHandlerMethod.java:104)
	at org.springframework.web.servlet.mvc.method.annotation.RequestMappingHandlerAdapter.invokeHandlerMethod(RequestMappingHandlerAdapter.java:892)
	at org.springframework.web.servlet.mvc.method.annotation.RequestMappingHandlerAdapter.handleInternal(RequestMappingHandlerAdapter.java:797)
	at org.springframework.web.servlet.mvc.method.AbstractHandlerMethodAdapter.handle(AbstractHandlerMethodAdapter.java:87)
	at org.springframework.web.servlet.DispatcherServlet.doDispatch(DispatcherServlet.java:1039)
	at org.springframework.web.servlet.DispatcherServlet.doService(DispatcherServlet.java:942)
	at org.springframework.web.servlet.FrameworkServlet.processRequest(FrameworkServlet.java:1005)
	at org.springframework.web.servlet.FrameworkServlet.doPost(FrameworkServlet.java:908)
	at javax.servlet.http.HttpServlet.service(HttpServlet.java:648)
	at org.springframework.web.servlet.FrameworkServlet.service(FrameworkServlet.java:882)
	at javax.servlet.http.HttpServlet.service(HttpServlet.java:729)
	at org.apache.catalina.core.ApplicationFilterChain.internalDoFilter(ApplicationFilterChain.java:292)
	at org.apache.catalina.core.ApplicationFilterChain.doFilter(ApplicationFilterChain.java:207)
	at org.apache.tomcat.websocket.server.WsFilter.doFilter(WsFilter.java:52)
	at org.apache.catalina.core.ApplicationFilterChain.internalDoFilter(ApplicationFilterChain.java:240)
	at org.apache.catalina.core.ApplicationFilterChain.doFilter(ApplicationFilterChain.java:207)
	at org.springframework.web.filter.CharacterEncodingFilter.doFilterInternal(CharacterEncodingFilter.java:200)
	at org.springframework.web.filter.OncePerRequestFilter.doFilter(OncePerRequestFilter.java:118)
	at org.apache.catalina.core.ApplicationFilterChain.internalDoFilter(ApplicationFilterChain.java:240)
	at org.apache.catalina.core.ApplicationFilterChain.doFilter(ApplicationFilterChain.java:207)
	at org.apache.catalina.core.StandardWrapperValve.invoke(StandardWrapperValve.java:212)
	at org.apache.catalina.core.StandardContextValve.invoke(StandardContextValve.java:94)
	at org.apache.catalina.core.StandardHostValve.invoke(StandardHostValve.java:141)
	at org.apache.catalina.valves.ErrorReportValve.invoke(ErrorReportValve.java:79)
	at org.apache.catalina.core.StandardEngineValve.invoke(StandardEngineValve.java:88)
	at org.apache.catalina.connector.CoyoteAdapter.service(CoyoteAdapter.java:502)
	at org.apache.coyote.http11.AbstractHttp11Processor.process(AbstractHttp11Processor.java:1132)
	at org.apache.coyote.AbstractProtocol$AbstractConnectionHandler.process(AbstractProtocol.java:684)
	at org.apache.tomcat.util.net.NioEndpoint$SocketProcessor.doRun(NioEndpoint.java:1539)
	at org.apache.tomcat.util.net.NioEndpoint$SocketProcessor.run(NioEndpoint.java:1495)
	at java.util.concurrent.ThreadPoolExecutor.runWorker(ThreadPoolExecutor.java:1142)
	at java.util.concurrent.ThreadPoolExecutor$Worker.run(ThreadPoolExecutor.java:617)
	at org.apache.tomcat.util.threads.TaskThread$WrappingRunnable.run(TaskThread.java:61)
	at java.lang.Thread.run(Thread.java:745)

10-Aug-2026 12:22:18.189 심각 [http-nio-8855-exec-34] org.apache.catalina.core.StandardWrapperValve.invoke Servlet.service() for servlet [appServlet] in context with path [] threw exception [Request processing failed; nested exception is org.mybatis.spring.MyBatisSystemException: nested exception is org.apache.ibatis.exceptions.PersistenceException: 
### Error querying database.  Cause: org.springframework.jdbc.CannotGetJdbcConnectionException: Failed to obtain JDBC Connection; nested exception is org.apache.commons.dbcp.SQLNestedException: Cannot create PoolableConnectionFactory (호스트 61.32.101.234, 포트 1433에 대한 TCP/IP 연결에 실패했습니다. 오류: "connect timed out. 연결 속성을 확인하십시오. SQL Server의 인스턴스가 호스트에서 실행되고 있고 포트에서 TCP/IP 연결을 허용하고 있는지 확인하십시오. 또한 방화벽에서 포트로의 TCP 연결을 차단하지 않는지 확인하십시오.".)
### The error may exist in com/daejist/login/mapper/LoginMapper.xml
### The error may involve com.daejist.login.mapper.LoginMapper.LoginMember
### The error occurred while executing a query
### Cause: org.springframework.jdbc.CannotGetJdbcConnectionException: Failed to obtain JDBC Connection; nested exception is org.apache.commons.dbcp.SQLNestedException: Cannot create PoolableConnectionFactory (호스트 61.32.101.234, 포트 1433에 대한 TCP/IP 연결에 실패했습니다. 오류: "connect timed out. 연결 속성을 확인하십시오. SQL Server의 인스턴스가 호스트에서 실행되고 있고 포트에서 TCP/IP 연결을 허용하고 있는지 확인하십시오. 또한 방화벽에서 포트로의 TCP 연결을 차단하지 않는지 확인하십시오.".)] with root cause
 com.microsoft.sqlserver.jdbc.SQLServerException: 호스트 61.32.101.234, 포트 1433에 대한 TCP/IP 연결에 실패했습니다. 오류: "connect timed out. 연결 속성을 확인하십시오. SQL Server의 인스턴스가 호스트에서 실행되고 있고 포트에서 TCP/IP 연결을 허용하고 있는지 확인하십시오. 또한 방화벽에서 포트로의 TCP 연결을 차단하지 않는지 확인하십시오.".
	at com.microsoft.sqlserver.jdbc.SQLServerException.makeFromDriverError(SQLServerException.java:234)
	at com.microsoft.sqlserver.jdbc.SQLServerException.ConvertConnectExceptionToSQLServerException(SQLServerException.java:285)
	at com.microsoft.sqlserver.jdbc.SocketFinder.findSocket(IOBuffer.java:2462)
	at com.microsoft.sqlserver.jdbc.TDSChannel.open(IOBuffer.java:668)
	at com.microsoft.sqlserver.jdbc.SQLServerConnection.connectHelper(SQLServerConnection.java:2695)
	at com.microsoft.sqlserver.jdbc.SQLServerConnection.login(SQLServerConnection.java:2362)
	at com.microsoft.sqlserver.jdbc.SQLServerConnection.connectInternal(SQLServerConnection.java:2213)
	at com.microsoft.sqlserver.jdbc.SQLServerConnection.connect(SQLServerConnection.java:1276)
	at com.microsoft.sqlserver.jdbc.SQLServerDriver.connect(SQLServerDriver.java:861)
	at org.apache.commons.dbcp.DriverConnectionFactory.createConnection(DriverConnectionFactory.java:38)
	at org.apache.commons.dbcp.PoolableConnectionFactory.makeObject(PoolableConnectionFactory.java:582)
	at org.apache.commons.dbcp.BasicDataSource.validateConnectionFactory(BasicDataSource.java:1556)
	at org.apache.commons.dbcp.BasicDataSource.createPoolableConnectionFactory(BasicDataSource.java:1545)
	at org.apache.commons.dbcp.BasicDataSource.createDataSource(BasicDataSource.java:1388)
	at org.apache.commons.dbcp.BasicDataSource.getConnection(BasicDataSource.java:1044)
	at org.springframework.jdbc.datasource.DataSourceUtils.fetchConnection(DataSourceUtils.java:157)
	at org.springframework.jdbc.datasource.DataSourceUtils.doGetConnection(DataSourceUtils.java:115)
	at org.springframework.jdbc.datasource.DataSourceUtils.getConnection(DataSourceUtils.java:78)
	at org.mybatis.spring.transaction.SpringManagedTransaction.openConnection(SpringManagedTransaction.java:80)
	at org.mybatis.spring.transaction.SpringManagedTransaction.getConnection(SpringManagedTransaction.java:67)
	at org.apache.ibatis.executor.BaseExecutor.getConnection(BaseExecutor.java:336)
	at org.apache.ibatis.executor.SimpleExecutor.prepareStatement(SimpleExecutor.java:85)
	at org.apache.ibatis.executor.SimpleExecutor.doQuery(SimpleExecutor.java:62)
	at org.apache.ibatis.executor.BaseExecutor.queryFromDatabase(BaseExecutor.java:324)
	at org.apache.ibatis.executor.BaseExecutor.query(BaseExecutor.java:156)
	at org.apache.ibatis.executor.CachingExecutor.query(CachingExecutor.java:109)
	at org.apache.ibatis.executor.CachingExecutor.query(CachingExecutor.java:83)
	at org.apache.ibatis.session.defaults.DefaultSqlSession.selectList(DefaultSqlSession.java:147)
	at org.apache.ibatis.session.defaults.DefaultSqlSession.selectList(DefaultSqlSession.java:140)
	at org.apache.ibatis.session.defaults.DefaultSqlSession.selectOne(DefaultSqlSession.java:76)
	at sun.reflect.GeneratedMethodAccessor77.invoke(Unknown Source)
	at sun.reflect.DelegatingMethodAccessorImpl.invoke(DelegatingMethodAccessorImpl.java:43)
	at java.lang.reflect.Method.invoke(Method.java:498)
	at org.mybatis.spring.SqlSessionTemplate$SqlSessionInterceptor.invoke(SqlSessionTemplate.java:426)
	at com.sun.proxy.$Proxy59.selectOne(Unknown Source)
	at org.mybatis.spring.SqlSessionTemplate.selectOne(SqlSessionTemplate.java:159)
	at org.apache.ibatis.binding.MapperMethod.execute(MapperMethod.java:87)
	at org.apache.ibatis.binding.MapperProxy.invoke(MapperProxy.java:57)
	at com.sun.proxy.$Proxy61.LoginMember(Unknown Source)
	at com.daejist.login.service.LoginServiceImp.LoginCheck(LoginServiceImp.java:29)
	at com.daejist.login.controller.LoginController.getLogin(LoginController.java:98)
	at sun.reflect.NativeMethodAccessorImpl.invoke0(Native Method)
	at sun.reflect.NativeMethodAccessorImpl.invoke(NativeMethodAccessorImpl.java:62)
	at sun.reflect.DelegatingMethodAccessorImpl.invoke(DelegatingMethodAccessorImpl.java:43)
	at java.lang.reflect.Method.invoke(Method.java:498)
	at org.springframework.web.method.support.InvocableHandlerMethod.doInvoke(InvocableHandlerMethod.java:190)
	at org.springframework.web.method.support.InvocableHandlerMethod.invokeForRequest(InvocableHandlerMethod.java:138)
	at org.springframework.web.servlet.mvc.method.annotation.ServletInvocableHandlerMethod.invokeAndHandle(ServletInvocableHandlerMethod.java:104)
	at org.springframework.web.servlet.mvc.method.annotation.RequestMappingHandlerAdapter.invokeHandlerMethod(RequestMappingHandlerAdapter.java:892)
	at org.springframework.web.servlet.mvc.method.annotation.RequestMappingHandlerAdapter.handleInternal(RequestMappingHandlerAdapter.java:797)
	at org.springframework.web.servlet.mvc.method.AbstractHandlerMethodAdapter.handle(AbstractHandlerMethodAdapter.java:87)
	at org.springframework.web.servlet.DispatcherServlet.doDispatch(DispatcherServlet.java:1039)
	at org.springframework.web.servlet.DispatcherServlet.doService(DispatcherServlet.java:942)
	at org.springframework.web.servlet.FrameworkServlet.processRequest(FrameworkServlet.java:1005)
	at org.springframework.web.servlet.FrameworkServlet.doPost(FrameworkServlet.java:908)
	at javax.servlet.http.HttpServlet.service(HttpServlet.java:648)
	at org.springframework.web.servlet.FrameworkServlet.service(FrameworkServlet.java:882)
	at javax.servlet.http.HttpServlet.service(HttpServlet.java:729)
	at org.apache.catalina.core.ApplicationFilterChain.internalDoFilter(ApplicationFilterChain.java:292)
	at org.apache.catalina.core.ApplicationFilterChain.doFilter(ApplicationFilterChain.java:207)
	at org.apache.tomcat.websocket.server.WsFilter.doFilter(WsFilter.java:52)
	at org.apache.catalina.core.ApplicationFilterChain.internalDoFilter(ApplicationFilterChain.java:240)
	at org.apache.catalina.core.ApplicationFilterChain.doFilter(ApplicationFilterChain.java:207)
	at org.springframework.web.filter.CharacterEncodingFilter.doFilterInternal(CharacterEncodingFilter.java:200)
	at org.springframework.web.filter.OncePerRequestFilter.doFilter(OncePerRequestFilter.java:118)
	at org.apache.catalina.core.ApplicationFilterChain.internalDoFilter(ApplicationFilterChain.java:240)
	at org.apache.catalina.core.ApplicationFilterChain.doFilter(ApplicationFilterChain.java:207)
	at org.apache.catalina.core.StandardWrapperValve.invoke(StandardWrapperValve.java:212)
	at org.apache.catalina.core.StandardContextValve.invoke(StandardContextValve.java:94)
	at org.apache.catalina.core.StandardHostValve.invoke(StandardHostValve.java:141)
	at org.apache.catalina.valves.ErrorReportValve.invoke(ErrorReportValve.java:79)
	at org.apache.catalina.core.StandardEngineValve.invoke(StandardEngineValve.java:88)
	at org.apache.catalina.connector.CoyoteAdapter.service(CoyoteAdapter.java:502)
	at org.apache.coyote.http11.AbstractHttp11Processor.process(AbstractHttp11Processor.java:1132)
	at org.apache.coyote.AbstractProtocol$AbstractConnectionHandler.process(AbstractProtocol.java:684)
	at org.apache.tomcat.util.net.NioEndpoint$SocketProcessor.doRun(NioEndpoint.java:1539)
	at org.apache.tomcat.util.net.NioEndpoint$SocketProcessor.run(NioEndpoint.java:1495)
	at java.util.concurrent.ThreadPoolExecutor.runWorker(ThreadPoolExecutor.java:1142)
	at java.util.concurrent.ThreadPoolExecutor$Worker.run(ThreadPoolExecutor.java:617)
	at org.apache.tomcat.util.threads.TaskThread$WrappingRunnable.run(TaskThread.java:61)
	at java.lang.Thread.run(Thread.java:745)

10-Aug-2026 12:22:33.194 심각 [http-nio-8855-exec-23] org.apache.catalina.core.StandardWrapperValve.invoke Servlet.service() for servlet [appServlet] in context with path [] threw exception [Request processing failed; nested exception is org.mybatis.spring.MyBatisSystemException: nested exception is org.apache.ibatis.exceptions.PersistenceException: 
### Error querying database.  Cause: org.springframework.jdbc.CannotGetJdbcConnectionException: Failed to obtain JDBC Connection; nested exception is org.apache.commons.dbcp.SQLNestedException: Cannot create PoolableConnectionFactory (호스트 61.32.101.234, 포트 1433에 대한 TCP/IP 연결에 실패했습니다. 오류: "connect timed out. 연결 속성을 확인하십시오. SQL Server의 인스턴스가 호스트에서 실행되고 있고 포트에서 TCP/IP 연결을 허용하고 있는지 확인하십시오. 또한 방화벽에서 포트로의 TCP 연결을 차단하지 않는지 확인하십시오.".)
### The error may exist in com/daejist/login/mapper/LoginMapper.xml
### The error may involve com.daejist.login.mapper.LoginMapper.LoginMember
### The error occurred while executing a query
### Cause: org.springframework.jdbc.CannotGetJdbcConnectionException: Failed to obtain JDBC Connection; nested exception is org.apache.commons.dbcp.SQLNestedException: Cannot create PoolableConnectionFactory (호스트 61.32.101.234, 포트 1433에 대한 TCP/IP 연결에 실패했습니다. 오류: "connect timed out. 연결 속성을 확인하십시오. SQL Server의 인스턴스가 호스트에서 실행되고 있고 포트에서 TCP/IP 연결을 허용하고 있는지 확인하십시오. 또한 방화벽에서 포트로의 TCP 연결을 차단하지 않는지 확인하십시오.".)] with root cause
 com.microsoft.sqlserver.jdbc.SQLServerException: 호스트 61.32.101.234, 포트 1433에 대한 TCP/IP 연결에 실패했습니다. 오류: "connect timed out. 연결 속성을 확인하십시오. SQL Server의 인스턴스가 호스트에서 실행되고 있고 포트에서 TCP/IP 연결을 허용하고 있는지 확인하십시오. 또한 방화벽에서 포트로의 TCP 연결을 차단하지 않는지 확인하십시오.".
	at com.microsoft.sqlserver.jdbc.SQLServerException.makeFromDriverError(SQLServerException.java:234)
	at com.microsoft.sqlserver.jdbc.SQLServerException.ConvertConnectExceptionToSQLServerException(SQLServerException.java:285)
	at com.microsoft.sqlserver.jdbc.SocketFinder.findSocket(IOBuffer.java:2462)
	at com.microsoft.sqlserver.jdbc.TDSChannel.open(IOBuffer.java:668)
	at com.microsoft.sqlserver.jdbc.SQLServerConnection.connectHelper(SQLServerConnection.java:2695)
	at com.microsoft.sqlserver.jdbc.SQLServerConnection.login(SQLServerConnection.java:2362)
	at com.microsoft.sqlserver.jdbc.SQLServerConnection.connectInternal(SQLServerConnection.java:2213)
	at com.microsoft.sqlserver.jdbc.SQLServerConnection.connect(SQLServerConnection.java:1276)
	at com.microsoft.sqlserver.jdbc.SQLServerDriver.connect(SQLServerDriver.java:861)
	at org.apache.commons.dbcp.DriverConnectionFactory.createConnection(DriverConnectionFactory.java:38)
	at org.apache.commons.dbcp.PoolableConnectionFactory.makeObject(PoolableConnectionFactory.java:582)
	at org.apache.commons.dbcp.BasicDataSource.validateConnectionFactory(BasicDataSource.java:1556)
	at org.apache.commons.dbcp.BasicDataSource.createPoolableConnectionFactory(BasicDataSource.java:1545)
	at org.apache.commons.dbcp.BasicDataSource.createDataSource(BasicDataSource.java:1388)
	at org.apache.commons.dbcp.BasicDataSource.getConnection(BasicDataSource.java:1044)
	at org.springframework.jdbc.datasource.DataSourceUtils.fetchConnection(DataSourceUtils.java:157)
	at org.springframework.jdbc.datasource.DataSourceUtils.doGetConnection(DataSourceUtils.java:115)
	at org.springframework.jdbc.datasource.DataSourceUtils.getConnection(DataSourceUtils.java:78)
	at org.mybatis.spring.transaction.SpringManagedTransaction.openConnection(SpringManagedTransaction.java:80)
	at org.mybatis.spring.transaction.SpringManagedTransaction.getConnection(SpringManagedTransaction.java:67)
	at org.apache.ibatis.executor.BaseExecutor.getConnection(BaseExecutor.java:336)
	at org.apache.ibatis.executor.SimpleExecutor.prepareStatement(SimpleExecutor.java:85)
	at org.apache.ibatis.executor.SimpleExecutor.doQuery(SimpleExecutor.java:62)
	at org.apache.ibatis.executor.BaseExecutor.queryFromDatabase(BaseExecutor.java:324)
	at org.apache.ibatis.executor.BaseExecutor.query(BaseExecutor.java:156)
	at org.apache.ibatis.executor.CachingExecutor.query(CachingExecutor.java:109)
	at org.apache.ibatis.executor.CachingExecutor.query(CachingExecutor.java:83)
	at org.apache.ibatis.session.defaults.DefaultSqlSession.selectList(DefaultSqlSession.java:147)
	at org.apache.ibatis.session.defaults.DefaultSqlSession.selectList(DefaultSqlSession.java:140)
	at org.apache.ibatis.session.defaults.DefaultSqlSession.selectOne(DefaultSqlSession.java:76)
	at sun.reflect.GeneratedMethodAccessor77.invoke(Unknown Source)
	at sun.reflect.DelegatingMethodAccessorImpl.invoke(DelegatingMethodAccessorImpl.java:43)
	at java.lang.reflect.Method.invoke(Method.java:498)
	at org.mybatis.spring.SqlSessionTemplate$SqlSessionInterceptor.invoke(SqlSessionTemplate.java:426)
	at com.sun.proxy.$Proxy59.selectOne(Unknown Source)
	at org.mybatis.spring.SqlSessionTemplate.selectOne(SqlSessionTemplate.java:159)
	at org.apache.ibatis.binding.MapperMethod.execute(MapperMethod.java:87)
	at org.apache.ibatis.binding.MapperProxy.invoke(MapperProxy.java:57)
	at com.sun.proxy.$Proxy61.LoginMember(Unknown Source)
	at com.daejist.login.service.LoginServiceImp.LoginCheck(LoginServiceImp.java:29)
	at com.daejist.login.controller.LoginController.getLogin(LoginController.java:98)
	at sun.reflect.NativeMethodAccessorImpl.invoke0(Native Method)
	at sun.reflect.NativeMethodAccessorImpl.invoke(NativeMethodAccessorImpl.java:62)
	at sun.reflect.DelegatingMethodAccessorImpl.invoke(DelegatingMethodAccessorImpl.java:43)
	at java.lang.reflect.Method.invoke(Method.java:498)
	at org.springframework.web.method.support.InvocableHandlerMethod.doInvoke(InvocableHandlerMethod.java:190)
	at org.springframework.web.method.support.InvocableHandlerMethod.invokeForRequest(InvocableHandlerMethod.java:138)
	at org.springframework.web.servlet.mvc.method.annotation.ServletInvocableHandlerMethod.invokeAndHandle(ServletInvocableHandlerMethod.java:104)
	at org.springframework.web.servlet.mvc.method.annotation.RequestMappingHandlerAdapter.invokeHandlerMethod(RequestMappingHandlerAdapter.java:892)
	at org.springframework.web.servlet.mvc.method.annotation.RequestMappingHandlerAdapter.handleInternal(RequestMappingHandlerAdapter.java:797)
	at org.springframework.web.servlet.mvc.method.AbstractHandlerMethodAdapter.handle(AbstractHandlerMethodAdapter.java:87)
	at org.springframework.web.servlet.DispatcherServlet.doDispatch(DispatcherServlet.java:1039)
	at org.springframework.web.servlet.DispatcherServlet.doService(DispatcherServlet.java:942)
	at org.springframework.web.servlet.FrameworkServlet.processRequest(FrameworkServlet.java:1005)
	at org.springframework.web.servlet.FrameworkServlet.doPost(FrameworkServlet.java:908)
	at javax.servlet.http.HttpServlet.service(HttpServlet.java:648)
	at org.springframework.web.servlet.FrameworkServlet.service(FrameworkServlet.java:882)
	at javax.servlet.http.HttpServlet.service(HttpServlet.java:729)
	at org.apache.catalina.core.ApplicationFilterChain.internalDoFilter(ApplicationFilterChain.java:292)
	at org.apache.catalina.core.ApplicationFilterChain.doFilter(ApplicationFilterChain.java:207)
	at org.apache.tomcat.websocket.server.WsFilter.doFilter(WsFilter.java:52)
	at org.apache.catalina.core.ApplicationFilterChain.internalDoFilter(ApplicationFilterChain.java:240)
	at org.apache.catalina.core.ApplicationFilterChain.doFilter(ApplicationFilterChain.java:207)
	at org.springframework.web.filter.CharacterEncodingFilter.doFilterInternal(CharacterEncodingFilter.java:200)
	at org.springframework.web.filter.OncePerRequestFilter.doFilter(OncePerRequestFilter.java:118)
	at org.apache.catalina.core.ApplicationFilterChain.internalDoFilter(ApplicationFilterChain.java:240)
	at org.apache.catalina.core.ApplicationFilterChain.doFilter(ApplicationFilterChain.java:207)
	at org.apache.catalina.core.StandardWrapperValve.invoke(StandardWrapperValve.java:212)
	at org.apache.catalina.core.StandardContextValve.invoke(StandardContextValve.java:94)
	at org.apache.catalina.core.StandardHostValve.invoke(StandardHostValve.java:141)
	at org.apache.catalina.valves.ErrorReportValve.invoke(ErrorReportValve.java:79)
	at org.apache.catalina.core.StandardEngineValve.invoke(StandardEngineValve.java:88)
	at org.apache.catalina.connector.CoyoteAdapter.service(CoyoteAdapter.java:502)
	at org.apache.coyote.http11.AbstractHttp11Processor.process(AbstractHttp11Processor.java:1132)
	at org.apache.coyote.AbstractProtocol$AbstractConnectionHandler.process(AbstractProtocol.java:684)
	at org.apache.tomcat.util.net.NioEndpoint$SocketProcessor.doRun(NioEndpoint.java:1539)
	at org.apache.tomcat.util.net.NioEndpoint$SocketProcessor.run(NioEndpoint.java:1495)
	at java.util.concurrent.ThreadPoolExecutor.runWorker(ThreadPoolExecutor.java:1142)
	at java.util.concurrent.ThreadPoolExecutor$Worker.run(ThreadPoolExecutor.java:617)
	at org.apache.tomcat.util.threads.TaskThread$WrappingRunnable.run(TaskThread.java:61)
	at java.lang.Thread.run(Thread.java:745)

10-Aug-2026 12:22:48.199 심각 [http-nio-8855-exec-33] org.apache.catalina.core.StandardWrapperValve.invoke Servlet.service() for servlet [appServlet] in context with path [] threw exception [Request processing failed; nested exception is org.mybatis.spring.MyBatisSystemException: nested exception is org.apache.ibatis.exceptions.PersistenceException: 
### Error querying database.  Cause: org.springframework.jdbc.CannotGetJdbcConnectionException: Failed to obtain JDBC Connection; nested exception is org.apache.commons.dbcp.SQLNestedException: Cannot create PoolableConnectionFactory (호스트 61.32.101.234, 포트 1433에 대한 TCP/IP 연결에 실패했습니다. 오류: "connect timed out. 연결 속성을 확인하십시오. SQL Server의 인스턴스가 호스트에서 실행되고 있고 포트에서 TCP/IP 연결을 허용하고 있는지 확인하십시오. 또한 방화벽에서 포트로의 TCP 연결을 차단하지 않는지 확인하십시오.".)
### The error may exist in com/daejist/login/mapper/LoginMapper.xml
### The error may involve com.daejist.login.mapper.LoginMapper.LoginMember
### The error occurred while executing a query
### Cause: org.springframework.jdbc.CannotGetJdbcConnectionException: Failed to obtain JDBC Connection; nested exception is org.apache.commons.dbcp.SQLNestedException: Cannot create PoolableConnectionFactory (호스트 61.32.101.234, 포트 1433에 대한 TCP/IP 연결에 실패했습니다. 오류: "connect timed out. 연결 속성을 확인하십시오. SQL Server의 인스턴스가 호스트에서 실행되고 있고 포트에서 TCP/IP 연결을 허용하고 있는지 확인하십시오. 또한 방화벽에서 포트로의 TCP 연결을 차단하지 않는지 확인하십시오.".)] with root cause
 com.microsoft.sqlserver.jdbc.SQLServerException: 호스트 61.32.101.234, 포트 1433에 대한 TCP/IP 연결에 실패했습니다. 오류: "connect timed out. 연결 속성을 확인하십시오. SQL Server의 인스턴스가 호스트에서 실행되고 있고 포트에서 TCP/IP 연결을 허용하고 있는지 확인하십시오. 또한 방화벽에서 포트로의 TCP 연결을 차단하지 않는지 확인하십시오.".
	at com.microsoft.sqlserver.jdbc.SQLServerException.makeFromDriverError(SQLServerException.java:234)
	at com.microsoft.sqlserver.jdbc.SQLServerException.ConvertConnectExceptionToSQLServerException(SQLServerException.java:285)
	at com.microsoft.sqlserver.jdbc.SocketFinder.findSocket(IOBuffer.java:2462)
	at com.microsoft.sqlserver.jdbc.TDSChannel.open(IOBuffer.java:668)
	at com.microsoft.sqlserver.jdbc.SQLServerConnection.connectHelper(SQLServerConnection.java:2695)
	at com.microsoft.sqlserver.jdbc.SQLServerConnection.login(SQLServerConnection.java:2362)
	at com.microsoft.sqlserver.jdbc.SQLServerConnection.connectInternal(SQLServerConnection.java:2213)
	at com.microsoft.sqlserver.jdbc.SQLServerConnection.connect(SQLServerConnection.java:1276)
	at com.microsoft.sqlserver.jdbc.SQLServerDriver.connect(SQLServerDriver.java:861)
	at org.apache.commons.dbcp.DriverConnectionFactory.createConnection(DriverConnectionFactory.java:38)
	at org.apache.commons.dbcp.PoolableConnectionFactory.makeObject(PoolableConnectionFactory.java:582)
	at org.apache.commons.dbcp.BasicDataSource.validateConnectionFactory(BasicDataSource.java:1556)
	at org.apache.commons.dbcp.BasicDataSource.createPoolableConnectionFactory(BasicDataSource.java:1545)
	at org.apache.commons.dbcp.BasicDataSource.createDataSource(BasicDataSource.java:1388)
	at org.apache.commons.dbcp.BasicDataSource.getConnection(BasicDataSource.java:1044)
	at org.springframework.jdbc.datasource.DataSourceUtils.fetchConnection(DataSourceUtils.java:157)
	at org.springframework.jdbc.datasource.DataSourceUtils.doGetConnection(DataSourceUtils.java:115)
	at org.springframework.jdbc.datasource.DataSourceUtils.getConnection(DataSourceUtils.java:78)
	at org.mybatis.spring.transaction.SpringManagedTransaction.openConnection(SpringManagedTransaction.java:80)
	at org.mybatis.spring.transaction.SpringManagedTransaction.getConnection(SpringManagedTransaction.java:67)
	at org.apache.ibatis.executor.BaseExecutor.getConnection(BaseExecutor.java:336)
	at org.apache.ibatis.executor.SimpleExecutor.prepareStatement(SimpleExecutor.java:85)
	at org.apache.ibatis.executor.SimpleExecutor.doQuery(SimpleExecutor.java:62)
	at org.apache.ibatis.executor.BaseExecutor.queryFromDatabase(BaseExecutor.java:324)
	at org.apache.ibatis.executor.BaseExecutor.query(BaseExecutor.java:156)
	at org.apache.ibatis.executor.CachingExecutor.query(CachingExecutor.java:109)
	at org.apache.ibatis.executor.CachingExecutor.query(CachingExecutor.java:83)
	at org.apache.ibatis.session.defaults.DefaultSqlSession.selectList(DefaultSqlSession.java:147)
	at org.apache.ibatis.session.defaults.DefaultSqlSession.selectList(DefaultSqlSession.java:140)
	at org.apache.ibatis.session.defaults.DefaultSqlSession.selectOne(DefaultSqlSession.java:76)
	at sun.reflect.GeneratedMethodAccessor77.invoke(Unknown Source)
	at sun.reflect.DelegatingMethodAccessorImpl.invoke(DelegatingMethodAccessorImpl.java:43)
	at java.lang.reflect.Method.invoke(Method.java:498)
	at org.mybatis.spring.SqlSessionTemplate$SqlSessionInterceptor.invoke(SqlSessionTemplate.java:426)
	at com.sun.proxy.$Proxy59.selectOne(Unknown Source)
	at org.mybatis.spring.SqlSessionTemplate.selectOne(SqlSessionTemplate.java:159)
	at org.apache.ibatis.binding.MapperMethod.execute(MapperMethod.java:87)
	at org.apache.ibatis.binding.MapperProxy.invoke(MapperProxy.java:57)
	at com.sun.proxy.$Proxy61.LoginMember(Unknown Source)
	at com.daejist.login.service.LoginServiceImp.LoginCheck(LoginServiceImp.java:29)
	at com.daejist.login.controller.LoginController.getLogin(LoginController.java:98)
	at sun.reflect.NativeMethodAccessorImpl.invoke0(Native Method)
	at sun.reflect.NativeMethodAccessorImpl.invoke(NativeMethodAccessorImpl.java:62)
	at sun.reflect.DelegatingMethodAccessorImpl.invoke(DelegatingMethodAccessorImpl.java:43)
	at java.lang.reflect.Method.invoke(Method.java:498)
	at org.springframework.web.method.support.InvocableHandlerMethod.doInvoke(InvocableHandlerMethod.java:190)
	at org.springframework.web.method.support.InvocableHandlerMethod.invokeForRequest(InvocableHandlerMethod.java:138)
	at org.springframework.web.servlet.mvc.method.annotation.ServletInvocableHandlerMethod.invokeAndHandle(ServletInvocableHandlerMethod.java:104)
	at org.springframework.web.servlet.mvc.method.annotation.RequestMappingHandlerAdapter.invokeHandlerMethod(RequestMappingHandlerAdapter.java:892)
	at org.springframework.web.servlet.mvc.method.annotation.RequestMappingHandlerAdapter.handleInternal(RequestMappingHandlerAdapter.java:797)
	at org.springframework.web.servlet.mvc.method.AbstractHandlerMethodAdapter.handle(AbstractHandlerMethodAdapter.java:87)
	at org.springframework.web.servlet.DispatcherServlet.doDispatch(DispatcherServlet.java:1039)
	at org.springframework.web.servlet.DispatcherServlet.doService(DispatcherServlet.java:942)
	at org.springframework.web.servlet.FrameworkServlet.processRequest(FrameworkServlet.java:1005)
	at org.springframework.web.servlet.FrameworkServlet.doPost(FrameworkServlet.java:908)
	at javax.servlet.http.HttpServlet.service(HttpServlet.java:648)
	at org.springframework.web.servlet.FrameworkServlet.service(FrameworkServlet.java:882)
	at javax.servlet.http.HttpServlet.service(HttpServlet.java:729)
	at org.apache.catalina.core.ApplicationFilterChain.internalDoFilter(ApplicationFilterChain.java:292)
	at org.apache.catalina.core.ApplicationFilterChain.doFilter(ApplicationFilterChain.java:207)
	at org.apache.tomcat.websocket.server.WsFilter.doFilter(WsFilter.java:52)
	at org.apache.catalina.core.ApplicationFilterChain.internalDoFilter(ApplicationFilterChain.java:240)
	at org.apache.catalina.core.ApplicationFilterChain.doFilter(ApplicationFilterChain.java:207)
	at org.springframework.web.filter.CharacterEncodingFilter.doFilterInternal(CharacterEncodingFilter.java:200)
	at org.springframework.web.filter.OncePerRequestFilter.doFilter(OncePerRequestFilter.java:118)
	at org.apache.catalina.core.ApplicationFilterChain.internalDoFilter(ApplicationFilterChain.java:240)
	at org.apache.catalina.core.ApplicationFilterChain.doFilter(ApplicationFilterChain.java:207)
	at org.apache.catalina.core.StandardWrapperValve.invoke(StandardWrapperValve.java:212)
	at org.apache.catalina.core.StandardContextValve.invoke(StandardContextValve.java:94)
	at org.apache.catalina.core.StandardHostValve.invoke(StandardHostValve.java:141)
	at org.apache.catalina.valves.ErrorReportValve.invoke(ErrorReportValve.java:79)
	at org.apache.catalina.core.StandardEngineValve.invoke(StandardEngineValve.java:88)
	at org.apache.catalina.connector.CoyoteAdapter.service(CoyoteAdapter.java:502)
	at org.apache.coyote.http11.AbstractHttp11Processor.process(AbstractHttp11Processor.java:1132)
	at org.apache.coyote.AbstractProtocol$AbstractConnectionHandler.process(AbstractProtocol.java:684)
	at org.apache.tomcat.util.net.NioEndpoint$SocketProcessor.doRun(NioEndpoint.java:1539)
	at org.apache.tomcat.util.net.NioEndpoint$SocketProcessor.run(NioEndpoint.java:1495)
	at java.util.concurrent.ThreadPoolExecutor.runWorker(ThreadPoolExecutor.java:1142)
	at java.util.concurrent.ThreadPoolExecutor$Worker.run(ThreadPoolExecutor.java:617)
	at org.apache.tomcat.util.threads.TaskThread$WrappingRunnable.run(TaskThread.java:61)
	at java.lang.Thread.run(Thread.java:745)

10-Aug-2026 12:23:03.204 심각 [http-nio-8855-exec-32] org.apache.catalina.core.StandardWrapperValve.invoke Servlet.service() for servlet [appServlet] in context with path [] threw exception [Request processing failed; nested exception is org.mybatis.spring.MyBatisSystemException: nested exception is org.apache.ibatis.exceptions.PersistenceException: 
### Error querying database.  Cause: org.springframework.jdbc.CannotGetJdbcConnectionException: Failed to obtain JDBC Connection; nested exception is org.apache.commons.dbcp.SQLNestedException: Cannot create PoolableConnectionFactory (호스트 61.32.101.234, 포트 1433에 대한 TCP/IP 연결에 실패했습니다. 오류: "connect timed out. 연결 속성을 확인하십시오. SQL Server의 인스턴스가 호스트에서 실행되고 있고 포트에서 TCP/IP 연결을 허용하고 있는지 확인하십시오. 또한 방화벽에서 포트로의 TCP 연결을 차단하지 않는지 확인하십시오.".)
### The error may exist in com/daejist/login/mapper/LoginMapper.xml
### The error may involve com.daejist.login.mapper.LoginMapper.LoginMember
### The error occurred while executing a query
### Cause: org.springframework.jdbc.CannotGetJdbcConnectionException: Failed to obtain JDBC Connection; nested exception is org.apache.commons.dbcp.SQLNestedException: Cannot create PoolableConnectionFactory (호스트 61.32.101.234, 포트 1433에 대한 TCP/IP 연결에 실패했습니다. 오류: "connect timed out. 연결 속성을 확인하십시오. SQL Server의 인스턴스가 호스트에서 실행되고 있고 포트에서 TCP/IP 연결을 허용하고 있는지 확인하십시오. 또한 방화벽에서 포트로의 TCP 연결을 차단하지 않는지 확인하십시오.".)] with root cause
 com.microsoft.sqlserver.jdbc.SQLServerException: 호스트 61.32.101.234, 포트 1433에 대한 TCP/IP 연결에 실패했습니다. 오류: "connect timed out. 연결 속성을 확인하십시오. SQL Server의 인스턴스가 호스트에서 실행되고 있고 포트에서 TCP/IP 연결을 허용하고 있는지 확인하십시오. 또한 방화벽에서 포트로의 TCP 연결을 차단하지 않는지 확인하십시오.".
	at com.microsoft.sqlserver.jdbc.SQLServerException.makeFromDriverError(SQLServerException.java:234)
	at com.microsoft.sqlserver.jdbc.SQLServerException.ConvertConnectExceptionToSQLServerException(SQLServerException.java:285)
	at com.microsoft.sqlserver.jdbc.SocketFinder.findSocket(IOBuffer.java:2462)
	at com.microsoft.sqlserver.jdbc.TDSChannel.open(IOBuffer.java:668)
	at com.microsoft.sqlserver.jdbc.SQLServerConnection.connectHelper(SQLServerConnection.java:2695)
	at com.microsoft.sqlserver.jdbc.SQLServerConnection.login(SQLServerConnection.java:2362)
	at com.microsoft.sqlserver.jdbc.SQLServerConnection.connectInternal(SQLServerConnection.java:2213)
	at com.microsoft.sqlserver.jdbc.SQLServerConnection.connect(SQLServerConnection.java:1276)
	at com.microsoft.sqlserver.jdbc.SQLServerDriver.connect(SQLServerDriver.java:861)
	at org.apache.commons.dbcp.DriverConnectionFactory.createConnection(DriverConnectionFactory.java:38)
	at org.apache.commons.dbcp.PoolableConnectionFactory.makeObject(PoolableConnectionFactory.java:582)
	at org.apache.commons.dbcp.BasicDataSource.validateConnectionFactory(BasicDataSource.java:1556)
	at org.apache.commons.dbcp.BasicDataSource.createPoolableConnectionFactory(BasicDataSource.java:1545)
	at org.apache.commons.dbcp.BasicDataSource.createDataSource(BasicDataSource.java:1388)
	at org.apache.commons.dbcp.BasicDataSource.getConnection(BasicDataSource.java:1044)
	at org.springframework.jdbc.datasource.DataSourceUtils.fetchConnection(DataSourceUtils.java:157)
	at org.springframework.jdbc.datasource.DataSourceUtils.doGetConnection(DataSourceUtils.java:115)
	at org.springframework.jdbc.datasource.DataSourceUtils.getConnection(DataSourceUtils.java:78)
	at org.mybatis.spring.transaction.SpringManagedTransaction.openConnection(SpringManagedTransaction.java:80)
	at org.mybatis.spring.transaction.SpringManagedTransaction.getConnection(SpringManagedTransaction.java:67)
	at org.apache.ibatis.executor.BaseExecutor.getConnection(BaseExecutor.java:336)
	at org.apache.ibatis.executor.SimpleExecutor.prepareStatement(SimpleExecutor.java:85)
	at org.apache.ibatis.executor.SimpleExecutor.doQuery(SimpleExecutor.java:62)
	at org.apache.ibatis.executor.BaseExecutor.queryFromDatabase(BaseExecutor.java:324)
	at org.apache.ibatis.executor.BaseExecutor.query(BaseExecutor.java:156)
	at org.apache.ibatis.executor.CachingExecutor.query(CachingExecutor.java:109)
	at org.apache.ibatis.executor.CachingExecutor.query(CachingExecutor.java:83)
	at org.apache.ibatis.session.defaults.DefaultSqlSession.selectList(DefaultSqlSession.java:147)
	at org.apache.ibatis.session.defaults.DefaultSqlSession.selectList(DefaultSqlSession.java:140)
	at org.apache.ibatis.session.defaults.DefaultSqlSession.selectOne(DefaultSqlSession.java:76)
	at sun.reflect.GeneratedMethodAccessor77.invoke(Unknown Source)
	at sun.reflect.DelegatingMethodAccessorImpl.invoke(DelegatingMethodAccessorImpl.java:43)
	at java.lang.reflect.Method.invoke(Method.java:498)
	at org.mybatis.spring.SqlSessionTemplate$SqlSessionInterceptor.invoke(SqlSessionTemplate.java:426)
	at com.sun.proxy.$Proxy59.selectOne(Unknown Source)
	at org.mybatis.spring.SqlSessionTemplate.selectOne(SqlSessionTemplate.java:159)
	at org.apache.ibatis.binding.MapperMethod.execute(MapperMethod.java:87)
	at org.apache.ibatis.binding.MapperProxy.invoke(MapperProxy.java:57)
	at com.sun.proxy.$Proxy61.LoginMember(Unknown Source)
	at com.daejist.login.service.LoginServiceImp.LoginCheck(LoginServiceImp.java:29)
	at com.daejist.login.controller.LoginController.getLogin(LoginController.java:98)
	at sun.reflect.NativeMethodAccessorImpl.invoke0(Native Method)
	at sun.reflect.NativeMethodAccessorImpl.invoke(NativeMethodAccessorImpl.java:62)
	at sun.reflect.DelegatingMethodAccessorImpl.invoke(DelegatingMethodAccessorImpl.java:43)
	at java.lang.reflect.Method.invoke(Method.java:498)
	at org.springframework.web.method.support.InvocableHandlerMethod.doInvoke(InvocableHandlerMethod.java:190)
	at org.springframework.web.method.support.InvocableHandlerMethod.invokeForRequest(InvocableHandlerMethod.java:138)
	at org.springframework.web.servlet.mvc.method.annotation.ServletInvocableHandlerMethod.invokeAndHandle(ServletInvocableHandlerMethod.java:104)
	at org.springframework.web.servlet.mvc.method.annotation.RequestMappingHandlerAdapter.invokeHandlerMethod(RequestMappingHandlerAdapter.java:892)
	at org.springframework.web.servlet.mvc.method.annotation.RequestMappingHandlerAdapter.handleInternal(RequestMappingHandlerAdapter.java:797)
	at org.springframework.web.servlet.mvc.method.AbstractHandlerMethodAdapter.handle(AbstractHandlerMethodAdapter.java:87)
	at org.springframework.web.servlet.DispatcherServlet.doDispatch(DispatcherServlet.java:1039)
	at org.springframework.web.servlet.DispatcherServlet.doService(DispatcherServlet.java:942)
	at org.springframework.web.servlet.FrameworkServlet.processRequest(FrameworkServlet.java:1005)
	at org.springframework.web.servlet.FrameworkServlet.doPost(FrameworkServlet.java:908)
	at javax.servlet.http.HttpServlet.service(HttpServlet.java:648)
	at org.springframework.web.servlet.FrameworkServlet.service(FrameworkServlet.java:882)
	at javax.servlet.http.HttpServlet.service(HttpServlet.java:729)
	at org.apache.catalina.core.ApplicationFilterChain.internalDoFilter(ApplicationFilterChain.java:292)
	at org.apache.catalina.core.ApplicationFilterChain.doFilter(ApplicationFilterChain.java:207)
	at org.apache.tomcat.websocket.server.WsFilter.doFilter(WsFilter.java:52)
	at org.apache.catalina.core.ApplicationFilterChain.internalDoFilter(ApplicationFilterChain.java:240)
	at org.apache.catalina.core.ApplicationFilterChain.doFilter(ApplicationFilterChain.java:207)
	at org.springframework.web.filter.CharacterEncodingFilter.doFilterInternal(CharacterEncodingFilter.java:200)
	at org.springframework.web.filter.OncePerRequestFilter.doFilter(OncePerRequestFilter.java:118)
	at org.apache.catalina.core.ApplicationFilterChain.internalDoFilter(ApplicationFilterChain.java:240)
	at org.apache.catalina.core.ApplicationFilterChain.doFilter(ApplicationFilterChain.java:207)
	at org.apache.catalina.core.StandardWrapperValve.invoke(StandardWrapperValve.java:212)
	at org.apache.catalina.core.StandardContextValve.invoke(StandardContextValve.java:94)
	at org.apache.catalina.core.StandardHostValve.invoke(StandardHostValve.java:141)
	at org.apache.catalina.valves.ErrorReportValve.invoke(ErrorReportValve.java:79)
	at org.apache.catalina.core.StandardEngineValve.invoke(StandardEngineValve.java:88)
	at org.apache.catalina.connector.CoyoteAdapter.service(CoyoteAdapter.java:502)
	at org.apache.coyote.http11.AbstractHttp11Processor.process(AbstractHttp11Processor.java:1132)
	at org.apache.coyote.AbstractProtocol$AbstractConnectionHandler.process(AbstractProtocol.java:684)
	at org.apache.tomcat.util.net.NioEndpoint$SocketProcessor.doRun(NioEndpoint.java:1539)
	at org.apache.tomcat.util.net.NioEndpoint$SocketProcessor.run(NioEndpoint.java:1495)
	at java.util.concurrent.ThreadPoolExecutor.runWorker(ThreadPoolExecutor.java:1142)
	at java.util.concurrent.ThreadPoolExecutor$Worker.run(ThreadPoolExecutor.java:617)
	at org.apache.tomcat.util.threads.TaskThread$WrappingRunnable.run(TaskThread.java:61)
	at java.lang.Thread.run(Thread.java:745)

10-Aug-2026 12:23:18.207 심각 [http-nio-8855-exec-31] org.apache.catalina.core.StandardWrapperValve.invoke Servlet.service() for servlet [appServlet] in context with path [] threw exception [Request processing failed; nested exception is org.mybatis.spring.MyBatisSystemException: nested exception is org.apache.ibatis.exceptions.PersistenceException: 
### Error querying database.  Cause: org.springframework.jdbc.CannotGetJdbcConnectionException: Failed to obtain JDBC Connection; nested exception is org.apache.commons.dbcp.SQLNestedException: Cannot create PoolableConnectionFactory (호스트 61.32.101.234, 포트 1433에 대한 TCP/IP 연결에 실패했습니다. 오류: "connect timed out. 연결 속성을 확인하십시오. SQL Server의 인스턴스가 호스트에서 실행되고 있고 포트에서 TCP/IP 연결을 허용하고 있는지 확인하십시오. 또한 방화벽에서 포트로의 TCP 연결을 차단하지 않는지 확인하십시오.".)
### The error may exist in com/daejist/login/mapper/LoginMapper.xml
### The error may involve com.daejist.login.mapper.LoginMapper.LoginMember
### The error occurred while executing a query
### Cause: org.springframework.jdbc.CannotGetJdbcConnectionException: Failed to obtain JDBC Connection; nested exception is org.apache.commons.dbcp.SQLNestedException: Cannot create PoolableConnectionFactory (호스트 61.32.101.234, 포트 1433에 대한 TCP/IP 연결에 실패했습니다. 오류: "connect timed out. 연결 속성을 확인하십시오. SQL Server의 인스턴스가 호스트에서 실행되고 있고 포트에서 TCP/IP 연결을 허용하고 있는지 확인하십시오. 또한 방화벽에서 포트로의 TCP 연결을 차단하지 않는지 확인하십시오.".)] with root cause
 com.microsoft.sqlserver.jdbc.SQLServerException: 호스트 61.32.101.234, 포트 1433에 대한 TCP/IP 연결에 실패했습니다. 오류: "connect timed out. 연결 속성을 확인하십시오. SQL Server의 인스턴스가 호스트에서 실행되고 있고 포트에서 TCP/IP 연결을 허용하고 있는지 확인하십시오. 또한 방화벽에서 포트로의 TCP 연결을 차단하지 않는지 확인하십시오.".
	at com.microsoft.sqlserver.jdbc.SQLServerException.makeFromDriverError(SQLServerException.java:234)
	at com.microsoft.sqlserver.jdbc.SQLServerException.ConvertConnectExceptionToSQLServerException(SQLServerException.java:285)
	at com.microsoft.sqlserver.jdbc.SocketFinder.findSocket(IOBuffer.java:2462)
	at com.microsoft.sqlserver.jdbc.TDSChannel.open(IOBuffer.java:668)
	at com.microsoft.sqlserver.jdbc.SQLServerConnection.connectHelper(SQLServerConnection.java:2695)
	at com.microsoft.sqlserver.jdbc.SQLServerConnection.login(SQLServerConnection.java:2362)
	at com.microsoft.sqlserver.jdbc.SQLServerConnection.connectInternal(SQLServerConnection.java:2213)
	at com.microsoft.sqlserver.jdbc.SQLServerConnection.connect(SQLServerConnection.java:1276)
	at com.microsoft.sqlserver.jdbc.SQLServerDriver.connect(SQLServerDriver.java:861)
	at org.apache.commons.dbcp.DriverConnectionFactory.createConnection(DriverConnectionFactory.java:38)
	at org.apache.commons.dbcp.PoolableConnectionFactory.makeObject(PoolableConnectionFactory.java:582)
	at org.apache.commons.dbcp.BasicDataSource.validateConnectionFactory(BasicDataSource.java:1556)
	at org.apache.commons.dbcp.BasicDataSource.createPoolableConnectionFactory(BasicDataSource.java:1545)
	at org.apache.commons.dbcp.BasicDataSource.createDataSource(BasicDataSource.java:1388)
	at org.apache.commons.dbcp.BasicDataSource.getConnection(BasicDataSource.java:1044)
	at org.springframework.jdbc.datasource.DataSourceUtils.fetchConnection(DataSourceUtils.java:157)
	at org.springframework.jdbc.datasource.DataSourceUtils.doGetConnection(DataSourceUtils.java:115)
	at org.springframework.jdbc.datasource.DataSourceUtils.getConnection(DataSourceUtils.java:78)
	at org.mybatis.spring.transaction.SpringManagedTransaction.openConnection(SpringManagedTransaction.java:80)
	at org.mybatis.spring.transaction.SpringManagedTransaction.getConnection(SpringManagedTransaction.java:67)
	at org.apache.ibatis.executor.BaseExecutor.getConnection(BaseExecutor.java:336)
	at org.apache.ibatis.executor.SimpleExecutor.prepareStatement(SimpleExecutor.java:85)
	at org.apache.ibatis.executor.SimpleExecutor.doQuery(SimpleExecutor.java:62)
	at org.apache.ibatis.executor.BaseExecutor.queryFromDatabase(BaseExecutor.java:324)
	at org.apache.ibatis.executor.BaseExecutor.query(BaseExecutor.java:156)
	at org.apache.ibatis.executor.CachingExecutor.query(CachingExecutor.java:109)
	at org.apache.ibatis.executor.CachingExecutor.query(CachingExecutor.java:83)
	at org.apache.ibatis.session.defaults.DefaultSqlSession.selectList(DefaultSqlSession.java:147)
	at org.apache.ibatis.session.defaults.DefaultSqlSession.selectList(DefaultSqlSession.java:140)
	at org.apache.ibatis.session.defaults.DefaultSqlSession.selectOne(DefaultSqlSession.java:76)
	at sun.reflect.GeneratedMethodAccessor77.invoke(Unknown Source)
	at sun.reflect.DelegatingMethodAccessorImpl.invoke(DelegatingMethodAccessorImpl.java:43)
	at java.lang.reflect.Method.invoke(Method.java:498)
	at org.mybatis.spring.SqlSessionTemplate$SqlSessionInterceptor.invoke(SqlSessionTemplate.java:426)
	at com.sun.proxy.$Proxy59.selectOne(Unknown Source)
	at org.mybatis.spring.SqlSessionTemplate.selectOne(SqlSessionTemplate.java:159)
	at org.apache.ibatis.binding.MapperMethod.execute(MapperMethod.java:87)
	at org.apache.ibatis.binding.MapperProxy.invoke(MapperProxy.java:57)
	at com.sun.proxy.$Proxy61.LoginMember(Unknown Source)
	at com.daejist.login.service.LoginServiceImp.LoginCheck(LoginServiceImp.java:29)
	at com.daejist.login.controller.LoginController.getLogin(LoginController.java:98)
	at sun.reflect.NativeMethodAccessorImpl.invoke0(Native Method)
	at sun.reflect.NativeMethodAccessorImpl.invoke(NativeMethodAccessorImpl.java:62)
	at sun.reflect.DelegatingMethodAccessorImpl.invoke(DelegatingMethodAccessorImpl.java:43)
	at java.lang.reflect.Method.invoke(Method.java:498)
	at org.springframework.web.method.support.InvocableHandlerMethod.doInvoke(InvocableHandlerMethod.java:190)
	at org.springframework.web.method.support.InvocableHandlerMethod.invokeForRequest(InvocableHandlerMethod.java:138)
	at org.springframework.web.servlet.mvc.method.annotation.ServletInvocableHandlerMethod.invokeAndHandle(ServletInvocableHandlerMethod.java:104)
	at org.springframework.web.servlet.mvc.method.annotation.RequestMappingHandlerAdapter.invokeHandlerMethod(RequestMappingHandlerAdapter.java:892)
	at org.springframework.web.servlet.mvc.method.annotation.RequestMappingHandlerAdapter.handleInternal(RequestMappingHandlerAdapter.java:797)
	at org.springframework.web.servlet.mvc.method.AbstractHandlerMethodAdapter.handle(AbstractHandlerMethodAdapter.java:87)
	at org.springframework.web.servlet.DispatcherServlet.doDispatch(DispatcherServlet.java:1039)
	at org.springframework.web.servlet.DispatcherServlet.doService(DispatcherServlet.java:942)
	at org.springframework.web.servlet.FrameworkServlet.processRequest(FrameworkServlet.java:1005)
	at org.springframework.web.servlet.FrameworkServlet.doPost(FrameworkServlet.java:908)
	at javax.servlet.http.HttpServlet.service(HttpServlet.java:648)
	at org.springframework.web.servlet.FrameworkServlet.service(FrameworkServlet.java:882)
	at javax.servlet.http.HttpServlet.service(HttpServlet.java:729)
	at org.apache.catalina.core.ApplicationFilterChain.internalDoFilter(ApplicationFilterChain.java:292)
	at org.apache.catalina.core.ApplicationFilterChain.doFilter(ApplicationFilterChain.java:207)
	at org.apache.tomcat.websocket.server.WsFilter.doFilter(WsFilter.java:52)
	at org.apache.catalina.core.ApplicationFilterChain.internalDoFilter(ApplicationFilterChain.java:240)
	at org.apache.catalina.core.ApplicationFilterChain.doFilter(ApplicationFilterChain.java:207)
	at org.springframework.web.filter.CharacterEncodingFilter.doFilterInternal(CharacterEncodingFilter.java:200)
	at org.springframework.web.filter.OncePerRequestFilter.doFilter(OncePerRequestFilter.java:118)
	at org.apache.catalina.core.ApplicationFilterChain.internalDoFilter(ApplicationFilterChain.java:240)
	at org.apache.catalina.core.ApplicationFilterChain.doFilter(ApplicationFilterChain.java:207)
	at org.apache.catalina.core.StandardWrapperValve.invoke(StandardWrapperValve.java:212)
	at org.apache.catalina.core.StandardContextValve.invoke(StandardContextValve.java:94)
	at org.apache.catalina.core.StandardHostValve.invoke(StandardHostValve.java:141)
	at org.apache.catalina.valves.ErrorReportValve.invoke(ErrorReportValve.java:79)
	at org.apache.catalina.core.StandardEngineValve.invoke(StandardEngineValve.java:88)
	at org.apache.catalina.connector.CoyoteAdapter.service(CoyoteAdapter.java:502)
	at org.apache.coyote.http11.AbstractHttp11Processor.process(AbstractHttp11Processor.java:1132)
	at org.apache.coyote.AbstractProtocol$AbstractConnectionHandler.process(AbstractProtocol.java:684)
	at org.apache.tomcat.util.net.NioEndpoint$SocketProcessor.doRun(NioEndpoint.java:1539)
	at org.apache.tomcat.util.net.NioEndpoint$SocketProcessor.run(NioEndpoint.java:1495)
	at java.util.concurrent.ThreadPoolExecutor.runWorker(ThreadPoolExecutor.java:1142)
	at java.util.concurrent.ThreadPoolExecutor$Worker.run(ThreadPoolExecutor.java:617)
	at org.apache.tomcat.util.threads.TaskThread$WrappingRunnable.run(TaskThread.java:61)
	at java.lang.Thread.run(Thread.java:745)

10-Aug-2026 12:23:33.211 심각 [http-nio-8855-exec-26] org.apache.catalina.core.StandardWrapperValve.invoke Servlet.service() for servlet [appServlet] in context with path [] threw exception [Request processing failed; nested exception is org.mybatis.spring.MyBatisSystemException: nested exception is org.apache.ibatis.exceptions.PersistenceException: 
### Error querying database.  Cause: org.springframework.jdbc.CannotGetJdbcConnectionException: Failed to obtain JDBC Connection; nested exception is org.apache.commons.dbcp.SQLNestedException: Cannot create PoolableConnectionFactory (호스트 61.32.101.234, 포트 1433에 대한 TCP/IP 연결에 실패했습니다. 오류: "connect timed out. 연결 속성을 확인하십시오. SQL Server의 인스턴스가 호스트에서 실행되고 있고 포트에서 TCP/IP 연결을 허용하고 있는지 확인하십시오. 또한 방화벽에서 포트로의 TCP 연결을 차단하지 않는지 확인하십시오.".)
### The error may exist in com/daejist/login/mapper/LoginMapper.xml
### The error may involve com.daejist.login.mapper.LoginMapper.checkUserWithSessionKey
### The error occurred while executing a query
### Cause: org.springframework.jdbc.CannotGetJdbcConnectionException: Failed to obtain JDBC Connection; nested exception is org.apache.commons.dbcp.SQLNestedException: Cannot create PoolableConnectionFactory (호스트 61.32.101.234, 포트 1433에 대한 TCP/IP 연결에 실패했습니다. 오류: "connect timed out. 연결 속성을 확인하십시오. SQL Server의 인스턴스가 호스트에서 실행되고 있고 포트에서 TCP/IP 연결을 허용하고 있는지 확인하십시오. 또한 방화벽에서 포트로의 TCP 연결을 차단하지 않는지 확인하십시오.".)] with root cause
 com.microsoft.sqlserver.jdbc.SQLServerException: 호스트 61.32.101.234, 포트 1433에 대한 TCP/IP 연결에 실패했습니다. 오류: "connect timed out. 연결 속성을 확인하십시오. SQL Server의 인스턴스가 호스트에서 실행되고 있고 포트에서 TCP/IP 연결을 허용하고 있는지 확인하십시오. 또한 방화벽에서 포트로의 TCP 연결을 차단하지 않는지 확인하십시오.".
	at com.microsoft.sqlserver.jdbc.SQLServerException.makeFromDriverError(SQLServerException.java:234)
	at com.microsoft.sqlserver.jdbc.SQLServerException.ConvertConnectExceptionToSQLServerException(SQLServerException.java:285)
	at com.microsoft.sqlserver.jdbc.SocketFinder.findSocket(IOBuffer.java:2462)
	at com.microsoft.sqlserver.jdbc.TDSChannel.open(IOBuffer.java:668)
	at com.microsoft.sqlserver.jdbc.SQLServerConnection.connectHelper(SQLServerConnection.java:2695)
	at com.microsoft.sqlserver.jdbc.SQLServerConnection.login(SQLServerConnection.java:2362)
	at com.microsoft.sqlserver.jdbc.SQLServerConnection.connectInternal(SQLServerConnection.java:2213)
	at com.microsoft.sqlserver.jdbc.SQLServerConnection.connect(SQLServerConnection.java:1276)
	at com.microsoft.sqlserver.jdbc.SQLServerDriver.connect(SQLServerDriver.java:861)
	at org.apache.commons.dbcp.DriverConnectionFactory.createConnection(DriverConnectionFactory.java:38)
	at org.apache.commons.dbcp.PoolableConnectionFactory.makeObject(PoolableConnectionFactory.java:582)
	at org.apache.commons.dbcp.BasicDataSource.validateConnectionFactory(BasicDataSource.java:1556)
	at org.apache.commons.dbcp.BasicDataSource.createPoolableConnectionFactory(BasicDataSource.java:1545)
	at org.apache.commons.dbcp.BasicDataSource.createDataSource(BasicDataSource.java:1388)
	at org.apache.commons.dbcp.BasicDataSource.getConnection(BasicDataSource.java:1044)
	at org.springframework.jdbc.datasource.DataSourceUtils.fetchConnection(DataSourceUtils.java:157)
	at org.springframework.jdbc.datasource.DataSourceUtils.doGetConnection(DataSourceUtils.java:115)
	at org.springframework.jdbc.datasource.DataSourceUtils.getConnection(DataSourceUtils.java:78)
	at org.mybatis.spring.transaction.SpringManagedTransaction.openConnection(SpringManagedTransaction.java:80)
	at org.mybatis.spring.transaction.SpringManagedTransaction.getConnection(SpringManagedTransaction.java:67)
	at org.apache.ibatis.executor.BaseExecutor.getConnection(BaseExecutor.java:336)
	at org.apache.ibatis.executor.SimpleExecutor.prepareStatement(SimpleExecutor.java:85)
	at org.apache.ibatis.executor.SimpleExecutor.doQuery(SimpleExecutor.java:62)
	at org.apache.ibatis.executor.BaseExecutor.queryFromDatabase(BaseExecutor.java:324)
	at org.apache.ibatis.executor.BaseExecutor.query(BaseExecutor.java:156)
	at org.apache.ibatis.executor.CachingExecutor.query(CachingExecutor.java:109)
	at org.apache.ibatis.executor.CachingExecutor.query(CachingExecutor.java:83)
	at org.apache.ibatis.session.defaults.DefaultSqlSession.selectList(DefaultSqlSession.java:147)
	at org.apache.ibatis.session.defaults.DefaultSqlSession.selectList(DefaultSqlSession.java:140)
	at org.apache.ibatis.session.defaults.DefaultSqlSession.selectOne(DefaultSqlSession.java:76)
	at sun.reflect.GeneratedMethodAccessor77.invoke(Unknown Source)
	at sun.reflect.DelegatingMethodAccessorImpl.invoke(DelegatingMethodAccessorImpl.java:43)
	at java.lang.reflect.Method.invoke(Method.java:498)
	at org.mybatis.spring.SqlSessionTemplate$SqlSessionInterceptor.invoke(SqlSessionTemplate.java:426)
	at com.sun.proxy.$Proxy59.selectOne(Unknown Source)
	at org.mybatis.spring.SqlSessionTemplate.selectOne(SqlSessionTemplate.java:159)
	at org.apache.ibatis.binding.MapperMethod.execute(MapperMethod.java:87)
	at org.apache.ibatis.binding.MapperProxy.invoke(MapperProxy.java:57)
	at com.sun.proxy.$Proxy61.checkUserWithSessionKey(Unknown Source)
	at com.daejist.login.service.LoginServiceImp.checkUserWithSessionKey(LoginServiceImp.java:84)
	at com.daejist.login.controller.LoginController.login(LoginController.java:75)
	at sun.reflect.GeneratedMethodAccessor76.invoke(Unknown Source)
	at sun.reflect.DelegatingMethodAccessorImpl.invoke(DelegatingMethodAccessorImpl.java:43)
	at java.lang.reflect.Method.invoke(Method.java:498)
	at org.springframework.web.method.support.InvocableHandlerMethod.doInvoke(InvocableHandlerMethod.java:190)
	at org.springframework.web.method.support.InvocableHandlerMethod.invokeForRequest(InvocableHandlerMethod.java:138)
	at org.springframework.web.servlet.mvc.method.annotation.ServletInvocableHandlerMethod.invokeAndHandle(ServletInvocableHandlerMethod.java:104)
	at org.springframework.web.servlet.mvc.method.annotation.RequestMappingHandlerAdapter.invokeHandlerMethod(RequestMappingHandlerAdapter.java:892)
	at org.springframework.web.servlet.mvc.method.annotation.RequestMappingHandlerAdapter.handleInternal(RequestMappingHandlerAdapter.java:797)
	at org.springframework.web.servlet.mvc.method.AbstractHandlerMethodAdapter.handle(AbstractHandlerMethodAdapter.java:87)
	at org.springframework.web.servlet.DispatcherServlet.doDispatch(DispatcherServlet.java:1039)
	at org.springframework.web.servlet.DispatcherServlet.doService(DispatcherServlet.java:942)
	at org.springframework.web.servlet.FrameworkServlet.processRequest(FrameworkServlet.java:1005)
	at org.springframework.web.servlet.FrameworkServlet.doGet(FrameworkServlet.java:897)
	at javax.servlet.http.HttpServlet.service(HttpServlet.java:622)
	at org.springframework.web.servlet.FrameworkServlet.service(FrameworkServlet.java:882)
	at javax.servlet.http.HttpServlet.service(HttpServlet.java:729)
	at org.apache.catalina.core.ApplicationFilterChain.internalDoFilter(ApplicationFilterChain.java:292)
	at org.apache.catalina.core.ApplicationFilterChain.doFilter(ApplicationFilterChain.java:207)
	at org.apache.tomcat.websocket.server.WsFilter.doFilter(WsFilter.java:52)
	at org.apache.catalina.core.ApplicationFilterChain.internalDoFilter(ApplicationFilterChain.java:240)
	at org.apache.catalina.core.ApplicationFilterChain.doFilter(ApplicationFilterChain.java:207)
	at org.springframework.web.filter.CharacterEncodingFilter.doFilterInternal(CharacterEncodingFilter.java:200)
	at org.springframework.web.filter.OncePerRequestFilter.doFilter(OncePerRequestFilter.java:118)
	at org.apache.catalina.core.ApplicationFilterChain.internalDoFilter(ApplicationFilterChain.java:240)
	at org.apache.catalina.core.ApplicationFilterChain.doFilter(ApplicationFilterChain.java:207)
	at org.apache.catalina.core.StandardWrapperValve.invoke(StandardWrapperValve.java:212)
	at org.apache.catalina.core.StandardContextValve.invoke(StandardContextValve.java:94)
	at org.apache.catalina.core.StandardHostValve.invoke(StandardHostValve.java:141)
	at org.apache.catalina.valves.ErrorReportValve.invoke(ErrorReportValve.java:79)
	at org.apache.catalina.core.StandardEngineValve.invoke(StandardEngineValve.java:88)
	at org.apache.catalina.connector.CoyoteAdapter.service(CoyoteAdapter.java:502)
	at org.apache.coyote.http11.AbstractHttp11Processor.process(AbstractHttp11Processor.java:1132)
	at org.apache.coyote.AbstractProtocol$AbstractConnectionHandler.process(AbstractProtocol.java:684)
	at org.apache.tomcat.util.net.NioEndpoint$SocketProcessor.doRun(NioEndpoint.java:1539)
	at org.apache.tomcat.util.net.NioEndpoint$SocketProcessor.run(NioEndpoint.java:1495)
	at java.util.concurrent.ThreadPoolExecutor.runWorker(ThreadPoolExecutor.java:1142)
	at java.util.concurrent.ThreadPoolExecutor$Worker.run(ThreadPoolExecutor.java:617)
	at org.apache.tomcat.util.threads.TaskThread$WrappingRunnable.run(TaskThread.java:61)
	at java.lang.Thread.run(Thread.java:745)

10-Aug-2026 12:23:48.215 심각 [http-nio-8855-exec-24] org.apache.catalina.core.StandardWrapperValve.invoke Servlet.service() for servlet [appServlet] in context with path [] threw exception [Request processing failed; nested exception is org.mybatis.spring.MyBatisSystemException: nested exception is org.apache.ibatis.exceptions.PersistenceException: 
### Error querying database.  Cause: org.springframework.jdbc.CannotGetJdbcConnectionException: Failed to obtain JDBC Connection; nested exception is org.apache.commons.dbcp.SQLNestedException: Cannot create PoolableConnectionFactory (호스트 61.32.101.234, 포트 1433에 대한 TCP/IP 연결에 실패했습니다. 오류: "connect timed out. 연결 속성을 확인하십시오. SQL Server의 인스턴스가 호스트에서 실행되고 있고 포트에서 TCP/IP 연결을 허용하고 있는지 확인하십시오. 또한 방화벽에서 포트로의 TCP 연결을 차단하지 않는지 확인하십시오.".)
### The error may exist in com/daejist/login/mapper/LoginMapper.xml
### The error may involve com.daejist.login.mapper.LoginMapper.checkUserWithSessionKey
### The error occurred while executing a query
### Cause: org.springframework.jdbc.CannotGetJdbcConnectionException: Failed to obtain JDBC Connection; nested exception is org.apache.commons.dbcp.SQLNestedException: Cannot create PoolableConnectionFactory (호스트 61.32.101.234, 포트 1433에 대한 TCP/IP 연결에 실패했습니다. 오류: "connect timed out. 연결 속성을 확인하십시오. SQL Server의 인스턴스가 호스트에서 실행되고 있고 포트에서 TCP/IP 연결을 허용하고 있는지 확인하십시오. 또한 방화벽에서 포트로의 TCP 연결을 차단하지 않는지 확인하십시오.".)] with root cause
 com.microsoft.sqlserver.jdbc.SQLServerException: 호스트 61.32.101.234, 포트 1433에 대한 TCP/IP 연결에 실패했습니다. 오류: "connect timed out. 연결 속성을 확인하십시오. SQL Server의 인스턴스가 호스트에서 실행되고 있고 포트에서 TCP/IP 연결을 허용하고 있는지 확인하십시오. 또한 방화벽에서 포트로의 TCP 연결을 차단하지 않는지 확인하십시오.".
	at com.microsoft.sqlserver.jdbc.SQLServerException.makeFromDriverError(SQLServerException.java:234)
	at com.microsoft.sqlserver.jdbc.SQLServerException.ConvertConnectExceptionToSQLServerException(SQLServerException.java:285)
	at com.microsoft.sqlserver.jdbc.SocketFinder.findSocket(IOBuffer.java:2462)
	at com.microsoft.sqlserver.jdbc.TDSChannel.open(IOBuffer.java:668)
	at com.microsoft.sqlserver.jdbc.SQLServerConnection.connectHelper(SQLServerConnection.java:2695)
	at com.microsoft.sqlserver.jdbc.SQLServerConnection.login(SQLServerConnection.java:2362)
	at com.microsoft.sqlserver.jdbc.SQLServerConnection.connectInternal(SQLServerConnection.java:2213)
	at com.microsoft.sqlserver.jdbc.SQLServerConnection.connect(SQLServerConnection.java:1276)
	at com.microsoft.sqlserver.jdbc.SQLServerDriver.connect(SQLServerDriver.java:861)
	at org.apache.commons.dbcp.DriverConnectionFactory.createConnection(DriverConnectionFactory.java:38)
	at org.apache.commons.dbcp.PoolableConnectionFactory.makeObject(PoolableConnectionFactory.java:582)
	at org.apache.commons.dbcp.BasicDataSource.validateConnectionFactory(BasicDataSource.java:1556)
	at org.apache.commons.dbcp.BasicDataSource.createPoolableConnectionFactory(BasicDataSource.java:1545)
	at org.apache.commons.dbcp.BasicDataSource.createDataSource(BasicDataSource.java:1388)
	at org.apache.commons.dbcp.BasicDataSource.getConnection(BasicDataSource.java:1044)
	at org.springframework.jdbc.datasource.DataSourceUtils.fetchConnection(DataSourceUtils.java:157)
	at org.springframework.jdbc.datasource.DataSourceUtils.doGetConnection(DataSourceUtils.java:115)
	at org.springframework.jdbc.datasource.DataSourceUtils.getConnection(DataSourceUtils.java:78)
	at org.mybatis.spring.transaction.SpringManagedTransaction.openConnection(SpringManagedTransaction.java:80)
	at org.mybatis.spring.transaction.SpringManagedTransaction.getConnection(SpringManagedTransaction.java:67)
	at org.apache.ibatis.executor.BaseExecutor.getConnection(BaseExecutor.java:336)
	at org.apache.ibatis.executor.SimpleExecutor.prepareStatement(SimpleExecutor.java:85)
	at org.apache.ibatis.executor.SimpleExecutor.doQuery(SimpleExecutor.java:62)
	at org.apache.ibatis.executor.BaseExecutor.queryFromDatabase(BaseExecutor.java:324)
	at org.apache.ibatis.executor.BaseExecutor.query(BaseExecutor.java:156)
	at org.apache.ibatis.executor.CachingExecutor.query(CachingExecutor.java:109)
	at org.apache.ibatis.executor.CachingExecutor.query(CachingExecutor.java:83)
	at org.apache.ibatis.session.defaults.DefaultSqlSession.selectList(DefaultSqlSession.java:147)
	at org.apache.ibatis.session.defaults.DefaultSqlSession.selectList(DefaultSqlSession.java:140)
	at org.apache.ibatis.session.defaults.DefaultSqlSession.selectOne(DefaultSqlSession.java:76)
	at sun.reflect.GeneratedMethodAccessor77.invoke(Unknown Source)
	at sun.reflect.DelegatingMethodAccessorImpl.invoke(DelegatingMethodAccessorImpl.java:43)
	at java.lang.reflect.Method.invoke(Method.java:498)
	at org.mybatis.spring.SqlSessionTemplate$SqlSessionInterceptor.invoke(SqlSessionTemplate.java:426)
	at com.sun.proxy.$Proxy59.selectOne(Unknown Source)
	at org.mybatis.spring.SqlSessionTemplate.selectOne(SqlSessionTemplate.java:159)
	at org.apache.ibatis.binding.MapperMethod.execute(MapperMethod.java:87)
	at org.apache.ibatis.binding.MapperProxy.invoke(MapperProxy.java:57)
	at com.sun.proxy.$Proxy61.checkUserWithSessionKey(Unknown Source)
	at com.daejist.login.service.LoginServiceImp.checkUserWithSessionKey(LoginServiceImp.java:84)
	at com.daejist.login.controller.LoginController.login(LoginController.java:75)
	at sun.reflect.GeneratedMethodAccessor76.invoke(Unknown Source)
	at sun.reflect.DelegatingMethodAccessorImpl.invoke(DelegatingMethodAccessorImpl.java:43)
	at java.lang.reflect.Method.invoke(Method.java:498)
	at org.springframework.web.method.support.InvocableHandlerMethod.doInvoke(InvocableHandlerMethod.java:190)
	at org.springframework.web.method.support.InvocableHandlerMethod.invokeForRequest(InvocableHandlerMethod.java:138)
	at org.springframework.web.servlet.mvc.method.annotation.ServletInvocableHandlerMethod.invokeAndHandle(ServletInvocableHandlerMethod.java:104)
	at org.springframework.web.servlet.mvc.method.annotation.RequestMappingHandlerAdapter.invokeHandlerMethod(RequestMappingHandlerAdapter.java:892)
	at org.springframework.web.servlet.mvc.method.annotation.RequestMappingHandlerAdapter.handleInternal(RequestMappingHandlerAdapter.java:797)
	at org.springframework.web.servlet.mvc.method.AbstractHandlerMethodAdapter.handle(AbstractHandlerMethodAdapter.java:87)
	at org.springframework.web.servlet.DispatcherServlet.doDispatch(DispatcherServlet.java:1039)
	at org.springframework.web.servlet.DispatcherServlet.doService(DispatcherServlet.java:942)
	at org.springframework.web.servlet.FrameworkServlet.processRequest(FrameworkServlet.java:1005)
	at org.springframework.web.servlet.FrameworkServlet.doGet(FrameworkServlet.java:897)
	at javax.servlet.http.HttpServlet.service(HttpServlet.java:622)
	at org.springframework.web.servlet.FrameworkServlet.service(FrameworkServlet.java:882)
	at javax.servlet.http.HttpServlet.service(HttpServlet.java:729)
	at org.apache.catalina.core.ApplicationFilterChain.internalDoFilter(ApplicationFilterChain.java:292)
	at org.apache.catalina.core.ApplicationFilterChain.doFilter(ApplicationFilterChain.java:207)
	at org.apache.tomcat.websocket.server.WsFilter.doFilter(WsFilter.java:52)
	at org.apache.catalina.core.ApplicationFilterChain.internalDoFilter(ApplicationFilterChain.java:240)
	at org.apache.catalina.core.ApplicationFilterChain.doFilter(ApplicationFilterChain.java:207)
	at org.springframework.web.filter.CharacterEncodingFilter.doFilterInternal(CharacterEncodingFilter.java:200)
	at org.springframework.web.filter.OncePerRequestFilter.doFilter(OncePerRequestFilter.java:118)
	at org.apache.catalina.core.ApplicationFilterChain.internalDoFilter(ApplicationFilterChain.java:240)
	at org.apache.catalina.core.ApplicationFilterChain.doFilter(ApplicationFilterChain.java:207)
	at org.apache.catalina.core.StandardWrapperValve.invoke(StandardWrapperValve.java:212)
	at org.apache.catalina.core.StandardContextValve.invoke(StandardContextValve.java:94)
	at org.apache.catalina.core.StandardHostValve.invoke(StandardHostValve.java:141)
	at org.apache.catalina.valves.ErrorReportValve.invoke(ErrorReportValve.java:79)
	at org.apache.catalina.core.StandardEngineValve.invoke(StandardEngineValve.java:88)
	at org.apache.catalina.connector.CoyoteAdapter.service(CoyoteAdapter.java:502)
	at org.apache.coyote.http11.AbstractHttp11Processor.process(AbstractHttp11Processor.java:1132)
	at org.apache.coyote.AbstractProtocol$AbstractConnectionHandler.process(AbstractProtocol.java:684)
	at org.apache.tomcat.util.net.NioEndpoint$SocketProcessor.doRun(NioEndpoint.java:1539)
	at org.apache.tomcat.util.net.NioEndpoint$SocketProcessor.run(NioEndpoint.java:1495)
	at java.util.concurrent.ThreadPoolExecutor.runWorker(ThreadPoolExecutor.java:1142)
	at java.util.concurrent.ThreadPoolExecutor$Worker.run(ThreadPoolExecutor.java:617)
	at org.apache.tomcat.util.threads.TaskThread$WrappingRunnable.run(TaskThread.java:61)
	at java.lang.Thread.run(Thread.java:745)

10-Aug-2026 12:24:03.220 심각 [http-nio-8855-exec-25] org.apache.catalina.core.StandardWrapperValve.invoke Servlet.service() for servlet [appServlet] in context with path [] threw exception [Request processing failed; nested exception is org.mybatis.spring.MyBatisSystemException: nested exception is org.apache.ibatis.exceptions.PersistenceException: 
### Error querying database.  Cause: org.springframework.jdbc.CannotGetJdbcConnectionException: Failed to obtain JDBC Connection; nested exception is org.apache.commons.dbcp.SQLNestedException: Cannot create PoolableConnectionFactory (호스트 61.32.101.234, 포트 1433에 대한 TCP/IP 연결에 실패했습니다. 오류: "connect timed out. 연결 속성을 확인하십시오. SQL Server의 인스턴스가 호스트에서 실행되고 있고 포트에서 TCP/IP 연결을 허용하고 있는지 확인하십시오. 또한 방화벽에서 포트로의 TCP 연결을 차단하지 않는지 확인하십시오.".)
### The error may exist in com/daejist/login/mapper/LoginMapper.xml
### The error may involve com.daejist.login.mapper.LoginMapper.checkUserWithSessionKey
### The error occurred while executing a query
### Cause: org.springframework.jdbc.CannotGetJdbcConnectionException: Failed to obtain JDBC Connection; nested exception is org.apache.commons.dbcp.SQLNestedException: Cannot create PoolableConnectionFactory (호스트 61.32.101.234, 포트 1433에 대한 TCP/IP 연결에 실패했습니다. 오류: "connect timed out. 연결 속성을 확인하십시오. SQL Server의 인스턴스가 호스트에서 실행되고 있고 포트에서 TCP/IP 연결을 허용하고 있는지 확인하십시오. 또한 방화벽에서 포트로의 TCP 연결을 차단하지 않는지 확인하십시오.".)] with root cause
 com.microsoft.sqlserver.jdbc.SQLServerException: 호스트 61.32.101.234, 포트 1433에 대한 TCP/IP 연결에 실패했습니다. 오류: "connect timed out. 연결 속성을 확인하십시오. SQL Server의 인스턴스가 호스트에서 실행되고 있고 포트에서 TCP/IP 연결을 허용하고 있는지 확인하십시오. 또한 방화벽에서 포트로의 TCP 연결을 차단하지 않는지 확인하십시오.".
	at com.microsoft.sqlserver.jdbc.SQLServerException.makeFromDriverError(SQLServerException.java:234)
	at com.microsoft.sqlserver.jdbc.SQLServerException.ConvertConnectExceptionToSQLServerException(SQLServerException.java:285)
	at com.microsoft.sqlserver.jdbc.SocketFinder.findSocket(IOBuffer.java:2462)
	at com.microsoft.sqlserver.jdbc.TDSChannel.open(IOBuffer.java:668)
	at com.microsoft.sqlserver.jdbc.SQLServerConnection.connectHelper(SQLServerConnection.java:2695)
	at com.microsoft.sqlserver.jdbc.SQLServerConnection.login(SQLServerConnection.java:2362)
	at com.microsoft.sqlserver.jdbc.SQLServerConnection.connectInternal(SQLServerConnection.java:2213)
	at com.microsoft.sqlserver.jdbc.SQLServerConnection.connect(SQLServerConnection.java:1276)
	at com.microsoft.sqlserver.jdbc.SQLServerDriver.connect(SQLServerDriver.java:861)
	at org.apache.commons.dbcp.DriverConnectionFactory.createConnection(DriverConnectionFactory.java:38)
	at org.apache.commons.dbcp.PoolableConnectionFactory.makeObject(PoolableConnectionFactory.java:582)
	at org.apache.commons.dbcp.BasicDataSource.validateConnectionFactory(BasicDataSource.java:1556)
	at org.apache.commons.dbcp.BasicDataSource.createPoolableConnectionFactory(BasicDataSource.java:1545)
	at org.apache.commons.dbcp.BasicDataSource.createDataSource(BasicDataSource.java:1388)
	at org.apache.commons.dbcp.BasicDataSource.getConnection(BasicDataSource.java:1044)
	at org.springframework.jdbc.datasource.DataSourceUtils.fetchConnection(DataSourceUtils.java:157)
	at org.springframework.jdbc.datasource.DataSourceUtils.doGetConnection(DataSourceUtils.java:115)
	at org.springframework.jdbc.datasource.DataSourceUtils.getConnection(DataSourceUtils.java:78)
	at org.mybatis.spring.transaction.SpringManagedTransaction.openConnection(SpringManagedTransaction.java:80)
	at org.mybatis.spring.transaction.SpringManagedTransaction.getConnection(SpringManagedTransaction.java:67)
	at org.apache.ibatis.executor.BaseExecutor.getConnection(BaseExecutor.java:336)
	at org.apache.ibatis.executor.SimpleExecutor.prepareStatement(SimpleExecutor.java:85)
	at org.apache.ibatis.executor.SimpleExecutor.doQuery(SimpleExecutor.java:62)
	at org.apache.ibatis.executor.BaseExecutor.queryFromDatabase(BaseExecutor.java:324)
	at org.apache.ibatis.executor.BaseExecutor.query(BaseExecutor.java:156)
	at org.apache.ibatis.executor.CachingExecutor.query(CachingExecutor.java:109)
	at org.apache.ibatis.executor.CachingExecutor.query(CachingExecutor.java:83)
	at org.apache.ibatis.session.defaults.DefaultSqlSession.selectList(DefaultSqlSession.java:147)
	at org.apache.ibatis.session.defaults.DefaultSqlSession.selectList(DefaultSqlSession.java:140)
	at org.apache.ibatis.session.defaults.DefaultSqlSession.selectOne(DefaultSqlSession.java:76)
	at sun.reflect.GeneratedMethodAccessor77.invoke(Unknown Source)
	at sun.reflect.DelegatingMethodAccessorImpl.invoke(DelegatingMethodAccessorImpl.java:43)
	at java.lang.reflect.Method.invoke(Method.java:498)
	at org.mybatis.spring.SqlSessionTemplate$SqlSessionInterceptor.invoke(SqlSessionTemplate.java:426)
	at com.sun.proxy.$Proxy59.selectOne(Unknown Source)
	at org.mybatis.spring.SqlSessionTemplate.selectOne(SqlSessionTemplate.java:159)
	at org.apache.ibatis.binding.MapperMethod.execute(MapperMethod.java:87)
	at org.apache.ibatis.binding.MapperProxy.invoke(MapperProxy.java:57)
	at com.sun.proxy.$Proxy61.checkUserWithSessionKey(Unknown Source)
	at com.daejist.login.service.LoginServiceImp.checkUserWithSessionKey(LoginServiceImp.java:84)
	at com.daejist.login.controller.LoginController.login(LoginController.java:75)
	at sun.reflect.GeneratedMethodAccessor76.invoke(Unknown Source)
	at sun.reflect.DelegatingMethodAccessorImpl.invoke(DelegatingMethodAccessorImpl.java:43)
	at java.lang.reflect.Method.invoke(Method.java:498)
	at org.springframework.web.method.support.InvocableHandlerMethod.doInvoke(InvocableHandlerMethod.java:190)
	at org.springframework.web.method.support.InvocableHandlerMethod.invokeForRequest(InvocableHandlerMethod.java:138)
	at org.springframework.web.servlet.mvc.method.annotation.ServletInvocableHandlerMethod.invokeAndHandle(ServletInvocableHandlerMethod.java:104)
	at org.springframework.web.servlet.mvc.method.annotation.RequestMappingHandlerAdapter.invokeHandlerMethod(RequestMappingHandlerAdapter.java:892)
	at org.springframework.web.servlet.mvc.method.annotation.RequestMappingHandlerAdapter.handleInternal(RequestMappingHandlerAdapter.java:797)
	at org.springframework.web.servlet.mvc.method.AbstractHandlerMethodAdapter.handle(AbstractHandlerMethodAdapter.java:87)
	at org.springframework.web.servlet.DispatcherServlet.doDispatch(DispatcherServlet.java:1039)
	at org.springframework.web.servlet.DispatcherServlet.doService(DispatcherServlet.java:942)
	at org.springframework.web.servlet.FrameworkServlet.processRequest(FrameworkServlet.java:1005)
	at org.springframework.web.servlet.FrameworkServlet.doGet(FrameworkServlet.java:897)
	at javax.servlet.http.HttpServlet.service(HttpServlet.java:622)
	at org.springframework.web.servlet.FrameworkServlet.service(FrameworkServlet.java:882)
	at javax.servlet.http.HttpServlet.service(HttpServlet.java:729)
	at org.apache.catalina.core.ApplicationFilterChain.internalDoFilter(ApplicationFilterChain.java:292)
	at org.apache.catalina.core.ApplicationFilterChain.doFilter(ApplicationFilterChain.java:207)
	at org.apache.tomcat.websocket.server.WsFilter.doFilter(WsFilter.java:52)
	at org.apache.catalina.core.ApplicationFilterChain.internalDoFilter(ApplicationFilterChain.java:240)
	at org.apache.catalina.core.ApplicationFilterChain.doFilter(ApplicationFilterChain.java:207)
	at org.springframework.web.filter.CharacterEncodingFilter.doFilterInternal(CharacterEncodingFilter.java:200)
	at org.springframework.web.filter.OncePerRequestFilter.doFilter(OncePerRequestFilter.java:118)
	at org.apache.catalina.core.ApplicationFilterChain.internalDoFilter(ApplicationFilterChain.java:240)
	at org.apache.catalina.core.ApplicationFilterChain.doFilter(ApplicationFilterChain.java:207)
	at org.apache.catalina.core.StandardWrapperValve.invoke(StandardWrapperValve.java:212)
	at org.apache.catalina.core.StandardContextValve.invoke(StandardContextValve.java:94)
	at org.apache.catalina.core.StandardHostValve.invoke(StandardHostValve.java:141)
	at org.apache.catalina.valves.ErrorReportValve.invoke(ErrorReportValve.java:79)
	at org.apache.catalina.core.StandardEngineValve.invoke(StandardEngineValve.java:88)
	at org.apache.catalina.connector.CoyoteAdapter.service(CoyoteAdapter.java:502)
	at org.apache.coyote.http11.AbstractHttp11Processor.process(AbstractHttp11Processor.java:1132)
	at org.apache.coyote.AbstractProtocol$AbstractConnectionHandler.process(AbstractProtocol.java:684)
	at org.apache.tomcat.util.net.NioEndpoint$SocketProcessor.doRun(NioEndpoint.java:1539)
	at org.apache.tomcat.util.net.NioEndpoint$SocketProcessor.run(NioEndpoint.java:1495)
	at java.util.concurrent.ThreadPoolExecutor.runWorker(ThreadPoolExecutor.java:1142)
	at java.util.concurrent.ThreadPoolExecutor$Worker.run(ThreadPoolExecutor.java:617)
	at org.apache.tomcat.util.threads.TaskThread$WrappingRunnable.run(TaskThread.java:61)
	at java.lang.Thread.run(Thread.java:745)

10-Aug-2026 12:24:18.224 심각 [http-nio-8855-exec-30] org.apache.catalina.core.StandardWrapperValve.invoke Servlet.service() for servlet [appServlet] in context with path [] threw exception [Request processing failed; nested exception is org.mybatis.spring.MyBatisSystemException: nested exception is org.apache.ibatis.exceptions.PersistenceException: 
### Error querying database.  Cause: org.springframework.jdbc.CannotGetJdbcConnectionException: Failed to obtain JDBC Connection; nested exception is org.apache.commons.dbcp.SQLNestedException: Cannot create PoolableConnectionFactory (호스트 61.32.101.234, 포트 1433에 대한 TCP/IP 연결에 실패했습니다. 오류: "connect timed out. 연결 속성을 확인하십시오. SQL Server의 인스턴스가 호스트에서 실행되고 있고 포트에서 TCP/IP 연결을 허용하고 있는지 확인하십시오. 또한 방화벽에서 포트로의 TCP 연결을 차단하지 않는지 확인하십시오.".)
### The error may exist in com/daejist/login/mapper/LoginMapper.xml
### The error may involve com.daejist.login.mapper.LoginMapper.checkUserWithSessionKey
### The error occurred while executing a query
### Cause: org.springframework.jdbc.CannotGetJdbcConnectionException: Failed to obtain JDBC Connection; nested exception is org.apache.commons.dbcp.SQLNestedException: Cannot create PoolableConnectionFactory (호스트 61.32.101.234, 포트 1433에 대한 TCP/IP 연결에 실패했습니다. 오류: "connect timed out. 연결 속성을 확인하십시오. SQL Server의 인스턴스가 호스트에서 실행되고 있고 포트에서 TCP/IP 연결을 허용하고 있는지 확인하십시오. 또한 방화벽에서 포트로의 TCP 연결을 차단하지 않는지 확인하십시오.".)] with root cause
 com.microsoft.sqlserver.jdbc.SQLServerException: 호스트 61.32.101.234, 포트 1433에 대한 TCP/IP 연결에 실패했습니다. 오류: "connect timed out. 연결 속성을 확인하십시오. SQL Server의 인스턴스가 호스트에서 실행되고 있고 포트에서 TCP/IP 연결을 허용하고 있는지 확인하십시오. 또한 방화벽에서 포트로의 TCP 연결을 차단하지 않는지 확인하십시오.".
	at com.microsoft.sqlserver.jdbc.SQLServerException.makeFromDriverError(SQLServerException.java:234)
	at com.microsoft.sqlserver.jdbc.SQLServerException.ConvertConnectExceptionToSQLServerException(SQLServerException.java:285)
	at com.microsoft.sqlserver.jdbc.SocketFinder.findSocket(IOBuffer.java:2462)
	at com.microsoft.sqlserver.jdbc.TDSChannel.open(IOBuffer.java:668)
	at com.microsoft.sqlserver.jdbc.SQLServerConnection.connectHelper(SQLServerConnection.java:2695)
	at com.microsoft.sqlserver.jdbc.SQLServerConnection.login(SQLServerConnection.java:2362)
	at com.microsoft.sqlserver.jdbc.SQLServerConnection.connectInternal(SQLServerConnection.java:2213)
	at com.microsoft.sqlserver.jdbc.SQLServerConnection.connect(SQLServerConnection.java:1276)
	at com.microsoft.sqlserver.jdbc.SQLServerDriver.connect(SQLServerDriver.java:861)
	at org.apache.commons.dbcp.DriverConnectionFactory.createConnection(DriverConnectionFactory.java:38)
	at org.apache.commons.dbcp.PoolableConnectionFactory.makeObject(PoolableConnectionFactory.java:582)
	at org.apache.commons.dbcp.BasicDataSource.validateConnectionFactory(BasicDataSource.java:1556)
	at org.apache.commons.dbcp.BasicDataSource.createPoolableConnectionFactory(BasicDataSource.java:1545)
	at org.apache.commons.dbcp.BasicDataSource.createDataSource(BasicDataSource.java:1388)
	at org.apache.commons.dbcp.BasicDataSource.getConnection(BasicDataSource.java:1044)
	at org.springframework.jdbc.datasource.DataSourceUtils.fetchConnection(DataSourceUtils.java:157)
	at org.springframework.jdbc.datasource.DataSourceUtils.doGetConnection(DataSourceUtils.java:115)
	at org.springframework.jdbc.datasource.DataSourceUtils.getConnection(DataSourceUtils.java:78)
	at org.mybatis.spring.transaction.SpringManagedTransaction.openConnection(SpringManagedTransaction.java:80)
	at org.mybatis.spring.transaction.SpringManagedTransaction.getConnection(SpringManagedTransaction.java:67)
	at org.apache.ibatis.executor.BaseExecutor.getConnection(BaseExecutor.java:336)
	at org.apache.ibatis.executor.SimpleExecutor.prepareStatement(SimpleExecutor.java:85)
	at org.apache.ibatis.executor.SimpleExecutor.doQuery(SimpleExecutor.java:62)
	at org.apache.ibatis.executor.BaseExecutor.queryFromDatabase(BaseExecutor.java:324)
	at org.apache.ibatis.executor.BaseExecutor.query(BaseExecutor.java:156)
	at org.apache.ibatis.executor.CachingExecutor.query(CachingExecutor.java:109)
	at org.apache.ibatis.executor.CachingExecutor.query(CachingExecutor.java:83)
	at org.apache.ibatis.session.defaults.DefaultSqlSession.selectList(DefaultSqlSession.java:147)
	at org.apache.ibatis.session.defaults.DefaultSqlSession.selectList(DefaultSqlSession.java:140)
	at org.apache.ibatis.session.defaults.DefaultSqlSession.selectOne(DefaultSqlSession.java:76)
	at sun.reflect.GeneratedMethodAccessor77.invoke(Unknown Source)
	at sun.reflect.DelegatingMethodAccessorImpl.invoke(DelegatingMethodAccessorImpl.java:43)
	at java.lang.reflect.Method.invoke(Method.java:498)
	at org.mybatis.spring.SqlSessionTemplate$SqlSessionInterceptor.invoke(SqlSessionTemplate.java:426)
	at com.sun.proxy.$Proxy59.selectOne(Unknown Source)
	at org.mybatis.spring.SqlSessionTemplate.selectOne(SqlSessionTemplate.java:159)
	at org.apache.ibatis.binding.MapperMethod.execute(MapperMethod.java:87)
	at org.apache.ibatis.binding.MapperProxy.invoke(MapperProxy.java:57)
	at com.sun.proxy.$Proxy61.checkUserWithSessionKey(Unknown Source)
	at com.daejist.login.service.LoginServiceImp.checkUserWithSessionKey(LoginServiceImp.java:84)
	at com.daejist.login.controller.LoginController.login(LoginController.java:75)
	at sun.reflect.GeneratedMethodAccessor76.invoke(Unknown Source)
	at sun.reflect.DelegatingMethodAccessorImpl.invoke(DelegatingMethodAccessorImpl.java:43)
	at java.lang.reflect.Method.invoke(Method.java:498)
	at org.springframework.web.method.support.InvocableHandlerMethod.doInvoke(InvocableHandlerMethod.java:190)
	at org.springframework.web.method.support.InvocableHandlerMethod.invokeForRequest(InvocableHandlerMethod.java:138)
	at org.springframework.web.servlet.mvc.method.annotation.ServletInvocableHandlerMethod.invokeAndHandle(ServletInvocableHandlerMethod.java:104)
	at org.springframework.web.servlet.mvc.method.annotation.RequestMappingHandlerAdapter.invokeHandlerMethod(RequestMappingHandlerAdapter.java:892)
	at org.springframework.web.servlet.mvc.method.annotation.RequestMappingHandlerAdapter.handleInternal(RequestMappingHandlerAdapter.java:797)
	at org.springframework.web.servlet.mvc.method.AbstractHandlerMethodAdapter.handle(AbstractHandlerMethodAdapter.java:87)
	at org.springframework.web.servlet.DispatcherServlet.doDispatch(DispatcherServlet.java:1039)
	at org.springframework.web.servlet.DispatcherServlet.doService(DispatcherServlet.java:942)
	at org.springframework.web.servlet.FrameworkServlet.processRequest(FrameworkServlet.java:1005)
	at org.springframework.web.servlet.FrameworkServlet.doGet(FrameworkServlet.java:897)
	at javax.servlet.http.HttpServlet.service(HttpServlet.java:622)
	at org.springframework.web.servlet.FrameworkServlet.service(FrameworkServlet.java:882)
	at javax.servlet.http.HttpServlet.service(HttpServlet.java:729)
	at org.apache.catalina.core.ApplicationFilterChain.internalDoFilter(ApplicationFilterChain.java:292)
	at org.apache.catalina.core.ApplicationFilterChain.doFilter(ApplicationFilterChain.java:207)
	at org.apache.tomcat.websocket.server.WsFilter.doFilter(WsFilter.java:52)
	at org.apache.catalina.core.ApplicationFilterChain.internalDoFilter(ApplicationFilterChain.java:240)
	at org.apache.catalina.core.ApplicationFilterChain.doFilter(ApplicationFilterChain.java:207)
	at org.springframework.web.filter.CharacterEncodingFilter.doFilterInternal(CharacterEncodingFilter.java:200)
	at org.springframework.web.filter.OncePerRequestFilter.doFilter(OncePerRequestFilter.java:118)
	at org.apache.catalina.core.ApplicationFilterChain.internalDoFilter(ApplicationFilterChain.java:240)
	at org.apache.catalina.core.ApplicationFilterChain.doFilter(ApplicationFilterChain.java:207)
	at org.apache.catalina.core.StandardWrapperValve.invoke(StandardWrapperValve.java:212)
	at org.apache.catalina.core.StandardContextValve.invoke(StandardContextValve.java:94)
	at org.apache.catalina.core.StandardHostValve.invoke(StandardHostValve.java:141)
	at org.apache.catalina.valves.ErrorReportValve.invoke(ErrorReportValve.java:79)
	at org.apache.catalina.core.StandardEngineValve.invoke(StandardEngineValve.java:88)
	at org.apache.catalina.connector.CoyoteAdapter.service(CoyoteAdapter.java:502)
	at org.apache.coyote.http11.AbstractHttp11Processor.process(AbstractHttp11Processor.java:1132)
	at org.apache.coyote.AbstractProtocol$AbstractConnectionHandler.process(AbstractProtocol.java:684)
	at org.apache.tomcat.util.net.NioEndpoint$SocketProcessor.doRun(NioEndpoint.java:1539)
	at org.apache.tomcat.util.net.NioEndpoint$SocketProcessor.run(NioEndpoint.java:1495)
	at java.util.concurrent.ThreadPoolExecutor.runWorker(ThreadPoolExecutor.java:1142)
	at java.util.concurrent.ThreadPoolExecutor$Worker.run(ThreadPoolExecutor.java:617)
	at org.apache.tomcat.util.threads.TaskThread$WrappingRunnable.run(TaskThread.java:61)
	at java.lang.Thread.run(Thread.java:745)

10-Aug-2026 12:24:33.229 심각 [http-nio-8855-exec-27] org.apache.catalina.core.StandardWrapperValve.invoke Servlet.service() for servlet [appServlet] in context with path [] threw exception [Request processing failed; nested exception is org.mybatis.spring.MyBatisSystemException: nested exception is org.apache.ibatis.exceptions.PersistenceException: 
### Error querying database.  Cause: org.springframework.jdbc.CannotGetJdbcConnectionException: Failed to obtain JDBC Connection; nested exception is org.apache.commons.dbcp.SQLNestedException: Cannot create PoolableConnectionFactory (호스트 61.32.101.234, 포트 1433에 대한 TCP/IP 연결에 실패했습니다. 오류: "connect timed out. 연결 속성을 확인하십시오. SQL Server의 인스턴스가 호스트에서 실행되고 있고 포트에서 TCP/IP 연결을 허용하고 있는지 확인하십시오. 또한 방화벽에서 포트로의 TCP 연결을 차단하지 않는지 확인하십시오.".)
### The error may exist in com/daejist/login/mapper/LoginMapper.xml
### The error may involve com.daejist.login.mapper.LoginMapper.checkUserWithSessionKey
### The error occurred while executing a query
### Cause: org.springframework.jdbc.CannotGetJdbcConnectionException: Failed to obtain JDBC Connection; nested exception is org.apache.commons.dbcp.SQLNestedException: Cannot create PoolableConnectionFactory (호스트 61.32.101.234, 포트 1433에 대한 TCP/IP 연결에 실패했습니다. 오류: "connect timed out. 연결 속성을 확인하십시오. SQL Server의 인스턴스가 호스트에서 실행되고 있고 포트에서 TCP/IP 연결을 허용하고 있는지 확인하십시오. 또한 방화벽에서 포트로의 TCP 연결을 차단하지 않는지 확인하십시오.".)] with root cause
 com.microsoft.sqlserver.jdbc.SQLServerException: 호스트 61.32.101.234, 포트 1433에 대한 TCP/IP 연결에 실패했습니다. 오류: "connect timed out. 연결 속성을 확인하십시오. SQL Server의 인스턴스가 호스트에서 실행되고 있고 포트에서 TCP/IP 연결을 허용하고 있는지 확인하십시오. 또한 방화벽에서 포트로의 TCP 연결을 차단하지 않는지 확인하십시오.".
	at com.microsoft.sqlserver.jdbc.SQLServerException.makeFromDriverError(SQLServerException.java:234)
	at com.microsoft.sqlserver.jdbc.SQLServerException.ConvertConnectExceptionToSQLServerException(SQLServerException.java:285)
	at com.microsoft.sqlserver.jdbc.SocketFinder.findSocket(IOBuffer.java:2462)
	at com.microsoft.sqlserver.jdbc.TDSChannel.open(IOBuffer.java:668)
	at com.microsoft.sqlserver.jdbc.SQLServerConnection.connectHelper(SQLServerConnection.java:2695)
	at com.microsoft.sqlserver.jdbc.SQLServerConnection.login(SQLServerConnection.java:2362)
	at com.microsoft.sqlserver.jdbc.SQLServerConnection.connectInternal(SQLServerConnection.java:2213)
	at com.microsoft.sqlserver.jdbc.SQLServerConnection.connect(SQLServerConnection.java:1276)
	at com.microsoft.sqlserver.jdbc.SQLServerDriver.connect(SQLServerDriver.java:861)
	at org.apache.commons.dbcp.DriverConnectionFactory.createConnection(DriverConnectionFactory.java:38)
	at org.apache.commons.dbcp.PoolableConnectionFactory.makeObject(PoolableConnectionFactory.java:582)
	at org.apache.commons.dbcp.BasicDataSource.validateConnectionFactory(BasicDataSource.java:1556)
	at org.apache.commons.dbcp.BasicDataSource.createPoolableConnectionFactory(BasicDataSource.java:1545)
	at org.apache.commons.dbcp.BasicDataSource.createDataSource(BasicDataSource.java:1388)
	at org.apache.commons.dbcp.BasicDataSource.getConnection(BasicDataSource.java:1044)
	at org.springframework.jdbc.datasource.DataSourceUtils.fetchConnection(DataSourceUtils.java:157)
	at org.springframework.jdbc.datasource.DataSourceUtils.doGetConnection(DataSourceUtils.java:115)
	at org.springframework.jdbc.datasource.DataSourceUtils.getConnection(DataSourceUtils.java:78)
	at org.mybatis.spring.transaction.SpringManagedTransaction.openConnection(SpringManagedTransaction.java:80)
	at org.mybatis.spring.transaction.SpringManagedTransaction.getConnection(SpringManagedTransaction.java:67)
	at org.apache.ibatis.executor.BaseExecutor.getConnection(BaseExecutor.java:336)
	at org.apache.ibatis.executor.SimpleExecutor.prepareStatement(SimpleExecutor.java:85)
	at org.apache.ibatis.executor.SimpleExecutor.doQuery(SimpleExecutor.java:62)
	at org.apache.ibatis.executor.BaseExecutor.queryFromDatabase(BaseExecutor.java:324)
	at org.apache.ibatis.executor.BaseExecutor.query(BaseExecutor.java:156)
	at org.apache.ibatis.executor.CachingExecutor.query(CachingExecutor.java:109)
	at org.apache.ibatis.executor.CachingExecutor.query(CachingExecutor.java:83)
	at org.apache.ibatis.session.defaults.DefaultSqlSession.selectList(DefaultSqlSession.java:147)
	at org.apache.ibatis.session.defaults.DefaultSqlSession.selectList(DefaultSqlSession.java:140)
	at org.apache.ibatis.session.defaults.DefaultSqlSession.selectOne(DefaultSqlSession.java:76)
	at sun.reflect.GeneratedMethodAccessor77.invoke(Unknown Source)
	at sun.reflect.DelegatingMethodAccessorImpl.invoke(DelegatingMethodAccessorImpl.java:43)
	at java.lang.reflect.Method.invoke(Method.java:498)
	at org.mybatis.spring.SqlSessionTemplate$SqlSessionInterceptor.invoke(SqlSessionTemplate.java:426)
	at com.sun.proxy.$Proxy59.selectOne(Unknown Source)
	at org.mybatis.spring.SqlSessionTemplate.selectOne(SqlSessionTemplate.java:159)
	at org.apache.ibatis.binding.MapperMethod.execute(MapperMethod.java:87)
	at org.apache.ibatis.binding.MapperProxy.invoke(MapperProxy.java:57)
	at com.sun.proxy.$Proxy61.checkUserWithSessionKey(Unknown Source)
	at com.daejist.login.service.LoginServiceImp.checkUserWithSessionKey(LoginServiceImp.java:84)
	at com.daejist.login.controller.LoginController.login(LoginController.java:75)
	at sun.reflect.GeneratedMethodAccessor76.invoke(Unknown Source)
	at sun.reflect.DelegatingMethodAccessorImpl.invoke(DelegatingMethodAccessorImpl.java:43)
	at java.lang.reflect.Method.invoke(Method.java:498)
	at org.springframework.web.method.support.InvocableHandlerMethod.doInvoke(InvocableHandlerMethod.java:190)
	at org.springframework.web.method.support.InvocableHandlerMethod.invokeForRequest(InvocableHandlerMethod.java:138)
	at org.springframework.web.servlet.mvc.method.annotation.ServletInvocableHandlerMethod.invokeAndHandle(ServletInvocableHandlerMethod.java:104)
	at org.springframework.web.servlet.mvc.method.annotation.RequestMappingHandlerAdapter.invokeHandlerMethod(RequestMappingHandlerAdapter.java:892)
	at org.springframework.web.servlet.mvc.method.annotation.RequestMappingHandlerAdapter.handleInternal(RequestMappingHandlerAdapter.java:797)
	at org.springframework.web.servlet.mvc.method.AbstractHandlerMethodAdapter.handle(AbstractHandlerMethodAdapter.java:87)
	at org.springframework.web.servlet.DispatcherServlet.doDispatch(DispatcherServlet.java:1039)
	at org.springframework.web.servlet.DispatcherServlet.doService(DispatcherServlet.java:942)
	at org.springframework.web.servlet.FrameworkServlet.processRequest(FrameworkServlet.java:1005)
	at org.springframework.web.servlet.FrameworkServlet.doGet(FrameworkServlet.java:897)
	at javax.servlet.http.HttpServlet.service(HttpServlet.java:622)
	at org.springframework.web.servlet.FrameworkServlet.service(FrameworkServlet.java:882)
	at javax.servlet.http.HttpServlet.service(HttpServlet.java:729)
	at org.apache.catalina.core.ApplicationFilterChain.internalDoFilter(ApplicationFilterChain.java:292)
	at org.apache.catalina.core.ApplicationFilterChain.doFilter(ApplicationFilterChain.java:207)
	at org.apache.tomcat.websocket.server.WsFilter.doFilter(WsFilter.java:52)
	at org.apache.catalina.core.ApplicationFilterChain.internalDoFilter(ApplicationFilterChain.java:240)
	at org.apache.catalina.core.ApplicationFilterChain.doFilter(ApplicationFilterChain.java:207)
	at org.springframework.web.filter.CharacterEncodingFilter.doFilterInternal(CharacterEncodingFilter.java:200)
	at org.springframework.web.filter.OncePerRequestFilter.doFilter(OncePerRequestFilter.java:118)
	at org.apache.catalina.core.ApplicationFilterChain.internalDoFilter(ApplicationFilterChain.java:240)
	at org.apache.catalina.core.ApplicationFilterChain.doFilter(ApplicationFilterChain.java:207)
	at org.apache.catalina.core.StandardWrapperValve.invoke(StandardWrapperValve.java:212)
	at org.apache.catalina.core.StandardContextValve.invoke(StandardContextValve.java:94)
	at org.apache.catalina.core.StandardHostValve.invoke(StandardHostValve.java:141)
	at org.apache.catalina.valves.ErrorReportValve.invoke(ErrorReportValve.java:79)
	at org.apache.catalina.core.StandardEngineValve.invoke(StandardEngineValve.java:88)
	at org.apache.catalina.connector.CoyoteAdapter.service(CoyoteAdapter.java:502)
	at org.apache.coyote.http11.AbstractHttp11Processor.process(AbstractHttp11Processor.java:1132)
	at org.apache.coyote.AbstractProtocol$AbstractConnectionHandler.process(AbstractProtocol.java:684)
	at org.apache.tomcat.util.net.NioEndpoint$SocketProcessor.doRun(NioEndpoint.java:1539)
	at org.apache.tomcat.util.net.NioEndpoint$SocketProcessor.run(NioEndpoint.java:1495)
	at java.util.concurrent.ThreadPoolExecutor.runWorker(ThreadPoolExecutor.java:1142)
	at java.util.concurrent.ThreadPoolExecutor$Worker.run(ThreadPoolExecutor.java:617)
	at org.apache.tomcat.util.threads.TaskThread$WrappingRunnable.run(TaskThread.java:61)
	at java.lang.Thread.run(Thread.java:745)

10-Aug-2026 12:24:48.233 심각 [http-nio-8855-exec-29] org.apache.catalina.core.StandardWrapperValve.invoke Servlet.service() for servlet [appServlet] in context with path [] threw exception [Request processing failed; nested exception is org.mybatis.spring.MyBatisSystemException: nested exception is org.apache.ibatis.exceptions.PersistenceException: 
### Error querying database.  Cause: org.springframework.jdbc.CannotGetJdbcConnectionException: Failed to obtain JDBC Connection; nested exception is org.apache.commons.dbcp.SQLNestedException: Cannot create PoolableConnectionFactory (호스트 61.32.101.234, 포트 1433에 대한 TCP/IP 연결에 실패했습니다. 오류: "connect timed out. 연결 속성을 확인하십시오. SQL Server의 인스턴스가 호스트에서 실행되고 있고 포트에서 TCP/IP 연결을 허용하고 있는지 확인하십시오. 또한 방화벽에서 포트로의 TCP 연결을 차단하지 않는지 확인하십시오.".)
### The error may exist in com/daejist/login/mapper/LoginMapper.xml
### The error may involve com.daejist.login.mapper.LoginMapper.checkUserWithSessionKey
### The error occurred while executing a query
### Cause: org.springframework.jdbc.CannotGetJdbcConnectionException: Failed to obtain JDBC Connection; nested exception is org.apache.commons.dbcp.SQLNestedException: Cannot create PoolableConnectionFactory (호스트 61.32.101.234, 포트 1433에 대한 TCP/IP 연결에 실패했습니다. 오류: "connect timed out. 연결 속성을 확인하십시오. SQL Server의 인스턴스가 호스트에서 실행되고 있고 포트에서 TCP/IP 연결을 허용하고 있는지 확인하십시오. 또한 방화벽에서 포트로의 TCP 연결을 차단하지 않는지 확인하십시오.".)] with root cause
 com.microsoft.sqlserver.jdbc.SQLServerException: 호스트 61.32.101.234, 포트 1433에 대한 TCP/IP 연결에 실패했습니다. 오류: "connect timed out. 연결 속성을 확인하십시오. SQL Server의 인스턴스가 호스트에서 실행되고 있고 포트에서 TCP/IP 연결을 허용하고 있는지 확인하십시오. 또한 방화벽에서 포트로의 TCP 연결을 차단하지 않는지 확인하십시오.".
	at com.microsoft.sqlserver.jdbc.SQLServerException.makeFromDriverError(SQLServerException.java:234)
	at com.microsoft.sqlserver.jdbc.SQLServerException.ConvertConnectExceptionToSQLServerException(SQLServerException.java:285)
	at com.microsoft.sqlserver.jdbc.SocketFinder.findSocket(IOBuffer.java:2462)
	at com.microsoft.sqlserver.jdbc.TDSChannel.open(IOBuffer.java:668)
	at com.microsoft.sqlserver.jdbc.SQLServerConnection.connectHelper(SQLServerConnection.java:2695)
	at com.microsoft.sqlserver.jdbc.SQLServerConnection.login(SQLServerConnection.java:2362)
	at com.microsoft.sqlserver.jdbc.SQLServerConnection.connectInternal(SQLServerConnection.java:2213)
	at com.microsoft.sqlserver.jdbc.SQLServerConnection.connect(SQLServerConnection.java:1276)
	at com.microsoft.sqlserver.jdbc.SQLServerDriver.connect(SQLServerDriver.java:861)
	at org.apache.commons.dbcp.DriverConnectionFactory.createConnection(DriverConnectionFactory.java:38)
	at org.apache.commons.dbcp.PoolableConnectionFactory.makeObject(PoolableConnectionFactory.java:582)
	at org.apache.commons.dbcp.BasicDataSource.validateConnectionFactory(BasicDataSource.java:1556)
	at org.apache.commons.dbcp.BasicDataSource.createPoolableConnectionFactory(BasicDataSource.java:1545)
	at org.apache.commons.dbcp.BasicDataSource.createDataSource(BasicDataSource.java:1388)
	at org.apache.commons.dbcp.BasicDataSource.getConnection(BasicDataSource.java:1044)
	at org.springframework.jdbc.datasource.DataSourceUtils.fetchConnection(DataSourceUtils.java:157)
	at org.springframework.jdbc.datasource.DataSourceUtils.doGetConnection(DataSourceUtils.java:115)
	at org.springframework.jdbc.datasource.DataSourceUtils.getConnection(DataSourceUtils.java:78)
	at org.mybatis.spring.transaction.SpringManagedTransaction.openConnection(SpringManagedTransaction.java:80)
	at org.mybatis.spring.transaction.SpringManagedTransaction.getConnection(SpringManagedTransaction.java:67)
	at org.apache.ibatis.executor.BaseExecutor.getConnection(BaseExecutor.java:336)
	at org.apache.ibatis.executor.SimpleExecutor.prepareStatement(SimpleExecutor.java:85)
	at org.apache.ibatis.executor.SimpleExecutor.doQuery(SimpleExecutor.java:62)
	at org.apache.ibatis.executor.BaseExecutor.queryFromDatabase(BaseExecutor.java:324)
	at org.apache.ibatis.executor.BaseExecutor.query(BaseExecutor.java:156)
	at org.apache.ibatis.executor.CachingExecutor.query(CachingExecutor.java:109)
	at org.apache.ibatis.executor.CachingExecutor.query(CachingExecutor.java:83)
	at org.apache.ibatis.session.defaults.DefaultSqlSession.selectList(DefaultSqlSession.java:147)
	at org.apache.ibatis.session.defaults.DefaultSqlSession.selectList(DefaultSqlSession.java:140)
	at org.apache.ibatis.session.defaults.DefaultSqlSession.selectOne(DefaultSqlSession.java:76)
	at sun.reflect.GeneratedMethodAccessor77.invoke(Unknown Source)
	at sun.reflect.DelegatingMethodAccessorImpl.invoke(DelegatingMethodAccessorImpl.java:43)
	at java.lang.reflect.Method.invoke(Method.java:498)
	at org.mybatis.spring.SqlSessionTemplate$SqlSessionInterceptor.invoke(SqlSessionTemplate.java:426)
	at com.sun.proxy.$Proxy59.selectOne(Unknown Source)
	at org.mybatis.spring.SqlSessionTemplate.selectOne(SqlSessionTemplate.java:159)
	at org.apache.ibatis.binding.MapperMethod.execute(MapperMethod.java:87)
	at org.apache.ibatis.binding.MapperProxy.invoke(MapperProxy.java:57)
	at com.sun.proxy.$Proxy61.checkUserWithSessionKey(Unknown Source)
	at com.daejist.login.service.LoginServiceImp.checkUserWithSessionKey(LoginServiceImp.java:84)
	at com.daejist.login.controller.LoginController.login(LoginController.java:75)
	at sun.reflect.GeneratedMethodAccessor76.invoke(Unknown Source)
	at sun.reflect.DelegatingMethodAccessorImpl.invoke(DelegatingMethodAccessorImpl.java:43)
	at java.lang.reflect.Method.invoke(Method.java:498)
	at org.springframework.web.method.support.InvocableHandlerMethod.doInvoke(InvocableHandlerMethod.java:190)
	at org.springframework.web.method.support.InvocableHandlerMethod.invokeForRequest(InvocableHandlerMethod.java:138)
	at org.springframework.web.servlet.mvc.method.annotation.ServletInvocableHandlerMethod.invokeAndHandle(ServletInvocableHandlerMethod.java:104)
	at org.springframework.web.servlet.mvc.method.annotation.RequestMappingHandlerAdapter.invokeHandlerMethod(RequestMappingHandlerAdapter.java:892)
	at org.springframework.web.servlet.mvc.method.annotation.RequestMappingHandlerAdapter.handleInternal(RequestMappingHandlerAdapter.java:797)
	at org.springframework.web.servlet.mvc.method.AbstractHandlerMethodAdapter.handle(AbstractHandlerMethodAdapter.java:87)
	at org.springframework.web.servlet.DispatcherServlet.doDispatch(DispatcherServlet.java:1039)
	at org.springframework.web.servlet.DispatcherServlet.doService(DispatcherServlet.java:942)
	at org.springframework.web.servlet.FrameworkServlet.processRequest(FrameworkServlet.java:1005)
	at org.springframework.web.servlet.FrameworkServlet.doGet(FrameworkServlet.java:897)
	at javax.servlet.http.HttpServlet.service(HttpServlet.java:622)
	at org.springframework.web.servlet.FrameworkServlet.service(FrameworkServlet.java:882)
	at javax.servlet.http.HttpServlet.service(HttpServlet.java:729)
	at org.apache.catalina.core.ApplicationFilterChain.internalDoFilter(ApplicationFilterChain.java:292)
	at org.apache.catalina.core.ApplicationFilterChain.doFilter(ApplicationFilterChain.java:207)
	at org.apache.tomcat.websocket.server.WsFilter.doFilter(WsFilter.java:52)
	at org.apache.catalina.core.ApplicationFilterChain.internalDoFilter(ApplicationFilterChain.java:240)
	at org.apache.catalina.core.ApplicationFilterChain.doFilter(ApplicationFilterChain.java:207)
	at org.springframework.web.filter.CharacterEncodingFilter.doFilterInternal(CharacterEncodingFilter.java:200)
	at org.springframework.web.filter.OncePerRequestFilter.doFilter(OncePerRequestFilter.java:118)
	at org.apache.catalina.core.ApplicationFilterChain.internalDoFilter(ApplicationFilterChain.java:240)
	at org.apache.catalina.core.ApplicationFilterChain.doFilter(ApplicationFilterChain.java:207)
	at org.apache.catalina.core.StandardWrapperValve.invoke(StandardWrapperValve.java:212)
	at org.apache.catalina.core.StandardContextValve.invoke(StandardContextValve.java:94)
	at org.apache.catalina.core.StandardHostValve.invoke(StandardHostValve.java:141)
	at org.apache.catalina.valves.ErrorReportValve.invoke(ErrorReportValve.java:79)
	at org.apache.catalina.core.StandardEngineValve.invoke(StandardEngineValve.java:88)
	at org.apache.catalina.connector.CoyoteAdapter.service(CoyoteAdapter.java:502)
	at org.apache.coyote.http11.AbstractHttp11Processor.process(AbstractHttp11Processor.java:1132)
	at org.apache.coyote.AbstractProtocol$AbstractConnectionHandler.process(AbstractProtocol.java:684)
	at org.apache.tomcat.util.net.NioEndpoint$SocketProcessor.doRun(NioEndpoint.java:1539)
	at org.apache.tomcat.util.net.NioEndpoint$SocketProcessor.run(NioEndpoint.java:1495)
	at java.util.concurrent.ThreadPoolExecutor.runWorker(ThreadPoolExecutor.java:1142)
	at java.util.concurrent.ThreadPoolExecutor$Worker.run(ThreadPoolExecutor.java:617)
	at org.apache.tomcat.util.threads.TaskThread$WrappingRunnable.run(TaskThread.java:61)
	at java.lang.Thread.run(Thread.java:745)

10-Aug-2026 12:25:03.236 심각 [http-nio-8855-exec-28] org.apache.catalina.core.StandardWrapperValve.invoke Servlet.service() for servlet [appServlet] in context with path [] threw exception [Request processing failed; nested exception is org.mybatis.spring.MyBatisSystemException: nested exception is org.apache.ibatis.exceptions.PersistenceException: 
### Error querying database.  Cause: org.springframework.jdbc.CannotGetJdbcConnectionException: Failed to obtain JDBC Connection; nested exception is org.apache.commons.dbcp.SQLNestedException: Cannot create PoolableConnectionFactory (호스트 61.32.101.234, 포트 1433에 대한 TCP/IP 연결에 실패했습니다. 오류: "connect timed out. 연결 속성을 확인하십시오. SQL Server의 인스턴스가 호스트에서 실행되고 있고 포트에서 TCP/IP 연결을 허용하고 있는지 확인하십시오. 또한 방화벽에서 포트로의 TCP 연결을 차단하지 않는지 확인하십시오.".)
### The error may exist in com/daejist/login/mapper/LoginMapper.xml
### The error may involve com.daejist.login.mapper.LoginMapper.checkUserWithSessionKey
### The error occurred while executing a query
### Cause: org.springframework.jdbc.CannotGetJdbcConnectionException: Failed to obtain JDBC Connection; nested exception is org.apache.commons.dbcp.SQLNestedException: Cannot create PoolableConnectionFactory (호스트 61.32.101.234, 포트 1433에 대한 TCP/IP 연결에 실패했습니다. 오류: "connect timed out. 연결 속성을 확인하십시오. SQL Server의 인스턴스가 호스트에서 실행되고 있고 포트에서 TCP/IP 연결을 허용하고 있는지 확인하십시오. 또한 방화벽에서 포트로의 TCP 연결을 차단하지 않는지 확인하십시오.".)] with root cause
 com.microsoft.sqlserver.jdbc.SQLServerException: 호스트 61.32.101.234, 포트 1433에 대한 TCP/IP 연결에 실패했습니다. 오류: "connect timed out. 연결 속성을 확인하십시오. SQL Server의 인스턴스가 호스트에서 실행되고 있고 포트에서 TCP/IP 연결을 허용하고 있는지 확인하십시오. 또한 방화벽에서 포트로의 TCP 연결을 차단하지 않는지 확인하십시오.".
	at com.microsoft.sqlserver.jdbc.SQLServerException.makeFromDriverError(SQLServerException.java:234)
	at com.microsoft.sqlserver.jdbc.SQLServerException.ConvertConnectExceptionToSQLServerException(SQLServerException.java:285)
	at com.microsoft.sqlserver.jdbc.SocketFinder.findSocket(IOBuffer.java:2462)
	at com.microsoft.sqlserver.jdbc.TDSChannel.open(IOBuffer.java:668)
	at com.microsoft.sqlserver.jdbc.SQLServerConnection.connectHelper(SQLServerConnection.java:2695)
	at com.microsoft.sqlserver.jdbc.SQLServerConnection.login(SQLServerConnection.java:2362)
	at com.microsoft.sqlserver.jdbc.SQLServerConnection.connectInternal(SQLServerConnection.java:2213)
	at com.microsoft.sqlserver.jdbc.SQLServerConnection.connect(SQLServerConnection.java:1276)
	at com.microsoft.sqlserver.jdbc.SQLServerDriver.connect(SQLServerDriver.java:861)
	at org.apache.commons.dbcp.DriverConnectionFactory.createConnection(DriverConnectionFactory.java:38)
	at org.apache.commons.dbcp.PoolableConnectionFactory.makeObject(PoolableConnectionFactory.java:582)
	at org.apache.commons.dbcp.BasicDataSource.validateConnectionFactory(BasicDataSource.java:1556)
	at org.apache.commons.dbcp.BasicDataSource.createPoolableConnectionFactory(BasicDataSource.java:1545)
	at org.apache.commons.dbcp.BasicDataSource.createDataSource(BasicDataSource.java:1388)
	at org.apache.commons.dbcp.BasicDataSource.getConnection(BasicDataSource.java:1044)
	at org.springframework.jdbc.datasource.DataSourceUtils.fetchConnection(DataSourceUtils.java:157)
	at org.springframework.jdbc.datasource.DataSourceUtils.doGetConnection(DataSourceUtils.java:115)
	at org.springframework.jdbc.datasource.DataSourceUtils.getConnection(DataSourceUtils.java:78)
	at org.mybatis.spring.transaction.SpringManagedTransaction.openConnection(SpringManagedTransaction.java:80)
	at org.mybatis.spring.transaction.SpringManagedTransaction.getConnection(SpringManagedTransaction.java:67)
	at org.apache.ibatis.executor.BaseExecutor.getConnection(BaseExecutor.java:336)
	at org.apache.ibatis.executor.SimpleExecutor.prepareStatement(SimpleExecutor.java:85)
	at org.apache.ibatis.executor.SimpleExecutor.doQuery(SimpleExecutor.java:62)
	at org.apache.ibatis.executor.BaseExecutor.queryFromDatabase(BaseExecutor.java:324)
	at org.apache.ibatis.executor.BaseExecutor.query(BaseExecutor.java:156)
	at org.apache.ibatis.executor.CachingExecutor.query(CachingExecutor.java:109)
	at org.apache.ibatis.executor.CachingExecutor.query(CachingExecutor.java:83)
	at org.apache.ibatis.session.defaults.DefaultSqlSession.selectList(DefaultSqlSession.java:147)
	at org.apache.ibatis.session.defaults.DefaultSqlSession.selectList(DefaultSqlSession.java:140)
	at org.apache.ibatis.session.defaults.DefaultSqlSession.selectOne(DefaultSqlSession.java:76)
	at sun.reflect.GeneratedMethodAccessor77.invoke(Unknown Source)
	at sun.reflect.DelegatingMethodAccessorImpl.invoke(DelegatingMethodAccessorImpl.java:43)
	at java.lang.reflect.Method.invoke(Method.java:498)
	at org.mybatis.spring.SqlSessionTemplate$SqlSessionInterceptor.invoke(SqlSessionTemplate.java:426)
	at com.sun.proxy.$Proxy59.selectOne(Unknown Source)
	at org.mybatis.spring.SqlSessionTemplate.selectOne(SqlSessionTemplate.java:159)
	at org.apache.ibatis.binding.MapperMethod.execute(MapperMethod.java:87)
	at org.apache.ibatis.binding.MapperProxy.invoke(MapperProxy.java:57)
	at com.sun.proxy.$Proxy61.checkUserWithSessionKey(Unknown Source)
	at com.daejist.login.service.LoginServiceImp.checkUserWithSessionKey(LoginServiceImp.java:84)
	at com.daejist.login.controller.LoginController.login(LoginController.java:75)
	at sun.reflect.GeneratedMethodAccessor76.invoke(Unknown Source)
	at sun.reflect.DelegatingMethodAccessorImpl.invoke(DelegatingMethodAccessorImpl.java:43)
	at java.lang.reflect.Method.invoke(Method.java:498)
	at org.springframework.web.method.support.InvocableHandlerMethod.doInvoke(InvocableHandlerMethod.java:190)
	at org.springframework.web.method.support.InvocableHandlerMethod.invokeForRequest(InvocableHandlerMethod.java:138)
	at org.springframework.web.servlet.mvc.method.annotation.ServletInvocableHandlerMethod.invokeAndHandle(ServletInvocableHandlerMethod.java:104)
	at org.springframework.web.servlet.mvc.method.annotation.RequestMappingHandlerAdapter.invokeHandlerMethod(RequestMappingHandlerAdapter.java:892)
	at org.springframework.web.servlet.mvc.method.annotation.RequestMappingHandlerAdapter.handleInternal(RequestMappingHandlerAdapter.java:797)
	at org.springframework.web.servlet.mvc.method.AbstractHandlerMethodAdapter.handle(AbstractHandlerMethodAdapter.java:87)
	at org.springframework.web.servlet.DispatcherServlet.doDispatch(DispatcherServlet.java:1039)
	at org.springframework.web.servlet.DispatcherServlet.doService(DispatcherServlet.java:942)
	at org.springframework.web.servlet.FrameworkServlet.processRequest(FrameworkServlet.java:1005)
	at org.springframework.web.servlet.FrameworkServlet.doGet(FrameworkServlet.java:897)
	at javax.servlet.http.HttpServlet.service(HttpServlet.java:622)
	at org.springframework.web.servlet.FrameworkServlet.service(FrameworkServlet.java:882)
	at javax.servlet.http.HttpServlet.service(HttpServlet.java:729)
	at org.apache.catalina.core.ApplicationFilterChain.internalDoFilter(ApplicationFilterChain.java:292)
	at org.apache.catalina.core.ApplicationFilterChain.doFilter(ApplicationFilterChain.java:207)
	at org.apache.tomcat.websocket.server.WsFilter.doFilter(WsFilter.java:52)
	at org.apache.catalina.core.ApplicationFilterChain.internalDoFilter(ApplicationFilterChain.java:240)
	at org.apache.catalina.core.ApplicationFilterChain.doFilter(ApplicationFilterChain.java:207)
	at org.springframework.web.filter.CharacterEncodingFilter.doFilterInternal(CharacterEncodingFilter.java:200)
	at org.springframework.web.filter.OncePerRequestFilter.doFilter(OncePerRequestFilter.java:118)
	at org.apache.catalina.core.ApplicationFilterChain.internalDoFilter(ApplicationFilterChain.java:240)
	at org.apache.catalina.core.ApplicationFilterChain.doFilter(ApplicationFilterChain.java:207)
	at org.apache.catalina.core.StandardWrapperValve.invoke(StandardWrapperValve.java:212)
	at org.apache.catalina.core.StandardContextValve.invoke(StandardContextValve.java:94)
	at org.apache.catalina.core.StandardHostValve.invoke(StandardHostValve.java:141)
	at org.apache.catalina.valves.ErrorReportValve.invoke(ErrorReportValve.java:79)
	at org.apache.catalina.core.StandardEngineValve.invoke(StandardEngineValve.java:88)
	at org.apache.catalina.connector.CoyoteAdapter.service(CoyoteAdapter.java:502)
	at org.apache.coyote.http11.AbstractHttp11Processor.process(AbstractHttp11Processor.java:1132)
	at org.apache.coyote.AbstractProtocol$AbstractConnectionHandler.process(AbstractProtocol.java:684)
	at org.apache.tomcat.util.net.NioEndpoint$SocketProcessor.doRun(NioEndpoint.java:1539)
	at org.apache.tomcat.util.net.NioEndpoint$SocketProcessor.run(NioEndpoint.java:1495)
	at java.util.concurrent.ThreadPoolExecutor.runWorker(ThreadPoolExecutor.java:1142)
	at java.util.concurrent.ThreadPoolExecutor$Worker.run(ThreadPoolExecutor.java:617)
	at org.apache.tomcat.util.threads.TaskThread$WrappingRunnable.run(TaskThread.java:61)
	at java.lang.Thread.run(Thread.java:745)

10-Aug-2026 12:25:18.240 심각 [http-nio-8855-exec-3] org.apache.catalina.core.StandardWrapperValve.invoke Servlet.service() for servlet [appServlet] in context with path [] threw exception [Request processing failed; nested exception is org.mybatis.spring.MyBatisSystemException: nested exception is org.apache.ibatis.exceptions.PersistenceException: 
### Error querying database.  Cause: org.springframework.jdbc.CannotGetJdbcConnectionException: Failed to obtain JDBC Connection; nested exception is org.apache.commons.dbcp.SQLNestedException: Cannot create PoolableConnectionFactory (호스트 61.32.101.234, 포트 1433에 대한 TCP/IP 연결에 실패했습니다. 오류: "connect timed out. 연결 속성을 확인하십시오. SQL Server의 인스턴스가 호스트에서 실행되고 있고 포트에서 TCP/IP 연결을 허용하고 있는지 확인하십시오. 또한 방화벽에서 포트로의 TCP 연결을 차단하지 않는지 확인하십시오.".)
### The error may exist in com/daejist/login/mapper/LoginMapper.xml
### The error may involve com.daejist.login.mapper.LoginMapper.checkUserWithSessionKey
### The error occurred while executing a query
### Cause: org.springframework.jdbc.CannotGetJdbcConnectionException: Failed to obtain JDBC Connection; nested exception is org.apache.commons.dbcp.SQLNestedException: Cannot create PoolableConnectionFactory (호스트 61.32.101.234, 포트 1433에 대한 TCP/IP 연결에 실패했습니다. 오류: "connect timed out. 연결 속성을 확인하십시오. SQL Server의 인스턴스가 호스트에서 실행되고 있고 포트에서 TCP/IP 연결을 허용하고 있는지 확인하십시오. 또한 방화벽에서 포트로의 TCP 연결을 차단하지 않는지 확인하십시오.".)] with root cause
 com.microsoft.sqlserver.jdbc.SQLServerException: 호스트 61.32.101.234, 포트 1433에 대한 TCP/IP 연결에 실패했습니다. 오류: "connect timed out. 연결 속성을 확인하십시오. SQL Server의 인스턴스가 호스트에서 실행되고 있고 포트에서 TCP/IP 연결을 허용하고 있는지 확인하십시오. 또한 방화벽에서 포트로의 TCP 연결을 차단하지 않는지 확인하십시오.".
	at com.microsoft.sqlserver.jdbc.SQLServerException.makeFromDriverError(SQLServerException.java:234)
	at com.microsoft.sqlserver.jdbc.SQLServerException.ConvertConnectExceptionToSQLServerException(SQLServerException.java:285)
	at com.microsoft.sqlserver.jdbc.SocketFinder.findSocket(IOBuffer.java:2462)
	at com.microsoft.sqlserver.jdbc.TDSChannel.open(IOBuffer.java:668)
	at com.microsoft.sqlserver.jdbc.SQLServerConnection.connectHelper(SQLServerConnection.java:2695)
	at com.microsoft.sqlserver.jdbc.SQLServerConnection.login(SQLServerConnection.java:2362)
	at com.microsoft.sqlserver.jdbc.SQLServerConnection.connectInternal(SQLServerConnection.java:2213)
	at com.microsoft.sqlserver.jdbc.SQLServerConnection.connect(SQLServerConnection.java:1276)
	at com.microsoft.sqlserver.jdbc.SQLServerDriver.connect(SQLServerDriver.java:861)
	at org.apache.commons.dbcp.DriverConnectionFactory.createConnection(DriverConnectionFactory.java:38)
	at org.apache.commons.dbcp.PoolableConnectionFactory.makeObject(PoolableConnectionFactory.java:582)
	at org.apache.commons.dbcp.BasicDataSource.validateConnectionFactory(BasicDataSource.java:1556)
	at org.apache.commons.dbcp.BasicDataSource.createPoolableConnectionFactory(BasicDataSource.java:1545)
	at org.apache.commons.dbcp.BasicDataSource.createDataSource(BasicDataSource.java:1388)
	at org.apache.commons.dbcp.BasicDataSource.getConnection(BasicDataSource.java:1044)
	at org.springframework.jdbc.datasource.DataSourceUtils.fetchConnection(DataSourceUtils.java:157)
	at org.springframework.jdbc.datasource.DataSourceUtils.doGetConnection(DataSourceUtils.java:115)
	at org.springframework.jdbc.datasource.DataSourceUtils.getConnection(DataSourceUtils.java:78)
	at org.mybatis.spring.transaction.SpringManagedTransaction.openConnection(SpringManagedTransaction.java:80)
	at org.mybatis.spring.transaction.SpringManagedTransaction.getConnection(SpringManagedTransaction.java:67)
	at org.apache.ibatis.executor.BaseExecutor.getConnection(BaseExecutor.java:336)
	at org.apache.ibatis.executor.SimpleExecutor.prepareStatement(SimpleExecutor.java:85)
	at org.apache.ibatis.executor.SimpleExecutor.doQuery(SimpleExecutor.java:62)
	at org.apache.ibatis.executor.BaseExecutor.queryFromDatabase(BaseExecutor.java:324)
	at org.apache.ibatis.executor.BaseExecutor.query(BaseExecutor.java:156)
	at org.apache.ibatis.executor.CachingExecutor.query(CachingExecutor.java:109)
	at org.apache.ibatis.executor.CachingExecutor.query(CachingExecutor.java:83)
	at org.apache.ibatis.session.defaults.DefaultSqlSession.selectList(DefaultSqlSession.java:147)
	at org.apache.ibatis.session.defaults.DefaultSqlSession.selectList(DefaultSqlSession.java:140)
	at org.apache.ibatis.session.defaults.DefaultSqlSession.selectOne(DefaultSqlSession.java:76)
	at sun.reflect.GeneratedMethodAccessor77.invoke(Unknown Source)
	at sun.reflect.DelegatingMethodAccessorImpl.invoke(DelegatingMethodAccessorImpl.java:43)
	at java.lang.reflect.Method.invoke(Method.java:498)
	at org.mybatis.spring.SqlSessionTemplate$SqlSessionInterceptor.invoke(SqlSessionTemplate.java:426)
	at com.sun.proxy.$Proxy59.selectOne(Unknown Source)
	at org.mybatis.spring.SqlSessionTemplate.selectOne(SqlSessionTemplate.java:159)
	at org.apache.ibatis.binding.MapperMethod.execute(MapperMethod.java:87)
	at org.apache.ibatis.binding.MapperProxy.invoke(MapperProxy.java:57)
	at com.sun.proxy.$Proxy61.checkUserWithSessionKey(Unknown Source)
	at com.daejist.login.service.LoginServiceImp.checkUserWithSessionKey(LoginServiceImp.java:84)
	at com.daejist.login.controller.LoginController.login(LoginController.java:75)
	at sun.reflect.GeneratedMethodAccessor76.invoke(Unknown Source)
	at sun.reflect.DelegatingMethodAccessorImpl.invoke(DelegatingMethodAccessorImpl.java:43)
	at java.lang.reflect.Method.invoke(Method.java:498)
	at org.springframework.web.method.support.InvocableHandlerMethod.doInvoke(InvocableHandlerMethod.java:190)
	at org.springframework.web.method.support.InvocableHandlerMethod.invokeForRequest(InvocableHandlerMethod.java:138)
	at org.springframework.web.servlet.mvc.method.annotation.ServletInvocableHandlerMethod.invokeAndHandle(ServletInvocableHandlerMethod.java:104)
	at org.springframework.web.servlet.mvc.method.annotation.RequestMappingHandlerAdapter.invokeHandlerMethod(RequestMappingHandlerAdapter.java:892)
	at org.springframework.web.servlet.mvc.method.annotation.RequestMappingHandlerAdapter.handleInternal(RequestMappingHandlerAdapter.java:797)
	at org.springframework.web.servlet.mvc.method.AbstractHandlerMethodAdapter.handle(AbstractHandlerMethodAdapter.java:87)
	at org.springframework.web.servlet.DispatcherServlet.doDispatch(DispatcherServlet.java:1039)
	at org.springframework.web.servlet.DispatcherServlet.doService(DispatcherServlet.java:942)
	at org.springframework.web.servlet.FrameworkServlet.processRequest(FrameworkServlet.java:1005)
	at org.springframework.web.servlet.FrameworkServlet.doGet(FrameworkServlet.java:897)
	at javax.servlet.http.HttpServlet.service(HttpServlet.java:622)
	at org.springframework.web.servlet.FrameworkServlet.service(FrameworkServlet.java:882)
	at javax.servlet.http.HttpServlet.service(HttpServlet.java:729)
	at org.apache.catalina.core.ApplicationFilterChain.internalDoFilter(ApplicationFilterChain.java:292)
	at org.apache.catalina.core.ApplicationFilterChain.doFilter(ApplicationFilterChain.java:207)
	at org.apache.tomcat.websocket.server.WsFilter.doFilter(WsFilter.java:52)
	at org.apache.catalina.core.ApplicationFilterChain.internalDoFilter(ApplicationFilterChain.java:240)
	at org.apache.catalina.core.ApplicationFilterChain.doFilter(ApplicationFilterChain.java:207)
	at org.springframework.web.filter.CharacterEncodingFilter.doFilterInternal(CharacterEncodingFilter.java:200)
	at org.springframework.web.filter.OncePerRequestFilter.doFilter(OncePerRequestFilter.java:118)
	at org.apache.catalina.core.ApplicationFilterChain.internalDoFilter(ApplicationFilterChain.java:240)
	at org.apache.catalina.core.ApplicationFilterChain.doFilter(ApplicationFilterChain.java:207)
	at org.apache.catalina.core.StandardWrapperValve.invoke(StandardWrapperValve.java:212)
	at org.apache.catalina.core.StandardContextValve.invoke(StandardContextValve.java:94)
	at org.apache.catalina.core.StandardHostValve.invoke(StandardHostValve.java:141)
	at org.apache.catalina.valves.ErrorReportValve.invoke(ErrorReportValve.java:79)
	at org.apache.catalina.core.StandardEngineValve.invoke(StandardEngineValve.java:88)
	at org.apache.catalina.connector.CoyoteAdapter.service(CoyoteAdapter.java:502)
	at org.apache.coyote.http11.AbstractHttp11Processor.process(AbstractHttp11Processor.java:1132)
	at org.apache.coyote.AbstractProtocol$AbstractConnectionHandler.process(AbstractProtocol.java:684)
	at org.apache.tomcat.util.net.NioEndpoint$SocketProcessor.doRun(NioEndpoint.java:1539)
	at org.apache.tomcat.util.net.NioEndpoint$SocketProcessor.run(NioEndpoint.java:1495)
	at java.util.concurrent.ThreadPoolExecutor.runWorker(ThreadPoolExecutor.java:1142)
	at java.util.concurrent.ThreadPoolExecutor$Worker.run(ThreadPoolExecutor.java:617)
	at org.apache.tomcat.util.threads.TaskThread$WrappingRunnable.run(TaskThread.java:61)
	at java.lang.Thread.run(Thread.java:745)

10-Aug-2026 12:25:33.244 심각 [http-nio-8855-exec-8] org.apache.catalina.core.StandardWrapperValve.invoke Servlet.service() for servlet [appServlet] in context with path [] threw exception [Request processing failed; nested exception is org.mybatis.spring.MyBatisSystemException: nested exception is org.apache.ibatis.exceptions.PersistenceException: 
### Error querying database.  Cause: org.springframework.jdbc.CannotGetJdbcConnectionException: Failed to obtain JDBC Connection; nested exception is org.apache.commons.dbcp.SQLNestedException: Cannot create PoolableConnectionFactory (호스트 61.32.101.234, 포트 1433에 대한 TCP/IP 연결에 실패했습니다. 오류: "connect timed out. 연결 속성을 확인하십시오. SQL Server의 인스턴스가 호스트에서 실행되고 있고 포트에서 TCP/IP 연결을 허용하고 있는지 확인하십시오. 또한 방화벽에서 포트로의 TCP 연결을 차단하지 않는지 확인하십시오.".)
### The error may exist in com/daejist/login/mapper/LoginMapper.xml
### The error may involve com.daejist.login.mapper.LoginMapper.checkUserWithSessionKey
### The error occurred while executing a query
### Cause: org.springframework.jdbc.CannotGetJdbcConnectionException: Failed to obtain JDBC Connection; nested exception is org.apache.commons.dbcp.SQLNestedException: Cannot create PoolableConnectionFactory (호스트 61.32.101.234, 포트 1433에 대한 TCP/IP 연결에 실패했습니다. 오류: "connect timed out. 연결 속성을 확인하십시오. SQL Server의 인스턴스가 호스트에서 실행되고 있고 포트에서 TCP/IP 연결을 허용하고 있는지 확인하십시오. 또한 방화벽에서 포트로의 TCP 연결을 차단하지 않는지 확인하십시오.".)] with root cause
 com.microsoft.sqlserver.jdbc.SQLServerException: 호스트 61.32.101.234, 포트 1433에 대한 TCP/IP 연결에 실패했습니다. 오류: "connect timed out. 연결 속성을 확인하십시오. SQL Server의 인스턴스가 호스트에서 실행되고 있고 포트에서 TCP/IP 연결을 허용하고 있는지 확인하십시오. 또한 방화벽에서 포트로의 TCP 연결을 차단하지 않는지 확인하십시오.".
	at com.microsoft.sqlserver.jdbc.SQLServerException.makeFromDriverError(SQLServerException.java:234)
	at com.microsoft.sqlserver.jdbc.SQLServerException.ConvertConnectExceptionToSQLServerException(SQLServerException.java:285)
	at com.microsoft.sqlserver.jdbc.SocketFinder.findSocket(IOBuffer.java:2462)
	at com.microsoft.sqlserver.jdbc.TDSChannel.open(IOBuffer.java:668)
	at com.microsoft.sqlserver.jdbc.SQLServerConnection.connectHelper(SQLServerConnection.java:2695)
	at com.microsoft.sqlserver.jdbc.SQLServerConnection.login(SQLServerConnection.java:2362)
	at com.microsoft.sqlserver.jdbc.SQLServerConnection.connectInternal(SQLServerConnection.java:2213)
	at com.microsoft.sqlserver.jdbc.SQLServerConnection.connect(SQLServerConnection.java:1276)
	at com.microsoft.sqlserver.jdbc.SQLServerDriver.connect(SQLServerDriver.java:861)
	at org.apache.commons.dbcp.DriverConnectionFactory.createConnection(DriverConnectionFactory.java:38)
	at org.apache.commons.dbcp.PoolableConnectionFactory.makeObject(PoolableConnectionFactory.java:582)
	at org.apache.commons.dbcp.BasicDataSource.validateConnectionFactory(BasicDataSource.java:1556)
	at org.apache.commons.dbcp.BasicDataSource.createPoolableConnectionFactory(BasicDataSource.java:1545)
	at org.apache.commons.dbcp.BasicDataSource.createDataSource(BasicDataSource.java:1388)
	at org.apache.commons.dbcp.BasicDataSource.getConnection(BasicDataSource.java:1044)
	at org.springframework.jdbc.datasource.DataSourceUtils.fetchConnection(DataSourceUtils.java:157)
	at org.springframework.jdbc.datasource.DataSourceUtils.doGetConnection(DataSourceUtils.java:115)
	at org.springframework.jdbc.datasource.DataSourceUtils.getConnection(DataSourceUtils.java:78)
	at org.mybatis.spring.transaction.SpringManagedTransaction.openConnection(SpringManagedTransaction.java:80)
	at org.mybatis.spring.transaction.SpringManagedTransaction.getConnection(SpringManagedTransaction.java:67)
	at org.apache.ibatis.executor.BaseExecutor.getConnection(BaseExecutor.java:336)
	at org.apache.ibatis.executor.SimpleExecutor.prepareStatement(SimpleExecutor.java:85)
	at org.apache.ibatis.executor.SimpleExecutor.doQuery(SimpleExecutor.java:62)
	at org.apache.ibatis.executor.BaseExecutor.queryFromDatabase(BaseExecutor.java:324)
	at org.apache.ibatis.executor.BaseExecutor.query(BaseExecutor.java:156)
	at org.apache.ibatis.executor.CachingExecutor.query(CachingExecutor.java:109)
	at org.apache.ibatis.executor.CachingExecutor.query(CachingExecutor.java:83)
	at org.apache.ibatis.session.defaults.DefaultSqlSession.selectList(DefaultSqlSession.java:147)
	at org.apache.ibatis.session.defaults.DefaultSqlSession.selectList(DefaultSqlSession.java:140)
	at org.apache.ibatis.session.defaults.DefaultSqlSession.selectOne(DefaultSqlSession.java:76)
	at sun.reflect.GeneratedMethodAccessor77.invoke(Unknown Source)
	at sun.reflect.DelegatingMethodAccessorImpl.invoke(DelegatingMethodAccessorImpl.java:43)
	at java.lang.reflect.Method.invoke(Method.java:498)
	at org.mybatis.spring.SqlSessionTemplate$SqlSessionInterceptor.invoke(SqlSessionTemplate.java:426)
	at com.sun.proxy.$Proxy59.selectOne(Unknown Source)
	at org.mybatis.spring.SqlSessionTemplate.selectOne(SqlSessionTemplate.java:159)
	at org.apache.ibatis.binding.MapperMethod.execute(MapperMethod.java:87)
	at org.apache.ibatis.binding.MapperProxy.invoke(MapperProxy.java:57)
	at com.sun.proxy.$Proxy61.checkUserWithSessionKey(Unknown Source)
	at com.daejist.login.service.LoginServiceImp.checkUserWithSessionKey(LoginServiceImp.java:84)
	at com.daejist.login.controller.LoginController.login(LoginController.java:75)
	at sun.reflect.GeneratedMethodAccessor76.invoke(Unknown Source)
	at sun.reflect.DelegatingMethodAccessorImpl.invoke(DelegatingMethodAccessorImpl.java:43)
	at java.lang.reflect.Method.invoke(Method.java:498)
	at org.springframework.web.method.support.InvocableHandlerMethod.doInvoke(InvocableHandlerMethod.java:190)
	at org.springframework.web.method.support.InvocableHandlerMethod.invokeForRequest(InvocableHandlerMethod.java:138)
	at org.springframework.web.servlet.mvc.method.annotation.ServletInvocableHandlerMethod.invokeAndHandle(ServletInvocableHandlerMethod.java:104)
	at org.springframework.web.servlet.mvc.method.annotation.RequestMappingHandlerAdapter.invokeHandlerMethod(RequestMappingHandlerAdapter.java:892)
	at org.springframework.web.servlet.mvc.method.annotation.RequestMappingHandlerAdapter.handleInternal(RequestMappingHandlerAdapter.java:797)
	at org.springframework.web.servlet.mvc.method.AbstractHandlerMethodAdapter.handle(AbstractHandlerMethodAdapter.java:87)
	at org.springframework.web.servlet.DispatcherServlet.doDispatch(DispatcherServlet.java:1039)
	at org.springframework.web.servlet.DispatcherServlet.doService(DispatcherServlet.java:942)
	at org.springframework.web.servlet.FrameworkServlet.processRequest(FrameworkServlet.java:1005)
	at org.springframework.web.servlet.FrameworkServlet.doGet(FrameworkServlet.java:897)
	at javax.servlet.http.HttpServlet.service(HttpServlet.java:622)
	at org.springframework.web.servlet.FrameworkServlet.service(FrameworkServlet.java:882)
	at javax.servlet.http.HttpServlet.service(HttpServlet.java:729)
	at org.apache.catalina.core.ApplicationFilterChain.internalDoFilter(ApplicationFilterChain.java:292)
	at org.apache.catalina.core.ApplicationFilterChain.doFilter(ApplicationFilterChain.java:207)
	at org.apache.tomcat.websocket.server.WsFilter.doFilter(WsFilter.java:52)
	at org.apache.catalina.core.ApplicationFilterChain.internalDoFilter(ApplicationFilterChain.java:240)
	at org.apache.catalina.core.ApplicationFilterChain.doFilter(ApplicationFilterChain.java:207)
	at org.springframework.web.filter.CharacterEncodingFilter.doFilterInternal(CharacterEncodingFilter.java:200)
	at org.springframework.web.filter.OncePerRequestFilter.doFilter(OncePerRequestFilter.java:118)
	at org.apache.catalina.core.ApplicationFilterChain.internalDoFilter(ApplicationFilterChain.java:240)
	at org.apache.catalina.core.ApplicationFilterChain.doFilter(ApplicationFilterChain.java:207)
	at org.apache.catalina.core.StandardWrapperValve.invoke(StandardWrapperValve.java:212)
	at org.apache.catalina.core.StandardContextValve.invoke(StandardContextValve.java:94)
	at org.apache.catalina.core.StandardHostValve.invoke(StandardHostValve.java:141)
	at org.apache.catalina.valves.ErrorReportValve.invoke(ErrorReportValve.java:79)
	at org.apache.catalina.core.StandardEngineValve.invoke(StandardEngineValve.java:88)
	at org.apache.catalina.connector.CoyoteAdapter.service(CoyoteAdapter.java:502)
	at org.apache.coyote.http11.AbstractHttp11Processor.process(AbstractHttp11Processor.java:1132)
	at org.apache.coyote.AbstractProtocol$AbstractConnectionHandler.process(AbstractProtocol.java:684)
	at org.apache.tomcat.util.net.NioEndpoint$SocketProcessor.doRun(NioEndpoint.java:1539)
	at org.apache.tomcat.util.net.NioEndpoint$SocketProcessor.run(NioEndpoint.java:1495)
	at java.util.concurrent.ThreadPoolExecutor.runWorker(ThreadPoolExecutor.java:1142)
	at java.util.concurrent.ThreadPoolExecutor$Worker.run(ThreadPoolExecutor.java:617)
	at org.apache.tomcat.util.threads.TaskThread$WrappingRunnable.run(TaskThread.java:61)
	at java.lang.Thread.run(Thread.java:745)

10-Aug-2026 12:25:48.249 심각 [http-nio-8855-exec-23] org.apache.catalina.core.StandardWrapperValve.invoke Servlet.service() for servlet [appServlet] in context with path [] threw exception [Request processing failed; nested exception is org.mybatis.spring.MyBatisSystemException: nested exception is org.apache.ibatis.exceptions.PersistenceException: 
### Error querying database.  Cause: org.springframework.jdbc.CannotGetJdbcConnectionException: Failed to obtain JDBC Connection; nested exception is org.apache.commons.dbcp.SQLNestedException: Cannot create PoolableConnectionFactory (호스트 61.32.101.234, 포트 1433에 대한 TCP/IP 연결에 실패했습니다. 오류: "connect timed out. 연결 속성을 확인하십시오. SQL Server의 인스턴스가 호스트에서 실행되고 있고 포트에서 TCP/IP 연결을 허용하고 있는지 확인하십시오. 또한 방화벽에서 포트로의 TCP 연결을 차단하지 않는지 확인하십시오.".)
### The error may exist in com/daejist/login/mapper/LoginMapper.xml
### The error may involve com.daejist.login.mapper.LoginMapper.LoginMember
### The error occurred while executing a query
### Cause: org.springframework.jdbc.CannotGetJdbcConnectionException: Failed to obtain JDBC Connection; nested exception is org.apache.commons.dbcp.SQLNestedException: Cannot create PoolableConnectionFactory (호스트 61.32.101.234, 포트 1433에 대한 TCP/IP 연결에 실패했습니다. 오류: "connect timed out. 연결 속성을 확인하십시오. SQL Server의 인스턴스가 호스트에서 실행되고 있고 포트에서 TCP/IP 연결을 허용하고 있는지 확인하십시오. 또한 방화벽에서 포트로의 TCP 연결을 차단하지 않는지 확인하십시오.".)] with root cause
 com.microsoft.sqlserver.jdbc.SQLServerException: 호스트 61.32.101.234, 포트 1433에 대한 TCP/IP 연결에 실패했습니다. 오류: "connect timed out. 연결 속성을 확인하십시오. SQL Server의 인스턴스가 호스트에서 실행되고 있고 포트에서 TCP/IP 연결을 허용하고 있는지 확인하십시오. 또한 방화벽에서 포트로의 TCP 연결을 차단하지 않는지 확인하십시오.".
	at com.microsoft.sqlserver.jdbc.SQLServerException.makeFromDriverError(SQLServerException.java:234)
	at com.microsoft.sqlserver.jdbc.SQLServerException.ConvertConnectExceptionToSQLServerException(SQLServerException.java:285)
	at com.microsoft.sqlserver.jdbc.SocketFinder.findSocket(IOBuffer.java:2462)
	at com.microsoft.sqlserver.jdbc.TDSChannel.open(IOBuffer.java:668)
	at com.microsoft.sqlserver.jdbc.SQLServerConnection.connectHelper(SQLServerConnection.java:2695)
	at com.microsoft.sqlserver.jdbc.SQLServerConnection.login(SQLServerConnection.java:2362)
	at com.microsoft.sqlserver.jdbc.SQLServerConnection.connectInternal(SQLServerConnection.java:2213)
	at com.microsoft.sqlserver.jdbc.SQLServerConnection.connect(SQLServerConnection.java:1276)
	at com.microsoft.sqlserver.jdbc.SQLServerDriver.connect(SQLServerDriver.java:861)
	at org.apache.commons.dbcp.DriverConnectionFactory.createConnection(DriverConnectionFactory.java:38)
	at org.apache.commons.dbcp.PoolableConnectionFactory.makeObject(PoolableConnectionFactory.java:582)
	at org.apache.commons.dbcp.BasicDataSource.validateConnectionFactory(BasicDataSource.java:1556)
	at org.apache.commons.dbcp.BasicDataSource.createPoolableConnectionFactory(BasicDataSource.java:1545)
	at org.apache.commons.dbcp.BasicDataSource.createDataSource(BasicDataSource.java:1388)
	at org.apache.commons.dbcp.BasicDataSource.getConnection(BasicDataSource.java:1044)
	at org.springframework.jdbc.datasource.DataSourceUtils.fetchConnection(DataSourceUtils.java:157)
	at org.springframework.jdbc.datasource.DataSourceUtils.doGetConnection(DataSourceUtils.java:115)
	at org.springframework.jdbc.datasource.DataSourceUtils.getConnection(DataSourceUtils.java:78)
	at org.mybatis.spring.transaction.SpringManagedTransaction.openConnection(SpringManagedTransaction.java:80)
	at org.mybatis.spring.transaction.SpringManagedTransaction.getConnection(SpringManagedTransaction.java:67)
	at org.apache.ibatis.executor.BaseExecutor.getConnection(BaseExecutor.java:336)
	at org.apache.ibatis.executor.SimpleExecutor.prepareStatement(SimpleExecutor.java:85)
	at org.apache.ibatis.executor.SimpleExecutor.doQuery(SimpleExecutor.java:62)
	at org.apache.ibatis.executor.BaseExecutor.queryFromDatabase(BaseExecutor.java:324)
	at org.apache.ibatis.executor.BaseExecutor.query(BaseExecutor.java:156)
	at org.apache.ibatis.executor.CachingExecutor.query(CachingExecutor.java:109)
	at org.apache.ibatis.executor.CachingExecutor.query(CachingExecutor.java:83)
	at org.apache.ibatis.session.defaults.DefaultSqlSession.selectList(DefaultSqlSession.java:147)
	at org.apache.ibatis.session.defaults.DefaultSqlSession.selectList(DefaultSqlSession.java:140)
	at org.apache.ibatis.session.defaults.DefaultSqlSession.selectOne(DefaultSqlSession.java:76)
	at sun.reflect.GeneratedMethodAccessor77.invoke(Unknown Source)
	at sun.reflect.DelegatingMethodAccessorImpl.invoke(DelegatingMethodAccessorImpl.java:43)
	at java.lang.reflect.Method.invoke(Method.java:498)
	at org.mybatis.spring.SqlSessionTemplate$SqlSessionInterceptor.invoke(SqlSessionTemplate.java:426)
	at com.sun.proxy.$Proxy59.selectOne(Unknown Source)
	at org.mybatis.spring.SqlSessionTemplate.selectOne(SqlSessionTemplate.java:159)
	at org.apache.ibatis.binding.MapperMethod.execute(MapperMethod.java:87)
	at org.apache.ibatis.binding.MapperProxy.invoke(MapperProxy.java:57)
	at com.sun.proxy.$Proxy61.LoginMember(Unknown Source)
	at com.daejist.login.service.LoginServiceImp.LoginCheck(LoginServiceImp.java:29)
	at com.daejist.login.controller.LoginController.getLogin(LoginController.java:98)
	at sun.reflect.NativeMethodAccessorImpl.invoke0(Native Method)
	at sun.reflect.NativeMethodAccessorImpl.invoke(NativeMethodAccessorImpl.java:62)
	at sun.reflect.DelegatingMethodAccessorImpl.invoke(DelegatingMethodAccessorImpl.java:43)
	at java.lang.reflect.Method.invoke(Method.java:498)
	at org.springframework.web.method.support.InvocableHandlerMethod.doInvoke(InvocableHandlerMethod.java:190)
	at org.springframework.web.method.support.InvocableHandlerMethod.invokeForRequest(InvocableHandlerMethod.java:138)
	at org.springframework.web.servlet.mvc.method.annotation.ServletInvocableHandlerMethod.invokeAndHandle(ServletInvocableHandlerMethod.java:104)
	at org.springframework.web.servlet.mvc.method.annotation.RequestMappingHandlerAdapter.invokeHandlerMethod(RequestMappingHandlerAdapter.java:892)
	at org.springframework.web.servlet.mvc.method.annotation.RequestMappingHandlerAdapter.handleInternal(RequestMappingHandlerAdapter.java:797)
	at org.springframework.web.servlet.mvc.method.AbstractHandlerMethodAdapter.handle(AbstractHandlerMethodAdapter.java:87)
	at org.springframework.web.servlet.DispatcherServlet.doDispatch(DispatcherServlet.java:1039)
	at org.springframework.web.servlet.DispatcherServlet.doService(DispatcherServlet.java:942)
	at org.springframework.web.servlet.FrameworkServlet.processRequest(FrameworkServlet.java:1005)
	at org.springframework.web.servlet.FrameworkServlet.doPost(FrameworkServlet.java:908)
	at javax.servlet.http.HttpServlet.service(HttpServlet.java:648)
	at org.springframework.web.servlet.FrameworkServlet.service(FrameworkServlet.java:882)
	at javax.servlet.http.HttpServlet.service(HttpServlet.java:729)
	at org.apache.catalina.core.ApplicationFilterChain.internalDoFilter(ApplicationFilterChain.java:292)
	at org.apache.catalina.core.ApplicationFilterChain.doFilter(ApplicationFilterChain.java:207)
	at org.apache.tomcat.websocket.server.WsFilter.doFilter(WsFilter.java:52)
	at org.apache.catalina.core.ApplicationFilterChain.internalDoFilter(ApplicationFilterChain.java:240)
	at org.apache.catalina.core.ApplicationFilterChain.doFilter(ApplicationFilterChain.java:207)
	at org.springframework.web.filter.CharacterEncodingFilter.doFilterInternal(CharacterEncodingFilter.java:200)
	at org.springframework.web.filter.OncePerRequestFilter.doFilter(OncePerRequestFilter.java:118)
	at org.apache.catalina.core.ApplicationFilterChain.internalDoFilter(ApplicationFilterChain.java:240)
	at org.apache.catalina.core.ApplicationFilterChain.doFilter(ApplicationFilterChain.java:207)
	at org.apache.catalina.core.StandardWrapperValve.invoke(StandardWrapperValve.java:212)
	at org.apache.catalina.core.StandardContextValve.invoke(StandardContextValve.java:94)
	at org.apache.catalina.core.StandardHostValve.invoke(StandardHostValve.java:141)
	at org.apache.catalina.valves.ErrorReportValve.invoke(ErrorReportValve.java:79)
	at org.apache.catalina.core.StandardEngineValve.invoke(StandardEngineValve.java:88)
	at org.apache.catalina.connector.CoyoteAdapter.service(CoyoteAdapter.java:502)
	at org.apache.coyote.http11.AbstractHttp11Processor.process(AbstractHttp11Processor.java:1132)
	at org.apache.coyote.AbstractProtocol$AbstractConnectionHandler.process(AbstractProtocol.java:684)
	at org.apache.tomcat.util.net.NioEndpoint$SocketProcessor.doRun(NioEndpoint.java:1539)
	at org.apache.tomcat.util.net.NioEndpoint$SocketProcessor.run(NioEndpoint.java:1495)
	at java.util.concurrent.ThreadPoolExecutor.runWorker(ThreadPoolExecutor.java:1142)
	at java.util.concurrent.ThreadPoolExecutor$Worker.run(ThreadPoolExecutor.java:617)
	at org.apache.tomcat.util.threads.TaskThread$WrappingRunnable.run(TaskThread.java:61)
	at java.lang.Thread.run(Thread.java:745)

10-Aug-2026 12:26:03.254 심각 [http-nio-8855-exec-19] org.apache.catalina.core.StandardWrapperValve.invoke Servlet.service() for servlet [appServlet] in context with path [] threw exception [Request processing failed; nested exception is org.mybatis.spring.MyBatisSystemException: nested exception is org.apache.ibatis.exceptions.PersistenceException: 
### Error querying database.  Cause: org.springframework.jdbc.CannotGetJdbcConnectionException: Failed to obtain JDBC Connection; nested exception is org.apache.commons.dbcp.SQLNestedException: Cannot create PoolableConnectionFactory (호스트 61.32.101.234, 포트 1433에 대한 TCP/IP 연결에 실패했습니다. 오류: "connect timed out. 연결 속성을 확인하십시오. SQL Server의 인스턴스가 호스트에서 실행되고 있고 포트에서 TCP/IP 연결을 허용하고 있는지 확인하십시오. 또한 방화벽에서 포트로의 TCP 연결을 차단하지 않는지 확인하십시오.".)
### The error may exist in com/daejist/login/mapper/LoginMapper.xml
### The error may involve com.daejist.login.mapper.LoginMapper.checkUserWithSessionKey
### The error occurred while executing a query
### Cause: org.springframework.jdbc.CannotGetJdbcConnectionException: Failed to obtain JDBC Connection; nested exception is org.apache.commons.dbcp.SQLNestedException: Cannot create PoolableConnectionFactory (호스트 61.32.101.234, 포트 1433에 대한 TCP/IP 연결에 실패했습니다. 오류: "connect timed out. 연결 속성을 확인하십시오. SQL Server의 인스턴스가 호스트에서 실행되고 있고 포트에서 TCP/IP 연결을 허용하고 있는지 확인하십시오. 또한 방화벽에서 포트로의 TCP 연결을 차단하지 않는지 확인하십시오.".)] with root cause
 com.microsoft.sqlserver.jdbc.SQLServerException: 호스트 61.32.101.234, 포트 1433에 대한 TCP/IP 연결에 실패했습니다. 오류: "connect timed out. 연결 속성을 확인하십시오. SQL Server의 인스턴스가 호스트에서 실행되고 있고 포트에서 TCP/IP 연결을 허용하고 있는지 확인하십시오. 또한 방화벽에서 포트로의 TCP 연결을 차단하지 않는지 확인하십시오.".
	at com.microsoft.sqlserver.jdbc.SQLServerException.makeFromDriverError(SQLServerException.java:234)
	at com.microsoft.sqlserver.jdbc.SQLServerException.ConvertConnectExceptionToSQLServerException(SQLServerException.java:285)
	at com.microsoft.sqlserver.jdbc.SocketFinder.findSocket(IOBuffer.java:2462)
	at com.microsoft.sqlserver.jdbc.TDSChannel.open(IOBuffer.java:668)
	at com.microsoft.sqlserver.jdbc.SQLServerConnection.connectHelper(SQLServerConnection.java:2695)
	at com.microsoft.sqlserver.jdbc.SQLServerConnection.login(SQLServerConnection.java:2362)
	at com.microsoft.sqlserver.jdbc.SQLServerConnection.connectInternal(SQLServerConnection.java:2213)
	at com.microsoft.sqlserver.jdbc.SQLServerConnection.connect(SQLServerConnection.java:1276)
	at com.microsoft.sqlserver.jdbc.SQLServerDriver.connect(SQLServerDriver.java:861)
	at org.apache.commons.dbcp.DriverConnectionFactory.createConnection(DriverConnectionFactory.java:38)
	at org.apache.commons.dbcp.PoolableConnectionFactory.makeObject(PoolableConnectionFactory.java:582)
	at org.apache.commons.dbcp.BasicDataSource.validateConnectionFactory(BasicDataSource.java:1556)
	at org.apache.commons.dbcp.BasicDataSource.createPoolableConnectionFactory(BasicDataSource.java:1545)
	at org.apache.commons.dbcp.BasicDataSource.createDataSource(BasicDataSource.java:1388)
	at org.apache.commons.dbcp.BasicDataSource.getConnection(BasicDataSource.java:1044)
	at org.springframework.jdbc.datasource.DataSourceUtils.fetchConnection(DataSourceUtils.java:157)
	at org.springframework.jdbc.datasource.DataSourceUtils.doGetConnection(DataSourceUtils.java:115)
	at org.springframework.jdbc.datasource.DataSourceUtils.getConnection(DataSourceUtils.java:78)
	at org.mybatis.spring.transaction.SpringManagedTransaction.openConnection(SpringManagedTransaction.java:80)
	at org.mybatis.spring.transaction.SpringManagedTransaction.getConnection(SpringManagedTransaction.java:67)
	at org.apache.ibatis.executor.BaseExecutor.getConnection(BaseExecutor.java:336)
	at org.apache.ibatis.executor.SimpleExecutor.prepareStatement(SimpleExecutor.java:85)
	at org.apache.ibatis.executor.SimpleExecutor.doQuery(SimpleExecutor.java:62)
	at org.apache.ibatis.executor.BaseExecutor.queryFromDatabase(BaseExecutor.java:324)
	at org.apache.ibatis.executor.BaseExecutor.query(BaseExecutor.java:156)
	at org.apache.ibatis.executor.CachingExecutor.query(CachingExecutor.java:109)
	at org.apache.ibatis.executor.CachingExecutor.query(CachingExecutor.java:83)
	at org.apache.ibatis.session.defaults.DefaultSqlSession.selectList(DefaultSqlSession.java:147)
	at org.apache.ibatis.session.defaults.DefaultSqlSession.selectList(DefaultSqlSession.java:140)
	at org.apache.ibatis.session.defaults.DefaultSqlSession.selectOne(DefaultSqlSession.java:76)
	at sun.reflect.GeneratedMethodAccessor77.invoke(Unknown Source)
	at sun.reflect.DelegatingMethodAccessorImpl.invoke(DelegatingMethodAccessorImpl.java:43)
	at java.lang.reflect.Method.invoke(Method.java:498)
	at org.mybatis.spring.SqlSessionTemplate$SqlSessionInterceptor.invoke(SqlSessionTemplate.java:426)
	at com.sun.proxy.$Proxy59.selectOne(Unknown Source)
	at org.mybatis.spring.SqlSessionTemplate.selectOne(SqlSessionTemplate.java:159)
	at org.apache.ibatis.binding.MapperMethod.execute(MapperMethod.java:87)
	at org.apache.ibatis.binding.MapperProxy.invoke(MapperProxy.java:57)
	at com.sun.proxy.$Proxy61.checkUserWithSessionKey(Unknown Source)
	at com.daejist.login.service.LoginServiceImp.checkUserWithSessionKey(LoginServiceImp.java:84)
	at com.daejist.login.controller.LoginController.login(LoginController.java:75)
	at sun.reflect.GeneratedMethodAccessor76.invoke(Unknown Source)
	at sun.reflect.DelegatingMethodAccessorImpl.invoke(DelegatingMethodAccessorImpl.java:43)
	at java.lang.reflect.Method.invoke(Method.java:498)
	at org.springframework.web.method.support.InvocableHandlerMethod.doInvoke(InvocableHandlerMethod.java:190)
	at org.springframework.web.method.support.InvocableHandlerMethod.invokeForRequest(InvocableHandlerMethod.java:138)
	at org.springframework.web.servlet.mvc.method.annotation.ServletInvocableHandlerMethod.invokeAndHandle(ServletInvocableHandlerMethod.java:104)
	at org.springframework.web.servlet.mvc.method.annotation.RequestMappingHandlerAdapter.invokeHandlerMethod(RequestMappingHandlerAdapter.java:892)
	at org.springframework.web.servlet.mvc.method.annotation.RequestMappingHandlerAdapter.handleInternal(RequestMappingHandlerAdapter.java:797)
	at org.springframework.web.servlet.mvc.method.AbstractHandlerMethodAdapter.handle(AbstractHandlerMethodAdapter.java:87)
	at org.springframework.web.servlet.DispatcherServlet.doDispatch(DispatcherServlet.java:1039)
	at org.springframework.web.servlet.DispatcherServlet.doService(DispatcherServlet.java:942)
	at org.springframework.web.servlet.FrameworkServlet.processRequest(FrameworkServlet.java:1005)
	at org.springframework.web.servlet.FrameworkServlet.doGet(FrameworkServlet.java:897)
	at javax.servlet.http.HttpServlet.service(HttpServlet.java:622)
	at org.springframework.web.servlet.FrameworkServlet.service(FrameworkServlet.java:882)
	at javax.servlet.http.HttpServlet.service(HttpServlet.java:729)
	at org.apache.catalina.core.ApplicationFilterChain.internalDoFilter(ApplicationFilterChain.java:292)
	at org.apache.catalina.core.ApplicationFilterChain.doFilter(ApplicationFilterChain.java:207)
	at org.apache.tomcat.websocket.server.WsFilter.doFilter(WsFilter.java:52)
	at org.apache.catalina.core.ApplicationFilterChain.internalDoFilter(ApplicationFilterChain.java:240)
	at org.apache.catalina.core.ApplicationFilterChain.doFilter(ApplicationFilterChain.java:207)
	at org.springframework.web.filter.CharacterEncodingFilter.doFilterInternal(CharacterEncodingFilter.java:200)
	at org.springframework.web.filter.OncePerRequestFilter.doFilter(OncePerRequestFilter.java:118)
	at org.apache.catalina.core.ApplicationFilterChain.internalDoFilter(ApplicationFilterChain.java:240)
	at org.apache.catalina.core.ApplicationFilterChain.doFilter(ApplicationFilterChain.java:207)
	at org.apache.catalina.core.StandardWrapperValve.invoke(StandardWrapperValve.java:212)
	at org.apache.catalina.core.StandardContextValve.invoke(StandardContextValve.java:94)
	at org.apache.catalina.core.StandardHostValve.invoke(StandardHostValve.java:141)
	at org.apache.catalina.valves.ErrorReportValve.invoke(ErrorReportValve.java:79)
	at org.apache.catalina.core.StandardEngineValve.invoke(StandardEngineValve.java:88)
	at org.apache.catalina.connector.CoyoteAdapter.service(CoyoteAdapter.java:502)
	at org.apache.coyote.http11.AbstractHttp11Processor.process(AbstractHttp11Processor.java:1132)
	at org.apache.coyote.AbstractProtocol$AbstractConnectionHandler.process(AbstractProtocol.java:684)
	at org.apache.tomcat.util.net.NioEndpoint$SocketProcessor.doRun(NioEndpoint.java:1539)
	at org.apache.tomcat.util.net.NioEndpoint$SocketProcessor.run(NioEndpoint.java:1495)
	at java.util.concurrent.ThreadPoolExecutor.runWorker(ThreadPoolExecutor.java:1142)
	at java.util.concurrent.ThreadPoolExecutor$Worker.run(ThreadPoolExecutor.java:617)
	at org.apache.tomcat.util.threads.TaskThread$WrappingRunnable.run(TaskThread.java:61)
	at java.lang.Thread.run(Thread.java:745)

10-Aug-2026 12:26:18.259 심각 [http-nio-8855-exec-34] org.apache.catalina.core.StandardWrapperValve.invoke Servlet.service() for servlet [appServlet] in context with path [] threw exception [Request processing failed; nested exception is org.mybatis.spring.MyBatisSystemException: nested exception is org.apache.ibatis.exceptions.PersistenceException: 
### Error querying database.  Cause: org.springframework.jdbc.CannotGetJdbcConnectionException: Failed to obtain JDBC Connection; nested exception is org.apache.commons.dbcp.SQLNestedException: Cannot create PoolableConnectionFactory (호스트 61.32.101.234, 포트 1433에 대한 TCP/IP 연결에 실패했습니다. 오류: "connect timed out. 연결 속성을 확인하십시오. SQL Server의 인스턴스가 호스트에서 실행되고 있고 포트에서 TCP/IP 연결을 허용하고 있는지 확인하십시오. 또한 방화벽에서 포트로의 TCP 연결을 차단하지 않는지 확인하십시오.".)
### The error may exist in com/daejist/login/mapper/LoginMapper.xml
### The error may involve com.daejist.login.mapper.LoginMapper.LoginMember
### The error occurred while executing a query
### Cause: org.springframework.jdbc.CannotGetJdbcConnectionException: Failed to obtain JDBC Connection; nested exception is org.apache.commons.dbcp.SQLNestedException: Cannot create PoolableConnectionFactory (호스트 61.32.101.234, 포트 1433에 대한 TCP/IP 연결에 실패했습니다. 오류: "connect timed out. 연결 속성을 확인하십시오. SQL Server의 인스턴스가 호스트에서 실행되고 있고 포트에서 TCP/IP 연결을 허용하고 있는지 확인하십시오. 또한 방화벽에서 포트로의 TCP 연결을 차단하지 않는지 확인하십시오.".)] with root cause
 com.microsoft.sqlserver.jdbc.SQLServerException: 호스트 61.32.101.234, 포트 1433에 대한 TCP/IP 연결에 실패했습니다. 오류: "connect timed out. 연결 속성을 확인하십시오. SQL Server의 인스턴스가 호스트에서 실행되고 있고 포트에서 TCP/IP 연결을 허용하고 있는지 확인하십시오. 또한 방화벽에서 포트로의 TCP 연결을 차단하지 않는지 확인하십시오.".
	at com.microsoft.sqlserver.jdbc.SQLServerException.makeFromDriverError(SQLServerException.java:234)
	at com.microsoft.sqlserver.jdbc.SQLServerException.ConvertConnectExceptionToSQLServerException(SQLServerException.java:285)
	at com.microsoft.sqlserver.jdbc.SocketFinder.findSocket(IOBuffer.java:2462)
	at com.microsoft.sqlserver.jdbc.TDSChannel.open(IOBuffer.java:668)
	at com.microsoft.sqlserver.jdbc.SQLServerConnection.connectHelper(SQLServerConnection.java:2695)
	at com.microsoft.sqlserver.jdbc.SQLServerConnection.login(SQLServerConnection.java:2362)
	at com.microsoft.sqlserver.jdbc.SQLServerConnection.connectInternal(SQLServerConnection.java:2213)
	at com.microsoft.sqlserver.jdbc.SQLServerConnection.connect(SQLServerConnection.java:1276)
	at com.microsoft.sqlserver.jdbc.SQLServerDriver.connect(SQLServerDriver.java:861)
	at org.apache.commons.dbcp.DriverConnectionFactory.createConnection(DriverConnectionFactory.java:38)
	at org.apache.commons.dbcp.PoolableConnectionFactory.makeObject(PoolableConnectionFactory.java:582)
	at org.apache.commons.dbcp.BasicDataSource.validateConnectionFactory(BasicDataSource.java:1556)
	at org.apache.commons.dbcp.BasicDataSource.createPoolableConnectionFactory(BasicDataSource.java:1545)
	at org.apache.commons.dbcp.BasicDataSource.createDataSource(BasicDataSource.java:1388)
	at org.apache.commons.dbcp.BasicDataSource.getConnection(BasicDataSource.java:1044)
	at org.springframework.jdbc.datasource.DataSourceUtils.fetchConnection(DataSourceUtils.java:157)
	at org.springframework.jdbc.datasource.DataSourceUtils.doGetConnection(DataSourceUtils.java:115)
	at org.springframework.jdbc.datasource.DataSourceUtils.getConnection(DataSourceUtils.java:78)
	at org.mybatis.spring.transaction.SpringManagedTransaction.openConnection(SpringManagedTransaction.java:80)
	at org.mybatis.spring.transaction.SpringManagedTransaction.getConnection(SpringManagedTransaction.java:67)
	at org.apache.ibatis.executor.BaseExecutor.getConnection(BaseExecutor.java:336)
	at org.apache.ibatis.executor.SimpleExecutor.prepareStatement(SimpleExecutor.java:85)
	at org.apache.ibatis.executor.SimpleExecutor.doQuery(SimpleExecutor.java:62)
	at org.apache.ibatis.executor.BaseExecutor.queryFromDatabase(BaseExecutor.java:324)
	at org.apache.ibatis.executor.BaseExecutor.query(BaseExecutor.java:156)
	at org.apache.ibatis.executor.CachingExecutor.query(CachingExecutor.java:109)
	at org.apache.ibatis.executor.CachingExecutor.query(CachingExecutor.java:83)
	at org.apache.ibatis.session.defaults.DefaultSqlSession.selectList(DefaultSqlSession.java:147)
	at org.apache.ibatis.session.defaults.DefaultSqlSession.selectList(DefaultSqlSession.java:140)
	at org.apache.ibatis.session.defaults.DefaultSqlSession.selectOne(DefaultSqlSession.java:76)
	at sun.reflect.GeneratedMethodAccessor77.invoke(Unknown Source)
	at sun.reflect.DelegatingMethodAccessorImpl.invoke(DelegatingMethodAccessorImpl.java:43)
	at java.lang.reflect.Method.invoke(Method.java:498)
	at org.mybatis.spring.SqlSessionTemplate$SqlSessionInterceptor.invoke(SqlSessionTemplate.java:426)
	at com.sun.proxy.$Proxy59.selectOne(Unknown Source)
	at org.mybatis.spring.SqlSessionTemplate.selectOne(SqlSessionTemplate.java:159)
	at org.apache.ibatis.binding.MapperMethod.execute(MapperMethod.java:87)
	at org.apache.ibatis.binding.MapperProxy.invoke(MapperProxy.java:57)
	at com.sun.proxy.$Proxy61.LoginMember(Unknown Source)
	at com.daejist.login.service.LoginServiceImp.LoginCheck(LoginServiceImp.java:29)
	at com.daejist.login.controller.LoginController.getLogin(LoginController.java:98)
	at sun.reflect.NativeMethodAccessorImpl.invoke0(Native Method)
	at sun.reflect.NativeMethodAccessorImpl.invoke(NativeMethodAccessorImpl.java:62)
	at sun.reflect.DelegatingMethodAccessorImpl.invoke(DelegatingMethodAccessorImpl.java:43)
	at java.lang.reflect.Method.invoke(Method.java:498)
	at org.springframework.web.method.support.InvocableHandlerMethod.doInvoke(InvocableHandlerMethod.java:190)
	at org.springframework.web.method.support.InvocableHandlerMethod.invokeForRequest(InvocableHandlerMethod.java:138)
	at org.springframework.web.servlet.mvc.method.annotation.ServletInvocableHandlerMethod.invokeAndHandle(ServletInvocableHandlerMethod.java:104)
	at org.springframework.web.servlet.mvc.method.annotation.RequestMappingHandlerAdapter.invokeHandlerMethod(RequestMappingHandlerAdapter.java:892)
	at org.springframework.web.servlet.mvc.method.annotation.RequestMappingHandlerAdapter.handleInternal(RequestMappingHandlerAdapter.java:797)
	at org.springframework.web.servlet.mvc.method.AbstractHandlerMethodAdapter.handle(AbstractHandlerMethodAdapter.java:87)
	at org.springframework.web.servlet.DispatcherServlet.doDispatch(DispatcherServlet.java:1039)
	at org.springframework.web.servlet.DispatcherServlet.doService(DispatcherServlet.java:942)
	at org.springframework.web.servlet.FrameworkServlet.processRequest(FrameworkServlet.java:1005)
	at org.springframework.web.servlet.FrameworkServlet.doPost(FrameworkServlet.java:908)
	at javax.servlet.http.HttpServlet.service(HttpServlet.java:648)
	at org.springframework.web.servlet.FrameworkServlet.service(FrameworkServlet.java:882)
	at javax.servlet.http.HttpServlet.service(HttpServlet.java:729)
	at org.apache.catalina.core.ApplicationFilterChain.internalDoFilter(ApplicationFilterChain.java:292)
	at org.apache.catalina.core.ApplicationFilterChain.doFilter(ApplicationFilterChain.java:207)
	at org.apache.tomcat.websocket.server.WsFilter.doFilter(WsFilter.java:52)
	at org.apache.catalina.core.ApplicationFilterChain.internalDoFilter(ApplicationFilterChain.java:240)
	at org.apache.catalina.core.ApplicationFilterChain.doFilter(ApplicationFilterChain.java:207)
	at org.springframework.web.filter.CharacterEncodingFilter.doFilterInternal(CharacterEncodingFilter.java:200)
	at org.springframework.web.filter.OncePerRequestFilter.doFilter(OncePerRequestFilter.java:118)
	at org.apache.catalina.core.ApplicationFilterChain.internalDoFilter(ApplicationFilterChain.java:240)
	at org.apache.catalina.core.ApplicationFilterChain.doFilter(ApplicationFilterChain.java:207)
	at org.apache.catalina.core.StandardWrapperValve.invoke(StandardWrapperValve.java:212)
	at org.apache.catalina.core.StandardContextValve.invoke(StandardContextValve.java:94)
	at org.apache.catalina.core.StandardHostValve.invoke(StandardHostValve.java:141)
	at org.apache.catalina.valves.ErrorReportValve.invoke(ErrorReportValve.java:79)
	at org.apache.catalina.core.StandardEngineValve.invoke(StandardEngineValve.java:88)
	at org.apache.catalina.connector.CoyoteAdapter.service(CoyoteAdapter.java:502)
	at org.apache.coyote.http11.AbstractHttp11Processor.process(AbstractHttp11Processor.java:1132)
	at org.apache.coyote.AbstractProtocol$AbstractConnectionHandler.process(AbstractProtocol.java:684)
	at org.apache.tomcat.util.net.NioEndpoint$SocketProcessor.doRun(NioEndpoint.java:1539)
	at org.apache.tomcat.util.net.NioEndpoint$SocketProcessor.run(NioEndpoint.java:1495)
	at java.util.concurrent.ThreadPoolExecutor.runWorker(ThreadPoolExecutor.java:1142)
	at java.util.concurrent.ThreadPoolExecutor$Worker.run(ThreadPoolExecutor.java:617)
	at org.apache.tomcat.util.threads.TaskThread$WrappingRunnable.run(TaskThread.java:61)
	at java.lang.Thread.run(Thread.java:745)

10-Aug-2026 12:26:33.261 심각 [http-nio-8855-exec-22] org.apache.catalina.core.StandardWrapperValve.invoke Servlet.service() for servlet [appServlet] in context with path [] threw exception [Request processing failed; nested exception is org.mybatis.spring.MyBatisSystemException: nested exception is org.apache.ibatis.exceptions.PersistenceException: 
### Error querying database.  Cause: org.springframework.jdbc.CannotGetJdbcConnectionException: Failed to obtain JDBC Connection; nested exception is org.apache.commons.dbcp.SQLNestedException: Cannot create PoolableConnectionFactory (호스트 61.32.101.234, 포트 1433에 대한 TCP/IP 연결에 실패했습니다. 오류: "connect timed out. 연결 속성을 확인하십시오. SQL Server의 인스턴스가 호스트에서 실행되고 있고 포트에서 TCP/IP 연결을 허용하고 있는지 확인하십시오. 또한 방화벽에서 포트로의 TCP 연결을 차단하지 않는지 확인하십시오.".)
### The error may exist in com/daejist/login/mapper/LoginMapper.xml
### The error may involve com.daejist.login.mapper.LoginMapper.LoginMember
### The error occurred while executing a query
### Cause: org.springframework.jdbc.CannotGetJdbcConnectionException: Failed to obtain JDBC Connection; nested exception is org.apache.commons.dbcp.SQLNestedException: Cannot create PoolableConnectionFactory (호스트 61.32.101.234, 포트 1433에 대한 TCP/IP 연결에 실패했습니다. 오류: "connect timed out. 연결 속성을 확인하십시오. SQL Server의 인스턴스가 호스트에서 실행되고 있고 포트에서 TCP/IP 연결을 허용하고 있는지 확인하십시오. 또한 방화벽에서 포트로의 TCP 연결을 차단하지 않는지 확인하십시오.".)] with root cause
 com.microsoft.sqlserver.jdbc.SQLServerException: 호스트 61.32.101.234, 포트 1433에 대한 TCP/IP 연결에 실패했습니다. 오류: "connect timed out. 연결 속성을 확인하십시오. SQL Server의 인스턴스가 호스트에서 실행되고 있고 포트에서 TCP/IP 연결을 허용하고 있는지 확인하십시오. 또한 방화벽에서 포트로의 TCP 연결을 차단하지 않는지 확인하십시오.".
	at com.microsoft.sqlserver.jdbc.SQLServerException.makeFromDriverError(SQLServerException.java:234)
	at com.microsoft.sqlserver.jdbc.SQLServerException.ConvertConnectExceptionToSQLServerException(SQLServerException.java:285)
	at com.microsoft.sqlserver.jdbc.SocketFinder.findSocket(IOBuffer.java:2462)
	at com.microsoft.sqlserver.jdbc.TDSChannel.open(IOBuffer.java:668)
	at com.microsoft.sqlserver.jdbc.SQLServerConnection.connectHelper(SQLServerConnection.java:2695)
	at com.microsoft.sqlserver.jdbc.SQLServerConnection.login(SQLServerConnection.java:2362)
	at com.microsoft.sqlserver.jdbc.SQLServerConnection.connectInternal(SQLServerConnection.java:2213)
	at com.microsoft.sqlserver.jdbc.SQLServerConnection.connect(SQLServerConnection.java:1276)
	at com.microsoft.sqlserver.jdbc.SQLServerDriver.connect(SQLServerDriver.java:861)
	at org.apache.commons.dbcp.DriverConnectionFactory.createConnection(DriverConnectionFactory.java:38)
	at org.apache.commons.dbcp.PoolableConnectionFactory.makeObject(PoolableConnectionFactory.java:582)
	at org.apache.commons.dbcp.BasicDataSource.validateConnectionFactory(BasicDataSource.java:1556)
	at org.apache.commons.dbcp.BasicDataSource.createPoolableConnectionFactory(BasicDataSource.java:1545)
	at org.apache.commons.dbcp.BasicDataSource.createDataSource(BasicDataSource.java:1388)
	at org.apache.commons.dbcp.BasicDataSource.getConnection(BasicDataSource.java:1044)
	at org.springframework.jdbc.datasource.DataSourceUtils.fetchConnection(DataSourceUtils.java:157)
	at org.springframework.jdbc.datasource.DataSourceUtils.doGetConnection(DataSourceUtils.java:115)
	at org.springframework.jdbc.datasource.DataSourceUtils.getConnection(DataSourceUtils.java:78)
	at org.mybatis.spring.transaction.SpringManagedTransaction.openConnection(SpringManagedTransaction.java:80)
	at org.mybatis.spring.transaction.SpringManagedTransaction.getConnection(SpringManagedTransaction.java:67)
	at org.apache.ibatis.executor.BaseExecutor.getConnection(BaseExecutor.java:336)
	at org.apache.ibatis.executor.SimpleExecutor.prepareStatement(SimpleExecutor.java:85)
	at org.apache.ibatis.executor.SimpleExecutor.doQuery(SimpleExecutor.java:62)
	at org.apache.ibatis.executor.BaseExecutor.queryFromDatabase(BaseExecutor.java:324)
	at org.apache.ibatis.executor.BaseExecutor.query(BaseExecutor.java:156)
	at org.apache.ibatis.executor.CachingExecutor.query(CachingExecutor.java:109)
	at org.apache.ibatis.executor.CachingExecutor.query(CachingExecutor.java:83)
	at org.apache.ibatis.session.defaults.DefaultSqlSession.selectList(DefaultSqlSession.java:147)
	at org.apache.ibatis.session.defaults.DefaultSqlSession.selectList(DefaultSqlSession.java:140)
	at org.apache.ibatis.session.defaults.DefaultSqlSession.selectOne(DefaultSqlSession.java:76)
	at sun.reflect.GeneratedMethodAccessor77.invoke(Unknown Source)
	at sun.reflect.DelegatingMethodAccessorImpl.invoke(DelegatingMethodAccessorImpl.java:43)
	at java.lang.reflect.Method.invoke(Method.java:498)
	at org.mybatis.spring.SqlSessionTemplate$SqlSessionInterceptor.invoke(SqlSessionTemplate.java:426)
	at com.sun.proxy.$Proxy59.selectOne(Unknown Source)
	at org.mybatis.spring.SqlSessionTemplate.selectOne(SqlSessionTemplate.java:159)
	at org.apache.ibatis.binding.MapperMethod.execute(MapperMethod.java:87)
	at org.apache.ibatis.binding.MapperProxy.invoke(MapperProxy.java:57)
	at com.sun.proxy.$Proxy61.LoginMember(Unknown Source)
	at com.daejist.login.service.LoginServiceImp.LoginCheck(LoginServiceImp.java:29)
	at com.daejist.login.controller.LoginController.getLogin(LoginController.java:98)
	at sun.reflect.NativeMethodAccessorImpl.invoke0(Native Method)
	at sun.reflect.NativeMethodAccessorImpl.invoke(NativeMethodAccessorImpl.java:62)
	at sun.reflect.DelegatingMethodAccessorImpl.invoke(DelegatingMethodAccessorImpl.java:43)
	at java.lang.reflect.Method.invoke(Method.java:498)
	at org.springframework.web.method.support.InvocableHandlerMethod.doInvoke(InvocableHandlerMethod.java:190)
	at org.springframework.web.method.support.InvocableHandlerMethod.invokeForRequest(InvocableHandlerMethod.java:138)
	at org.springframework.web.servlet.mvc.method.annotation.ServletInvocableHandlerMethod.invokeAndHandle(ServletInvocableHandlerMethod.java:104)
	at org.springframework.web.servlet.mvc.method.annotation.RequestMappingHandlerAdapter.invokeHandlerMethod(RequestMappingHandlerAdapter.java:892)
	at org.springframework.web.servlet.mvc.method.annotation.RequestMappingHandlerAdapter.handleInternal(RequestMappingHandlerAdapter.java:797)
	at org.springframework.web.servlet.mvc.method.AbstractHandlerMethodAdapter.handle(AbstractHandlerMethodAdapter.java:87)
	at org.springframework.web.servlet.DispatcherServlet.doDispatch(DispatcherServlet.java:1039)
	at org.springframework.web.servlet.DispatcherServlet.doService(DispatcherServlet.java:942)
	at org.springframework.web.servlet.FrameworkServlet.processRequest(FrameworkServlet.java:1005)
	at org.springframework.web.servlet.FrameworkServlet.doPost(FrameworkServlet.java:908)
	at javax.servlet.http.HttpServlet.service(HttpServlet.java:648)
	at org.springframework.web.servlet.FrameworkServlet.service(FrameworkServlet.java:882)
	at javax.servlet.http.HttpServlet.service(HttpServlet.java:729)
	at org.apache.catalina.core.ApplicationFilterChain.internalDoFilter(ApplicationFilterChain.java:292)
	at org.apache.catalina.core.ApplicationFilterChain.doFilter(ApplicationFilterChain.java:207)
	at org.apache.tomcat.websocket.server.WsFilter.doFilter(WsFilter.java:52)
	at org.apache.catalina.core.ApplicationFilterChain.internalDoFilter(ApplicationFilterChain.java:240)
	at org.apache.catalina.core.ApplicationFilterChain.doFilter(ApplicationFilterChain.java:207)
	at org.springframework.web.filter.CharacterEncodingFilter.doFilterInternal(CharacterEncodingFilter.java:200)
	at org.springframework.web.filter.OncePerRequestFilter.doFilter(OncePerRequestFilter.java:118)
	at org.apache.catalina.core.ApplicationFilterChain.internalDoFilter(ApplicationFilterChain.java:240)
	at org.apache.catalina.core.ApplicationFilterChain.doFilter(ApplicationFilterChain.java:207)
	at org.apache.catalina.core.StandardWrapperValve.invoke(StandardWrapperValve.java:212)
	at org.apache.catalina.core.StandardContextValve.invoke(StandardContextValve.java:94)
	at org.apache.catalina.core.StandardHostValve.invoke(StandardHostValve.java:141)
	at org.apache.catalina.valves.ErrorReportValve.invoke(ErrorReportValve.java:79)
	at org.apache.catalina.core.StandardEngineValve.invoke(StandardEngineValve.java:88)
	at org.apache.catalina.connector.CoyoteAdapter.service(CoyoteAdapter.java:502)
	at org.apache.coyote.http11.AbstractHttp11Processor.process(AbstractHttp11Processor.java:1132)
	at org.apache.coyote.AbstractProtocol$AbstractConnectionHandler.process(AbstractProtocol.java:684)
	at org.apache.tomcat.util.net.NioEndpoint$SocketProcessor.doRun(NioEndpoint.java:1539)
	at org.apache.tomcat.util.net.NioEndpoint$SocketProcessor.run(NioEndpoint.java:1495)
	at java.util.concurrent.ThreadPoolExecutor.runWorker(ThreadPoolExecutor.java:1142)
	at java.util.concurrent.ThreadPoolExecutor$Worker.run(ThreadPoolExecutor.java:617)
	at org.apache.tomcat.util.threads.TaskThread$WrappingRunnable.run(TaskThread.java:61)
	at java.lang.Thread.run(Thread.java:745)

10-Aug-2026 12:26:48.265 심각 [http-nio-8855-exec-20] org.apache.catalina.core.StandardWrapperValve.invoke Servlet.service() for servlet [appServlet] in context with path [] threw exception [Request processing failed; nested exception is org.mybatis.spring.MyBatisSystemException: nested exception is org.apache.ibatis.exceptions.PersistenceException: 
### Error querying database.  Cause: org.springframework.jdbc.CannotGetJdbcConnectionException: Failed to obtain JDBC Connection; nested exception is org.apache.commons.dbcp.SQLNestedException: Cannot create PoolableConnectionFactory (호스트 61.32.101.234, 포트 1433에 대한 TCP/IP 연결에 실패했습니다. 오류: "connect timed out. 연결 속성을 확인하십시오. SQL Server의 인스턴스가 호스트에서 실행되고 있고 포트에서 TCP/IP 연결을 허용하고 있는지 확인하십시오. 또한 방화벽에서 포트로의 TCP 연결을 차단하지 않는지 확인하십시오.".)
### The error may exist in com/daejist/login/mapper/LoginMapper.xml
### The error may involve com.daejist.login.mapper.LoginMapper.LoginMember
### The error occurred while executing a query
### Cause: org.springframework.jdbc.CannotGetJdbcConnectionException: Failed to obtain JDBC Connection; nested exception is org.apache.commons.dbcp.SQLNestedException: Cannot create PoolableConnectionFactory (호스트 61.32.101.234, 포트 1433에 대한 TCP/IP 연결에 실패했습니다. 오류: "connect timed out. 연결 속성을 확인하십시오. SQL Server의 인스턴스가 호스트에서 실행되고 있고 포트에서 TCP/IP 연결을 허용하고 있는지 확인하십시오. 또한 방화벽에서 포트로의 TCP 연결을 차단하지 않는지 확인하십시오.".)] with root cause
 com.microsoft.sqlserver.jdbc.SQLServerException: 호스트 61.32.101.234, 포트 1433에 대한 TCP/IP 연결에 실패했습니다. 오류: "connect timed out. 연결 속성을 확인하십시오. SQL Server의 인스턴스가 호스트에서 실행되고 있고 포트에서 TCP/IP 연결을 허용하고 있는지 확인하십시오. 또한 방화벽에서 포트로의 TCP 연결을 차단하지 않는지 확인하십시오.".
	at com.microsoft.sqlserver.jdbc.SQLServerException.makeFromDriverError(SQLServerException.java:234)
	at com.microsoft.sqlserver.jdbc.SQLServerException.ConvertConnectExceptionToSQLServerException(SQLServerException.java:285)
	at com.microsoft.sqlserver.jdbc.SocketFinder.findSocket(IOBuffer.java:2462)
	at com.microsoft.sqlserver.jdbc.TDSChannel.open(IOBuffer.java:668)
	at com.microsoft.sqlserver.jdbc.SQLServerConnection.connectHelper(SQLServerConnection.java:2695)
	at com.microsoft.sqlserver.jdbc.SQLServerConnection.login(SQLServerConnection.java:2362)
	at com.microsoft.sqlserver.jdbc.SQLServerConnection.connectInternal(SQLServerConnection.java:2213)
	at com.microsoft.sqlserver.jdbc.SQLServerConnection.connect(SQLServerConnection.java:1276)
	at com.microsoft.sqlserver.jdbc.SQLServerDriver.connect(SQLServerDriver.java:861)
	at org.apache.commons.dbcp.DriverConnectionFactory.createConnection(DriverConnectionFactory.java:38)
	at org.apache.commons.dbcp.PoolableConnectionFactory.makeObject(PoolableConnectionFactory.java:582)
	at org.apache.commons.dbcp.BasicDataSource.validateConnectionFactory(BasicDataSource.java:1556)
	at org.apache.commons.dbcp.BasicDataSource.createPoolableConnectionFactory(BasicDataSource.java:1545)
	at org.apache.commons.dbcp.BasicDataSource.createDataSource(BasicDataSource.java:1388)
	at org.apache.commons.dbcp.BasicDataSource.getConnection(BasicDataSource.java:1044)
	at org.springframework.jdbc.datasource.DataSourceUtils.fetchConnection(DataSourceUtils.java:157)
	at org.springframework.jdbc.datasource.DataSourceUtils.doGetConnection(DataSourceUtils.java:115)
	at org.springframework.jdbc.datasource.DataSourceUtils.getConnection(DataSourceUtils.java:78)
	at org.mybatis.spring.transaction.SpringManagedTransaction.openConnection(SpringManagedTransaction.java:80)
	at org.mybatis.spring.transaction.SpringManagedTransaction.getConnection(SpringManagedTransaction.java:67)
	at org.apache.ibatis.executor.BaseExecutor.getConnection(BaseExecutor.java:336)
	at org.apache.ibatis.executor.SimpleExecutor.prepareStatement(SimpleExecutor.java:85)
	at org.apache.ibatis.executor.SimpleExecutor.doQuery(SimpleExecutor.java:62)
	at org.apache.ibatis.executor.BaseExecutor.queryFromDatabase(BaseExecutor.java:324)
	at org.apache.ibatis.executor.BaseExecutor.query(BaseExecutor.java:156)
	at org.apache.ibatis.executor.CachingExecutor.query(CachingExecutor.java:109)
	at org.apache.ibatis.executor.CachingExecutor.query(CachingExecutor.java:83)
	at org.apache.ibatis.session.defaults.DefaultSqlSession.selectList(DefaultSqlSession.java:147)
	at org.apache.ibatis.session.defaults.DefaultSqlSession.selectList(DefaultSqlSession.java:140)
	at org.apache.ibatis.session.defaults.DefaultSqlSession.selectOne(DefaultSqlSession.java:76)
	at sun.reflect.GeneratedMethodAccessor77.invoke(Unknown Source)
	at sun.reflect.DelegatingMethodAccessorImpl.invoke(DelegatingMethodAccessorImpl.java:43)
	at java.lang.reflect.Method.invoke(Method.java:498)
	at org.mybatis.spring.SqlSessionTemplate$SqlSessionInterceptor.invoke(SqlSessionTemplate.java:426)
	at com.sun.proxy.$Proxy59.selectOne(Unknown Source)
	at org.mybatis.spring.SqlSessionTemplate.selectOne(SqlSessionTemplate.java:159)
	at org.apache.ibatis.binding.MapperMethod.execute(MapperMethod.java:87)
	at org.apache.ibatis.binding.MapperProxy.invoke(MapperProxy.java:57)
	at com.sun.proxy.$Proxy61.LoginMember(Unknown Source)
	at com.daejist.login.service.LoginServiceImp.LoginCheck(LoginServiceImp.java:29)
	at com.daejist.login.controller.LoginController.getLogin(LoginController.java:98)
	at sun.reflect.NativeMethodAccessorImpl.invoke0(Native Method)
	at sun.reflect.NativeMethodAccessorImpl.invoke(NativeMethodAccessorImpl.java:62)
	at sun.reflect.DelegatingMethodAccessorImpl.invoke(DelegatingMethodAccessorImpl.java:43)
	at java.lang.reflect.Method.invoke(Method.java:498)
	at org.springframework.web.method.support.InvocableHandlerMethod.doInvoke(InvocableHandlerMethod.java:190)
	at org.springframework.web.method.support.InvocableHandlerMethod.invokeForRequest(InvocableHandlerMethod.java:138)
	at org.springframework.web.servlet.mvc.method.annotation.ServletInvocableHandlerMethod.invokeAndHandle(ServletInvocableHandlerMethod.java:104)
	at org.springframework.web.servlet.mvc.method.annotation.RequestMappingHandlerAdapter.invokeHandlerMethod(RequestMappingHandlerAdapter.java:892)
	at org.springframework.web.servlet.mvc.method.annotation.RequestMappingHandlerAdapter.handleInternal(RequestMappingHandlerAdapter.java:797)
	at org.springframework.web.servlet.mvc.method.AbstractHandlerMethodAdapter.handle(AbstractHandlerMethodAdapter.java:87)
	at org.springframework.web.servlet.DispatcherServlet.doDispatch(DispatcherServlet.java:1039)
	at org.springframework.web.servlet.DispatcherServlet.doService(DispatcherServlet.java:942)
	at org.springframework.web.servlet.FrameworkServlet.processRequest(FrameworkServlet.java:1005)
	at org.springframework.web.servlet.FrameworkServlet.doPost(FrameworkServlet.java:908)
	at javax.servlet.http.HttpServlet.service(HttpServlet.java:648)
	at org.springframework.web.servlet.FrameworkServlet.service(FrameworkServlet.java:882)
	at javax.servlet.http.HttpServlet.service(HttpServlet.java:729)
	at org.apache.catalina.core.ApplicationFilterChain.internalDoFilter(ApplicationFilterChain.java:292)
	at org.apache.catalina.core.ApplicationFilterChain.doFilter(ApplicationFilterChain.java:207)
	at org.apache.tomcat.websocket.server.WsFilter.doFilter(WsFilter.java:52)
	at org.apache.catalina.core.ApplicationFilterChain.internalDoFilter(ApplicationFilterChain.java:240)
	at org.apache.catalina.core.ApplicationFilterChain.doFilter(ApplicationFilterChain.java:207)
	at org.springframework.web.filter.CharacterEncodingFilter.doFilterInternal(CharacterEncodingFilter.java:200)
	at org.springframework.web.filter.OncePerRequestFilter.doFilter(OncePerRequestFilter.java:118)
	at org.apache.catalina.core.ApplicationFilterChain.internalDoFilter(ApplicationFilterChain.java:240)
	at org.apache.catalina.core.ApplicationFilterChain.doFilter(ApplicationFilterChain.java:207)
	at org.apache.catalina.core.StandardWrapperValve.invoke(StandardWrapperValve.java:212)
	at org.apache.catalina.core.StandardContextValve.invoke(StandardContextValve.java:94)
	at org.apache.catalina.core.StandardHostValve.invoke(StandardHostValve.java:141)
	at org.apache.catalina.valves.ErrorReportValve.invoke(ErrorReportValve.java:79)
	at org.apache.catalina.core.StandardEngineValve.invoke(StandardEngineValve.java:88)
	at org.apache.catalina.connector.CoyoteAdapter.service(CoyoteAdapter.java:502)
	at org.apache.coyote.http11.AbstractHttp11Processor.process(AbstractHttp11Processor.java:1132)
	at org.apache.coyote.AbstractProtocol$AbstractConnectionHandler.process(AbstractProtocol.java:684)
	at org.apache.tomcat.util.net.NioEndpoint$SocketProcessor.doRun(NioEndpoint.java:1539)
	at org.apache.tomcat.util.net.NioEndpoint$SocketProcessor.run(NioEndpoint.java:1495)
	at java.util.concurrent.ThreadPoolExecutor.runWorker(ThreadPoolExecutor.java:1142)
	at java.util.concurrent.ThreadPoolExecutor$Worker.run(ThreadPoolExecutor.java:617)
	at org.apache.tomcat.util.threads.TaskThread$WrappingRunnable.run(TaskThread.java:61)
	at java.lang.Thread.run(Thread.java:745)

10-Aug-2026 12:30:11.123 심각 [http-nio-8855-exec-3] org.apache.catalina.core.StandardWrapperValve.invoke Servlet.service() for servlet [appServlet] in context with path [] threw exception [Request processing failed; nested exception is org.mybatis.spring.MyBatisSystemException: nested exception is org.apache.ibatis.exceptions.PersistenceException: 
### Error querying database.  Cause: org.springframework.jdbc.CannotGetJdbcConnectionException: Failed to obtain JDBC Connection; nested exception is org.apache.commons.dbcp.SQLNestedException: Cannot create PoolableConnectionFactory (호스트 61.32.101.234, 포트 1433에 대한 TCP/IP 연결에 실패했습니다. 오류: "connect timed out. 연결 속성을 확인하십시오. SQL Server의 인스턴스가 호스트에서 실행되고 있고 포트에서 TCP/IP 연결을 허용하고 있는지 확인하십시오. 또한 방화벽에서 포트로의 TCP 연결을 차단하지 않는지 확인하십시오.".)
### The error may exist in com/daejist/login/mapper/LoginMapper.xml
### The error may involve com.daejist.login.mapper.LoginMapper.checkUserWithSessionKey
### The error occurred while executing a query
### Cause: org.springframework.jdbc.CannotGetJdbcConnectionException: Failed to obtain JDBC Connection; nested exception is org.apache.commons.dbcp.SQLNestedException: Cannot create PoolableConnectionFactory (호스트 61.32.101.234, 포트 1433에 대한 TCP/IP 연결에 실패했습니다. 오류: "connect timed out. 연결 속성을 확인하십시오. SQL Server의 인스턴스가 호스트에서 실행되고 있고 포트에서 TCP/IP 연결을 허용하고 있는지 확인하십시오. 또한 방화벽에서 포트로의 TCP 연결을 차단하지 않는지 확인하십시오.".)] with root cause
 com.microsoft.sqlserver.jdbc.SQLServerException: 호스트 61.32.101.234, 포트 1433에 대한 TCP/IP 연결에 실패했습니다. 오류: "connect timed out. 연결 속성을 확인하십시오. SQL Server의 인스턴스가 호스트에서 실행되고 있고 포트에서 TCP/IP 연결을 허용하고 있는지 확인하십시오. 또한 방화벽에서 포트로의 TCP 연결을 차단하지 않는지 확인하십시오.".
	at com.microsoft.sqlserver.jdbc.SQLServerException.makeFromDriverError(SQLServerException.java:234)
	at com.microsoft.sqlserver.jdbc.SQLServerException.ConvertConnectExceptionToSQLServerException(SQLServerException.java:285)
	at com.microsoft.sqlserver.jdbc.SocketFinder.findSocket(IOBuffer.java:2462)
	at com.microsoft.sqlserver.jdbc.TDSChannel.open(IOBuffer.java:668)
	at com.microsoft.sqlserver.jdbc.SQLServerConnection.connectHelper(SQLServerConnection.java:2695)
	at com.microsoft.sqlserver.jdbc.SQLServerConnection.login(SQLServerConnection.java:2362)
	at com.microsoft.sqlserver.jdbc.SQLServerConnection.connectInternal(SQLServerConnection.java:2213)
	at com.microsoft.sqlserver.jdbc.SQLServerConnection.connect(SQLServerConnection.java:1276)
	at com.microsoft.sqlserver.jdbc.SQLServerDriver.connect(SQLServerDriver.java:861)
	at org.apache.commons.dbcp.DriverConnectionFactory.createConnection(DriverConnectionFactory.java:38)
	at org.apache.commons.dbcp.PoolableConnectionFactory.makeObject(PoolableConnectionFactory.java:582)
	at org.apache.commons.dbcp.BasicDataSource.validateConnectionFactory(BasicDataSource.java:1556)
	at org.apache.commons.dbcp.BasicDataSource.createPoolableConnectionFactory(BasicDataSource.java:1545)
	at org.apache.commons.dbcp.BasicDataSource.createDataSource(BasicDataSource.java:1388)
	at org.apache.commons.dbcp.BasicDataSource.getConnection(BasicDataSource.java:1044)
	at org.springframework.jdbc.datasource.DataSourceUtils.fetchConnection(DataSourceUtils.java:157)
	at org.springframework.jdbc.datasource.DataSourceUtils.doGetConnection(DataSourceUtils.java:115)
	at org.springframework.jdbc.datasource.DataSourceUtils.getConnection(DataSourceUtils.java:78)
	at org.mybatis.spring.transaction.SpringManagedTransaction.openConnection(SpringManagedTransaction.java:80)
	at org.mybatis.spring.transaction.SpringManagedTransaction.getConnection(SpringManagedTransaction.java:67)
	at org.apache.ibatis.executor.BaseExecutor.getConnection(BaseExecutor.java:336)
	at org.apache.ibatis.executor.SimpleExecutor.prepareStatement(SimpleExecutor.java:85)
	at org.apache.ibatis.executor.SimpleExecutor.doQuery(SimpleExecutor.java:62)
	at org.apache.ibatis.executor.BaseExecutor.queryFromDatabase(BaseExecutor.java:324)
	at org.apache.ibatis.executor.BaseExecutor.query(BaseExecutor.java:156)
	at org.apache.ibatis.executor.CachingExecutor.query(CachingExecutor.java:109)
	at org.apache.ibatis.executor.CachingExecutor.query(CachingExecutor.java:83)
	at org.apache.ibatis.session.defaults.DefaultSqlSession.selectList(DefaultSqlSession.java:147)
	at org.apache.ibatis.session.defaults.DefaultSqlSession.selectList(DefaultSqlSession.java:140)
	at org.apache.ibatis.session.defaults.DefaultSqlSession.selectOne(DefaultSqlSession.java:76)
	at sun.reflect.GeneratedMethodAccessor77.invoke(Unknown Source)
	at sun.reflect.DelegatingMethodAccessorImpl.invoke(DelegatingMethodAccessorImpl.java:43)
	at java.lang.reflect.Method.invoke(Method.java:498)
	at org.mybatis.spring.SqlSessionTemplate$SqlSessionInterceptor.invoke(SqlSessionTemplate.java:426)
	at com.sun.proxy.$Proxy59.selectOne(Unknown Source)
	at org.mybatis.spring.SqlSessionTemplate.selectOne(SqlSessionTemplate.java:159)
	at org.apache.ibatis.binding.MapperMethod.execute(MapperMethod.java:87)
	at org.apache.ibatis.binding.MapperProxy.invoke(MapperProxy.java:57)
	at com.sun.proxy.$Proxy61.checkUserWithSessionKey(Unknown Source)
	at com.daejist.login.service.LoginServiceImp.checkUserWithSessionKey(LoginServiceImp.java:84)
	at com.daejist.login.controller.LoginController.login(LoginController.java:75)
	at sun.reflect.GeneratedMethodAccessor76.invoke(Unknown Source)
	at sun.reflect.DelegatingMethodAccessorImpl.invoke(DelegatingMethodAccessorImpl.java:43)
	at java.lang.reflect.Method.invoke(Method.java:498)
	at org.springframework.web.method.support.InvocableHandlerMethod.doInvoke(InvocableHandlerMethod.java:190)
	at org.springframework.web.method.support.InvocableHandlerMethod.invokeForRequest(InvocableHandlerMethod.java:138)
	at org.springframework.web.servlet.mvc.method.annotation.ServletInvocableHandlerMethod.invokeAndHandle(ServletInvocableHandlerMethod.java:104)
	at org.springframework.web.servlet.mvc.method.annotation.RequestMappingHandlerAdapter.invokeHandlerMethod(RequestMappingHandlerAdapter.java:892)
	at org.springframework.web.servlet.mvc.method.annotation.RequestMappingHandlerAdapter.handleInternal(RequestMappingHandlerAdapter.java:797)
	at org.springframework.web.servlet.mvc.method.AbstractHandlerMethodAdapter.handle(AbstractHandlerMethodAdapter.java:87)
	at org.springframework.web.servlet.DispatcherServlet.doDispatch(DispatcherServlet.java:1039)
	at org.springframework.web.servlet.DispatcherServlet.doService(DispatcherServlet.java:942)
	at org.springframework.web.servlet.FrameworkServlet.processRequest(FrameworkServlet.java:1005)
	at org.springframework.web.servlet.FrameworkServlet.doGet(FrameworkServlet.java:897)
	at javax.servlet.http.HttpServlet.service(HttpServlet.java:622)
	at org.springframework.web.servlet.FrameworkServlet.service(FrameworkServlet.java:882)
	at javax.servlet.http.HttpServlet.service(HttpServlet.java:729)
	at org.apache.catalina.core.ApplicationFilterChain.internalDoFilter(ApplicationFilterChain.java:292)
	at org.apache.catalina.core.ApplicationFilterChain.doFilter(ApplicationFilterChain.java:207)
	at org.apache.tomcat.websocket.server.WsFilter.doFilter(WsFilter.java:52)
	at org.apache.catalina.core.ApplicationFilterChain.internalDoFilter(ApplicationFilterChain.java:240)
	at org.apache.catalina.core.ApplicationFilterChain.doFilter(ApplicationFilterChain.java:207)
	at org.springframework.web.filter.CharacterEncodingFilter.doFilterInternal(CharacterEncodingFilter.java:200)
	at org.springframework.web.filter.OncePerRequestFilter.doFilter(OncePerRequestFilter.java:118)
	at org.apache.catalina.core.ApplicationFilterChain.internalDoFilter(ApplicationFilterChain.java:240)
	at org.apache.catalina.core.ApplicationFilterChain.doFilter(ApplicationFilterChain.java:207)
	at org.apache.catalina.core.StandardWrapperValve.invoke(StandardWrapperValve.java:212)
	at org.apache.catalina.core.StandardContextValve.invoke(StandardContextValve.java:94)
	at org.apache.catalina.core.StandardHostValve.invoke(StandardHostValve.java:141)
	at org.apache.catalina.valves.ErrorReportValve.invoke(ErrorReportValve.java:79)
	at org.apache.catalina.core.StandardEngineValve.invoke(StandardEngineValve.java:88)
	at org.apache.catalina.connector.CoyoteAdapter.service(CoyoteAdapter.java:502)
	at org.apache.coyote.http11.AbstractHttp11Processor.process(AbstractHttp11Processor.java:1132)
	at org.apache.coyote.AbstractProtocol$AbstractConnectionHandler.process(AbstractProtocol.java:684)
	at org.apache.tomcat.util.net.NioEndpoint$SocketProcessor.doRun(NioEndpoint.java:1539)
	at org.apache.tomcat.util.net.NioEndpoint$SocketProcessor.run(NioEndpoint.java:1495)
	at java.util.concurrent.ThreadPoolExecutor.runWorker(ThreadPoolExecutor.java:1142)
	at java.util.concurrent.ThreadPoolExecutor$Worker.run(ThreadPoolExecutor.java:617)
	at org.apache.tomcat.util.threads.TaskThread$WrappingRunnable.run(TaskThread.java:61)
	at java.lang.Thread.run(Thread.java:745)

10-Aug-2026 12:30:26.128 심각 [http-nio-8855-exec-23] org.apache.catalina.core.StandardWrapperValve.invoke Servlet.service() for servlet [appServlet] in context with path [] threw exception [Request processing failed; nested exception is org.mybatis.spring.MyBatisSystemException: nested exception is org.apache.ibatis.exceptions.PersistenceException: 
### Error querying database.  Cause: org.springframework.jdbc.CannotGetJdbcConnectionException: Failed to obtain JDBC Connection; nested exception is org.apache.commons.dbcp.SQLNestedException: Cannot create PoolableConnectionFactory (호스트 61.32.101.234, 포트 1433에 대한 TCP/IP 연결에 실패했습니다. 오류: "connect timed out. 연결 속성을 확인하십시오. SQL Server의 인스턴스가 호스트에서 실행되고 있고 포트에서 TCP/IP 연결을 허용하고 있는지 확인하십시오. 또한 방화벽에서 포트로의 TCP 연결을 차단하지 않는지 확인하십시오.".)
### The error may exist in com/daejist/login/mapper/LoginMapper.xml
### The error may involve com.daejist.login.mapper.LoginMapper.checkUserWithSessionKey
### The error occurred while executing a query
### Cause: org.springframework.jdbc.CannotGetJdbcConnectionException: Failed to obtain JDBC Connection; nested exception is org.apache.commons.dbcp.SQLNestedException: Cannot create PoolableConnectionFactory (호스트 61.32.101.234, 포트 1433에 대한 TCP/IP 연결에 실패했습니다. 오류: "connect timed out. 연결 속성을 확인하십시오. SQL Server의 인스턴스가 호스트에서 실행되고 있고 포트에서 TCP/IP 연결을 허용하고 있는지 확인하십시오. 또한 방화벽에서 포트로의 TCP 연결을 차단하지 않는지 확인하십시오.".)] with root cause
 com.microsoft.sqlserver.jdbc.SQLServerException: 호스트 61.32.101.234, 포트 1433에 대한 TCP/IP 연결에 실패했습니다. 오류: "connect timed out. 연결 속성을 확인하십시오. SQL Server의 인스턴스가 호스트에서 실행되고 있고 포트에서 TCP/IP 연결을 허용하고 있는지 확인하십시오. 또한 방화벽에서 포트로의 TCP 연결을 차단하지 않는지 확인하십시오.".
	at com.microsoft.sqlserver.jdbc.SQLServerException.makeFromDriverError(SQLServerException.java:234)
	at com.microsoft.sqlserver.jdbc.SQLServerException.ConvertConnectExceptionToSQLServerException(SQLServerException.java:285)
	at com.microsoft.sqlserver.jdbc.SocketFinder.findSocket(IOBuffer.java:2462)
	at com.microsoft.sqlserver.jdbc.TDSChannel.open(IOBuffer.java:668)
	at com.microsoft.sqlserver.jdbc.SQLServerConnection.connectHelper(SQLServerConnection.java:2695)
	at com.microsoft.sqlserver.jdbc.SQLServerConnection.login(SQLServerConnection.java:2362)
	at com.microsoft.sqlserver.jdbc.SQLServerConnection.connectInternal(SQLServerConnection.java:2213)
	at com.microsoft.sqlserver.jdbc.SQLServerConnection.connect(SQLServerConnection.java:1276)
	at com.microsoft.sqlserver.jdbc.SQLServerDriver.connect(SQLServerDriver.java:861)
	at org.apache.commons.dbcp.DriverConnectionFactory.createConnection(DriverConnectionFactory.java:38)
	at org.apache.commons.dbcp.PoolableConnectionFactory.makeObject(PoolableConnectionFactory.java:582)
	at org.apache.commons.dbcp.BasicDataSource.validateConnectionFactory(BasicDataSource.java:1556)
	at org.apache.commons.dbcp.BasicDataSource.createPoolableConnectionFactory(BasicDataSource.java:1545)
	at org.apache.commons.dbcp.BasicDataSource.createDataSource(BasicDataSource.java:1388)
	at org.apache.commons.dbcp.BasicDataSource.getConnection(BasicDataSource.java:1044)
	at org.springframework.jdbc.datasource.DataSourceUtils.fetchConnection(DataSourceUtils.java:157)
	at org.springframework.jdbc.datasource.DataSourceUtils.doGetConnection(DataSourceUtils.java:115)
	at org.springframework.jdbc.datasource.DataSourceUtils.getConnection(DataSourceUtils.java:78)
	at org.mybatis.spring.transaction.SpringManagedTransaction.openConnection(SpringManagedTransaction.java:80)
	at org.mybatis.spring.transaction.SpringManagedTransaction.getConnection(SpringManagedTransaction.java:67)
	at org.apache.ibatis.executor.BaseExecutor.getConnection(BaseExecutor.java:336)
	at org.apache.ibatis.executor.SimpleExecutor.prepareStatement(SimpleExecutor.java:85)
	at org.apache.ibatis.executor.SimpleExecutor.doQuery(SimpleExecutor.java:62)
	at org.apache.ibatis.executor.BaseExecutor.queryFromDatabase(BaseExecutor.java:324)
	at org.apache.ibatis.executor.BaseExecutor.query(BaseExecutor.java:156)
	at org.apache.ibatis.executor.CachingExecutor.query(CachingExecutor.java:109)
	at org.apache.ibatis.executor.CachingExecutor.query(CachingExecutor.java:83)
	at org.apache.ibatis.session.defaults.DefaultSqlSession.selectList(DefaultSqlSession.java:147)
	at org.apache.ibatis.session.defaults.DefaultSqlSession.selectList(DefaultSqlSession.java:140)
	at org.apache.ibatis.session.defaults.DefaultSqlSession.selectOne(DefaultSqlSession.java:76)
	at sun.reflect.GeneratedMethodAccessor77.invoke(Unknown Source)
	at sun.reflect.DelegatingMethodAccessorImpl.invoke(DelegatingMethodAccessorImpl.java:43)
	at java.lang.reflect.Method.invoke(Method.java:498)
	at org.mybatis.spring.SqlSessionTemplate$SqlSessionInterceptor.invoke(SqlSessionTemplate.java:426)
	at com.sun.proxy.$Proxy59.selectOne(Unknown Source)
	at org.mybatis.spring.SqlSessionTemplate.selectOne(SqlSessionTemplate.java:159)
	at org.apache.ibatis.binding.MapperMethod.execute(MapperMethod.java:87)
	at org.apache.ibatis.binding.MapperProxy.invoke(MapperProxy.java:57)
	at com.sun.proxy.$Proxy61.checkUserWithSessionKey(Unknown Source)
	at com.daejist.login.service.LoginServiceImp.checkUserWithSessionKey(LoginServiceImp.java:84)
	at com.daejist.login.controller.LoginController.login(LoginController.java:75)
	at sun.reflect.GeneratedMethodAccessor76.invoke(Unknown Source)
	at sun.reflect.DelegatingMethodAccessorImpl.invoke(DelegatingMethodAccessorImpl.java:43)
	at java.lang.reflect.Method.invoke(Method.java:498)
	at org.springframework.web.method.support.InvocableHandlerMethod.doInvoke(InvocableHandlerMethod.java:190)
	at org.springframework.web.method.support.InvocableHandlerMethod.invokeForRequest(InvocableHandlerMethod.java:138)
	at org.springframework.web.servlet.mvc.method.annotation.ServletInvocableHandlerMethod.invokeAndHandle(ServletInvocableHandlerMethod.java:104)
	at org.springframework.web.servlet.mvc.method.annotation.RequestMappingHandlerAdapter.invokeHandlerMethod(RequestMappingHandlerAdapter.java:892)
	at org.springframework.web.servlet.mvc.method.annotation.RequestMappingHandlerAdapter.handleInternal(RequestMappingHandlerAdapter.java:797)
	at org.springframework.web.servlet.mvc.method.AbstractHandlerMethodAdapter.handle(AbstractHandlerMethodAdapter.java:87)
	at org.springframework.web.servlet.DispatcherServlet.doDispatch(DispatcherServlet.java:1039)
	at org.springframework.web.servlet.DispatcherServlet.doService(DispatcherServlet.java:942)
	at org.springframework.web.servlet.FrameworkServlet.processRequest(FrameworkServlet.java:1005)
	at org.springframework.web.servlet.FrameworkServlet.doGet(FrameworkServlet.java:897)
	at javax.servlet.http.HttpServlet.service(HttpServlet.java:622)
	at org.springframework.web.servlet.FrameworkServlet.service(FrameworkServlet.java:882)
	at javax.servlet.http.HttpServlet.service(HttpServlet.java:729)
	at org.apache.catalina.core.ApplicationFilterChain.internalDoFilter(ApplicationFilterChain.java:292)
	at org.apache.catalina.core.ApplicationFilterChain.doFilter(ApplicationFilterChain.java:207)
	at org.apache.tomcat.websocket.server.WsFilter.doFilter(WsFilter.java:52)
	at org.apache.catalina.core.ApplicationFilterChain.internalDoFilter(ApplicationFilterChain.java:240)
	at org.apache.catalina.core.ApplicationFilterChain.doFilter(ApplicationFilterChain.java:207)
	at org.springframework.web.filter.CharacterEncodingFilter.doFilterInternal(CharacterEncodingFilter.java:200)
	at org.springframework.web.filter.OncePerRequestFilter.doFilter(OncePerRequestFilter.java:118)
	at org.apache.catalina.core.ApplicationFilterChain.internalDoFilter(ApplicationFilterChain.java:240)
	at org.apache.catalina.core.ApplicationFilterChain.doFilter(ApplicationFilterChain.java:207)
	at org.apache.catalina.core.StandardWrapperValve.invoke(StandardWrapperValve.java:212)
	at org.apache.catalina.core.StandardContextValve.invoke(StandardContextValve.java:94)
	at org.apache.catalina.core.StandardHostValve.invoke(StandardHostValve.java:141)
	at org.apache.catalina.valves.ErrorReportValve.invoke(ErrorReportValve.java:79)
	at org.apache.catalina.core.StandardEngineValve.invoke(StandardEngineValve.java:88)
	at org.apache.catalina.connector.CoyoteAdapter.service(CoyoteAdapter.java:502)
	at org.apache.coyote.http11.AbstractHttp11Processor.process(AbstractHttp11Processor.java:1132)
	at org.apache.coyote.AbstractProtocol$AbstractConnectionHandler.process(AbstractProtocol.java:684)
	at org.apache.tomcat.util.net.NioEndpoint$SocketProcessor.doRun(NioEndpoint.java:1539)
	at org.apache.tomcat.util.net.NioEndpoint$SocketProcessor.run(NioEndpoint.java:1495)
	at java.util.concurrent.ThreadPoolExecutor.runWorker(ThreadPoolExecutor.java:1142)
	at java.util.concurrent.ThreadPoolExecutor$Worker.run(ThreadPoolExecutor.java:617)
	at org.apache.tomcat.util.threads.TaskThread$WrappingRunnable.run(TaskThread.java:61)
	at java.lang.Thread.run(Thread.java:745)

10-Aug-2026 12:30:41.132 심각 [http-nio-8855-exec-27] org.apache.catalina.core.StandardWrapperValve.invoke Servlet.service() for servlet [appServlet] in context with path [] threw exception [Request processing failed; nested exception is org.mybatis.spring.MyBatisSystemException: nested exception is org.apache.ibatis.exceptions.PersistenceException: 
### Error querying database.  Cause: org.springframework.jdbc.CannotGetJdbcConnectionException: Failed to obtain JDBC Connection; nested exception is org.apache.commons.dbcp.SQLNestedException: Cannot create PoolableConnectionFactory (호스트 61.32.101.234, 포트 1433에 대한 TCP/IP 연결에 실패했습니다. 오류: "connect timed out. 연결 속성을 확인하십시오. SQL Server의 인스턴스가 호스트에서 실행되고 있고 포트에서 TCP/IP 연결을 허용하고 있는지 확인하십시오. 또한 방화벽에서 포트로의 TCP 연결을 차단하지 않는지 확인하십시오.".)
### The error may exist in com/daejist/login/mapper/LoginMapper.xml
### The error may involve com.daejist.login.mapper.LoginMapper.checkUserWithSessionKey
### The error occurred while executing a query
### Cause: org.springframework.jdbc.CannotGetJdbcConnectionException: Failed to obtain JDBC Connection; nested exception is org.apache.commons.dbcp.SQLNestedException: Cannot create PoolableConnectionFactory (호스트 61.32.101.234, 포트 1433에 대한 TCP/IP 연결에 실패했습니다. 오류: "connect timed out. 연결 속성을 확인하십시오. SQL Server의 인스턴스가 호스트에서 실행되고 있고 포트에서 TCP/IP 연결을 허용하고 있는지 확인하십시오. 또한 방화벽에서 포트로의 TCP 연결을 차단하지 않는지 확인하십시오.".)] with root cause
 com.microsoft.sqlserver.jdbc.SQLServerException: 호스트 61.32.101.234, 포트 1433에 대한 TCP/IP 연결에 실패했습니다. 오류: "connect timed out. 연결 속성을 확인하십시오. SQL Server의 인스턴스가 호스트에서 실행되고 있고 포트에서 TCP/IP 연결을 허용하고 있는지 확인하십시오. 또한 방화벽에서 포트로의 TCP 연결을 차단하지 않는지 확인하십시오.".
	at com.microsoft.sqlserver.jdbc.SQLServerException.makeFromDriverError(SQLServerException.java:234)
	at com.microsoft.sqlserver.jdbc.SQLServerException.ConvertConnectExceptionToSQLServerException(SQLServerException.java:285)
	at com.microsoft.sqlserver.jdbc.SocketFinder.findSocket(IOBuffer.java:2462)
	at com.microsoft.sqlserver.jdbc.TDSChannel.open(IOBuffer.java:668)
	at com.microsoft.sqlserver.jdbc.SQLServerConnection.connectHelper(SQLServerConnection.java:2695)
	at com.microsoft.sqlserver.jdbc.SQLServerConnection.login(SQLServerConnection.java:2362)
	at com.microsoft.sqlserver.jdbc.SQLServerConnection.connectInternal(SQLServerConnection.java:2213)
	at com.microsoft.sqlserver.jdbc.SQLServerConnection.connect(SQLServerConnection.java:1276)
	at com.microsoft.sqlserver.jdbc.SQLServerDriver.connect(SQLServerDriver.java:861)
	at org.apache.commons.dbcp.DriverConnectionFactory.createConnection(DriverConnectionFactory.java:38)
	at org.apache.commons.dbcp.PoolableConnectionFactory.makeObject(PoolableConnectionFactory.java:582)
	at org.apache.commons.dbcp.BasicDataSource.validateConnectionFactory(BasicDataSource.java:1556)
	at org.apache.commons.dbcp.BasicDataSource.createPoolableConnectionFactory(BasicDataSource.java:1545)
	at org.apache.commons.dbcp.BasicDataSource.createDataSource(BasicDataSource.java:1388)
	at org.apache.commons.dbcp.BasicDataSource.getConnection(BasicDataSource.java:1044)
	at org.springframework.jdbc.datasource.DataSourceUtils.fetchConnection(DataSourceUtils.java:157)
	at org.springframework.jdbc.datasource.DataSourceUtils.doGetConnection(DataSourceUtils.java:115)
	at org.springframework.jdbc.datasource.DataSourceUtils.getConnection(DataSourceUtils.java:78)
	at org.mybatis.spring.transaction.SpringManagedTransaction.openConnection(SpringManagedTransaction.java:80)
	at org.mybatis.spring.transaction.SpringManagedTransaction.getConnection(SpringManagedTransaction.java:67)
	at org.apache.ibatis.executor.BaseExecutor.getConnection(BaseExecutor.java:336)
	at org.apache.ibatis.executor.SimpleExecutor.prepareStatement(SimpleExecutor.java:85)
	at org.apache.ibatis.executor.SimpleExecutor.doQuery(SimpleExecutor.java:62)
	at org.apache.ibatis.executor.BaseExecutor.queryFromDatabase(BaseExecutor.java:324)
	at org.apache.ibatis.executor.BaseExecutor.query(BaseExecutor.java:156)
	at org.apache.ibatis.executor.CachingExecutor.query(CachingExecutor.java:109)
	at org.apache.ibatis.executor.CachingExecutor.query(CachingExecutor.java:83)
	at org.apache.ibatis.session.defaults.DefaultSqlSession.selectList(DefaultSqlSession.java:147)
	at org.apache.ibatis.session.defaults.DefaultSqlSession.selectList(DefaultSqlSession.java:140)
	at org.apache.ibatis.session.defaults.DefaultSqlSession.selectOne(DefaultSqlSession.java:76)
	at sun.reflect.GeneratedMethodAccessor77.invoke(Unknown Source)
	at sun.reflect.DelegatingMethodAccessorImpl.invoke(DelegatingMethodAccessorImpl.java:43)
	at java.lang.reflect.Method.invoke(Method.java:498)
	at org.mybatis.spring.SqlSessionTemplate$SqlSessionInterceptor.invoke(SqlSessionTemplate.java:426)
	at com.sun.proxy.$Proxy59.selectOne(Unknown Source)
	at org.mybatis.spring.SqlSessionTemplate.selectOne(SqlSessionTemplate.java:159)
	at org.apache.ibatis.binding.MapperMethod.execute(MapperMethod.java:87)
	at org.apache.ibatis.binding.MapperProxy.invoke(MapperProxy.java:57)
	at com.sun.proxy.$Proxy61.checkUserWithSessionKey(Unknown Source)
	at com.daejist.login.service.LoginServiceImp.checkUserWithSessionKey(LoginServiceImp.java:84)
	at com.daejist.login.controller.LoginController.login(LoginController.java:75)
	at sun.reflect.GeneratedMethodAccessor76.invoke(Unknown Source)
	at sun.reflect.DelegatingMethodAccessorImpl.invoke(DelegatingMethodAccessorImpl.java:43)
	at java.lang.reflect.Method.invoke(Method.java:498)
	at org.springframework.web.method.support.InvocableHandlerMethod.doInvoke(InvocableHandlerMethod.java:190)
	at org.springframework.web.method.support.InvocableHandlerMethod.invokeForRequest(InvocableHandlerMethod.java:138)
	at org.springframework.web.servlet.mvc.method.annotation.ServletInvocableHandlerMethod.invokeAndHandle(ServletInvocableHandlerMethod.java:104)
	at org.springframework.web.servlet.mvc.method.annotation.RequestMappingHandlerAdapter.invokeHandlerMethod(RequestMappingHandlerAdapter.java:892)
	at org.springframework.web.servlet.mvc.method.annotation.RequestMappingHandlerAdapter.handleInternal(RequestMappingHandlerAdapter.java:797)
	at org.springframework.web.servlet.mvc.method.AbstractHandlerMethodAdapter.handle(AbstractHandlerMethodAdapter.java:87)
	at org.springframework.web.servlet.DispatcherServlet.doDispatch(DispatcherServlet.java:1039)
	at org.springframework.web.servlet.DispatcherServlet.doService(DispatcherServlet.java:942)
	at org.springframework.web.servlet.FrameworkServlet.processRequest(FrameworkServlet.java:1005)
	at org.springframework.web.servlet.FrameworkServlet.doGet(FrameworkServlet.java:897)
	at javax.servlet.http.HttpServlet.service(HttpServlet.java:622)
	at org.springframework.web.servlet.FrameworkServlet.service(FrameworkServlet.java:882)
	at javax.servlet.http.HttpServlet.service(HttpServlet.java:729)
	at org.apache.catalina.core.ApplicationFilterChain.internalDoFilter(ApplicationFilterChain.java:292)
	at org.apache.catalina.core.ApplicationFilterChain.doFilter(ApplicationFilterChain.java:207)
	at org.apache.tomcat.websocket.server.WsFilter.doFilter(WsFilter.java:52)
	at org.apache.catalina.core.ApplicationFilterChain.internalDoFilter(ApplicationFilterChain.java:240)
	at org.apache.catalina.core.ApplicationFilterChain.doFilter(ApplicationFilterChain.java:207)
	at org.springframework.web.filter.CharacterEncodingFilter.doFilterInternal(CharacterEncodingFilter.java:200)
	at org.springframework.web.filter.OncePerRequestFilter.doFilter(OncePerRequestFilter.java:118)
	at org.apache.catalina.core.ApplicationFilterChain.internalDoFilter(ApplicationFilterChain.java:240)
	at org.apache.catalina.core.ApplicationFilterChain.doFilter(ApplicationFilterChain.java:207)
	at org.apache.catalina.core.StandardWrapperValve.invoke(StandardWrapperValve.java:212)
	at org.apache.catalina.core.StandardContextValve.invoke(StandardContextValve.java:94)
	at org.apache.catalina.core.StandardHostValve.invoke(StandardHostValve.java:141)
	at org.apache.catalina.valves.ErrorReportValve.invoke(ErrorReportValve.java:79)
	at org.apache.catalina.core.StandardEngineValve.invoke(StandardEngineValve.java:88)
	at org.apache.catalina.connector.CoyoteAdapter.service(CoyoteAdapter.java:502)
	at org.apache.coyote.http11.AbstractHttp11Processor.process(AbstractHttp11Processor.java:1132)
	at org.apache.coyote.AbstractProtocol$AbstractConnectionHandler.process(AbstractProtocol.java:684)
	at org.apache.tomcat.util.net.NioEndpoint$SocketProcessor.doRun(NioEndpoint.java:1539)
	at org.apache.tomcat.util.net.NioEndpoint$SocketProcessor.run(NioEndpoint.java:1495)
	at java.util.concurrent.ThreadPoolExecutor.runWorker(ThreadPoolExecutor.java:1142)
	at java.util.concurrent.ThreadPoolExecutor$Worker.run(ThreadPoolExecutor.java:617)
	at org.apache.tomcat.util.threads.TaskThread$WrappingRunnable.run(TaskThread.java:61)
	at java.lang.Thread.run(Thread.java:745)

10-Aug-2026 12:36:39.832 심각 [http-nio-8855-exec-29] org.apache.catalina.core.StandardWrapperValve.invoke Servlet.service() for servlet [appServlet] in context with path [] threw exception [Request processing failed; nested exception is org.mybatis.spring.MyBatisSystemException: nested exception is org.apache.ibatis.exceptions.PersistenceException: 
### Error querying database.  Cause: org.springframework.jdbc.CannotGetJdbcConnectionException: Failed to obtain JDBC Connection; nested exception is org.apache.commons.dbcp.SQLNestedException: Cannot create PoolableConnectionFactory (호스트 61.32.101.234, 포트 1433에 대한 TCP/IP 연결에 실패했습니다. 오류: "connect timed out. 연결 속성을 확인하십시오. SQL Server의 인스턴스가 호스트에서 실행되고 있고 포트에서 TCP/IP 연결을 허용하고 있는지 확인하십시오. 또한 방화벽에서 포트로의 TCP 연결을 차단하지 않는지 확인하십시오.".)
### The error may exist in com/daejist/login/mapper/LoginMapper.xml
### The error may involve com.daejist.login.mapper.LoginMapper.checkUserWithSessionKey
### The error occurred while executing a query
### Cause: org.springframework.jdbc.CannotGetJdbcConnectionException: Failed to obtain JDBC Connection; nested exception is org.apache.commons.dbcp.SQLNestedException: Cannot create PoolableConnectionFactory (호스트 61.32.101.234, 포트 1433에 대한 TCP/IP 연결에 실패했습니다. 오류: "connect timed out. 연결 속성을 확인하십시오. SQL Server의 인스턴스가 호스트에서 실행되고 있고 포트에서 TCP/IP 연결을 허용하고 있는지 확인하십시오. 또한 방화벽에서 포트로의 TCP 연결을 차단하지 않는지 확인하십시오.".)] with root cause
 com.microsoft.sqlserver.jdbc.SQLServerException: 호스트 61.32.101.234, 포트 1433에 대한 TCP/IP 연결에 실패했습니다. 오류: "connect timed out. 연결 속성을 확인하십시오. SQL Server의 인스턴스가 호스트에서 실행되고 있고 포트에서 TCP/IP 연결을 허용하고 있는지 확인하십시오. 또한 방화벽에서 포트로의 TCP 연결을 차단하지 않는지 확인하십시오.".
	at com.microsoft.sqlserver.jdbc.SQLServerException.makeFromDriverError(SQLServerException.java:234)
	at com.microsoft.sqlserver.jdbc.SQLServerException.ConvertConnectExceptionToSQLServerException(SQLServerException.java:285)
	at com.microsoft.sqlserver.jdbc.SocketFinder.findSocket(IOBuffer.java:2462)
	at com.microsoft.sqlserver.jdbc.TDSChannel.open(IOBuffer.java:668)
	at com.microsoft.sqlserver.jdbc.SQLServerConnection.connectHelper(SQLServerConnection.java:2695)
	at com.microsoft.sqlserver.jdbc.SQLServerConnection.login(SQLServerConnection.java:2362)
	at com.microsoft.sqlserver.jdbc.SQLServerConnection.connectInternal(SQLServerConnection.java:2213)
	at com.microsoft.sqlserver.jdbc.SQLServerConnection.connect(SQLServerConnection.java:1276)
	at com.microsoft.sqlserver.jdbc.SQLServerDriver.connect(SQLServerDriver.java:861)
	at org.apache.commons.dbcp.DriverConnectionFactory.createConnection(DriverConnectionFactory.java:38)
	at org.apache.commons.dbcp.PoolableConnectionFactory.makeObject(PoolableConnectionFactory.java:582)
	at org.apache.commons.dbcp.BasicDataSource.validateConnectionFactory(BasicDataSource.java:1556)
	at org.apache.commons.dbcp.BasicDataSource.createPoolableConnectionFactory(BasicDataSource.java:1545)
	at org.apache.commons.dbcp.BasicDataSource.createDataSource(BasicDataSource.java:1388)
	at org.apache.commons.dbcp.BasicDataSource.getConnection(BasicDataSource.java:1044)
	at org.springframework.jdbc.datasource.DataSourceUtils.fetchConnection(DataSourceUtils.java:157)
	at org.springframework.jdbc.datasource.DataSourceUtils.doGetConnection(DataSourceUtils.java:115)
	at org.springframework.jdbc.datasource.DataSourceUtils.getConnection(DataSourceUtils.java:78)
	at org.mybatis.spring.transaction.SpringManagedTransaction.openConnection(SpringManagedTransaction.java:80)
	at org.mybatis.spring.transaction.SpringManagedTransaction.getConnection(SpringManagedTransaction.java:67)
	at org.apache.ibatis.executor.BaseExecutor.getConnection(BaseExecutor.java:336)
	at org.apache.ibatis.executor.SimpleExecutor.prepareStatement(SimpleExecutor.java:85)
	at org.apache.ibatis.executor.SimpleExecutor.doQuery(SimpleExecutor.java:62)
	at org.apache.ibatis.executor.BaseExecutor.queryFromDatabase(BaseExecutor.java:324)
	at org.apache.ibatis.executor.BaseExecutor.query(BaseExecutor.java:156)
	at org.apache.ibatis.executor.CachingExecutor.query(CachingExecutor.java:109)
	at org.apache.ibatis.executor.CachingExecutor.query(CachingExecutor.java:83)
	at org.apache.ibatis.session.defaults.DefaultSqlSession.selectList(DefaultSqlSession.java:147)
	at org.apache.ibatis.session.defaults.DefaultSqlSession.selectList(DefaultSqlSession.java:140)
	at org.apache.ibatis.session.defaults.DefaultSqlSession.selectOne(DefaultSqlSession.java:76)
	at sun.reflect.GeneratedMethodAccessor77.invoke(Unknown Source)
	at sun.reflect.DelegatingMethodAccessorImpl.invoke(DelegatingMethodAccessorImpl.java:43)
	at java.lang.reflect.Method.invoke(Method.java:498)
	at org.mybatis.spring.SqlSessionTemplate$SqlSessionInterceptor.invoke(SqlSessionTemplate.java:426)
	at com.sun.proxy.$Proxy59.selectOne(Unknown Source)
	at org.mybatis.spring.SqlSessionTemplate.selectOne(SqlSessionTemplate.java:159)
	at org.apache.ibatis.binding.MapperMethod.execute(MapperMethod.java:87)
	at org.apache.ibatis.binding.MapperProxy.invoke(MapperProxy.java:57)
	at com.sun.proxy.$Proxy61.checkUserWithSessionKey(Unknown Source)
	at com.daejist.login.service.LoginServiceImp.checkUserWithSessionKey(LoginServiceImp.java:84)
	at com.daejist.login.controller.LoginController.login(LoginController.java:75)
	at sun.reflect.GeneratedMethodAccessor76.invoke(Unknown Source)
	at sun.reflect.DelegatingMethodAccessorImpl.invoke(DelegatingMethodAccessorImpl.java:43)
	at java.lang.reflect.Method.invoke(Method.java:498)
	at org.springframework.web.method.support.InvocableHandlerMethod.doInvoke(InvocableHandlerMethod.java:190)
	at org.springframework.web.method.support.InvocableHandlerMethod.invokeForRequest(InvocableHandlerMethod.java:138)
	at org.springframework.web.servlet.mvc.method.annotation.ServletInvocableHandlerMethod.invokeAndHandle(ServletInvocableHandlerMethod.java:104)
	at org.springframework.web.servlet.mvc.method.annotation.RequestMappingHandlerAdapter.invokeHandlerMethod(RequestMappingHandlerAdapter.java:892)
	at org.springframework.web.servlet.mvc.method.annotation.RequestMappingHandlerAdapter.handleInternal(RequestMappingHandlerAdapter.java:797)
	at org.springframework.web.servlet.mvc.method.AbstractHandlerMethodAdapter.handle(AbstractHandlerMethodAdapter.java:87)
	at org.springframework.web.servlet.DispatcherServlet.doDispatch(DispatcherServlet.java:1039)
	at org.springframework.web.servlet.DispatcherServlet.doService(DispatcherServlet.java:942)
	at org.springframework.web.servlet.FrameworkServlet.processRequest(FrameworkServlet.java:1005)
	at org.springframework.web.servlet.FrameworkServlet.doGet(FrameworkServlet.java:897)
	at javax.servlet.http.HttpServlet.service(HttpServlet.java:622)
	at org.springframework.web.servlet.FrameworkServlet.service(FrameworkServlet.java:882)
	at javax.servlet.http.HttpServlet.service(HttpServlet.java:729)
	at org.apache.catalina.core.ApplicationFilterChain.internalDoFilter(ApplicationFilterChain.java:292)
	at org.apache.catalina.core.ApplicationFilterChain.doFilter(ApplicationFilterChain.java:207)
	at org.apache.tomcat.websocket.server.WsFilter.doFilter(WsFilter.java:52)
	at org.apache.catalina.core.ApplicationFilterChain.internalDoFilter(ApplicationFilterChain.java:240)
	at org.apache.catalina.core.ApplicationFilterChain.doFilter(ApplicationFilterChain.java:207)
	at org.springframework.web.filter.CharacterEncodingFilter.doFilterInternal(CharacterEncodingFilter.java:200)
	at org.springframework.web.filter.OncePerRequestFilter.doFilter(OncePerRequestFilter.java:118)
	at org.apache.catalina.core.ApplicationFilterChain.internalDoFilter(ApplicationFilterChain.java:240)
	at org.apache.catalina.core.ApplicationFilterChain.doFilter(ApplicationFilterChain.java:207)
	at org.apache.catalina.core.StandardWrapperValve.invoke(StandardWrapperValve.java:212)
	at org.apache.catalina.core.StandardContextValve.invoke(StandardContextValve.java:94)
	at org.apache.catalina.core.StandardHostValve.invoke(StandardHostValve.java:141)
	at org.apache.catalina.valves.ErrorReportValve.invoke(ErrorReportValve.java:79)
	at org.apache.catalina.core.StandardEngineValve.invoke(StandardEngineValve.java:88)
	at org.apache.catalina.connector.CoyoteAdapter.service(CoyoteAdapter.java:502)
	at org.apache.coyote.http11.AbstractHttp11Processor.process(AbstractHttp11Processor.java:1132)
	at org.apache.coyote.AbstractProtocol$AbstractConnectionHandler.process(AbstractProtocol.java:684)
	at org.apache.tomcat.util.net.NioEndpoint$SocketProcessor.doRun(NioEndpoint.java:1539)
	at org.apache.tomcat.util.net.NioEndpoint$SocketProcessor.run(NioEndpoint.java:1495)
	at java.util.concurrent.ThreadPoolExecutor.runWorker(ThreadPoolExecutor.java:1142)
	at java.util.concurrent.ThreadPoolExecutor$Worker.run(ThreadPoolExecutor.java:617)
	at org.apache.tomcat.util.threads.TaskThread$WrappingRunnable.run(TaskThread.java:61)
	at java.lang.Thread.run(Thread.java:745)

10-Aug-2026 12:53:11.197 심각 [http-nio-8855-exec-34] org.apache.catalina.core.StandardWrapperValve.invoke Servlet.service() for servlet [appServlet] in context with path [] threw exception [Request processing failed; nested exception is org.mybatis.spring.MyBatisSystemException: nested exception is org.apache.ibatis.exceptions.PersistenceException: 
### Error querying database.  Cause: org.springframework.jdbc.CannotGetJdbcConnectionException: Failed to obtain JDBC Connection; nested exception is org.apache.commons.dbcp.SQLNestedException: Cannot create PoolableConnectionFactory (호스트 61.32.101.234, 포트 1433에 대한 TCP/IP 연결에 실패했습니다. 오류: "connect timed out. 연결 속성을 확인하십시오. SQL Server의 인스턴스가 호스트에서 실행되고 있고 포트에서 TCP/IP 연결을 허용하고 있는지 확인하십시오. 또한 방화벽에서 포트로의 TCP 연결을 차단하지 않는지 확인하십시오.".)
### The error may exist in com/daejist/login/mapper/LoginMapper.xml
### The error may involve com.daejist.login.mapper.LoginMapper.checkUserWithSessionKey
### The error occurred while executing a query
### Cause: org.springframework.jdbc.CannotGetJdbcConnectionException: Failed to obtain JDBC Connection; nested exception is org.apache.commons.dbcp.SQLNestedException: Cannot create PoolableConnectionFactory (호스트 61.32.101.234, 포트 1433에 대한 TCP/IP 연결에 실패했습니다. 오류: "connect timed out. 연결 속성을 확인하십시오. SQL Server의 인스턴스가 호스트에서 실행되고 있고 포트에서 TCP/IP 연결을 허용하고 있는지 확인하십시오. 또한 방화벽에서 포트로의 TCP 연결을 차단하지 않는지 확인하십시오.".)] with root cause
 com.microsoft.sqlserver.jdbc.SQLServerException: 호스트 61.32.101.234, 포트 1433에 대한 TCP/IP 연결에 실패했습니다. 오류: "connect timed out. 연결 속성을 확인하십시오. SQL Server의 인스턴스가 호스트에서 실행되고 있고 포트에서 TCP/IP 연결을 허용하고 있는지 확인하십시오. 또한 방화벽에서 포트로의 TCP 연결을 차단하지 않는지 확인하십시오.".
	at com.microsoft.sqlserver.jdbc.SQLServerException.makeFromDriverError(SQLServerException.java:234)
	at com.microsoft.sqlserver.jdbc.SQLServerException.ConvertConnectExceptionToSQLServerException(SQLServerException.java:285)
	at com.microsoft.sqlserver.jdbc.SocketFinder.findSocket(IOBuffer.java:2462)
	at com.microsoft.sqlserver.jdbc.TDSChannel.open(IOBuffer.java:668)
	at com.microsoft.sqlserver.jdbc.SQLServerConnection.connectHelper(SQLServerConnection.java:2695)
	at com.microsoft.sqlserver.jdbc.SQLServerConnection.login(SQLServerConnection.java:2362)
	at com.microsoft.sqlserver.jdbc.SQLServerConnection.connectInternal(SQLServerConnection.java:2213)
	at com.microsoft.sqlserver.jdbc.SQLServerConnection.connect(SQLServerConnection.java:1276)
	at com.microsoft.sqlserver.jdbc.SQLServerDriver.connect(SQLServerDriver.java:861)
	at org.apache.commons.dbcp.DriverConnectionFactory.createConnection(DriverConnectionFactory.java:38)
	at org.apache.commons.dbcp.PoolableConnectionFactory.makeObject(PoolableConnectionFactory.java:582)
	at org.apache.commons.dbcp.BasicDataSource.validateConnectionFactory(BasicDataSource.java:1556)
	at org.apache.commons.dbcp.BasicDataSource.createPoolableConnectionFactory(BasicDataSource.java:1545)
	at org.apache.commons.dbcp.BasicDataSource.createDataSource(BasicDataSource.java:1388)
	at org.apache.commons.dbcp.BasicDataSource.getConnection(BasicDataSource.java:1044)
	at org.springframework.jdbc.datasource.DataSourceUtils.fetchConnection(DataSourceUtils.java:157)
	at org.springframework.jdbc.datasource.DataSourceUtils.doGetConnection(DataSourceUtils.java:115)
	at org.springframework.jdbc.datasource.DataSourceUtils.getConnection(DataSourceUtils.java:78)
	at org.mybatis.spring.transaction.SpringManagedTransaction.openConnection(SpringManagedTransaction.java:80)
	at org.mybatis.spring.transaction.SpringManagedTransaction.getConnection(SpringManagedTransaction.java:67)
	at org.apache.ibatis.executor.BaseExecutor.getConnection(BaseExecutor.java:336)
	at org.apache.ibatis.executor.SimpleExecutor.prepareStatement(SimpleExecutor.java:85)
	at org.apache.ibatis.executor.SimpleExecutor.doQuery(SimpleExecutor.java:62)
	at org.apache.ibatis.executor.BaseExecutor.queryFromDatabase(BaseExecutor.java:324)
	at org.apache.ibatis.executor.BaseExecutor.query(BaseExecutor.java:156)
	at org.apache.ibatis.executor.CachingExecutor.query(CachingExecutor.java:109)
	at org.apache.ibatis.executor.CachingExecutor.query(CachingExecutor.java:83)
	at org.apache.ibatis.session.defaults.DefaultSqlSession.selectList(DefaultSqlSession.java:147)
	at org.apache.ibatis.session.defaults.DefaultSqlSession.selectList(DefaultSqlSession.java:140)
	at org.apache.ibatis.session.defaults.DefaultSqlSession.selectOne(DefaultSqlSession.java:76)
	at sun.reflect.GeneratedMethodAccessor77.invoke(Unknown Source)
	at sun.reflect.DelegatingMethodAccessorImpl.invoke(DelegatingMethodAccessorImpl.java:43)
	at java.lang.reflect.Method.invoke(Method.java:498)
	at org.mybatis.spring.SqlSessionTemplate$SqlSessionInterceptor.invoke(SqlSessionTemplate.java:426)
	at com.sun.proxy.$Proxy59.selectOne(Unknown Source)
	at org.mybatis.spring.SqlSessionTemplate.selectOne(SqlSessionTemplate.java:159)
	at org.apache.ibatis.binding.MapperMethod.execute(MapperMethod.java:87)
	at org.apache.ibatis.binding.MapperProxy.invoke(MapperProxy.java:57)
	at com.sun.proxy.$Proxy61.checkUserWithSessionKey(Unknown Source)
	at com.daejist.login.service.LoginServiceImp.checkUserWithSessionKey(LoginServiceImp.java:84)
	at com.daejist.login.controller.LoginController.login(LoginController.java:75)
	at sun.reflect.GeneratedMethodAccessor76.invoke(Unknown Source)
	at sun.reflect.DelegatingMethodAccessorImpl.invoke(DelegatingMethodAccessorImpl.java:43)
	at java.lang.reflect.Method.invoke(Method.java:498)
	at org.springframework.web.method.support.InvocableHandlerMethod.doInvoke(InvocableHandlerMethod.java:190)
	at org.springframework.web.method.support.InvocableHandlerMethod.invokeForRequest(InvocableHandlerMethod.java:138)
	at org.springframework.web.servlet.mvc.method.annotation.ServletInvocableHandlerMethod.invokeAndHandle(ServletInvocableHandlerMethod.java:104)
	at org.springframework.web.servlet.mvc.method.annotation.RequestMappingHandlerAdapter.invokeHandlerMethod(RequestMappingHandlerAdapter.java:892)
	at org.springframework.web.servlet.mvc.method.annotation.RequestMappingHandlerAdapter.handleInternal(RequestMappingHandlerAdapter.java:797)
	at org.springframework.web.servlet.mvc.method.AbstractHandlerMethodAdapter.handle(AbstractHandlerMethodAdapter.java:87)
	at org.springframework.web.servlet.DispatcherServlet.doDispatch(DispatcherServlet.java:1039)
	at org.springframework.web.servlet.DispatcherServlet.doService(DispatcherServlet.java:942)
	at org.springframework.web.servlet.FrameworkServlet.processRequest(FrameworkServlet.java:1005)
	at org.springframework.web.servlet.FrameworkServlet.doGet(FrameworkServlet.java:897)
	at javax.servlet.http.HttpServlet.service(HttpServlet.java:622)
	at org.springframework.web.servlet.FrameworkServlet.service(FrameworkServlet.java:882)
	at javax.servlet.http.HttpServlet.service(HttpServlet.java:729)
	at org.apache.catalina.core.ApplicationFilterChain.internalDoFilter(ApplicationFilterChain.java:292)
	at org.apache.catalina.core.ApplicationFilterChain.doFilter(ApplicationFilterChain.java:207)
	at org.apache.tomcat.websocket.server.WsFilter.doFilter(WsFilter.java:52)
	at org.apache.catalina.core.ApplicationFilterChain.internalDoFilter(ApplicationFilterChain.java:240)
	at org.apache.catalina.core.ApplicationFilterChain.doFilter(ApplicationFilterChain.java:207)
	at org.springframework.web.filter.CharacterEncodingFilter.doFilterInternal(CharacterEncodingFilter.java:200)
	at org.springframework.web.filter.OncePerRequestFilter.doFilter(OncePerRequestFilter.java:118)
	at org.apache.catalina.core.ApplicationFilterChain.internalDoFilter(ApplicationFilterChain.java:240)
	at org.apache.catalina.core.ApplicationFilterChain.doFilter(ApplicationFilterChain.java:207)
	at org.apache.catalina.core.StandardWrapperValve.invoke(StandardWrapperValve.java:212)
	at org.apache.catalina.core.StandardContextValve.invoke(StandardContextValve.java:94)
	at org.apache.catalina.core.StandardHostValve.invoke(StandardHostValve.java:141)
	at org.apache.catalina.valves.ErrorReportValve.invoke(ErrorReportValve.java:79)
	at org.apache.catalina.core.StandardEngineValve.invoke(StandardEngineValve.java:88)
	at org.apache.catalina.connector.CoyoteAdapter.service(CoyoteAdapter.java:502)
	at org.apache.coyote.http11.AbstractHttp11Processor.process(AbstractHttp11Processor.java:1132)
	at org.apache.coyote.AbstractProtocol$AbstractConnectionHandler.process(AbstractProtocol.java:684)
	at org.apache.tomcat.util.net.NioEndpoint$SocketProcessor.doRun(NioEndpoint.java:1539)
	at org.apache.tomcat.util.net.NioEndpoint$SocketProcessor.run(NioEndpoint.java:1495)
	at java.util.concurrent.ThreadPoolExecutor.runWorker(ThreadPoolExecutor.java:1142)
	at java.util.concurrent.ThreadPoolExecutor$Worker.run(ThreadPoolExecutor.java:617)
	at org.apache.tomcat.util.threads.TaskThread$WrappingRunnable.run(TaskThread.java:61)
	at java.lang.Thread.run(Thread.java:745)

10-Aug-2026 12:59:44.851 심각 [http-nio-8855-exec-27] org.apache.catalina.core.StandardWrapperValve.invoke Servlet.service() for servlet [appServlet] in context with path [] threw exception [Request processing failed; nested exception is org.mybatis.spring.MyBatisSystemException: nested exception is org.apache.ibatis.exceptions.PersistenceException: 
### Error querying database.  Cause: org.springframework.jdbc.CannotGetJdbcConnectionException: Failed to obtain JDBC Connection; nested exception is org.apache.commons.dbcp.SQLNestedException: Cannot create PoolableConnectionFactory (호스트 61.32.101.234, 포트 1433에 대한 TCP/IP 연결에 실패했습니다. 오류: "connect timed out. 연결 속성을 확인하십시오. SQL Server의 인스턴스가 호스트에서 실행되고 있고 포트에서 TCP/IP 연결을 허용하고 있는지 확인하십시오. 또한 방화벽에서 포트로의 TCP 연결을 차단하지 않는지 확인하십시오.".)
### The error may exist in com/daejist/login/mapper/LoginMapper.xml
### The error may involve com.daejist.login.mapper.LoginMapper.LoginMember
### The error occurred while executing a query
### Cause: org.springframework.jdbc.CannotGetJdbcConnectionException: Failed to obtain JDBC Connection; nested exception is org.apache.commons.dbcp.SQLNestedException: Cannot create PoolableConnectionFactory (호스트 61.32.101.234, 포트 1433에 대한 TCP/IP 연결에 실패했습니다. 오류: "connect timed out. 연결 속성을 확인하십시오. SQL Server의 인스턴스가 호스트에서 실행되고 있고 포트에서 TCP/IP 연결을 허용하고 있는지 확인하십시오. 또한 방화벽에서 포트로의 TCP 연결을 차단하지 않는지 확인하십시오.".)] with root cause
 com.microsoft.sqlserver.jdbc.SQLServerException: 호스트 61.32.101.234, 포트 1433에 대한 TCP/IP 연결에 실패했습니다. 오류: "connect timed out. 연결 속성을 확인하십시오. SQL Server의 인스턴스가 호스트에서 실행되고 있고 포트에서 TCP/IP 연결을 허용하고 있는지 확인하십시오. 또한 방화벽에서 포트로의 TCP 연결을 차단하지 않는지 확인하십시오.".
	at com.microsoft.sqlserver.jdbc.SQLServerException.makeFromDriverError(SQLServerException.java:234)
	at com.microsoft.sqlserver.jdbc.SQLServerException.ConvertConnectExceptionToSQLServerException(SQLServerException.java:285)
	at com.microsoft.sqlserver.jdbc.SocketFinder.findSocket(IOBuffer.java:2462)
	at com.microsoft.sqlserver.jdbc.TDSChannel.open(IOBuffer.java:668)
	at com.microsoft.sqlserver.jdbc.SQLServerConnection.connectHelper(SQLServerConnection.java:2695)
	at com.microsoft.sqlserver.jdbc.SQLServerConnection.login(SQLServerConnection.java:2362)
	at com.microsoft.sqlserver.jdbc.SQLServerConnection.connectInternal(SQLServerConnection.java:2213)
	at com.microsoft.sqlserver.jdbc.SQLServerConnection.connect(SQLServerConnection.java:1276)
	at com.microsoft.sqlserver.jdbc.SQLServerDriver.connect(SQLServerDriver.java:861)
	at org.apache.commons.dbcp.DriverConnectionFactory.createConnection(DriverConnectionFactory.java:38)
	at org.apache.commons.dbcp.PoolableConnectionFactory.makeObject(PoolableConnectionFactory.java:582)
	at org.apache.commons.dbcp.BasicDataSource.validateConnectionFactory(BasicDataSource.java:1556)
	at org.apache.commons.dbcp.BasicDataSource.createPoolableConnectionFactory(BasicDataSource.java:1545)
	at org.apache.commons.dbcp.BasicDataSource.createDataSource(BasicDataSource.java:1388)
	at org.apache.commons.dbcp.BasicDataSource.getConnection(BasicDataSource.java:1044)
	at org.springframework.jdbc.datasource.DataSourceUtils.fetchConnection(DataSourceUtils.java:157)
	at org.springframework.jdbc.datasource.DataSourceUtils.doGetConnection(DataSourceUtils.java:115)
	at org.springframework.jdbc.datasource.DataSourceUtils.getConnection(DataSourceUtils.java:78)
	at org.mybatis.spring.transaction.SpringManagedTransaction.openConnection(SpringManagedTransaction.java:80)
	at org.mybatis.spring.transaction.SpringManagedTransaction.getConnection(SpringManagedTransaction.java:67)
	at org.apache.ibatis.executor.BaseExecutor.getConnection(BaseExecutor.java:336)
	at org.apache.ibatis.executor.SimpleExecutor.prepareStatement(SimpleExecutor.java:85)
	at org.apache.ibatis.executor.SimpleExecutor.doQuery(SimpleExecutor.java:62)
	at org.apache.ibatis.executor.BaseExecutor.queryFromDatabase(BaseExecutor.java:324)
	at org.apache.ibatis.executor.BaseExecutor.query(BaseExecutor.java:156)
	at org.apache.ibatis.executor.CachingExecutor.query(CachingExecutor.java:109)
	at org.apache.ibatis.executor.CachingExecutor.query(CachingExecutor.java:83)
	at org.apache.ibatis.session.defaults.DefaultSqlSession.selectList(DefaultSqlSession.java:147)
	at org.apache.ibatis.session.defaults.DefaultSqlSession.selectList(DefaultSqlSession.java:140)
	at org.apache.ibatis.session.defaults.DefaultSqlSession.selectOne(DefaultSqlSession.java:76)
	at sun.reflect.GeneratedMethodAccessor77.invoke(Unknown Source)
	at sun.reflect.DelegatingMethodAccessorImpl.invoke(DelegatingMethodAccessorImpl.java:43)
	at java.lang.reflect.Method.invoke(Method.java:498)
	at org.mybatis.spring.SqlSessionTemplate$SqlSessionInterceptor.invoke(SqlSessionTemplate.java:426)
	at com.sun.proxy.$Proxy59.selectOne(Unknown Source)
	at org.mybatis.spring.SqlSessionTemplate.selectOne(SqlSessionTemplate.java:159)
	at org.apache.ibatis.binding.MapperMethod.execute(MapperMethod.java:87)
	at org.apache.ibatis.binding.MapperProxy.invoke(MapperProxy.java:57)
	at com.sun.proxy.$Proxy61.LoginMember(Unknown Source)
	at com.daejist.login.service.LoginServiceImp.LoginCheck(LoginServiceImp.java:29)
	at com.daejist.login.controller.LoginController.getLogin(LoginController.java:98)
	at sun.reflect.NativeMethodAccessorImpl.invoke0(Native Method)
	at sun.reflect.NativeMethodAccessorImpl.invoke(NativeMethodAccessorImpl.java:62)
	at sun.reflect.DelegatingMethodAccessorImpl.invoke(DelegatingMethodAccessorImpl.java:43)
	at java.lang.reflect.Method.invoke(Method.java:498)
	at org.springframework.web.method.support.InvocableHandlerMethod.doInvoke(InvocableHandlerMethod.java:190)
	at org.springframework.web.method.support.InvocableHandlerMethod.invokeForRequest(InvocableHandlerMethod.java:138)
	at org.springframework.web.servlet.mvc.method.annotation.ServletInvocableHandlerMethod.invokeAndHandle(ServletInvocableHandlerMethod.java:104)
	at org.springframework.web.servlet.mvc.method.annotation.RequestMappingHandlerAdapter.invokeHandlerMethod(RequestMappingHandlerAdapter.java:892)
	at org.springframework.web.servlet.mvc.method.annotation.RequestMappingHandlerAdapter.handleInternal(RequestMappingHandlerAdapter.java:797)
	at org.springframework.web.servlet.mvc.method.AbstractHandlerMethodAdapter.handle(AbstractHandlerMethodAdapter.java:87)
	at org.springframework.web.servlet.DispatcherServlet.doDispatch(DispatcherServlet.java:1039)
	at org.springframework.web.servlet.DispatcherServlet.doService(DispatcherServlet.java:942)
	at org.springframework.web.servlet.FrameworkServlet.processRequest(FrameworkServlet.java:1005)
	at org.springframework.web.servlet.FrameworkServlet.doPost(FrameworkServlet.java:908)
	at javax.servlet.http.HttpServlet.service(HttpServlet.java:648)
	at org.springframework.web.servlet.FrameworkServlet.service(FrameworkServlet.java:882)
	at javax.servlet.http.HttpServlet.service(HttpServlet.java:729)
	at org.apache.catalina.core.ApplicationFilterChain.internalDoFilter(ApplicationFilterChain.java:292)
	at org.apache.catalina.core.ApplicationFilterChain.doFilter(ApplicationFilterChain.java:207)
	at org.apache.tomcat.websocket.server.WsFilter.doFilter(WsFilter.java:52)
	at org.apache.catalina.core.ApplicationFilterChain.internalDoFilter(ApplicationFilterChain.java:240)
	at org.apache.catalina.core.ApplicationFilterChain.doFilter(ApplicationFilterChain.java:207)
	at org.springframework.web.filter.CharacterEncodingFilter.doFilterInternal(CharacterEncodingFilter.java:200)
	at org.springframework.web.filter.OncePerRequestFilter.doFilter(OncePerRequestFilter.java:118)
	at org.apache.catalina.core.ApplicationFilterChain.internalDoFilter(ApplicationFilterChain.java:240)
	at org.apache.catalina.core.ApplicationFilterChain.doFilter(ApplicationFilterChain.java:207)
	at org.apache.catalina.core.StandardWrapperValve.invoke(StandardWrapperValve.java:212)
	at org.apache.catalina.core.StandardContextValve.invoke(StandardContextValve.java:94)
	at org.apache.catalina.core.StandardHostValve.invoke(StandardHostValve.java:141)
	at org.apache.catalina.valves.ErrorReportValve.invoke(ErrorReportValve.java:79)
	at org.apache.catalina.core.StandardEngineValve.invoke(StandardEngineValve.java:88)
	at org.apache.catalina.connector.CoyoteAdapter.service(CoyoteAdapter.java:502)
	at org.apache.coyote.http11.AbstractHttp11Processor.process(AbstractHttp11Processor.java:1132)
	at org.apache.coyote.AbstractProtocol$AbstractConnectionHandler.process(AbstractProtocol.java:684)
	at org.apache.tomcat.util.net.NioEndpoint$SocketProcessor.doRun(NioEndpoint.java:1539)
	at org.apache.tomcat.util.net.NioEndpoint$SocketProcessor.run(NioEndpoint.java:1495)
	at java.util.concurrent.ThreadPoolExecutor.runWorker(ThreadPoolExecutor.java:1142)
	at java.util.concurrent.ThreadPoolExecutor$Worker.run(ThreadPoolExecutor.java:617)
	at org.apache.tomcat.util.threads.TaskThread$WrappingRunnable.run(TaskThread.java:61)
	at java.lang.Thread.run(Thread.java:745)

10-Aug-2026 12:59:59.854 심각 [http-nio-8855-exec-34] org.apache.catalina.core.StandardWrapperValve.invoke Servlet.service() for servlet [appServlet] in context with path [] threw exception [Request processing failed; nested exception is org.mybatis.spring.MyBatisSystemException: nested exception is org.apache.ibatis.exceptions.PersistenceException: 
### Error querying database.  Cause: org.springframework.jdbc.CannotGetJdbcConnectionException: Failed to obtain JDBC Connection; nested exception is org.apache.commons.dbcp.SQLNestedException: Cannot create PoolableConnectionFactory (호스트 61.32.101.234, 포트 1433에 대한 TCP/IP 연결에 실패했습니다. 오류: "connect timed out. 연결 속성을 확인하십시오. SQL Server의 인스턴스가 호스트에서 실행되고 있고 포트에서 TCP/IP 연결을 허용하고 있는지 확인하십시오. 또한 방화벽에서 포트로의 TCP 연결을 차단하지 않는지 확인하십시오.".)
### The error may exist in com/daejist/login/mapper/LoginMapper.xml
### The error may involve com.daejist.login.mapper.LoginMapper.LoginMember
### The error occurred while executing a query
### Cause: org.springframework.jdbc.CannotGetJdbcConnectionException: Failed to obtain JDBC Connection; nested exception is org.apache.commons.dbcp.SQLNestedException: Cannot create PoolableConnectionFactory (호스트 61.32.101.234, 포트 1433에 대한 TCP/IP 연결에 실패했습니다. 오류: "connect timed out. 연결 속성을 확인하십시오. SQL Server의 인스턴스가 호스트에서 실행되고 있고 포트에서 TCP/IP 연결을 허용하고 있는지 확인하십시오. 또한 방화벽에서 포트로의 TCP 연결을 차단하지 않는지 확인하십시오.".)] with root cause
 com.microsoft.sqlserver.jdbc.SQLServerException: 호스트 61.32.101.234, 포트 1433에 대한 TCP/IP 연결에 실패했습니다. 오류: "connect timed out. 연결 속성을 확인하십시오. SQL Server의 인스턴스가 호스트에서 실행되고 있고 포트에서 TCP/IP 연결을 허용하고 있는지 확인하십시오. 또한 방화벽에서 포트로의 TCP 연결을 차단하지 않는지 확인하십시오.".
	at com.microsoft.sqlserver.jdbc.SQLServerException.makeFromDriverError(SQLServerException.java:234)
	at com.microsoft.sqlserver.jdbc.SQLServerException.ConvertConnectExceptionToSQLServerException(SQLServerException.java:285)
	at com.microsoft.sqlserver.jdbc.SocketFinder.findSocket(IOBuffer.java:2462)
	at com.microsoft.sqlserver.jdbc.TDSChannel.open(IOBuffer.java:668)
	at com.microsoft.sqlserver.jdbc.SQLServerConnection.connectHelper(SQLServerConnection.java:2695)
	at com.microsoft.sqlserver.jdbc.SQLServerConnection.login(SQLServerConnection.java:2362)
	at com.microsoft.sqlserver.jdbc.SQLServerConnection.connectInternal(SQLServerConnection.java:2213)
	at com.microsoft.sqlserver.jdbc.SQLServerConnection.connect(SQLServerConnection.java:1276)
	at com.microsoft.sqlserver.jdbc.SQLServerDriver.connect(SQLServerDriver.java:861)
	at org.apache.commons.dbcp.DriverConnectionFactory.createConnection(DriverConnectionFactory.java:38)
	at org.apache.commons.dbcp.PoolableConnectionFactory.makeObject(PoolableConnectionFactory.java:582)
	at org.apache.commons.dbcp.BasicDataSource.validateConnectionFactory(BasicDataSource.java:1556)
	at org.apache.commons.dbcp.BasicDataSource.createPoolableConnectionFactory(BasicDataSource.java:1545)
	at org.apache.commons.dbcp.BasicDataSource.createDataSource(BasicDataSource.java:1388)
	at org.apache.commons.dbcp.BasicDataSource.getConnection(BasicDataSource.java:1044)
	at org.springframework.jdbc.datasource.DataSourceUtils.fetchConnection(DataSourceUtils.java:157)
	at org.springframework.jdbc.datasource.DataSourceUtils.doGetConnection(DataSourceUtils.java:115)
	at org.springframework.jdbc.datasource.DataSourceUtils.getConnection(DataSourceUtils.java:78)
	at org.mybatis.spring.transaction.SpringManagedTransaction.openConnection(SpringManagedTransaction.java:80)
	at org.mybatis.spring.transaction.SpringManagedTransaction.getConnection(SpringManagedTransaction.java:67)
	at org.apache.ibatis.executor.BaseExecutor.getConnection(BaseExecutor.java:336)
	at org.apache.ibatis.executor.SimpleExecutor.prepareStatement(SimpleExecutor.java:85)
	at org.apache.ibatis.executor.SimpleExecutor.doQuery(SimpleExecutor.java:62)
	at org.apache.ibatis.executor.BaseExecutor.queryFromDatabase(BaseExecutor.java:324)
	at org.apache.ibatis.executor.BaseExecutor.query(BaseExecutor.java:156)
	at org.apache.ibatis.executor.CachingExecutor.query(CachingExecutor.java:109)
	at org.apache.ibatis.executor.CachingExecutor.query(CachingExecutor.java:83)
	at org.apache.ibatis.session.defaults.DefaultSqlSession.selectList(DefaultSqlSession.java:147)
	at org.apache.ibatis.session.defaults.DefaultSqlSession.selectList(DefaultSqlSession.java:140)
	at org.apache.ibatis.session.defaults.DefaultSqlSession.selectOne(DefaultSqlSession.java:76)
	at sun.reflect.GeneratedMethodAccessor77.invoke(Unknown Source)
	at sun.reflect.DelegatingMethodAccessorImpl.invoke(DelegatingMethodAccessorImpl.java:43)
	at java.lang.reflect.Method.invoke(Method.java:498)
	at org.mybatis.spring.SqlSessionTemplate$SqlSessionInterceptor.invoke(SqlSessionTemplate.java:426)
	at com.sun.proxy.$Proxy59.selectOne(Unknown Source)
	at org.mybatis.spring.SqlSessionTemplate.selectOne(SqlSessionTemplate.java:159)
	at org.apache.ibatis.binding.MapperMethod.execute(MapperMethod.java:87)
	at org.apache.ibatis.binding.MapperProxy.invoke(MapperProxy.java:57)
	at com.sun.proxy.$Proxy61.LoginMember(Unknown Source)
	at com.daejist.login.service.LoginServiceImp.LoginCheck(LoginServiceImp.java:29)
	at com.daejist.login.controller.LoginController.getLogin(LoginController.java:98)
	at sun.reflect.NativeMethodAccessorImpl.invoke0(Native Method)
	at sun.reflect.NativeMethodAccessorImpl.invoke(NativeMethodAccessorImpl.java:62)
	at sun.reflect.DelegatingMethodAccessorImpl.invoke(DelegatingMethodAccessorImpl.java:43)
	at java.lang.reflect.Method.invoke(Method.java:498)
	at org.springframework.web.method.support.InvocableHandlerMethod.doInvoke(InvocableHandlerMethod.java:190)
	at org.springframework.web.method.support.InvocableHandlerMethod.invokeForRequest(InvocableHandlerMethod.java:138)
	at org.springframework.web.servlet.mvc.method.annotation.ServletInvocableHandlerMethod.invokeAndHandle(ServletInvocableHandlerMethod.java:104)
	at org.springframework.web.servlet.mvc.method.annotation.RequestMappingHandlerAdapter.invokeHandlerMethod(RequestMappingHandlerAdapter.java:892)
	at org.springframework.web.servlet.mvc.method.annotation.RequestMappingHandlerAdapter.handleInternal(RequestMappingHandlerAdapter.java:797)
	at org.springframework.web.servlet.mvc.method.AbstractHandlerMethodAdapter.handle(AbstractHandlerMethodAdapter.java:87)
	at org.springframework.web.servlet.DispatcherServlet.doDispatch(DispatcherServlet.java:1039)
	at org.springframework.web.servlet.DispatcherServlet.doService(DispatcherServlet.java:942)
	at org.springframework.web.servlet.FrameworkServlet.processRequest(FrameworkServlet.java:1005)
	at org.springframework.web.servlet.FrameworkServlet.doPost(FrameworkServlet.java:908)
	at javax.servlet.http.HttpServlet.service(HttpServlet.java:648)
	at org.springframework.web.servlet.FrameworkServlet.service(FrameworkServlet.java:882)
	at javax.servlet.http.HttpServlet.service(HttpServlet.java:729)
	at org.apache.catalina.core.ApplicationFilterChain.internalDoFilter(ApplicationFilterChain.java:292)
	at org.apache.catalina.core.ApplicationFilterChain.doFilter(ApplicationFilterChain.java:207)
	at org.apache.tomcat.websocket.server.WsFilter.doFilter(WsFilter.java:52)
	at org.apache.catalina.core.ApplicationFilterChain.internalDoFilter(ApplicationFilterChain.java:240)
	at org.apache.catalina.core.ApplicationFilterChain.doFilter(ApplicationFilterChain.java:207)
	at org.springframework.web.filter.CharacterEncodingFilter.doFilterInternal(CharacterEncodingFilter.java:200)
	at org.springframework.web.filter.OncePerRequestFilter.doFilter(OncePerRequestFilter.java:118)
	at org.apache.catalina.core.ApplicationFilterChain.internalDoFilter(ApplicationFilterChain.java:240)
	at org.apache.catalina.core.ApplicationFilterChain.doFilter(ApplicationFilterChain.java:207)
	at org.apache.catalina.core.StandardWrapperValve.invoke(StandardWrapperValve.java:212)
	at org.apache.catalina.core.StandardContextValve.invoke(StandardContextValve.java:94)
	at org.apache.catalina.core.StandardHostValve.invoke(StandardHostValve.java:141)
	at org.apache.catalina.valves.ErrorReportValve.invoke(ErrorReportValve.java:79)
	at org.apache.catalina.core.StandardEngineValve.invoke(StandardEngineValve.java:88)
	at org.apache.catalina.connector.CoyoteAdapter.service(CoyoteAdapter.java:502)
	at org.apache.coyote.http11.AbstractHttp11Processor.process(AbstractHttp11Processor.java:1132)
	at org.apache.coyote.AbstractProtocol$AbstractConnectionHandler.process(AbstractProtocol.java:684)
	at org.apache.tomcat.util.net.NioEndpoint$SocketProcessor.doRun(NioEndpoint.java:1539)
	at org.apache.tomcat.util.net.NioEndpoint$SocketProcessor.run(NioEndpoint.java:1495)
	at java.util.concurrent.ThreadPoolExecutor.runWorker(ThreadPoolExecutor.java:1142)
	at java.util.concurrent.ThreadPoolExecutor$Worker.run(ThreadPoolExecutor.java:617)
	at org.apache.tomcat.util.threads.TaskThread$WrappingRunnable.run(TaskThread.java:61)
	at java.lang.Thread.run(Thread.java:745)

10-Aug-2026 13:00:14.858 심각 [http-nio-8855-exec-19] org.apache.catalina.core.StandardWrapperValve.invoke Servlet.service() for servlet [appServlet] in context with path [] threw exception [Request processing failed; nested exception is org.mybatis.spring.MyBatisSystemException: nested exception is org.apache.ibatis.exceptions.PersistenceException: 
### Error querying database.  Cause: org.springframework.jdbc.CannotGetJdbcConnectionException: Failed to obtain JDBC Connection; nested exception is org.apache.commons.dbcp.SQLNestedException: Cannot create PoolableConnectionFactory (호스트 61.32.101.234, 포트 1433에 대한 TCP/IP 연결에 실패했습니다. 오류: "connect timed out. 연결 속성을 확인하십시오. SQL Server의 인스턴스가 호스트에서 실행되고 있고 포트에서 TCP/IP 연결을 허용하고 있는지 확인하십시오. 또한 방화벽에서 포트로의 TCP 연결을 차단하지 않는지 확인하십시오.".)
### The error may exist in com/daejist/login/mapper/LoginMapper.xml
### The error may involve com.daejist.login.mapper.LoginMapper.LoginMember
### The error occurred while executing a query
### Cause: org.springframework.jdbc.CannotGetJdbcConnectionException: Failed to obtain JDBC Connection; nested exception is org.apache.commons.dbcp.SQLNestedException: Cannot create PoolableConnectionFactory (호스트 61.32.101.234, 포트 1433에 대한 TCP/IP 연결에 실패했습니다. 오류: "connect timed out. 연결 속성을 확인하십시오. SQL Server의 인스턴스가 호스트에서 실행되고 있고 포트에서 TCP/IP 연결을 허용하고 있는지 확인하십시오. 또한 방화벽에서 포트로의 TCP 연결을 차단하지 않는지 확인하십시오.".)] with root cause
 com.microsoft.sqlserver.jdbc.SQLServerException: 호스트 61.32.101.234, 포트 1433에 대한 TCP/IP 연결에 실패했습니다. 오류: "connect timed out. 연결 속성을 확인하십시오. SQL Server의 인스턴스가 호스트에서 실행되고 있고 포트에서 TCP/IP 연결을 허용하고 있는지 확인하십시오. 또한 방화벽에서 포트로의 TCP 연결을 차단하지 않는지 확인하십시오.".
	at com.microsoft.sqlserver.jdbc.SQLServerException.makeFromDriverError(SQLServerException.java:234)
	at com.microsoft.sqlserver.jdbc.SQLServerException.ConvertConnectExceptionToSQLServerException(SQLServerException.java:285)
	at com.microsoft.sqlserver.jdbc.SocketFinder.findSocket(IOBuffer.java:2462)
	at com.microsoft.sqlserver.jdbc.TDSChannel.open(IOBuffer.java:668)
	at com.microsoft.sqlserver.jdbc.SQLServerConnection.connectHelper(SQLServerConnection.java:2695)
	at com.microsoft.sqlserver.jdbc.SQLServerConnection.login(SQLServerConnection.java:2362)
	at com.microsoft.sqlserver.jdbc.SQLServerConnection.connectInternal(SQLServerConnection.java:2213)
	at com.microsoft.sqlserver.jdbc.SQLServerConnection.connect(SQLServerConnection.java:1276)
	at com.microsoft.sqlserver.jdbc.SQLServerDriver.connect(SQLServerDriver.java:861)
	at org.apache.commons.dbcp.DriverConnectionFactory.createConnection(DriverConnectionFactory.java:38)
	at org.apache.commons.dbcp.PoolableConnectionFactory.makeObject(PoolableConnectionFactory.java:582)
	at org.apache.commons.dbcp.BasicDataSource.validateConnectionFactory(BasicDataSource.java:1556)
	at org.apache.commons.dbcp.BasicDataSource.createPoolableConnectionFactory(BasicDataSource.java:1545)
	at org.apache.commons.dbcp.BasicDataSource.createDataSource(BasicDataSource.java:1388)
	at org.apache.commons.dbcp.BasicDataSource.getConnection(BasicDataSource.java:1044)
	at org.springframework.jdbc.datasource.DataSourceUtils.fetchConnection(DataSourceUtils.java:157)
	at org.springframework.jdbc.datasource.DataSourceUtils.doGetConnection(DataSourceUtils.java:115)
	at org.springframework.jdbc.datasource.DataSourceUtils.getConnection(DataSourceUtils.java:78)
	at org.mybatis.spring.transaction.SpringManagedTransaction.openConnection(SpringManagedTransaction.java:80)
	at org.mybatis.spring.transaction.SpringManagedTransaction.getConnection(SpringManagedTransaction.java:67)
	at org.apache.ibatis.executor.BaseExecutor.getConnection(BaseExecutor.java:336)
	at org.apache.ibatis.executor.SimpleExecutor.prepareStatement(SimpleExecutor.java:85)
	at org.apache.ibatis.executor.SimpleExecutor.doQuery(SimpleExecutor.java:62)
	at org.apache.ibatis.executor.BaseExecutor.queryFromDatabase(BaseExecutor.java:324)
	at org.apache.ibatis.executor.BaseExecutor.query(BaseExecutor.java:156)
	at org.apache.ibatis.executor.CachingExecutor.query(CachingExecutor.java:109)
	at org.apache.ibatis.executor.CachingExecutor.query(CachingExecutor.java:83)
	at org.apache.ibatis.session.defaults.DefaultSqlSession.selectList(DefaultSqlSession.java:147)
	at org.apache.ibatis.session.defaults.DefaultSqlSession.selectList(DefaultSqlSession.java:140)
	at org.apache.ibatis.session.defaults.DefaultSqlSession.selectOne(DefaultSqlSession.java:76)
	at sun.reflect.GeneratedMethodAccessor77.invoke(Unknown Source)
	at sun.reflect.DelegatingMethodAccessorImpl.invoke(DelegatingMethodAccessorImpl.java:43)
	at java.lang.reflect.Method.invoke(Method.java:498)
	at org.mybatis.spring.SqlSessionTemplate$SqlSessionInterceptor.invoke(SqlSessionTemplate.java:426)
	at com.sun.proxy.$Proxy59.selectOne(Unknown Source)
	at org.mybatis.spring.SqlSessionTemplate.selectOne(SqlSessionTemplate.java:159)
	at org.apache.ibatis.binding.MapperMethod.execute(MapperMethod.java:87)
	at org.apache.ibatis.binding.MapperProxy.invoke(MapperProxy.java:57)
	at com.sun.proxy.$Proxy61.LoginMember(Unknown Source)
	at com.daejist.login.service.LoginServiceImp.LoginCheck(LoginServiceImp.java:29)
	at com.daejist.login.controller.LoginController.getLogin(LoginController.java:98)
	at sun.reflect.NativeMethodAccessorImpl.invoke0(Native Method)
	at sun.reflect.NativeMethodAccessorImpl.invoke(NativeMethodAccessorImpl.java:62)
	at sun.reflect.DelegatingMethodAccessorImpl.invoke(DelegatingMethodAccessorImpl.java:43)
	at java.lang.reflect.Method.invoke(Method.java:498)
	at org.springframework.web.method.support.InvocableHandlerMethod.doInvoke(InvocableHandlerMethod.java:190)
	at org.springframework.web.method.support.InvocableHandlerMethod.invokeForRequest(InvocableHandlerMethod.java:138)
	at org.springframework.web.servlet.mvc.method.annotation.ServletInvocableHandlerMethod.invokeAndHandle(ServletInvocableHandlerMethod.java:104)
	at org.springframework.web.servlet.mvc.method.annotation.RequestMappingHandlerAdapter.invokeHandlerMethod(RequestMappingHandlerAdapter.java:892)
	at org.springframework.web.servlet.mvc.method.annotation.RequestMappingHandlerAdapter.handleInternal(RequestMappingHandlerAdapter.java:797)
	at org.springframework.web.servlet.mvc.method.AbstractHandlerMethodAdapter.handle(AbstractHandlerMethodAdapter.java:87)
	at org.springframework.web.servlet.DispatcherServlet.doDispatch(DispatcherServlet.java:1039)
	at org.springframework.web.servlet.DispatcherServlet.doService(DispatcherServlet.java:942)
	at org.springframework.web.servlet.FrameworkServlet.processRequest(FrameworkServlet.java:1005)
	at org.springframework.web.servlet.FrameworkServlet.doPost(FrameworkServlet.java:908)
	at javax.servlet.http.HttpServlet.service(HttpServlet.java:648)
	at org.springframework.web.servlet.FrameworkServlet.service(FrameworkServlet.java:882)
	at javax.servlet.http.HttpServlet.service(HttpServlet.java:729)
	at org.apache.catalina.core.ApplicationFilterChain.internalDoFilter(ApplicationFilterChain.java:292)
	at org.apache.catalina.core.ApplicationFilterChain.doFilter(ApplicationFilterChain.java:207)
	at org.apache.tomcat.websocket.server.WsFilter.doFilter(WsFilter.java:52)
	at org.apache.catalina.core.ApplicationFilterChain.internalDoFilter(ApplicationFilterChain.java:240)
	at org.apache.catalina.core.ApplicationFilterChain.doFilter(ApplicationFilterChain.java:207)
	at org.springframework.web.filter.CharacterEncodingFilter.doFilterInternal(CharacterEncodingFilter.java:200)
	at org.springframework.web.filter.OncePerRequestFilter.doFilter(OncePerRequestFilter.java:118)
	at org.apache.catalina.core.ApplicationFilterChain.internalDoFilter(ApplicationFilterChain.java:240)
	at org.apache.catalina.core.ApplicationFilterChain.doFilter(ApplicationFilterChain.java:207)
	at org.apache.catalina.core.StandardWrapperValve.invoke(StandardWrapperValve.java:212)
	at org.apache.catalina.core.StandardContextValve.invoke(StandardContextValve.java:94)
	at org.apache.catalina.core.StandardHostValve.invoke(StandardHostValve.java:141)
	at org.apache.catalina.valves.ErrorReportValve.invoke(ErrorReportValve.java:79)
	at org.apache.catalina.core.StandardEngineValve.invoke(StandardEngineValve.java:88)
	at org.apache.catalina.connector.CoyoteAdapter.service(CoyoteAdapter.java:502)
	at org.apache.coyote.http11.AbstractHttp11Processor.process(AbstractHttp11Processor.java:1132)
	at org.apache.coyote.AbstractProtocol$AbstractConnectionHandler.process(AbstractProtocol.java:684)
	at org.apache.tomcat.util.net.NioEndpoint$SocketProcessor.doRun(NioEndpoint.java:1539)
	at org.apache.tomcat.util.net.NioEndpoint$SocketProcessor.run(NioEndpoint.java:1495)
	at java.util.concurrent.ThreadPoolExecutor.runWorker(ThreadPoolExecutor.java:1142)
	at java.util.concurrent.ThreadPoolExecutor$Worker.run(ThreadPoolExecutor.java:617)
	at org.apache.tomcat.util.threads.TaskThread$WrappingRunnable.run(TaskThread.java:61)
	at java.lang.Thread.run(Thread.java:745)

10-Aug-2026 13:13:58.209 심각 [http-nio-8855-exec-27] org.apache.catalina.core.StandardWrapperValve.invoke Servlet.service() for servlet [appServlet] in context with path [] threw exception [Request processing failed; nested exception is org.mybatis.spring.MyBatisSystemException: nested exception is org.apache.ibatis.exceptions.PersistenceException: 
### Error querying database.  Cause: org.springframework.jdbc.CannotGetJdbcConnectionException: Failed to obtain JDBC Connection; nested exception is org.apache.commons.dbcp.SQLNestedException: Cannot create PoolableConnectionFactory (호스트 61.32.101.234, 포트 1433에 대한 TCP/IP 연결에 실패했습니다. 오류: "connect timed out. 연결 속성을 확인하십시오. SQL Server의 인스턴스가 호스트에서 실행되고 있고 포트에서 TCP/IP 연결을 허용하고 있는지 확인하십시오. 또한 방화벽에서 포트로의 TCP 연결을 차단하지 않는지 확인하십시오.".)
### The error may exist in com/daejist/login/mapper/LoginMapper.xml
### The error may involve com.daejist.login.mapper.LoginMapper.checkUserWithSessionKey
### The error occurred while executing a query
### Cause: org.springframework.jdbc.CannotGetJdbcConnectionException: Failed to obtain JDBC Connection; nested exception is org.apache.commons.dbcp.SQLNestedException: Cannot create PoolableConnectionFactory (호스트 61.32.101.234, 포트 1433에 대한 TCP/IP 연결에 실패했습니다. 오류: "connect timed out. 연결 속성을 확인하십시오. SQL Server의 인스턴스가 호스트에서 실행되고 있고 포트에서 TCP/IP 연결을 허용하고 있는지 확인하십시오. 또한 방화벽에서 포트로의 TCP 연결을 차단하지 않는지 확인하십시오.".)] with root cause
 com.microsoft.sqlserver.jdbc.SQLServerException: 호스트 61.32.101.234, 포트 1433에 대한 TCP/IP 연결에 실패했습니다. 오류: "connect timed out. 연결 속성을 확인하십시오. SQL Server의 인스턴스가 호스트에서 실행되고 있고 포트에서 TCP/IP 연결을 허용하고 있는지 확인하십시오. 또한 방화벽에서 포트로의 TCP 연결을 차단하지 않는지 확인하십시오.".
	at com.microsoft.sqlserver.jdbc.SQLServerException.makeFromDriverError(SQLServerException.java:234)
	at com.microsoft.sqlserver.jdbc.SQLServerException.ConvertConnectExceptionToSQLServerException(SQLServerException.java:285)
	at com.microsoft.sqlserver.jdbc.SocketFinder.findSocket(IOBuffer.java:2462)
	at com.microsoft.sqlserver.jdbc.TDSChannel.open(IOBuffer.java:668)
	at com.microsoft.sqlserver.jdbc.SQLServerConnection.connectHelper(SQLServerConnection.java:2695)
	at com.microsoft.sqlserver.jdbc.SQLServerConnection.login(SQLServerConnection.java:2362)
	at com.microsoft.sqlserver.jdbc.SQLServerConnection.connectInternal(SQLServerConnection.java:2213)
	at com.microsoft.sqlserver.jdbc.SQLServerConnection.connect(SQLServerConnection.java:1276)
	at com.microsoft.sqlserver.jdbc.SQLServerDriver.connect(SQLServerDriver.java:861)
	at org.apache.commons.dbcp.DriverConnectionFactory.createConnection(DriverConnectionFactory.java:38)
	at org.apache.commons.dbcp.PoolableConnectionFactory.makeObject(PoolableConnectionFactory.java:582)
	at org.apache.commons.dbcp.BasicDataSource.validateConnectionFactory(BasicDataSource.java:1556)
	at org.apache.commons.dbcp.BasicDataSource.createPoolableConnectionFactory(BasicDataSource.java:1545)
	at org.apache.commons.dbcp.BasicDataSource.createDataSource(BasicDataSource.java:1388)
	at org.apache.commons.dbcp.BasicDataSource.getConnection(BasicDataSource.java:1044)
	at org.springframework.jdbc.datasource.DataSourceUtils.fetchConnection(DataSourceUtils.java:157)
	at org.springframework.jdbc.datasource.DataSourceUtils.doGetConnection(DataSourceUtils.java:115)
	at org.springframework.jdbc.datasource.DataSourceUtils.getConnection(DataSourceUtils.java:78)
	at org.mybatis.spring.transaction.SpringManagedTransaction.openConnection(SpringManagedTransaction.java:80)
	at org.mybatis.spring.transaction.SpringManagedTransaction.getConnection(SpringManagedTransaction.java:67)
	at org.apache.ibatis.executor.BaseExecutor.getConnection(BaseExecutor.java:336)
	at org.apache.ibatis.executor.SimpleExecutor.prepareStatement(SimpleExecutor.java:85)
	at org.apache.ibatis.executor.SimpleExecutor.doQuery(SimpleExecutor.java:62)
	at org.apache.ibatis.executor.BaseExecutor.queryFromDatabase(BaseExecutor.java:324)
	at org.apache.ibatis.executor.BaseExecutor.query(BaseExecutor.java:156)
	at org.apache.ibatis.executor.CachingExecutor.query(CachingExecutor.java:109)
	at org.apache.ibatis.executor.CachingExecutor.query(CachingExecutor.java:83)
	at org.apache.ibatis.session.defaults.DefaultSqlSession.selectList(DefaultSqlSession.java:147)
	at org.apache.ibatis.session.defaults.DefaultSqlSession.selectList(DefaultSqlSession.java:140)
	at org.apache.ibatis.session.defaults.DefaultSqlSession.selectOne(DefaultSqlSession.java:76)
	at sun.reflect.GeneratedMethodAccessor77.invoke(Unknown Source)
	at sun.reflect.DelegatingMethodAccessorImpl.invoke(DelegatingMethodAccessorImpl.java:43)
	at java.lang.reflect.Method.invoke(Method.java:498)
	at org.mybatis.spring.SqlSessionTemplate$SqlSessionInterceptor.invoke(SqlSessionTemplate.java:426)
	at com.sun.proxy.$Proxy59.selectOne(Unknown Source)
	at org.mybatis.spring.SqlSessionTemplate.selectOne(SqlSessionTemplate.java:159)
	at org.apache.ibatis.binding.MapperMethod.execute(MapperMethod.java:87)
	at org.apache.ibatis.binding.MapperProxy.invoke(MapperProxy.java:57)
	at com.sun.proxy.$Proxy61.checkUserWithSessionKey(Unknown Source)
	at com.daejist.login.service.LoginServiceImp.checkUserWithSessionKey(LoginServiceImp.java:84)
	at com.daejist.login.controller.LoginController.login(LoginController.java:75)
	at sun.reflect.GeneratedMethodAccessor76.invoke(Unknown Source)
	at sun.reflect.DelegatingMethodAccessorImpl.invoke(DelegatingMethodAccessorImpl.java:43)
	at java.lang.reflect.Method.invoke(Method.java:498)
	at org.springframework.web.method.support.InvocableHandlerMethod.doInvoke(InvocableHandlerMethod.java:190)
	at org.springframework.web.method.support.InvocableHandlerMethod.invokeForRequest(InvocableHandlerMethod.java:138)
	at org.springframework.web.servlet.mvc.method.annotation.ServletInvocableHandlerMethod.invokeAndHandle(ServletInvocableHandlerMethod.java:104)
	at org.springframework.web.servlet.mvc.method.annotation.RequestMappingHandlerAdapter.invokeHandlerMethod(RequestMappingHandlerAdapter.java:892)
	at org.springframework.web.servlet.mvc.method.annotation.RequestMappingHandlerAdapter.handleInternal(RequestMappingHandlerAdapter.java:797)
	at org.springframework.web.servlet.mvc.method.AbstractHandlerMethodAdapter.handle(AbstractHandlerMethodAdapter.java:87)
	at org.springframework.web.servlet.DispatcherServlet.doDispatch(DispatcherServlet.java:1039)
	at org.springframework.web.servlet.DispatcherServlet.doService(DispatcherServlet.java:942)
	at org.springframework.web.servlet.FrameworkServlet.processRequest(FrameworkServlet.java:1005)
	at org.springframework.web.servlet.FrameworkServlet.doGet(FrameworkServlet.java:897)
	at javax.servlet.http.HttpServlet.service(HttpServlet.java:622)
	at org.springframework.web.servlet.FrameworkServlet.service(FrameworkServlet.java:882)
	at javax.servlet.http.HttpServlet.service(HttpServlet.java:729)
	at org.apache.catalina.core.ApplicationFilterChain.internalDoFilter(ApplicationFilterChain.java:292)
	at org.apache.catalina.core.ApplicationFilterChain.doFilter(ApplicationFilterChain.java:207)
	at org.apache.tomcat.websocket.server.WsFilter.doFilter(WsFilter.java:52)
	at org.apache.catalina.core.ApplicationFilterChain.internalDoFilter(ApplicationFilterChain.java:240)
	at org.apache.catalina.core.ApplicationFilterChain.doFilter(ApplicationFilterChain.java:207)
	at org.springframework.web.filter.CharacterEncodingFilter.doFilterInternal(CharacterEncodingFilter.java:200)
	at org.springframework.web.filter.OncePerRequestFilter.doFilter(OncePerRequestFilter.java:118)
	at org.apache.catalina.core.ApplicationFilterChain.internalDoFilter(ApplicationFilterChain.java:240)
	at org.apache.catalina.core.ApplicationFilterChain.doFilter(ApplicationFilterChain.java:207)
	at org.apache.catalina.core.StandardWrapperValve.invoke(StandardWrapperValve.java:212)
	at org.apache.catalina.core.StandardContextValve.invoke(StandardContextValve.java:94)
	at org.apache.catalina.core.StandardHostValve.invoke(StandardHostValve.java:141)
	at org.apache.catalina.valves.ErrorReportValve.invoke(ErrorReportValve.java:79)
	at org.apache.catalina.core.StandardEngineValve.invoke(StandardEngineValve.java:88)
	at org.apache.catalina.connector.CoyoteAdapter.service(CoyoteAdapter.java:502)
	at org.apache.coyote.http11.AbstractHttp11Processor.process(AbstractHttp11Processor.java:1132)
	at org.apache.coyote.AbstractProtocol$AbstractConnectionHandler.process(AbstractProtocol.java:684)
	at org.apache.tomcat.util.net.NioEndpoint$SocketProcessor.doRun(NioEndpoint.java:1539)
	at org.apache.tomcat.util.net.NioEndpoint$SocketProcessor.run(NioEndpoint.java:1495)
	at java.util.concurrent.ThreadPoolExecutor.runWorker(ThreadPoolExecutor.java:1142)
	at java.util.concurrent.ThreadPoolExecutor$Worker.run(ThreadPoolExecutor.java:617)
	at org.apache.tomcat.util.threads.TaskThread$WrappingRunnable.run(TaskThread.java:61)
	at java.lang.Thread.run(Thread.java:745)

10-Aug-2026 13:14:13.214 심각 [http-nio-8855-exec-3] org.apache.catalina.core.StandardWrapperValve.invoke Servlet.service() for servlet [appServlet] in context with path [] threw exception [Request processing failed; nested exception is org.mybatis.spring.MyBatisSystemException: nested exception is org.apache.ibatis.exceptions.PersistenceException: 
### Error querying database.  Cause: org.springframework.jdbc.CannotGetJdbcConnectionException: Failed to obtain JDBC Connection; nested exception is org.apache.commons.dbcp.SQLNestedException: Cannot create PoolableConnectionFactory (호스트 61.32.101.234, 포트 1433에 대한 TCP/IP 연결에 실패했습니다. 오류: "connect timed out. 연결 속성을 확인하십시오. SQL Server의 인스턴스가 호스트에서 실행되고 있고 포트에서 TCP/IP 연결을 허용하고 있는지 확인하십시오. 또한 방화벽에서 포트로의 TCP 연결을 차단하지 않는지 확인하십시오.".)
### The error may exist in com/daejist/login/mapper/LoginMapper.xml
### The error may involve com.daejist.login.mapper.LoginMapper.checkUserWithSessionKey
### The error occurred while executing a query
### Cause: org.springframework.jdbc.CannotGetJdbcConnectionException: Failed to obtain JDBC Connection; nested exception is org.apache.commons.dbcp.SQLNestedException: Cannot create PoolableConnectionFactory (호스트 61.32.101.234, 포트 1433에 대한 TCP/IP 연결에 실패했습니다. 오류: "connect timed out. 연결 속성을 확인하십시오. SQL Server의 인스턴스가 호스트에서 실행되고 있고 포트에서 TCP/IP 연결을 허용하고 있는지 확인하십시오. 또한 방화벽에서 포트로의 TCP 연결을 차단하지 않는지 확인하십시오.".)] with root cause
 com.microsoft.sqlserver.jdbc.SQLServerException: 호스트 61.32.101.234, 포트 1433에 대한 TCP/IP 연결에 실패했습니다. 오류: "connect timed out. 연결 속성을 확인하십시오. SQL Server의 인스턴스가 호스트에서 실행되고 있고 포트에서 TCP/IP 연결을 허용하고 있는지 확인하십시오. 또한 방화벽에서 포트로의 TCP 연결을 차단하지 않는지 확인하십시오.".
	at com.microsoft.sqlserver.jdbc.SQLServerException.makeFromDriverError(SQLServerException.java:234)
	at com.microsoft.sqlserver.jdbc.SQLServerException.ConvertConnectExceptionToSQLServerException(SQLServerException.java:285)
	at com.microsoft.sqlserver.jdbc.SocketFinder.findSocket(IOBuffer.java:2462)
	at com.microsoft.sqlserver.jdbc.TDSChannel.open(IOBuffer.java:668)
	at com.microsoft.sqlserver.jdbc.SQLServerConnection.connectHelper(SQLServerConnection.java:2695)
	at com.microsoft.sqlserver.jdbc.SQLServerConnection.login(SQLServerConnection.java:2362)
	at com.microsoft.sqlserver.jdbc.SQLServerConnection.connectInternal(SQLServerConnection.java:2213)
	at com.microsoft.sqlserver.jdbc.SQLServerConnection.connect(SQLServerConnection.java:1276)
	at com.microsoft.sqlserver.jdbc.SQLServerDriver.connect(SQLServerDriver.java:861)
	at org.apache.commons.dbcp.DriverConnectionFactory.createConnection(DriverConnectionFactory.java:38)
	at org.apache.commons.dbcp.PoolableConnectionFactory.makeObject(PoolableConnectionFactory.java:582)
	at org.apache.commons.dbcp.BasicDataSource.validateConnectionFactory(BasicDataSource.java:1556)
	at org.apache.commons.dbcp.BasicDataSource.createPoolableConnectionFactory(BasicDataSource.java:1545)
	at org.apache.commons.dbcp.BasicDataSource.createDataSource(BasicDataSource.java:1388)
	at org.apache.commons.dbcp.BasicDataSource.getConnection(BasicDataSource.java:1044)
	at org.springframework.jdbc.datasource.DataSourceUtils.fetchConnection(DataSourceUtils.java:157)
	at org.springframework.jdbc.datasource.DataSourceUtils.doGetConnection(DataSourceUtils.java:115)
	at org.springframework.jdbc.datasource.DataSourceUtils.getConnection(DataSourceUtils.java:78)
	at org.mybatis.spring.transaction.SpringManagedTransaction.openConnection(SpringManagedTransaction.java:80)
	at org.mybatis.spring.transaction.SpringManagedTransaction.getConnection(SpringManagedTransaction.java:67)
	at org.apache.ibatis.executor.BaseExecutor.getConnection(BaseExecutor.java:336)
	at org.apache.ibatis.executor.SimpleExecutor.prepareStatement(SimpleExecutor.java:85)
	at org.apache.ibatis.executor.SimpleExecutor.doQuery(SimpleExecutor.java:62)
	at org.apache.ibatis.executor.BaseExecutor.queryFromDatabase(BaseExecutor.java:324)
	at org.apache.ibatis.executor.BaseExecutor.query(BaseExecutor.java:156)
	at org.apache.ibatis.executor.CachingExecutor.query(CachingExecutor.java:109)
	at org.apache.ibatis.executor.CachingExecutor.query(CachingExecutor.java:83)
	at org.apache.ibatis.session.defaults.DefaultSqlSession.selectList(DefaultSqlSession.java:147)
	at org.apache.ibatis.session.defaults.DefaultSqlSession.selectList(DefaultSqlSession.java:140)
	at org.apache.ibatis.session.defaults.DefaultSqlSession.selectOne(DefaultSqlSession.java:76)
	at sun.reflect.GeneratedMethodAccessor77.invoke(Unknown Source)
	at sun.reflect.DelegatingMethodAccessorImpl.invoke(DelegatingMethodAccessorImpl.java:43)
	at java.lang.reflect.Method.invoke(Method.java:498)
	at org.mybatis.spring.SqlSessionTemplate$SqlSessionInterceptor.invoke(SqlSessionTemplate.java:426)
	at com.sun.proxy.$Proxy59.selectOne(Unknown Source)
	at org.mybatis.spring.SqlSessionTemplate.selectOne(SqlSessionTemplate.java:159)
	at org.apache.ibatis.binding.MapperMethod.execute(MapperMethod.java:87)
	at org.apache.ibatis.binding.MapperProxy.invoke(MapperProxy.java:57)
	at com.sun.proxy.$Proxy61.checkUserWithSessionKey(Unknown Source)
	at com.daejist.login.service.LoginServiceImp.checkUserWithSessionKey(LoginServiceImp.java:84)
	at com.daejist.login.controller.LoginController.login(LoginController.java:75)
	at sun.reflect.GeneratedMethodAccessor76.invoke(Unknown Source)
	at sun.reflect.DelegatingMethodAccessorImpl.invoke(DelegatingMethodAccessorImpl.java:43)
	at java.lang.reflect.Method.invoke(Method.java:498)
	at org.springframework.web.method.support.InvocableHandlerMethod.doInvoke(InvocableHandlerMethod.java:190)
	at org.springframework.web.method.support.InvocableHandlerMethod.invokeForRequest(InvocableHandlerMethod.java:138)
	at org.springframework.web.servlet.mvc.method.annotation.ServletInvocableHandlerMethod.invokeAndHandle(ServletInvocableHandlerMethod.java:104)
	at org.springframework.web.servlet.mvc.method.annotation.RequestMappingHandlerAdapter.invokeHandlerMethod(RequestMappingHandlerAdapter.java:892)
	at org.springframework.web.servlet.mvc.method.annotation.RequestMappingHandlerAdapter.handleInternal(RequestMappingHandlerAdapter.java:797)
	at org.springframework.web.servlet.mvc.method.AbstractHandlerMethodAdapter.handle(AbstractHandlerMethodAdapter.java:87)
	at org.springframework.web.servlet.DispatcherServlet.doDispatch(DispatcherServlet.java:1039)
	at org.springframework.web.servlet.DispatcherServlet.doService(DispatcherServlet.java:942)
	at org.springframework.web.servlet.FrameworkServlet.processRequest(FrameworkServlet.java:1005)
	at org.springframework.web.servlet.FrameworkServlet.doGet(FrameworkServlet.java:897)
	at javax.servlet.http.HttpServlet.service(HttpServlet.java:622)
	at org.springframework.web.servlet.FrameworkServlet.service(FrameworkServlet.java:882)
	at javax.servlet.http.HttpServlet.service(HttpServlet.java:729)
	at org.apache.catalina.core.ApplicationFilterChain.internalDoFilter(ApplicationFilterChain.java:292)
	at org.apache.catalina.core.ApplicationFilterChain.doFilter(ApplicationFilterChain.java:207)
	at org.apache.tomcat.websocket.server.WsFilter.doFilter(WsFilter.java:52)
	at org.apache.catalina.core.ApplicationFilterChain.internalDoFilter(ApplicationFilterChain.java:240)
	at org.apache.catalina.core.ApplicationFilterChain.doFilter(ApplicationFilterChain.java:207)
	at org.springframework.web.filter.CharacterEncodingFilter.doFilterInternal(CharacterEncodingFilter.java:200)
	at org.springframework.web.filter.OncePerRequestFilter.doFilter(OncePerRequestFilter.java:118)
	at org.apache.catalina.core.ApplicationFilterChain.internalDoFilter(ApplicationFilterChain.java:240)
	at org.apache.catalina.core.ApplicationFilterChain.doFilter(ApplicationFilterChain.java:207)
	at org.apache.catalina.core.StandardWrapperValve.invoke(StandardWrapperValve.java:212)
	at org.apache.catalina.core.StandardContextValve.invoke(StandardContextValve.java:94)
	at org.apache.catalina.core.StandardHostValve.invoke(StandardHostValve.java:141)
	at org.apache.catalina.valves.ErrorReportValve.invoke(ErrorReportValve.java:79)
	at org.apache.catalina.core.StandardEngineValve.invoke(StandardEngineValve.java:88)
	at org.apache.catalina.connector.CoyoteAdapter.service(CoyoteAdapter.java:502)
	at org.apache.coyote.http11.AbstractHttp11Processor.process(AbstractHttp11Processor.java:1132)
	at org.apache.coyote.AbstractProtocol$AbstractConnectionHandler.process(AbstractProtocol.java:684)
	at org.apache.tomcat.util.net.NioEndpoint$SocketProcessor.doRun(NioEndpoint.java:1539)
	at org.apache.tomcat.util.net.NioEndpoint$SocketProcessor.run(NioEndpoint.java:1495)
	at java.util.concurrent.ThreadPoolExecutor.runWorker(ThreadPoolExecutor.java:1142)
	at java.util.concurrent.ThreadPoolExecutor$Worker.run(ThreadPoolExecutor.java:617)
	at org.apache.tomcat.util.threads.TaskThread$WrappingRunnable.run(TaskThread.java:61)
	at java.lang.Thread.run(Thread.java:745)

10-Aug-2026 13:14:28.221 심각 [http-nio-8855-exec-22] org.apache.catalina.core.StandardWrapperValve.invoke Servlet.service() for servlet [appServlet] in context with path [] threw exception [Request processing failed; nested exception is org.mybatis.spring.MyBatisSystemException: nested exception is org.apache.ibatis.exceptions.PersistenceException: 
### Error querying database.  Cause: org.springframework.jdbc.CannotGetJdbcConnectionException: Failed to obtain JDBC Connection; nested exception is org.apache.commons.dbcp.SQLNestedException: Cannot create PoolableConnectionFactory (호스트 61.32.101.234, 포트 1433에 대한 TCP/IP 연결에 실패했습니다. 오류: "connect timed out. 연결 속성을 확인하십시오. SQL Server의 인스턴스가 호스트에서 실행되고 있고 포트에서 TCP/IP 연결을 허용하고 있는지 확인하십시오. 또한 방화벽에서 포트로의 TCP 연결을 차단하지 않는지 확인하십시오.".)
### The error may exist in com/daejist/login/mapper/LoginMapper.xml
### The error may involve com.daejist.login.mapper.LoginMapper.checkUserWithSessionKey
### The error occurred while executing a query
### Cause: org.springframework.jdbc.CannotGetJdbcConnectionException: Failed to obtain JDBC Connection; nested exception is org.apache.commons.dbcp.SQLNestedException: Cannot create PoolableConnectionFactory (호스트 61.32.101.234, 포트 1433에 대한 TCP/IP 연결에 실패했습니다. 오류: "connect timed out. 연결 속성을 확인하십시오. SQL Server의 인스턴스가 호스트에서 실행되고 있고 포트에서 TCP/IP 연결을 허용하고 있는지 확인하십시오. 또한 방화벽에서 포트로의 TCP 연결을 차단하지 않는지 확인하십시오.".)] with root cause
 com.microsoft.sqlserver.jdbc.SQLServerException: 호스트 61.32.101.234, 포트 1433에 대한 TCP/IP 연결에 실패했습니다. 오류: "connect timed out. 연결 속성을 확인하십시오. SQL Server의 인스턴스가 호스트에서 실행되고 있고 포트에서 TCP/IP 연결을 허용하고 있는지 확인하십시오. 또한 방화벽에서 포트로의 TCP 연결을 차단하지 않는지 확인하십시오.".
	at com.microsoft.sqlserver.jdbc.SQLServerException.makeFromDriverError(SQLServerException.java:234)
	at com.microsoft.sqlserver.jdbc.SQLServerException.ConvertConnectExceptionToSQLServerException(SQLServerException.java:285)
	at com.microsoft.sqlserver.jdbc.SocketFinder.findSocket(IOBuffer.java:2462)
	at com.microsoft.sqlserver.jdbc.TDSChannel.open(IOBuffer.java:668)
	at com.microsoft.sqlserver.jdbc.SQLServerConnection.connectHelper(SQLServerConnection.java:2695)
	at com.microsoft.sqlserver.jdbc.SQLServerConnection.login(SQLServerConnection.java:2362)
	at com.microsoft.sqlserver.jdbc.SQLServerConnection.connectInternal(SQLServerConnection.java:2213)
	at com.microsoft.sqlserver.jdbc.SQLServerConnection.connect(SQLServerConnection.java:1276)
	at com.microsoft.sqlserver.jdbc.SQLServerDriver.connect(SQLServerDriver.java:861)
	at org.apache.commons.dbcp.DriverConnectionFactory.createConnection(DriverConnectionFactory.java:38)
	at org.apache.commons.dbcp.PoolableConnectionFactory.makeObject(PoolableConnectionFactory.java:582)
	at org.apache.commons.dbcp.BasicDataSource.validateConnectionFactory(BasicDataSource.java:1556)
	at org.apache.commons.dbcp.BasicDataSource.createPoolableConnectionFactory(BasicDataSource.java:1545)
	at org.apache.commons.dbcp.BasicDataSource.createDataSource(BasicDataSource.java:1388)
	at org.apache.commons.dbcp.BasicDataSource.getConnection(BasicDataSource.java:1044)
	at org.springframework.jdbc.datasource.DataSourceUtils.fetchConnection(DataSourceUtils.java:157)
	at org.springframework.jdbc.datasource.DataSourceUtils.doGetConnection(DataSourceUtils.java:115)
	at org.springframework.jdbc.datasource.DataSourceUtils.getConnection(DataSourceUtils.java:78)
	at org.mybatis.spring.transaction.SpringManagedTransaction.openConnection(SpringManagedTransaction.java:80)
	at org.mybatis.spring.transaction.SpringManagedTransaction.getConnection(SpringManagedTransaction.java:67)
	at org.apache.ibatis.executor.BaseExecutor.getConnection(BaseExecutor.java:336)
	at org.apache.ibatis.executor.SimpleExecutor.prepareStatement(SimpleExecutor.java:85)
	at org.apache.ibatis.executor.SimpleExecutor.doQuery(SimpleExecutor.java:62)
	at org.apache.ibatis.executor.BaseExecutor.queryFromDatabase(BaseExecutor.java:324)
	at org.apache.ibatis.executor.BaseExecutor.query(BaseExecutor.java:156)
	at org.apache.ibatis.executor.CachingExecutor.query(CachingExecutor.java:109)
	at org.apache.ibatis.executor.CachingExecutor.query(CachingExecutor.java:83)
	at org.apache.ibatis.session.defaults.DefaultSqlSession.selectList(DefaultSqlSession.java:147)
	at org.apache.ibatis.session.defaults.DefaultSqlSession.selectList(DefaultSqlSession.java:140)
	at org.apache.ibatis.session.defaults.DefaultSqlSession.selectOne(DefaultSqlSession.java:76)
	at sun.reflect.GeneratedMethodAccessor77.invoke(Unknown Source)
	at sun.reflect.DelegatingMethodAccessorImpl.invoke(DelegatingMethodAccessorImpl.java:43)
	at java.lang.reflect.Method.invoke(Method.java:498)
	at org.mybatis.spring.SqlSessionTemplate$SqlSessionInterceptor.invoke(SqlSessionTemplate.java:426)
	at com.sun.proxy.$Proxy59.selectOne(Unknown Source)
	at org.mybatis.spring.SqlSessionTemplate.selectOne(SqlSessionTemplate.java:159)
	at org.apache.ibatis.binding.MapperMethod.execute(MapperMethod.java:87)
	at org.apache.ibatis.binding.MapperProxy.invoke(MapperProxy.java:57)
	at com.sun.proxy.$Proxy61.checkUserWithSessionKey(Unknown Source)
	at com.daejist.login.service.LoginServiceImp.checkUserWithSessionKey(LoginServiceImp.java:84)
	at com.daejist.login.controller.LoginController.login(LoginController.java:75)
	at sun.reflect.GeneratedMethodAccessor76.invoke(Unknown Source)
	at sun.reflect.DelegatingMethodAccessorImpl.invoke(DelegatingMethodAccessorImpl.java:43)
	at java.lang.reflect.Method.invoke(Method.java:498)
	at org.springframework.web.method.support.InvocableHandlerMethod.doInvoke(InvocableHandlerMethod.java:190)
	at org.springframework.web.method.support.InvocableHandlerMethod.invokeForRequest(InvocableHandlerMethod.java:138)
	at org.springframework.web.servlet.mvc.method.annotation.ServletInvocableHandlerMethod.invokeAndHandle(ServletInvocableHandlerMethod.java:104)
	at org.springframework.web.servlet.mvc.method.annotation.RequestMappingHandlerAdapter.invokeHandlerMethod(RequestMappingHandlerAdapter.java:892)
	at org.springframework.web.servlet.mvc.method.annotation.RequestMappingHandlerAdapter.handleInternal(RequestMappingHandlerAdapter.java:797)
	at org.springframework.web.servlet.mvc.method.AbstractHandlerMethodAdapter.handle(AbstractHandlerMethodAdapter.java:87)
	at org.springframework.web.servlet.DispatcherServlet.doDispatch(DispatcherServlet.java:1039)
	at org.springframework.web.servlet.DispatcherServlet.doService(DispatcherServlet.java:942)
	at org.springframework.web.servlet.FrameworkServlet.processRequest(FrameworkServlet.java:1005)
	at org.springframework.web.servlet.FrameworkServlet.doGet(FrameworkServlet.java:897)
	at javax.servlet.http.HttpServlet.service(HttpServlet.java:622)
	at org.springframework.web.servlet.FrameworkServlet.service(FrameworkServlet.java:882)
	at javax.servlet.http.HttpServlet.service(HttpServlet.java:729)
	at org.apache.catalina.core.ApplicationFilterChain.internalDoFilter(ApplicationFilterChain.java:292)
	at org.apache.catalina.core.ApplicationFilterChain.doFilter(ApplicationFilterChain.java:207)
	at org.apache.tomcat.websocket.server.WsFilter.doFilter(WsFilter.java:52)
	at org.apache.catalina.core.ApplicationFilterChain.internalDoFilter(ApplicationFilterChain.java:240)
	at org.apache.catalina.core.ApplicationFilterChain.doFilter(ApplicationFilterChain.java:207)
	at org.springframework.web.filter.CharacterEncodingFilter.doFilterInternal(CharacterEncodingFilter.java:200)
	at org.springframework.web.filter.OncePerRequestFilter.doFilter(OncePerRequestFilter.java:118)
	at org.apache.catalina.core.ApplicationFilterChain.internalDoFilter(ApplicationFilterChain.java:240)
	at org.apache.catalina.core.ApplicationFilterChain.doFilter(ApplicationFilterChain.java:207)
	at org.apache.catalina.core.StandardWrapperValve.invoke(StandardWrapperValve.java:212)
	at org.apache.catalina.core.StandardContextValve.invoke(StandardContextValve.java:94)
	at org.apache.catalina.core.StandardHostValve.invoke(StandardHostValve.java:141)
	at org.apache.catalina.valves.ErrorReportValve.invoke(ErrorReportValve.java:79)
	at org.apache.catalina.core.StandardEngineValve.invoke(StandardEngineValve.java:88)
	at org.apache.catalina.connector.CoyoteAdapter.service(CoyoteAdapter.java:502)
	at org.apache.coyote.http11.AbstractHttp11Processor.process(AbstractHttp11Processor.java:1132)
	at org.apache.coyote.AbstractProtocol$AbstractConnectionHandler.process(AbstractProtocol.java:684)
	at org.apache.tomcat.util.net.NioEndpoint$SocketProcessor.doRun(NioEndpoint.java:1539)
	at org.apache.tomcat.util.net.NioEndpoint$SocketProcessor.run(NioEndpoint.java:1495)
	at java.util.concurrent.ThreadPoolExecutor.runWorker(ThreadPoolExecutor.java:1142)
	at java.util.concurrent.ThreadPoolExecutor$Worker.run(ThreadPoolExecutor.java:617)
	at org.apache.tomcat.util.threads.TaskThread$WrappingRunnable.run(TaskThread.java:61)
	at java.lang.Thread.run(Thread.java:745)

10-Aug-2026 13:17:14.384 심각 [http-nio-8855-exec-8] org.apache.catalina.core.StandardWrapperValve.invoke Servlet.service() for servlet [appServlet] in context with path [] threw exception [Request processing failed; nested exception is org.mybatis.spring.MyBatisSystemException: nested exception is org.apache.ibatis.exceptions.PersistenceException: 
### Error querying database.  Cause: org.springframework.jdbc.CannotGetJdbcConnectionException: Failed to obtain JDBC Connection; nested exception is org.apache.commons.dbcp.SQLNestedException: Cannot create PoolableConnectionFactory (호스트 61.32.101.234, 포트 1433에 대한 TCP/IP 연결에 실패했습니다. 오류: "connect timed out. 연결 속성을 확인하십시오. SQL Server의 인스턴스가 호스트에서 실행되고 있고 포트에서 TCP/IP 연결을 허용하고 있는지 확인하십시오. 또한 방화벽에서 포트로의 TCP 연결을 차단하지 않는지 확인하십시오.".)
### The error may exist in com/daejist/login/mapper/LoginMapper.xml
### The error may involve com.daejist.login.mapper.LoginMapper.LoginMember
### The error occurred while executing a query
### Cause: org.springframework.jdbc.CannotGetJdbcConnectionException: Failed to obtain JDBC Connection; nested exception is org.apache.commons.dbcp.SQLNestedException: Cannot create PoolableConnectionFactory (호스트 61.32.101.234, 포트 1433에 대한 TCP/IP 연결에 실패했습니다. 오류: "connect timed out. 연결 속성을 확인하십시오. SQL Server의 인스턴스가 호스트에서 실행되고 있고 포트에서 TCP/IP 연결을 허용하고 있는지 확인하십시오. 또한 방화벽에서 포트로의 TCP 연결을 차단하지 않는지 확인하십시오.".)] with root cause
 com.microsoft.sqlserver.jdbc.SQLServerException: 호스트 61.32.101.234, 포트 1433에 대한 TCP/IP 연결에 실패했습니다. 오류: "connect timed out. 연결 속성을 확인하십시오. SQL Server의 인스턴스가 호스트에서 실행되고 있고 포트에서 TCP/IP 연결을 허용하고 있는지 확인하십시오. 또한 방화벽에서 포트로의 TCP 연결을 차단하지 않는지 확인하십시오.".
	at com.microsoft.sqlserver.jdbc.SQLServerException.makeFromDriverError(SQLServerException.java:234)
	at com.microsoft.sqlserver.jdbc.SQLServerException.ConvertConnectExceptionToSQLServerException(SQLServerException.java:285)
	at com.microsoft.sqlserver.jdbc.SocketFinder.findSocket(IOBuffer.java:2462)
	at com.microsoft.sqlserver.jdbc.TDSChannel.open(IOBuffer.java:668)
	at com.microsoft.sqlserver.jdbc.SQLServerConnection.connectHelper(SQLServerConnection.java:2695)
	at com.microsoft.sqlserver.jdbc.SQLServerConnection.login(SQLServerConnection.java:2362)
	at com.microsoft.sqlserver.jdbc.SQLServerConnection.connectInternal(SQLServerConnection.java:2213)
	at com.microsoft.sqlserver.jdbc.SQLServerConnection.connect(SQLServerConnection.java:1276)
	at com.microsoft.sqlserver.jdbc.SQLServerDriver.connect(SQLServerDriver.java:861)
	at org.apache.commons.dbcp.DriverConnectionFactory.createConnection(DriverConnectionFactory.java:38)
	at org.apache.commons.dbcp.PoolableConnectionFactory.makeObject(PoolableConnectionFactory.java:582)
	at org.apache.commons.dbcp.BasicDataSource.validateConnectionFactory(BasicDataSource.java:1556)
	at org.apache.commons.dbcp.BasicDataSource.createPoolableConnectionFactory(BasicDataSource.java:1545)
	at org.apache.commons.dbcp.BasicDataSource.createDataSource(BasicDataSource.java:1388)
	at org.apache.commons.dbcp.BasicDataSource.getConnection(BasicDataSource.java:1044)
	at org.springframework.jdbc.datasource.DataSourceUtils.fetchConnection(DataSourceUtils.java:157)
	at org.springframework.jdbc.datasource.DataSourceUtils.doGetConnection(DataSourceUtils.java:115)
	at org.springframework.jdbc.datasource.DataSourceUtils.getConnection(DataSourceUtils.java:78)
	at org.mybatis.spring.transaction.SpringManagedTransaction.openConnection(SpringManagedTransaction.java:80)
	at org.mybatis.spring.transaction.SpringManagedTransaction.getConnection(SpringManagedTransaction.java:67)
	at org.apache.ibatis.executor.BaseExecutor.getConnection(BaseExecutor.java:336)
	at org.apache.ibatis.executor.SimpleExecutor.prepareStatement(SimpleExecutor.java:85)
	at org.apache.ibatis.executor.SimpleExecutor.doQuery(SimpleExecutor.java:62)
	at org.apache.ibatis.executor.BaseExecutor.queryFromDatabase(BaseExecutor.java:324)
	at org.apache.ibatis.executor.BaseExecutor.query(BaseExecutor.java:156)
	at org.apache.ibatis.executor.CachingExecutor.query(CachingExecutor.java:109)
	at org.apache.ibatis.executor.CachingExecutor.query(CachingExecutor.java:83)
	at org.apache.ibatis.session.defaults.DefaultSqlSession.selectList(DefaultSqlSession.java:147)
	at org.apache.ibatis.session.defaults.DefaultSqlSession.selectList(DefaultSqlSession.java:140)
	at org.apache.ibatis.session.defaults.DefaultSqlSession.selectOne(DefaultSqlSession.java:76)
	at sun.reflect.GeneratedMethodAccessor77.invoke(Unknown Source)
	at sun.reflect.DelegatingMethodAccessorImpl.invoke(DelegatingMethodAccessorImpl.java:43)
	at java.lang.reflect.Method.invoke(Method.java:498)
	at org.mybatis.spring.SqlSessionTemplate$SqlSessionInterceptor.invoke(SqlSessionTemplate.java:426)
	at com.sun.proxy.$Proxy59.selectOne(Unknown Source)
	at org.mybatis.spring.SqlSessionTemplate.selectOne(SqlSessionTemplate.java:159)
	at org.apache.ibatis.binding.MapperMethod.execute(MapperMethod.java:87)
	at org.apache.ibatis.binding.MapperProxy.invoke(MapperProxy.java:57)
	at com.sun.proxy.$Proxy61.LoginMember(Unknown Source)
	at com.daejist.login.service.LoginServiceImp.LoginCheck(LoginServiceImp.java:29)
	at com.daejist.login.controller.LoginController.getLogin(LoginController.java:98)
	at sun.reflect.NativeMethodAccessorImpl.invoke0(Native Method)
	at sun.reflect.NativeMethodAccessorImpl.invoke(NativeMethodAccessorImpl.java:62)
	at sun.reflect.DelegatingMethodAccessorImpl.invoke(DelegatingMethodAccessorImpl.java:43)
	at java.lang.reflect.Method.invoke(Method.java:498)
	at org.springframework.web.method.support.InvocableHandlerMethod.doInvoke(InvocableHandlerMethod.java:190)
	at org.springframework.web.method.support.InvocableHandlerMethod.invokeForRequest(InvocableHandlerMethod.java:138)
	at org.springframework.web.servlet.mvc.method.annotation.ServletInvocableHandlerMethod.invokeAndHandle(ServletInvocableHandlerMethod.java:104)
	at org.springframework.web.servlet.mvc.method.annotation.RequestMappingHandlerAdapter.invokeHandlerMethod(RequestMappingHandlerAdapter.java:892)
	at org.springframework.web.servlet.mvc.method.annotation.RequestMappingHandlerAdapter.handleInternal(RequestMappingHandlerAdapter.java:797)
	at org.springframework.web.servlet.mvc.method.AbstractHandlerMethodAdapter.handle(AbstractHandlerMethodAdapter.java:87)
	at org.springframework.web.servlet.DispatcherServlet.doDispatch(DispatcherServlet.java:1039)
	at org.springframework.web.servlet.DispatcherServlet.doService(DispatcherServlet.java:942)
	at org.springframework.web.servlet.FrameworkServlet.processRequest(FrameworkServlet.java:1005)
	at org.springframework.web.servlet.FrameworkServlet.doPost(FrameworkServlet.java:908)
	at javax.servlet.http.HttpServlet.service(HttpServlet.java:648)
	at org.springframework.web.servlet.FrameworkServlet.service(FrameworkServlet.java:882)
	at javax.servlet.http.HttpServlet.service(HttpServlet.java:729)
	at org.apache.catalina.core.ApplicationFilterChain.internalDoFilter(ApplicationFilterChain.java:292)
	at org.apache.catalina.core.ApplicationFilterChain.doFilter(ApplicationFilterChain.java:207)
	at org.apache.tomcat.websocket.server.WsFilter.doFilter(WsFilter.java:52)
	at org.apache.catalina.core.ApplicationFilterChain.internalDoFilter(ApplicationFilterChain.java:240)
	at org.apache.catalina.core.ApplicationFilterChain.doFilter(ApplicationFilterChain.java:207)
	at org.springframework.web.filter.CharacterEncodingFilter.doFilterInternal(CharacterEncodingFilter.java:200)
	at org.springframework.web.filter.OncePerRequestFilter.doFilter(OncePerRequestFilter.java:118)
	at org.apache.catalina.core.ApplicationFilterChain.internalDoFilter(ApplicationFilterChain.java:240)
	at org.apache.catalina.core.ApplicationFilterChain.doFilter(ApplicationFilterChain.java:207)
	at org.apache.catalina.core.StandardWrapperValve.invoke(StandardWrapperValve.java:212)
	at org.apache.catalina.core.StandardContextValve.invoke(StandardContextValve.java:94)
	at org.apache.catalina.core.StandardHostValve.invoke(StandardHostValve.java:141)
	at org.apache.catalina.valves.ErrorReportValve.invoke(ErrorReportValve.java:79)
	at org.apache.catalina.core.StandardEngineValve.invoke(StandardEngineValve.java:88)
	at org.apache.catalina.connector.CoyoteAdapter.service(CoyoteAdapter.java:502)
	at org.apache.coyote.http11.AbstractHttp11Processor.process(AbstractHttp11Processor.java:1132)
	at org.apache.coyote.AbstractProtocol$AbstractConnectionHandler.process(AbstractProtocol.java:684)
	at org.apache.tomcat.util.net.NioEndpoint$SocketProcessor.doRun(NioEndpoint.java:1539)
	at org.apache.tomcat.util.net.NioEndpoint$SocketProcessor.run(NioEndpoint.java:1495)
	at java.util.concurrent.ThreadPoolExecutor.runWorker(ThreadPoolExecutor.java:1142)
	at java.util.concurrent.ThreadPoolExecutor$Worker.run(ThreadPoolExecutor.java:617)
	at org.apache.tomcat.util.threads.TaskThread$WrappingRunnable.run(TaskThread.java:61)
	at java.lang.Thread.run(Thread.java:745)

10-Aug-2026 13:17:29.388 심각 [http-nio-8855-exec-28] org.apache.catalina.core.StandardWrapperValve.invoke Servlet.service() for servlet [appServlet] in context with path [] threw exception [Request processing failed; nested exception is org.mybatis.spring.MyBatisSystemException: nested exception is org.apache.ibatis.exceptions.PersistenceException: 
### Error querying database.  Cause: org.springframework.jdbc.CannotGetJdbcConnectionException: Failed to obtain JDBC Connection; nested exception is org.apache.commons.dbcp.SQLNestedException: Cannot create PoolableConnectionFactory (호스트 61.32.101.234, 포트 1433에 대한 TCP/IP 연결에 실패했습니다. 오류: "connect timed out. 연결 속성을 확인하십시오. SQL Server의 인스턴스가 호스트에서 실행되고 있고 포트에서 TCP/IP 연결을 허용하고 있는지 확인하십시오. 또한 방화벽에서 포트로의 TCP 연결을 차단하지 않는지 확인하십시오.".)
### The error may exist in com/daejist/login/mapper/LoginMapper.xml
### The error may involve com.daejist.login.mapper.LoginMapper.LoginMember
### The error occurred while executing a query
### Cause: org.springframework.jdbc.CannotGetJdbcConnectionException: Failed to obtain JDBC Connection; nested exception is org.apache.commons.dbcp.SQLNestedException: Cannot create PoolableConnectionFactory (호스트 61.32.101.234, 포트 1433에 대한 TCP/IP 연결에 실패했습니다. 오류: "connect timed out. 연결 속성을 확인하십시오. SQL Server의 인스턴스가 호스트에서 실행되고 있고 포트에서 TCP/IP 연결을 허용하고 있는지 확인하십시오. 또한 방화벽에서 포트로의 TCP 연결을 차단하지 않는지 확인하십시오.".)] with root cause
 com.microsoft.sqlserver.jdbc.SQLServerException: 호스트 61.32.101.234, 포트 1433에 대한 TCP/IP 연결에 실패했습니다. 오류: "connect timed out. 연결 속성을 확인하십시오. SQL Server의 인스턴스가 호스트에서 실행되고 있고 포트에서 TCP/IP 연결을 허용하고 있는지 확인하십시오. 또한 방화벽에서 포트로의 TCP 연결을 차단하지 않는지 확인하십시오.".
	at com.microsoft.sqlserver.jdbc.SQLServerException.makeFromDriverError(SQLServerException.java:234)
	at com.microsoft.sqlserver.jdbc.SQLServerException.ConvertConnectExceptionToSQLServerException(SQLServerException.java:285)
	at com.microsoft.sqlserver.jdbc.SocketFinder.findSocket(IOBuffer.java:2462)
	at com.microsoft.sqlserver.jdbc.TDSChannel.open(IOBuffer.java:668)
	at com.microsoft.sqlserver.jdbc.SQLServerConnection.connectHelper(SQLServerConnection.java:2695)
	at com.microsoft.sqlserver.jdbc.SQLServerConnection.login(SQLServerConnection.java:2362)
	at com.microsoft.sqlserver.jdbc.SQLServerConnection.connectInternal(SQLServerConnection.java:2213)
	at com.microsoft.sqlserver.jdbc.SQLServerConnection.connect(SQLServerConnection.java:1276)
	at com.microsoft.sqlserver.jdbc.SQLServerDriver.connect(SQLServerDriver.java:861)
	at org.apache.commons.dbcp.DriverConnectionFactory.createConnection(DriverConnectionFactory.java:38)
	at org.apache.commons.dbcp.PoolableConnectionFactory.makeObject(PoolableConnectionFactory.java:582)
	at org.apache.commons.dbcp.BasicDataSource.validateConnectionFactory(BasicDataSource.java:1556)
	at org.apache.commons.dbcp.BasicDataSource.createPoolableConnectionFactory(BasicDataSource.java:1545)
	at org.apache.commons.dbcp.BasicDataSource.createDataSource(BasicDataSource.java:1388)
	at org.apache.commons.dbcp.BasicDataSource.getConnection(BasicDataSource.java:1044)
	at org.springframework.jdbc.datasource.DataSourceUtils.fetchConnection(DataSourceUtils.java:157)
	at org.springframework.jdbc.datasource.DataSourceUtils.doGetConnection(DataSourceUtils.java:115)
	at org.springframework.jdbc.datasource.DataSourceUtils.getConnection(DataSourceUtils.java:78)
	at org.mybatis.spring.transaction.SpringManagedTransaction.openConnection(SpringManagedTransaction.java:80)
	at org.mybatis.spring.transaction.SpringManagedTransaction.getConnection(SpringManagedTransaction.java:67)
	at org.apache.ibatis.executor.BaseExecutor.getConnection(BaseExecutor.java:336)
	at org.apache.ibatis.executor.SimpleExecutor.prepareStatement(SimpleExecutor.java:85)
	at org.apache.ibatis.executor.SimpleExecutor.doQuery(SimpleExecutor.java:62)
	at org.apache.ibatis.executor.BaseExecutor.queryFromDatabase(BaseExecutor.java:324)
	at org.apache.ibatis.executor.BaseExecutor.query(BaseExecutor.java:156)
	at org.apache.ibatis.executor.CachingExecutor.query(CachingExecutor.java:109)
	at org.apache.ibatis.executor.CachingExecutor.query(CachingExecutor.java:83)
	at org.apache.ibatis.session.defaults.DefaultSqlSession.selectList(DefaultSqlSession.java:147)
	at org.apache.ibatis.session.defaults.DefaultSqlSession.selectList(DefaultSqlSession.java:140)
	at org.apache.ibatis.session.defaults.DefaultSqlSession.selectOne(DefaultSqlSession.java:76)
	at sun.reflect.GeneratedMethodAccessor77.invoke(Unknown Source)
	at sun.reflect.DelegatingMethodAccessorImpl.invoke(DelegatingMethodAccessorImpl.java:43)
	at java.lang.reflect.Method.invoke(Method.java:498)
	at org.mybatis.spring.SqlSessionTemplate$SqlSessionInterceptor.invoke(SqlSessionTemplate.java:426)
	at com.sun.proxy.$Proxy59.selectOne(Unknown Source)
	at org.mybatis.spring.SqlSessionTemplate.selectOne(SqlSessionTemplate.java:159)
	at org.apache.ibatis.binding.MapperMethod.execute(MapperMethod.java:87)
	at org.apache.ibatis.binding.MapperProxy.invoke(MapperProxy.java:57)
	at com.sun.proxy.$Proxy61.LoginMember(Unknown Source)
	at com.daejist.login.service.LoginServiceImp.LoginCheck(LoginServiceImp.java:29)
	at com.daejist.login.controller.LoginController.getLogin(LoginController.java:98)
	at sun.reflect.GeneratedMethodAccessor87.invoke(Unknown Source)
	at sun.reflect.DelegatingMethodAccessorImpl.invoke(DelegatingMethodAccessorImpl.java:43)
	at java.lang.reflect.Method.invoke(Method.java:498)
	at org.springframework.web.method.support.InvocableHandlerMethod.doInvoke(InvocableHandlerMethod.java:190)
	at org.springframework.web.method.support.InvocableHandlerMethod.invokeForRequest(InvocableHandlerMethod.java:138)
	at org.springframework.web.servlet.mvc.method.annotation.ServletInvocableHandlerMethod.invokeAndHandle(ServletInvocableHandlerMethod.java:104)
	at org.springframework.web.servlet.mvc.method.annotation.RequestMappingHandlerAdapter.invokeHandlerMethod(RequestMappingHandlerAdapter.java:892)
	at org.springframework.web.servlet.mvc.method.annotation.RequestMappingHandlerAdapter.handleInternal(RequestMappingHandlerAdapter.java:797)
	at org.springframework.web.servlet.mvc.method.AbstractHandlerMethodAdapter.handle(AbstractHandlerMethodAdapter.java:87)
	at org.springframework.web.servlet.DispatcherServlet.doDispatch(DispatcherServlet.java:1039)
	at org.springframework.web.servlet.DispatcherServlet.doService(DispatcherServlet.java:942)
	at org.springframework.web.servlet.FrameworkServlet.processRequest(FrameworkServlet.java:1005)
	at org.springframework.web.servlet.FrameworkServlet.doPost(FrameworkServlet.java:908)
	at javax.servlet.http.HttpServlet.service(HttpServlet.java:648)
	at org.springframework.web.servlet.FrameworkServlet.service(FrameworkServlet.java:882)
	at javax.servlet.http.HttpServlet.service(HttpServlet.java:729)
	at org.apache.catalina.core.ApplicationFilterChain.internalDoFilter(ApplicationFilterChain.java:292)
	at org.apache.catalina.core.ApplicationFilterChain.doFilter(ApplicationFilterChain.java:207)
	at org.apache.tomcat.websocket.server.WsFilter.doFilter(WsFilter.java:52)
	at org.apache.catalina.core.ApplicationFilterChain.internalDoFilter(ApplicationFilterChain.java:240)
	at org.apache.catalina.core.ApplicationFilterChain.doFilter(ApplicationFilterChain.java:207)
	at org.springframework.web.filter.CharacterEncodingFilter.doFilterInternal(CharacterEncodingFilter.java:200)
	at org.springframework.web.filter.OncePerRequestFilter.doFilter(OncePerRequestFilter.java:118)
	at org.apache.catalina.core.ApplicationFilterChain.internalDoFilter(ApplicationFilterChain.java:240)
	at org.apache.catalina.core.ApplicationFilterChain.doFilter(ApplicationFilterChain.java:207)
	at org.apache.catalina.core.StandardWrapperValve.invoke(StandardWrapperValve.java:212)
	at org.apache.catalina.core.StandardContextValve.invoke(StandardContextValve.java:94)
	at org.apache.catalina.core.StandardHostValve.invoke(StandardHostValve.java:141)
	at org.apache.catalina.valves.ErrorReportValve.invoke(ErrorReportValve.java:79)
	at org.apache.catalina.core.StandardEngineValve.invoke(StandardEngineValve.java:88)
	at org.apache.catalina.connector.CoyoteAdapter.service(CoyoteAdapter.java:502)
	at org.apache.coyote.http11.AbstractHttp11Processor.process(AbstractHttp11Processor.java:1132)
	at org.apache.coyote.AbstractProtocol$AbstractConnectionHandler.process(AbstractProtocol.java:684)
	at org.apache.tomcat.util.net.NioEndpoint$SocketProcessor.doRun(NioEndpoint.java:1539)
	at org.apache.tomcat.util.net.NioEndpoint$SocketProcessor.run(NioEndpoint.java:1495)
	at java.util.concurrent.ThreadPoolExecutor.runWorker(ThreadPoolExecutor.java:1142)
	at java.util.concurrent.ThreadPoolExecutor$Worker.run(ThreadPoolExecutor.java:617)
	at org.apache.tomcat.util.threads.TaskThread$WrappingRunnable.run(TaskThread.java:61)
	at java.lang.Thread.run(Thread.java:745)

10-Aug-2026 13:17:44.395 심각 [http-nio-8855-exec-20] org.apache.catalina.core.StandardWrapperValve.invoke Servlet.service() for servlet [appServlet] in context with path [] threw exception [Request processing failed; nested exception is org.mybatis.spring.MyBatisSystemException: nested exception is org.apache.ibatis.exceptions.PersistenceException: 
### Error querying database.  Cause: org.springframework.jdbc.CannotGetJdbcConnectionException: Failed to obtain JDBC Connection; nested exception is org.apache.commons.dbcp.SQLNestedException: Cannot create PoolableConnectionFactory (호스트 61.32.101.234, 포트 1433에 대한 TCP/IP 연결에 실패했습니다. 오류: "connect timed out. 연결 속성을 확인하십시오. SQL Server의 인스턴스가 호스트에서 실행되고 있고 포트에서 TCP/IP 연결을 허용하고 있는지 확인하십시오. 또한 방화벽에서 포트로의 TCP 연결을 차단하지 않는지 확인하십시오.".)
### The error may exist in com/daejist/login/mapper/LoginMapper.xml
### The error may involve com.daejist.login.mapper.LoginMapper.LoginMember
### The error occurred while executing a query
### Cause: org.springframework.jdbc.CannotGetJdbcConnectionException: Failed to obtain JDBC Connection; nested exception is org.apache.commons.dbcp.SQLNestedException: Cannot create PoolableConnectionFactory (호스트 61.32.101.234, 포트 1433에 대한 TCP/IP 연결에 실패했습니다. 오류: "connect timed out. 연결 속성을 확인하십시오. SQL Server의 인스턴스가 호스트에서 실행되고 있고 포트에서 TCP/IP 연결을 허용하고 있는지 확인하십시오. 또한 방화벽에서 포트로의 TCP 연결을 차단하지 않는지 확인하십시오.".)] with root cause
 com.microsoft.sqlserver.jdbc.SQLServerException: 호스트 61.32.101.234, 포트 1433에 대한 TCP/IP 연결에 실패했습니다. 오류: "connect timed out. 연결 속성을 확인하십시오. SQL Server의 인스턴스가 호스트에서 실행되고 있고 포트에서 TCP/IP 연결을 허용하고 있는지 확인하십시오. 또한 방화벽에서 포트로의 TCP 연결을 차단하지 않는지 확인하십시오.".
	at com.microsoft.sqlserver.jdbc.SQLServerException.makeFromDriverError(SQLServerException.java:234)
	at com.microsoft.sqlserver.jdbc.SQLServerException.ConvertConnectExceptionToSQLServerException(SQLServerException.java:285)
	at com.microsoft.sqlserver.jdbc.SocketFinder.findSocket(IOBuffer.java:2462)
	at com.microsoft.sqlserver.jdbc.TDSChannel.open(IOBuffer.java:668)
	at com.microsoft.sqlserver.jdbc.SQLServerConnection.connectHelper(SQLServerConnection.java:2695)
	at com.microsoft.sqlserver.jdbc.SQLServerConnection.login(SQLServerConnection.java:2362)
	at com.microsoft.sqlserver.jdbc.SQLServerConnection.connectInternal(SQLServerConnection.java:2213)
	at com.microsoft.sqlserver.jdbc.SQLServerConnection.connect(SQLServerConnection.java:1276)
	at com.microsoft.sqlserver.jdbc.SQLServerDriver.connect(SQLServerDriver.java:861)
	at org.apache.commons.dbcp.DriverConnectionFactory.createConnection(DriverConnectionFactory.java:38)
	at org.apache.commons.dbcp.PoolableConnectionFactory.makeObject(PoolableConnectionFactory.java:582)
	at org.apache.commons.dbcp.BasicDataSource.validateConnectionFactory(BasicDataSource.java:1556)
	at org.apache.commons.dbcp.BasicDataSource.createPoolableConnectionFactory(BasicDataSource.java:1545)
	at org.apache.commons.dbcp.BasicDataSource.createDataSource(BasicDataSource.java:1388)
	at org.apache.commons.dbcp.BasicDataSource.getConnection(BasicDataSource.java:1044)
	at org.springframework.jdbc.datasource.DataSourceUtils.fetchConnection(DataSourceUtils.java:157)
	at org.springframework.jdbc.datasource.DataSourceUtils.doGetConnection(DataSourceUtils.java:115)
	at org.springframework.jdbc.datasource.DataSourceUtils.getConnection(DataSourceUtils.java:78)
	at org.mybatis.spring.transaction.SpringManagedTransaction.openConnection(SpringManagedTransaction.java:80)
	at org.mybatis.spring.transaction.SpringManagedTransaction.getConnection(SpringManagedTransaction.java:67)
	at org.apache.ibatis.executor.BaseExecutor.getConnection(BaseExecutor.java:336)
	at org.apache.ibatis.executor.SimpleExecutor.prepareStatement(SimpleExecutor.java:85)
	at org.apache.ibatis.executor.SimpleExecutor.doQuery(SimpleExecutor.java:62)
	at org.apache.ibatis.executor.BaseExecutor.queryFromDatabase(BaseExecutor.java:324)
	at org.apache.ibatis.executor.BaseExecutor.query(BaseExecutor.java:156)
	at org.apache.ibatis.executor.CachingExecutor.query(CachingExecutor.java:109)
	at org.apache.ibatis.executor.CachingExecutor.query(CachingExecutor.java:83)
	at org.apache.ibatis.session.defaults.DefaultSqlSession.selectList(DefaultSqlSession.java:147)
	at org.apache.ibatis.session.defaults.DefaultSqlSession.selectList(DefaultSqlSession.java:140)
	at org.apache.ibatis.session.defaults.DefaultSqlSession.selectOne(DefaultSqlSession.java:76)
	at sun.reflect.GeneratedMethodAccessor77.invoke(Unknown Source)
	at sun.reflect.DelegatingMethodAccessorImpl.invoke(DelegatingMethodAccessorImpl.java:43)
	at java.lang.reflect.Method.invoke(Method.java:498)
	at org.mybatis.spring.SqlSessionTemplate$SqlSessionInterceptor.invoke(SqlSessionTemplate.java:426)
	at com.sun.proxy.$Proxy59.selectOne(Unknown Source)
	at org.mybatis.spring.SqlSessionTemplate.selectOne(SqlSessionTemplate.java:159)
	at org.apache.ibatis.binding.MapperMethod.execute(MapperMethod.java:87)
	at org.apache.ibatis.binding.MapperProxy.invoke(MapperProxy.java:57)
	at com.sun.proxy.$Proxy61.LoginMember(Unknown Source)
	at com.daejist.login.service.LoginServiceImp.LoginCheck(LoginServiceImp.java:29)
	at com.daejist.login.controller.LoginController.getLogin(LoginController.java:98)
	at sun.reflect.GeneratedMethodAccessor87.invoke(Unknown Source)
	at sun.reflect.DelegatingMethodAccessorImpl.invoke(DelegatingMethodAccessorImpl.java:43)
	at java.lang.reflect.Method.invoke(Method.java:498)
	at org.springframework.web.method.support.InvocableHandlerMethod.doInvoke(InvocableHandlerMethod.java:190)
	at org.springframework.web.method.support.InvocableHandlerMethod.invokeForRequest(InvocableHandlerMethod.java:138)
	at org.springframework.web.servlet.mvc.method.annotation.ServletInvocableHandlerMethod.invokeAndHandle(ServletInvocableHandlerMethod.java:104)
	at org.springframework.web.servlet.mvc.method.annotation.RequestMappingHandlerAdapter.invokeHandlerMethod(RequestMappingHandlerAdapter.java:892)
	at org.springframework.web.servlet.mvc.method.annotation.RequestMappingHandlerAdapter.handleInternal(RequestMappingHandlerAdapter.java:797)
	at org.springframework.web.servlet.mvc.method.AbstractHandlerMethodAdapter.handle(AbstractHandlerMethodAdapter.java:87)
	at org.springframework.web.servlet.DispatcherServlet.doDispatch(DispatcherServlet.java:1039)
	at org.springframework.web.servlet.DispatcherServlet.doService(DispatcherServlet.java:942)
	at org.springframework.web.servlet.FrameworkServlet.processRequest(FrameworkServlet.java:1005)
	at org.springframework.web.servlet.FrameworkServlet.doPost(FrameworkServlet.java:908)
	at javax.servlet.http.HttpServlet.service(HttpServlet.java:648)
	at org.springframework.web.servlet.FrameworkServlet.service(FrameworkServlet.java:882)
	at javax.servlet.http.HttpServlet.service(HttpServlet.java:729)
	at org.apache.catalina.core.ApplicationFilterChain.internalDoFilter(ApplicationFilterChain.java:292)
	at org.apache.catalina.core.ApplicationFilterChain.doFilter(ApplicationFilterChain.java:207)
	at org.apache.tomcat.websocket.server.WsFilter.doFilter(WsFilter.java:52)
	at org.apache.catalina.core.ApplicationFilterChain.internalDoFilter(ApplicationFilterChain.java:240)
	at org.apache.catalina.core.ApplicationFilterChain.doFilter(ApplicationFilterChain.java:207)
	at org.springframework.web.filter.CharacterEncodingFilter.doFilterInternal(CharacterEncodingFilter.java:200)
	at org.springframework.web.filter.OncePerRequestFilter.doFilter(OncePerRequestFilter.java:118)
	at org.apache.catalina.core.ApplicationFilterChain.internalDoFilter(ApplicationFilterChain.java:240)
	at org.apache.catalina.core.ApplicationFilterChain.doFilter(ApplicationFilterChain.java:207)
	at org.apache.catalina.core.StandardWrapperValve.invoke(StandardWrapperValve.java:212)
	at org.apache.catalina.core.StandardContextValve.invoke(StandardContextValve.java:94)
	at org.apache.catalina.core.StandardHostValve.invoke(StandardHostValve.java:141)
	at org.apache.catalina.valves.ErrorReportValve.invoke(ErrorReportValve.java:79)
	at org.apache.catalina.core.StandardEngineValve.invoke(StandardEngineValve.java:88)
	at org.apache.catalina.connector.CoyoteAdapter.service(CoyoteAdapter.java:502)
	at org.apache.coyote.http11.AbstractHttp11Processor.process(AbstractHttp11Processor.java:1132)
	at org.apache.coyote.AbstractProtocol$AbstractConnectionHandler.process(AbstractProtocol.java:684)
	at org.apache.tomcat.util.net.NioEndpoint$SocketProcessor.doRun(NioEndpoint.java:1539)
	at org.apache.tomcat.util.net.NioEndpoint$SocketProcessor.run(NioEndpoint.java:1495)
	at java.util.concurrent.ThreadPoolExecutor.runWorker(ThreadPoolExecutor.java:1142)
	at java.util.concurrent.ThreadPoolExecutor$Worker.run(ThreadPoolExecutor.java:617)
	at org.apache.tomcat.util.threads.TaskThread$WrappingRunnable.run(TaskThread.java:61)
	at java.lang.Thread.run(Thread.java:745)

10-Aug-2026 13:17:59.400 심각 [http-nio-8855-exec-27] org.apache.catalina.core.StandardWrapperValve.invoke Servlet.service() for servlet [appServlet] in context with path [] threw exception [Request processing failed; nested exception is org.mybatis.spring.MyBatisSystemException: nested exception is org.apache.ibatis.exceptions.PersistenceException: 
### Error querying database.  Cause: org.springframework.jdbc.CannotGetJdbcConnectionException: Failed to obtain JDBC Connection; nested exception is org.apache.commons.dbcp.SQLNestedException: Cannot create PoolableConnectionFactory (호스트 61.32.101.234, 포트 1433에 대한 TCP/IP 연결에 실패했습니다. 오류: "connect timed out. 연결 속성을 확인하십시오. SQL Server의 인스턴스가 호스트에서 실행되고 있고 포트에서 TCP/IP 연결을 허용하고 있는지 확인하십시오. 또한 방화벽에서 포트로의 TCP 연결을 차단하지 않는지 확인하십시오.".)
### The error may exist in com/daejist/login/mapper/LoginMapper.xml
### The error may involve com.daejist.login.mapper.LoginMapper.LoginMember
### The error occurred while executing a query
### Cause: org.springframework.jdbc.CannotGetJdbcConnectionException: Failed to obtain JDBC Connection; nested exception is org.apache.commons.dbcp.SQLNestedException: Cannot create PoolableConnectionFactory (호스트 61.32.101.234, 포트 1433에 대한 TCP/IP 연결에 실패했습니다. 오류: "connect timed out. 연결 속성을 확인하십시오. SQL Server의 인스턴스가 호스트에서 실행되고 있고 포트에서 TCP/IP 연결을 허용하고 있는지 확인하십시오. 또한 방화벽에서 포트로의 TCP 연결을 차단하지 않는지 확인하십시오.".)] with root cause
 com.microsoft.sqlserver.jdbc.SQLServerException: 호스트 61.32.101.234, 포트 1433에 대한 TCP/IP 연결에 실패했습니다. 오류: "connect timed out. 연결 속성을 확인하십시오. SQL Server의 인스턴스가 호스트에서 실행되고 있고 포트에서 TCP/IP 연결을 허용하고 있는지 확인하십시오. 또한 방화벽에서 포트로의 TCP 연결을 차단하지 않는지 확인하십시오.".
	at com.microsoft.sqlserver.jdbc.SQLServerException.makeFromDriverError(SQLServerException.java:234)
	at com.microsoft.sqlserver.jdbc.SQLServerException.ConvertConnectExceptionToSQLServerException(SQLServerException.java:285)
	at com.microsoft.sqlserver.jdbc.SocketFinder.findSocket(IOBuffer.java:2462)
	at com.microsoft.sqlserver.jdbc.TDSChannel.open(IOBuffer.java:668)
	at com.microsoft.sqlserver.jdbc.SQLServerConnection.connectHelper(SQLServerConnection.java:2695)
	at com.microsoft.sqlserver.jdbc.SQLServerConnection.login(SQLServerConnection.java:2362)
	at com.microsoft.sqlserver.jdbc.SQLServerConnection.connectInternal(SQLServerConnection.java:2213)
	at com.microsoft.sqlserver.jdbc.SQLServerConnection.connect(SQLServerConnection.java:1276)
	at com.microsoft.sqlserver.jdbc.SQLServerDriver.connect(SQLServerDriver.java:861)
	at org.apache.commons.dbcp.DriverConnectionFactory.createConnection(DriverConnectionFactory.java:38)
	at org.apache.commons.dbcp.PoolableConnectionFactory.makeObject(PoolableConnectionFactory.java:582)
	at org.apache.commons.dbcp.BasicDataSource.validateConnectionFactory(BasicDataSource.java:1556)
	at org.apache.commons.dbcp.BasicDataSource.createPoolableConnectionFactory(BasicDataSource.java:1545)
	at org.apache.commons.dbcp.BasicDataSource.createDataSource(BasicDataSource.java:1388)
	at org.apache.commons.dbcp.BasicDataSource.getConnection(BasicDataSource.java:1044)
	at org.springframework.jdbc.datasource.DataSourceUtils.fetchConnection(DataSourceUtils.java:157)
	at org.springframework.jdbc.datasource.DataSourceUtils.doGetConnection(DataSourceUtils.java:115)
	at org.springframework.jdbc.datasource.DataSourceUtils.getConnection(DataSourceUtils.java:78)
	at org.mybatis.spring.transaction.SpringManagedTransaction.openConnection(SpringManagedTransaction.java:80)
	at org.mybatis.spring.transaction.SpringManagedTransaction.getConnection(SpringManagedTransaction.java:67)
	at org.apache.ibatis.executor.BaseExecutor.getConnection(BaseExecutor.java:336)
	at org.apache.ibatis.executor.SimpleExecutor.prepareStatement(SimpleExecutor.java:85)
	at org.apache.ibatis.executor.SimpleExecutor.doQuery(SimpleExecutor.java:62)
	at org.apache.ibatis.executor.BaseExecutor.queryFromDatabase(BaseExecutor.java:324)
	at org.apache.ibatis.executor.BaseExecutor.query(BaseExecutor.java:156)
	at org.apache.ibatis.executor.CachingExecutor.query(CachingExecutor.java:109)
	at org.apache.ibatis.executor.CachingExecutor.query(CachingExecutor.java:83)
	at org.apache.ibatis.session.defaults.DefaultSqlSession.selectList(DefaultSqlSession.java:147)
	at org.apache.ibatis.session.defaults.DefaultSqlSession.selectList(DefaultSqlSession.java:140)
	at org.apache.ibatis.session.defaults.DefaultSqlSession.selectOne(DefaultSqlSession.java:76)
	at sun.reflect.GeneratedMethodAccessor77.invoke(Unknown Source)
	at sun.reflect.DelegatingMethodAccessorImpl.invoke(DelegatingMethodAccessorImpl.java:43)
	at java.lang.reflect.Method.invoke(Method.java:498)
	at org.mybatis.spring.SqlSessionTemplate$SqlSessionInterceptor.invoke(SqlSessionTemplate.java:426)
	at com.sun.proxy.$Proxy59.selectOne(Unknown Source)
	at org.mybatis.spring.SqlSessionTemplate.selectOne(SqlSessionTemplate.java:159)
	at org.apache.ibatis.binding.MapperMethod.execute(MapperMethod.java:87)
	at org.apache.ibatis.binding.MapperProxy.invoke(MapperProxy.java:57)
	at com.sun.proxy.$Proxy61.LoginMember(Unknown Source)
	at com.daejist.login.service.LoginServiceImp.LoginCheck(LoginServiceImp.java:29)
	at com.daejist.login.controller.LoginController.getLogin(LoginController.java:98)
	at sun.reflect.GeneratedMethodAccessor87.invoke(Unknown Source)
	at sun.reflect.DelegatingMethodAccessorImpl.invoke(DelegatingMethodAccessorImpl.java:43)
	at java.lang.reflect.Method.invoke(Method.java:498)
	at org.springframework.web.method.support.InvocableHandlerMethod.doInvoke(InvocableHandlerMethod.java:190)
	at org.springframework.web.method.support.InvocableHandlerMethod.invokeForRequest(InvocableHandlerMethod.java:138)
	at org.springframework.web.servlet.mvc.method.annotation.ServletInvocableHandlerMethod.invokeAndHandle(ServletInvocableHandlerMethod.java:104)
	at org.springframework.web.servlet.mvc.method.annotation.RequestMappingHandlerAdapter.invokeHandlerMethod(RequestMappingHandlerAdapter.java:892)
	at org.springframework.web.servlet.mvc.method.annotation.RequestMappingHandlerAdapter.handleInternal(RequestMappingHandlerAdapter.java:797)
	at org.springframework.web.servlet.mvc.method.AbstractHandlerMethodAdapter.handle(AbstractHandlerMethodAdapter.java:87)
	at org.springframework.web.servlet.DispatcherServlet.doDispatch(DispatcherServlet.java:1039)
	at org.springframework.web.servlet.DispatcherServlet.doService(DispatcherServlet.java:942)
	at org.springframework.web.servlet.FrameworkServlet.processRequest(FrameworkServlet.java:1005)
	at org.springframework.web.servlet.FrameworkServlet.doPost(FrameworkServlet.java:908)
	at javax.servlet.http.HttpServlet.service(HttpServlet.java:648)
	at org.springframework.web.servlet.FrameworkServlet.service(FrameworkServlet.java:882)
	at javax.servlet.http.HttpServlet.service(HttpServlet.java:729)
	at org.apache.catalina.core.ApplicationFilterChain.internalDoFilter(ApplicationFilterChain.java:292)
	at org.apache.catalina.core.ApplicationFilterChain.doFilter(ApplicationFilterChain.java:207)
	at org.apache.tomcat.websocket.server.WsFilter.doFilter(WsFilter.java:52)
	at org.apache.catalina.core.ApplicationFilterChain.internalDoFilter(ApplicationFilterChain.java:240)
	at org.apache.catalina.core.ApplicationFilterChain.doFilter(ApplicationFilterChain.java:207)
	at org.springframework.web.filter.CharacterEncodingFilter.doFilterInternal(CharacterEncodingFilter.java:200)
	at org.springframework.web.filter.OncePerRequestFilter.doFilter(OncePerRequestFilter.java:118)
	at org.apache.catalina.core.ApplicationFilterChain.internalDoFilter(ApplicationFilterChain.java:240)
	at org.apache.catalina.core.ApplicationFilterChain.doFilter(ApplicationFilterChain.java:207)
	at org.apache.catalina.core.StandardWrapperValve.invoke(StandardWrapperValve.java:212)
	at org.apache.catalina.core.StandardContextValve.invoke(StandardContextValve.java:94)
	at org.apache.catalina.core.StandardHostValve.invoke(StandardHostValve.java:141)
	at org.apache.catalina.valves.ErrorReportValve.invoke(ErrorReportValve.java:79)
	at org.apache.catalina.core.StandardEngineValve.invoke(StandardEngineValve.java:88)
	at org.apache.catalina.connector.CoyoteAdapter.service(CoyoteAdapter.java:502)
	at org.apache.coyote.http11.AbstractHttp11Processor.process(AbstractHttp11Processor.java:1132)
	at org.apache.coyote.AbstractProtocol$AbstractConnectionHandler.process(AbstractProtocol.java:684)
	at org.apache.tomcat.util.net.NioEndpoint$SocketProcessor.doRun(NioEndpoint.java:1539)
	at org.apache.tomcat.util.net.NioEndpoint$SocketProcessor.run(NioEndpoint.java:1495)
	at java.util.concurrent.ThreadPoolExecutor.runWorker(ThreadPoolExecutor.java:1142)
	at java.util.concurrent.ThreadPoolExecutor$Worker.run(ThreadPoolExecutor.java:617)
	at org.apache.tomcat.util.threads.TaskThread$WrappingRunnable.run(TaskThread.java:61)
	at java.lang.Thread.run(Thread.java:745)

10-Aug-2026 13:18:09.662 정보 [main] org.apache.catalina.core.StandardServer.await A valid shutdown command was received via the shutdown port. Stopping the Server instance.
10-Aug-2026 13:18:09.662 정보 [main] org.apache.coyote.AbstractProtocol.pause Pausing ProtocolHandler ["http-nio-8855"]
10-Aug-2026 13:18:09.713 정보 [main] org.apache.catalina.core.StandardService.stopInternal Stopping service daejist7
10-Aug-2026 13:18:09.715 정보 [daejist7.cafe24.com-startStop-2] org.apache.catalina.core.ApplicationContext.log Destroying Spring FrameworkServlet 'appServlet'
10-Aug-2026 13:18:09.722 정보 [daejist7.cafe24.com-startStop-2] org.apache.catalina.core.ApplicationContext.log Closing Spring root WebApplicationContext
10-Aug-2026 13:18:09.725 경고 [daejist7.cafe24.com-startStop-2] org.apache.catalina.loader.WebappClassLoaderBase.clearReferencesJdbc The web application [ROOT] registered the JDBC driver [com.microsoft.sqlserver.jdbc.SQLServerDriver] but failed to unregister it when the web application was stopped. To prevent a memory leak, the JDBC Driver has been forcibly unregistered.
10-Aug-2026 13:18:09.729 정보 [daejist7.cafe24.com-startStop-2] org.apache.catalina.core.ApplicationContext.log Destroying Spring FrameworkServlet 'appServlet'
10-Aug-2026 13:18:09.731 정보 [daejist7.cafe24.com-startStop-2] org.apache.catalina.core.ApplicationContext.log Closing Spring root WebApplicationContext
10-Aug-2026 13:18:09.733 경고 [daejist7.cafe24.com-startStop-2] org.apache.catalina.loader.WebappClassLoaderBase.clearReferencesJdbc The web application [exe] registered the JDBC driver [com.microsoft.sqlserver.jdbc.SQLServerDriver] but failed to unregister it when the web application was stopped. To prevent a memory leak, the JDBC Driver has been forcibly unregistered.
10-Aug-2026 13:18:09.737 정보 [daejist7.cafe24.com-startStop-2] org.apache.catalina.core.ApplicationContext.log Destroying Spring FrameworkServlet 'appServlet'
10-Aug-2026 13:18:09.755 정보 [daejist7.cafe24.com-startStop-2] org.apache.catalina.core.ApplicationContext.log Closing Spring root WebApplicationContext
10-Aug-2026 13:18:09.758 경고 [daejist7.cafe24.com-startStop-2] org.apache.catalina.loader.WebappClassLoaderBase.clearReferencesJdbc The web application [scm] registered the JDBC driver [com.microsoft.sqlserver.jdbc.SQLServerDriver] but failed to unregister it when the web application was stopped. To prevent a memory leak, the JDBC Driver has been forcibly unregistered.
10-Aug-2026 13:18:09.759 정보 [daejist7.cafe24.com-startStop-2] org.apache.catalina.core.ApplicationContext.log Destroying Spring FrameworkServlet 'appServlet'
10-Aug-2026 13:18:09.761 정보 [daejist7.cafe24.com-startStop-2] org.apache.catalina.core.ApplicationContext.log Closing Spring root WebApplicationContext
10-Aug-2026 13:18:09.772 경고 [daejist7.cafe24.com-startStop-2] org.apache.catalina.loader.WebappClassLoaderBase.clearReferencesThreads The web application [daejiM] appears to have started a thread named [SeedGenerator Thread] but has failed to stop it. This is very likely to create a memory leak. Stack trace of thread:
 java.lang.Object.wait(Native Method)
 java.lang.Object.wait(Object.java:502)
 sun.security.provider.SeedGenerator$ThreadedSeedGenerator.run(SeedGenerator.java:334)
 java.lang.Thread.run(Thread.java:745)
10-Aug-2026 13:18:09.775 정보 [main] org.apache.coyote.AbstractProtocol.stop Stopping ProtocolHandler ["http-nio-8855"]
10-Aug-2026 13:18:09.776 정보 [main] org.apache.coyote.AbstractProtocol.destroy Destroying ProtocolHandler ["http-nio-8855"]
10-Aug-2026 13:18:17.947 정보 [main] org.apache.catalina.core.AprLifecycleListener.lifecycleEvent The APR based Apache Tomcat Native library which allows optimal performance in production environments was not found on the java.library.path: :/usr/local/mysql/lib:/usr/local/mysql/lib:/usr/local/mysql/lib:/usr/java/packages/lib/amd64:/usr/lib64:/lib64:/lib:/usr/lib
10-Aug-2026 13:18:17.994 정보 [main] org.apache.coyote.AbstractProtocol.init Initializing ProtocolHandler ["http-nio-8855"]
10-Aug-2026 13:18:18.004 정보 [main] org.apache.tomcat.util.net.NioSelectorPool.getSharedSelector Using a shared selector for servlet write/read
10-Aug-2026 13:18:18.005 정보 [main] org.apache.catalina.startup.Catalina.load Initialization processed in 217 ms
10-Aug-2026 13:18:18.015 정보 [main] org.apache.catalina.core.StandardService.startInternal Starting service daejist7
10-Aug-2026 13:18:18.015 정보 [main] org.apache.catalina.core.StandardEngine.startInternal Starting Servlet Engine: Apache Tomcat/8.0.50
10-Aug-2026 13:18:18.026 정보 [daejist7.cafe24.com-startStop-1] org.apache.catalina.startup.HostConfig.deployWAR Deploying web application archive /daejist7/tomcat/webapps/daejiM.war
10-Aug-2026 13:18:20.065 정보 [daejist7.cafe24.com-startStop-1] org.apache.jasper.servlet.TldScanner.scanJars At least one JAR was scanned for TLDs yet contained no TLDs. Enable debug logging for this logger for a complete list of JARs that were scanned but no TLDs were found in them. Skipping unneeded JARs during scanning can improve startup time and JSP compilation time.
10-Aug-2026 13:18:20.077 정보 [daejist7.cafe24.com-startStop-1] org.apache.catalina.core.ApplicationContext.log No Spring WebApplicationInitializer types detected on classpath
10-Aug-2026 13:18:20.084 정보 [daejist7.cafe24.com-startStop-1] org.apache.catalina.core.ApplicationContext.log Initializing Spring root WebApplicationContext
10-Aug-2026 13:18:25.959 정보 [daejist7.cafe24.com-startStop-1] org.apache.catalina.core.ApplicationContext.log Initializing Spring DispatcherServlet 'appServlet'
10-Aug-2026 13:18:26.344 정보 [daejist7.cafe24.com-startStop-1] org.apache.catalina.startup.HostConfig.deployWAR Deployment of web application archive /daejist7/tomcat/webapps/daejiM.war has finished in 8,318 ms
10-Aug-2026 13:18:26.345 정보 [daejist7.cafe24.com-startStop-1] org.apache.catalina.startup.HostConfig.deployWAR Deploying web application archive /daejist7/tomcat/webapps/scm.war
10-Aug-2026 13:18:27.620 정보 [daejist7.cafe24.com-startStop-1] org.apache.jasper.servlet.TldScanner.scanJars At least one JAR was scanned for TLDs yet contained no TLDs. Enable debug logging for this logger for a complete list of JARs that were scanned but no TLDs were found in them. Skipping unneeded JARs during scanning can improve startup time and JSP compilation time.
10-Aug-2026 13:18:27.622 정보 [daejist7.cafe24.com-startStop-1] org.apache.catalina.core.ApplicationContext.log No Spring WebApplicationInitializer types detected on classpath
10-Aug-2026 13:18:27.627 정보 [daejist7.cafe24.com-startStop-1] org.apache.catalina.core.ApplicationContext.log Initializing Spring root WebApplicationContext
10-Aug-2026 13:18:28.205 정보 [daejist7.cafe24.com-startStop-1] org.apache.catalina.core.ApplicationContext.log Initializing Spring DispatcherServlet 'appServlet'
10-Aug-2026 13:18:28.507 정보 [daejist7.cafe24.com-startStop-1] org.apache.catalina.startup.HostConfig.deployWAR Deployment of web application archive /daejist7/tomcat/webapps/scm.war has finished in 2,162 ms
10-Aug-2026 13:18:28.508 정보 [daejist7.cafe24.com-startStop-1] org.apache.catalina.startup.HostConfig.deployWAR Deploying web application archive /daejist7/tomcat/webapps/ROOT.war
10-Aug-2026 13:18:29.151 정보 [daejist7.cafe24.com-startStop-1] org.apache.jasper.servlet.TldScanner.scanJars At least one JAR was scanned for TLDs yet contained no TLDs. Enable debug logging for this logger for a complete list of JARs that were scanned but no TLDs were found in them. Skipping unneeded JARs during scanning can improve startup time and JSP compilation time.
10-Aug-2026 13:18:29.153 정보 [daejist7.cafe24.com-startStop-1] org.apache.catalina.core.ApplicationContext.log No Spring WebApplicationInitializer types detected on classpath
10-Aug-2026 13:18:29.157 정보 [daejist7.cafe24.com-startStop-1] org.apache.catalina.core.ApplicationContext.log Initializing Spring root WebApplicationContext
10-Aug-2026 13:18:29.500 정보 [daejist7.cafe24.com-startStop-1] org.apache.catalina.core.ApplicationContext.log Initializing Spring DispatcherServlet 'appServlet'
10-Aug-2026 13:18:29.880 정보 [daejist7.cafe24.com-startStop-1] org.apache.catalina.startup.HostConfig.deployWAR Deployment of web application archive /daejist7/tomcat/webapps/ROOT.war has finished in 1,372 ms
10-Aug-2026 13:18:29.881 정보 [daejist7.cafe24.com-startStop-1] org.apache.catalina.startup.HostConfig.deployWAR Deploying web application archive /daejist7/tomcat/webapps/exe.war
10-Aug-2026 13:18:30.595 정보 [daejist7.cafe24.com-startStop-1] org.apache.jasper.servlet.TldScanner.scanJars At least one JAR was scanned for TLDs yet contained no TLDs. Enable debug logging for this logger for a complete list of JARs that were scanned but no TLDs were found in them. Skipping unneeded JARs during scanning can improve startup time and JSP compilation time.
10-Aug-2026 13:18:30.597 정보 [daejist7.cafe24.com-startStop-1] org.apache.catalina.core.ApplicationContext.log No Spring WebApplicationInitializer types detected on classpath
10-Aug-2026 13:18:30.621 정보 [daejist7.cafe24.com-startStop-1] org.apache.catalina.core.ApplicationContext.log Initializing Spring root WebApplicationContext
10-Aug-2026 13:18:31.165 정보 [daejist7.cafe24.com-startStop-1] org.apache.catalina.core.ApplicationContext.log Initializing Spring FrameworkServlet 'appServlet'
10-Aug-2026 13:18:31.597 정보 [daejist7.cafe24.com-startStop-1] org.apache.catalina.startup.HostConfig.deployWAR Deployment of web application archive /daejist7/tomcat/webapps/exe.war has finished in 1,716 ms
10-Aug-2026 13:18:31.598 정보 [daejist7.cafe24.com-startStop-1] org.apache.catalina.startup.HostConfig.deployDirectory Deploying web application directory /daejist7/tomcat/webapps/host-manager
10-Aug-2026 13:18:31.708 정보 [daejist7.cafe24.com-startStop-1] org.apache.jasper.servlet.TldScanner.scanJars At least one JAR was scanned for TLDs yet contained no TLDs. Enable debug logging for this logger for a complete list of JARs that were scanned but no TLDs were found in them. Skipping unneeded JARs during scanning can improve startup time and JSP compilation time.
10-Aug-2026 13:18:31.710 정보 [daejist7.cafe24.com-startStop-1] org.apache.catalina.startup.HostConfig.deployDirectory Deployment of web application directory /daejist7/tomcat/webapps/host-manager has finished in 112 ms
10-Aug-2026 13:18:31.710 정보 [daejist7.cafe24.com-startStop-1] org.apache.catalina.startup.HostConfig.deployDirectory Deploying web application directory /daejist7/tomcat/webapps/manager
10-Aug-2026 13:18:31.819 정보 [daejist7.cafe24.com-startStop-1] org.apache.jasper.servlet.TldScanner.scanJars At least one JAR was scanned for TLDs yet contained no TLDs. Enable debug logging for this logger for a complete list of JARs that were scanned but no TLDs were found in them. Skipping unneeded JARs during scanning can improve startup time and JSP compilation time.
10-Aug-2026 13:18:31.820 정보 [daejist7.cafe24.com-startStop-1] org.apache.catalina.startup.HostConfig.deployDirectory Deployment of web application directory /daejist7/tomcat/webapps/manager has finished in 110 ms
10-Aug-2026 13:18:31.822 정보 [main] org.apache.coyote.AbstractProtocol.start Starting ProtocolHandler ["http-nio-8855"]
10-Aug-2026 13:18:31.827 정보 [main] org.apache.catalina.startup.Catalina.start Server startup in 13822 ms
10-Aug-2026 13:19:12.375 심각 [http-nio-8855-exec-8] org.apache.catalina.core.StandardWrapperValve.invoke Servlet.service() for servlet [appServlet] in context with path [] threw exception [Request processing failed; nested exception is org.mybatis.spring.MyBatisSystemException: nested exception is org.apache.ibatis.exceptions.PersistenceException: 
### Error querying database.  Cause: org.springframework.jdbc.CannotGetJdbcConnectionException: Failed to obtain JDBC Connection; nested exception is org.apache.commons.dbcp.SQLNestedException: Cannot create PoolableConnectionFactory (호스트 61.32.101.234, 포트 1433에 대한 TCP/IP 연결에 실패했습니다. 오류: "connect timed out. 연결 속성을 확인하십시오. SQL Server의 인스턴스가 호스트에서 실행되고 있고 포트에서 TCP/IP 연결을 허용하고 있는지 확인하십시오. 또한 방화벽에서 포트로의 TCP 연결을 차단하지 않는지 확인하십시오.".)
### The error may exist in com/daejist/login/mapper/LoginMapper.xml
### The error may involve com.daejist.login.mapper.LoginMapper.LoginMember
### The error occurred while executing a query
### Cause: org.springframework.jdbc.CannotGetJdbcConnectionException: Failed to obtain JDBC Connection; nested exception is org.apache.commons.dbcp.SQLNestedException: Cannot create PoolableConnectionFactory (호스트 61.32.101.234, 포트 1433에 대한 TCP/IP 연결에 실패했습니다. 오류: "connect timed out. 연결 속성을 확인하십시오. SQL Server의 인스턴스가 호스트에서 실행되고 있고 포트에서 TCP/IP 연결을 허용하고 있는지 확인하십시오. 또한 방화벽에서 포트로의 TCP 연결을 차단하지 않는지 확인하십시오.".)] with root cause
 com.microsoft.sqlserver.jdbc.SQLServerException: 호스트 61.32.101.234, 포트 1433에 대한 TCP/IP 연결에 실패했습니다. 오류: "connect timed out. 연결 속성을 확인하십시오. SQL Server의 인스턴스가 호스트에서 실행되고 있고 포트에서 TCP/IP 연결을 허용하고 있는지 확인하십시오. 또한 방화벽에서 포트로의 TCP 연결을 차단하지 않는지 확인하십시오.".
	at com.microsoft.sqlserver.jdbc.SQLServerException.makeFromDriverError(SQLServerException.java:234)
	at com.microsoft.sqlserver.jdbc.SQLServerException.ConvertConnectExceptionToSQLServerException(SQLServerException.java:285)
	at com.microsoft.sqlserver.jdbc.SocketFinder.findSocket(IOBuffer.java:2462)
	at com.microsoft.sqlserver.jdbc.TDSChannel.open(IOBuffer.java:668)
	at com.microsoft.sqlserver.jdbc.SQLServerConnection.connectHelper(SQLServerConnection.java:2695)
	at com.microsoft.sqlserver.jdbc.SQLServerConnection.login(SQLServerConnection.java:2362)
	at com.microsoft.sqlserver.jdbc.SQLServerConnection.connectInternal(SQLServerConnection.java:2213)
	at com.microsoft.sqlserver.jdbc.SQLServerConnection.connect(SQLServerConnection.java:1276)
	at com.microsoft.sqlserver.jdbc.SQLServerDriver.connect(SQLServerDriver.java:861)
	at org.apache.commons.dbcp.DriverConnectionFactory.createConnection(DriverConnectionFactory.java:38)
	at org.apache.commons.dbcp.PoolableConnectionFactory.makeObject(PoolableConnectionFactory.java:582)
	at org.apache.commons.dbcp.BasicDataSource.validateConnectionFactory(BasicDataSource.java:1556)
	at org.apache.commons.dbcp.BasicDataSource.createPoolableConnectionFactory(BasicDataSource.java:1545)
	at org.apache.commons.dbcp.BasicDataSource.createDataSource(BasicDataSource.java:1388)
	at org.apache.commons.dbcp.BasicDataSource.getConnection(BasicDataSource.java:1044)
	at org.springframework.jdbc.datasource.DataSourceUtils.fetchConnection(DataSourceUtils.java:157)
	at org.springframework.jdbc.datasource.DataSourceUtils.doGetConnection(DataSourceUtils.java:115)
	at org.springframework.jdbc.datasource.DataSourceUtils.getConnection(DataSourceUtils.java:78)
	at org.mybatis.spring.transaction.SpringManagedTransaction.openConnection(SpringManagedTransaction.java:80)
	at org.mybatis.spring.transaction.SpringManagedTransaction.getConnection(SpringManagedTransaction.java:67)
	at org.apache.ibatis.executor.BaseExecutor.getConnection(BaseExecutor.java:336)
	at org.apache.ibatis.executor.SimpleExecutor.prepareStatement(SimpleExecutor.java:85)
	at org.apache.ibatis.executor.SimpleExecutor.doQuery(SimpleExecutor.java:62)
	at org.apache.ibatis.executor.BaseExecutor.queryFromDatabase(BaseExecutor.java:324)
	at org.apache.ibatis.executor.BaseExecutor.query(BaseExecutor.java:156)
	at org.apache.ibatis.executor.CachingExecutor.query(CachingExecutor.java:109)
	at org.apache.ibatis.executor.CachingExecutor.query(CachingExecutor.java:83)
	at org.apache.ibatis.session.defaults.DefaultSqlSession.selectList(DefaultSqlSession.java:147)
	at org.apache.ibatis.session.defaults.DefaultSqlSession.selectList(DefaultSqlSession.java:140)
	at org.apache.ibatis.session.defaults.DefaultSqlSession.selectOne(DefaultSqlSession.java:76)
	at sun.reflect.NativeMethodAccessorImpl.invoke0(Native Method)
	at sun.reflect.NativeMethodAccessorImpl.invoke(NativeMethodAccessorImpl.java:62)
	at sun.reflect.DelegatingMethodAccessorImpl.invoke(DelegatingMethodAccessorImpl.java:43)
	at java.lang.reflect.Method.invoke(Method.java:498)
	at org.mybatis.spring.SqlSessionTemplate$SqlSessionInterceptor.invoke(SqlSessionTemplate.java:426)
	at com.sun.proxy.$Proxy59.selectOne(Unknown Source)
	at org.mybatis.spring.SqlSessionTemplate.selectOne(SqlSessionTemplate.java:159)
	at org.apache.ibatis.binding.MapperMethod.execute(MapperMethod.java:87)
	at org.apache.ibatis.binding.MapperProxy.invoke(MapperProxy.java:57)
	at com.sun.proxy.$Proxy61.LoginMember(Unknown Source)
	at com.daejist.login.service.LoginServiceImp.LoginCheck(LoginServiceImp.java:29)
	at com.daejist.login.controller.LoginController.getLogin(LoginController.java:98)
	at sun.reflect.NativeMethodAccessorImpl.invoke0(Native Method)
	at sun.reflect.NativeMethodAccessorImpl.invoke(NativeMethodAccessorImpl.java:62)
	at sun.reflect.DelegatingMethodAccessorImpl.invoke(DelegatingMethodAccessorImpl.java:43)
	at java.lang.reflect.Method.invoke(Method.java:498)
	at org.springframework.web.method.support.InvocableHandlerMethod.doInvoke(InvocableHandlerMethod.java:190)
	at org.springframework.web.method.support.InvocableHandlerMethod.invokeForRequest(InvocableHandlerMethod.java:138)
	at org.springframework.web.servlet.mvc.method.annotation.ServletInvocableHandlerMethod.invokeAndHandle(ServletInvocableHandlerMethod.java:104)
	at org.springframework.web.servlet.mvc.method.annotation.RequestMappingHandlerAdapter.invokeHandlerMethod(RequestMappingHandlerAdapter.java:892)
	at org.springframework.web.servlet.mvc.method.annotation.RequestMappingHandlerAdapter.handleInternal(RequestMappingHandlerAdapter.java:797)
	at org.springframework.web.servlet.mvc.method.AbstractHandlerMethodAdapter.handle(AbstractHandlerMethodAdapter.java:87)
	at org.springframework.web.servlet.DispatcherServlet.doDispatch(DispatcherServlet.java:1039)
	at org.springframework.web.servlet.DispatcherServlet.doService(DispatcherServlet.java:942)
	at org.springframework.web.servlet.FrameworkServlet.processRequest(FrameworkServlet.java:1005)
	at org.springframework.web.servlet.FrameworkServlet.doPost(FrameworkServlet.java:908)
	at javax.servlet.http.HttpServlet.service(HttpServlet.java:648)
	at org.springframework.web.servlet.FrameworkServlet.service(FrameworkServlet.java:882)
	at javax.servlet.http.HttpServlet.service(HttpServlet.java:729)
	at org.apache.catalina.core.ApplicationFilterChain.internalDoFilter(ApplicationFilterChain.java:292)
	at org.apache.catalina.core.ApplicationFilterChain.doFilter(ApplicationFilterChain.java:207)
	at org.apache.tomcat.websocket.server.WsFilter.doFilter(WsFilter.java:52)
	at org.apache.catalina.core.ApplicationFilterChain.internalDoFilter(ApplicationFilterChain.java:240)
	at org.apache.catalina.core.ApplicationFilterChain.doFilter(ApplicationFilterChain.java:207)
	at org.springframework.web.filter.CharacterEncodingFilter.doFilterInternal(CharacterEncodingFilter.java:200)
	at org.springframework.web.filter.OncePerRequestFilter.doFilter(OncePerRequestFilter.java:118)
	at org.apache.catalina.core.ApplicationFilterChain.internalDoFilter(ApplicationFilterChain.java:240)
	at org.apache.catalina.core.ApplicationFilterChain.doFilter(ApplicationFilterChain.java:207)
	at org.apache.catalina.core.StandardWrapperValve.invoke(StandardWrapperValve.java:212)
	at org.apache.catalina.core.StandardContextValve.invoke(StandardContextValve.java:94)
	at org.apache.catalina.core.StandardHostValve.invoke(StandardHostValve.java:141)
	at org.apache.catalina.valves.ErrorReportValve.invoke(ErrorReportValve.java:79)
	at org.apache.catalina.core.StandardEngineValve.invoke(StandardEngineValve.java:88)
	at org.apache.catalina.connector.CoyoteAdapter.service(CoyoteAdapter.java:502)
	at org.apache.coyote.http11.AbstractHttp11Processor.process(AbstractHttp11Processor.java:1132)
	at org.apache.coyote.AbstractProtocol$AbstractConnectionHandler.process(AbstractProtocol.java:684)
	at org.apache.tomcat.util.net.NioEndpoint$SocketProcessor.doRun(NioEndpoint.java:1539)
	at org.apache.tomcat.util.net.NioEndpoint$SocketProcessor.run(NioEndpoint.java:1495)
	at java.util.concurrent.ThreadPoolExecutor.runWorker(ThreadPoolExecutor.java:1142)
	at java.util.concurrent.ThreadPoolExecutor$Worker.run(ThreadPoolExecutor.java:617)
	at org.apache.tomcat.util.threads.TaskThread$WrappingRunnable.run(TaskThread.java:61)
	at java.lang.Thread.run(Thread.java:745)

10-Aug-2026 13:19:27.378 심각 [http-nio-8855-exec-1] org.apache.catalina.core.StandardWrapperValve.invoke Servlet.service() for servlet [appServlet] in context with path [] threw exception [Request processing failed; nested exception is org.mybatis.spring.MyBatisSystemException: nested exception is org.apache.ibatis.exceptions.PersistenceException: 
### Error querying database.  Cause: org.springframework.jdbc.CannotGetJdbcConnectionException: Failed to obtain JDBC Connection; nested exception is org.apache.commons.dbcp.SQLNestedException: Cannot create PoolableConnectionFactory (호스트 61.32.101.234, 포트 1433에 대한 TCP/IP 연결에 실패했습니다. 오류: "connect timed out. 연결 속성을 확인하십시오. SQL Server의 인스턴스가 호스트에서 실행되고 있고 포트에서 TCP/IP 연결을 허용하고 있는지 확인하십시오. 또한 방화벽에서 포트로의 TCP 연결을 차단하지 않는지 확인하십시오.".)
### The error may exist in com/daejist/login/mapper/LoginMapper.xml
### The error may involve com.daejist.login.mapper.LoginMapper.LoginMember
### The error occurred while executing a query
### Cause: org.springframework.jdbc.CannotGetJdbcConnectionException: Failed to obtain JDBC Connection; nested exception is org.apache.commons.dbcp.SQLNestedException: Cannot create PoolableConnectionFactory (호스트 61.32.101.234, 포트 1433에 대한 TCP/IP 연결에 실패했습니다. 오류: "connect timed out. 연결 속성을 확인하십시오. SQL Server의 인스턴스가 호스트에서 실행되고 있고 포트에서 TCP/IP 연결을 허용하고 있는지 확인하십시오. 또한 방화벽에서 포트로의 TCP 연결을 차단하지 않는지 확인하십시오.".)] with root cause
 com.microsoft.sqlserver.jdbc.SQLServerException: 호스트 61.32.101.234, 포트 1433에 대한 TCP/IP 연결에 실패했습니다. 오류: "connect timed out. 연결 속성을 확인하십시오. SQL Server의 인스턴스가 호스트에서 실행되고 있고 포트에서 TCP/IP 연결을 허용하고 있는지 확인하십시오. 또한 방화벽에서 포트로의 TCP 연결을 차단하지 않는지 확인하십시오.".
	at com.microsoft.sqlserver.jdbc.SQLServerException.makeFromDriverError(SQLServerException.java:234)
	at com.microsoft.sqlserver.jdbc.SQLServerException.ConvertConnectExceptionToSQLServerException(SQLServerException.java:285)
	at com.microsoft.sqlserver.jdbc.SocketFinder.findSocket(IOBuffer.java:2462)
	at com.microsoft.sqlserver.jdbc.TDSChannel.open(IOBuffer.java:668)
	at com.microsoft.sqlserver.jdbc.SQLServerConnection.connectHelper(SQLServerConnection.java:2695)
	at com.microsoft.sqlserver.jdbc.SQLServerConnection.login(SQLServerConnection.java:2362)
	at com.microsoft.sqlserver.jdbc.SQLServerConnection.connectInternal(SQLServerConnection.java:2213)
	at com.microsoft.sqlserver.jdbc.SQLServerConnection.connect(SQLServerConnection.java:1276)
	at com.microsoft.sqlserver.jdbc.SQLServerDriver.connect(SQLServerDriver.java:861)
	at org.apache.commons.dbcp.DriverConnectionFactory.createConnection(DriverConnectionFactory.java:38)
	at org.apache.commons.dbcp.PoolableConnectionFactory.makeObject(PoolableConnectionFactory.java:582)
	at org.apache.commons.dbcp.BasicDataSource.validateConnectionFactory(BasicDataSource.java:1556)
	at org.apache.commons.dbcp.BasicDataSource.createPoolableConnectionFactory(BasicDataSource.java:1545)
	at org.apache.commons.dbcp.BasicDataSource.createDataSource(BasicDataSource.java:1388)
	at org.apache.commons.dbcp.BasicDataSource.getConnection(BasicDataSource.java:1044)
	at org.springframework.jdbc.datasource.DataSourceUtils.fetchConnection(DataSourceUtils.java:157)
	at org.springframework.jdbc.datasource.DataSourceUtils.doGetConnection(DataSourceUtils.java:115)
	at org.springframework.jdbc.datasource.DataSourceUtils.getConnection(DataSourceUtils.java:78)
	at org.mybatis.spring.transaction.SpringManagedTransaction.openConnection(SpringManagedTransaction.java:80)
	at org.mybatis.spring.transaction.SpringManagedTransaction.getConnection(SpringManagedTransaction.java:67)
	at org.apache.ibatis.executor.BaseExecutor.getConnection(BaseExecutor.java:336)
	at org.apache.ibatis.executor.SimpleExecutor.prepareStatement(SimpleExecutor.java:85)
	at org.apache.ibatis.executor.SimpleExecutor.doQuery(SimpleExecutor.java:62)
	at org.apache.ibatis.executor.BaseExecutor.queryFromDatabase(BaseExecutor.java:324)
	at org.apache.ibatis.executor.BaseExecutor.query(BaseExecutor.java:156)
	at org.apache.ibatis.executor.CachingExecutor.query(CachingExecutor.java:109)
	at org.apache.ibatis.executor.CachingExecutor.query(CachingExecutor.java:83)
	at org.apache.ibatis.session.defaults.DefaultSqlSession.selectList(DefaultSqlSession.java:147)
	at org.apache.ibatis.session.defaults.DefaultSqlSession.selectList(DefaultSqlSession.java:140)
	at org.apache.ibatis.session.defaults.DefaultSqlSession.selectOne(DefaultSqlSession.java:76)
	at sun.reflect.NativeMethodAccessorImpl.invoke0(Native Method)
	at sun.reflect.NativeMethodAccessorImpl.invoke(NativeMethodAccessorImpl.java:62)
	at sun.reflect.DelegatingMethodAccessorImpl.invoke(DelegatingMethodAccessorImpl.java:43)
	at java.lang.reflect.Method.invoke(Method.java:498)
	at org.mybatis.spring.SqlSessionTemplate$SqlSessionInterceptor.invoke(SqlSessionTemplate.java:426)
	at com.sun.proxy.$Proxy59.selectOne(Unknown Source)
	at org.mybatis.spring.SqlSessionTemplate.selectOne(SqlSessionTemplate.java:159)
	at org.apache.ibatis.binding.MapperMethod.execute(MapperMethod.java:87)
	at org.apache.ibatis.binding.MapperProxy.invoke(MapperProxy.java:57)
	at com.sun.proxy.$Proxy61.LoginMember(Unknown Source)
	at com.daejist.login.service.LoginServiceImp.LoginCheck(LoginServiceImp.java:29)
	at com.daejist.login.controller.LoginController.getLogin(LoginController.java:98)
	at sun.reflect.NativeMethodAccessorImpl.invoke0(Native Method)
	at sun.reflect.NativeMethodAccessorImpl.invoke(NativeMethodAccessorImpl.java:62)
	at sun.reflect.DelegatingMethodAccessorImpl.invoke(DelegatingMethodAccessorImpl.java:43)
	at java.lang.reflect.Method.invoke(Method.java:498)
	at org.springframework.web.method.support.InvocableHandlerMethod.doInvoke(InvocableHandlerMethod.java:190)
	at org.springframework.web.method.support.InvocableHandlerMethod.invokeForRequest(InvocableHandlerMethod.java:138)
	at org.springframework.web.servlet.mvc.method.annotation.ServletInvocableHandlerMethod.invokeAndHandle(ServletInvocableHandlerMethod.java:104)
	at org.springframework.web.servlet.mvc.method.annotation.RequestMappingHandlerAdapter.invokeHandlerMethod(RequestMappingHandlerAdapter.java:892)
	at org.springframework.web.servlet.mvc.method.annotation.RequestMappingHandlerAdapter.handleInternal(RequestMappingHandlerAdapter.java:797)
	at org.springframework.web.servlet.mvc.method.AbstractHandlerMethodAdapter.handle(AbstractHandlerMethodAdapter.java:87)
	at org.springframework.web.servlet.DispatcherServlet.doDispatch(DispatcherServlet.java:1039)
	at org.springframework.web.servlet.DispatcherServlet.doService(DispatcherServlet.java:942)
	at org.springframework.web.servlet.FrameworkServlet.processRequest(FrameworkServlet.java:1005)
	at org.springframework.web.servlet.FrameworkServlet.doPost(FrameworkServlet.java:908)
	at javax.servlet.http.HttpServlet.service(HttpServlet.java:648)
	at org.springframework.web.servlet.FrameworkServlet.service(FrameworkServlet.java:882)
	at javax.servlet.http.HttpServlet.service(HttpServlet.java:729)
	at org.apache.catalina.core.ApplicationFilterChain.internalDoFilter(ApplicationFilterChain.java:292)
	at org.apache.catalina.core.ApplicationFilterChain.doFilter(ApplicationFilterChain.java:207)
	at org.apache.tomcat.websocket.server.WsFilter.doFilter(WsFilter.java:52)
	at org.apache.catalina.core.ApplicationFilterChain.internalDoFilter(ApplicationFilterChain.java:240)
	at org.apache.catalina.core.ApplicationFilterChain.doFilter(ApplicationFilterChain.java:207)
	at org.springframework.web.filter.CharacterEncodingFilter.doFilterInternal(CharacterEncodingFilter.java:200)
	at org.springframework.web.filter.OncePerRequestFilter.doFilter(OncePerRequestFilter.java:118)
	at org.apache.catalina.core.ApplicationFilterChain.internalDoFilter(ApplicationFilterChain.java:240)
	at org.apache.catalina.core.ApplicationFilterChain.doFilter(ApplicationFilterChain.java:207)
	at org.apache.catalina.core.StandardWrapperValve.invoke(StandardWrapperValve.java:212)
	at org.apache.catalina.core.StandardContextValve.invoke(StandardContextValve.java:94)
	at org.apache.catalina.core.StandardHostValve.invoke(StandardHostValve.java:141)
	at org.apache.catalina.valves.ErrorReportValve.invoke(ErrorReportValve.java:79)
	at org.apache.catalina.core.StandardEngineValve.invoke(StandardEngineValve.java:88)
	at org.apache.catalina.connector.CoyoteAdapter.service(CoyoteAdapter.java:502)
	at org.apache.coyote.http11.AbstractHttp11Processor.process(AbstractHttp11Processor.java:1132)
	at org.apache.coyote.AbstractProtocol$AbstractConnectionHandler.process(AbstractProtocol.java:684)
	at org.apache.tomcat.util.net.NioEndpoint$SocketProcessor.doRun(NioEndpoint.java:1539)
	at org.apache.tomcat.util.net.NioEndpoint$SocketProcessor.run(NioEndpoint.java:1495)
	at java.util.concurrent.ThreadPoolExecutor.runWorker(ThreadPoolExecutor.java:1142)
	at java.util.concurrent.ThreadPoolExecutor$Worker.run(ThreadPoolExecutor.java:617)
	at org.apache.tomcat.util.threads.TaskThread$WrappingRunnable.run(TaskThread.java:61)
	at java.lang.Thread.run(Thread.java:745)

10-Aug-2026 13:19:42.383 심각 [http-nio-8855-exec-9] org.apache.catalina.core.StandardWrapperValve.invoke Servlet.service() for servlet [appServlet] in context with path [] threw exception [Request processing failed; nested exception is org.mybatis.spring.MyBatisSystemException: nested exception is org.apache.ibatis.exceptions.PersistenceException: 
### Error querying database.  Cause: org.springframework.jdbc.CannotGetJdbcConnectionException: Failed to obtain JDBC Connection; nested exception is org.apache.commons.dbcp.SQLNestedException: Cannot create PoolableConnectionFactory (호스트 61.32.101.234, 포트 1433에 대한 TCP/IP 연결에 실패했습니다. 오류: "connect timed out. 연결 속성을 확인하십시오. SQL Server의 인스턴스가 호스트에서 실행되고 있고 포트에서 TCP/IP 연결을 허용하고 있는지 확인하십시오. 또한 방화벽에서 포트로의 TCP 연결을 차단하지 않는지 확인하십시오.".)
### The error may exist in com/daejist/login/mapper/LoginMapper.xml
### The error may involve com.daejist.login.mapper.LoginMapper.LoginMember
### The error occurred while executing a query
### Cause: org.springframework.jdbc.CannotGetJdbcConnectionException: Failed to obtain JDBC Connection; nested exception is org.apache.commons.dbcp.SQLNestedException: Cannot create PoolableConnectionFactory (호스트 61.32.101.234, 포트 1433에 대한 TCP/IP 연결에 실패했습니다. 오류: "connect timed out. 연결 속성을 확인하십시오. SQL Server의 인스턴스가 호스트에서 실행되고 있고 포트에서 TCP/IP 연결을 허용하고 있는지 확인하십시오. 또한 방화벽에서 포트로의 TCP 연결을 차단하지 않는지 확인하십시오.".)] with root cause
 com.microsoft.sqlserver.jdbc.SQLServerException: 호스트 61.32.101.234, 포트 1433에 대한 TCP/IP 연결에 실패했습니다. 오류: "connect timed out. 연결 속성을 확인하십시오. SQL Server의 인스턴스가 호스트에서 실행되고 있고 포트에서 TCP/IP 연결을 허용하고 있는지 확인하십시오. 또한 방화벽에서 포트로의 TCP 연결을 차단하지 않는지 확인하십시오.".
	at com.microsoft.sqlserver.jdbc.SQLServerException.makeFromDriverError(SQLServerException.java:234)
	at com.microsoft.sqlserver.jdbc.SQLServerException.ConvertConnectExceptionToSQLServerException(SQLServerException.java:285)
	at com.microsoft.sqlserver.jdbc.SocketFinder.findSocket(IOBuffer.java:2462)
	at com.microsoft.sqlserver.jdbc.TDSChannel.open(IOBuffer.java:668)
	at com.microsoft.sqlserver.jdbc.SQLServerConnection.connectHelper(SQLServerConnection.java:2695)
	at com.microsoft.sqlserver.jdbc.SQLServerConnection.login(SQLServerConnection.java:2362)
	at com.microsoft.sqlserver.jdbc.SQLServerConnection.connectInternal(SQLServerConnection.java:2213)
	at com.microsoft.sqlserver.jdbc.SQLServerConnection.connect(SQLServerConnection.java:1276)
	at com.microsoft.sqlserver.jdbc.SQLServerDriver.connect(SQLServerDriver.java:861)
	at org.apache.commons.dbcp.DriverConnectionFactory.createConnection(DriverConnectionFactory.java:38)
	at org.apache.commons.dbcp.PoolableConnectionFactory.makeObject(PoolableConnectionFactory.java:582)
	at org.apache.commons.dbcp.BasicDataSource.validateConnectionFactory(BasicDataSource.java:1556)
	at org.apache.commons.dbcp.BasicDataSource.createPoolableConnectionFactory(BasicDataSource.java:1545)
	at org.apache.commons.dbcp.BasicDataSource.createDataSource(BasicDataSource.java:1388)
	at org.apache.commons.dbcp.BasicDataSource.getConnection(BasicDataSource.java:1044)
	at org.springframework.jdbc.datasource.DataSourceUtils.fetchConnection(DataSourceUtils.java:157)
	at org.springframework.jdbc.datasource.DataSourceUtils.doGetConnection(DataSourceUtils.java:115)
	at org.springframework.jdbc.datasource.DataSourceUtils.getConnection(DataSourceUtils.java:78)
	at org.mybatis.spring.transaction.SpringManagedTransaction.openConnection(SpringManagedTransaction.java:80)
	at org.mybatis.spring.transaction.SpringManagedTransaction.getConnection(SpringManagedTransaction.java:67)
	at org.apache.ibatis.executor.BaseExecutor.getConnection(BaseExecutor.java:336)
	at org.apache.ibatis.executor.SimpleExecutor.prepareStatement(SimpleExecutor.java:85)
	at org.apache.ibatis.executor.SimpleExecutor.doQuery(SimpleExecutor.java:62)
	at org.apache.ibatis.executor.BaseExecutor.queryFromDatabase(BaseExecutor.java:324)
	at org.apache.ibatis.executor.BaseExecutor.query(BaseExecutor.java:156)
	at org.apache.ibatis.executor.CachingExecutor.query(CachingExecutor.java:109)
	at org.apache.ibatis.executor.CachingExecutor.query(CachingExecutor.java:83)
	at org.apache.ibatis.session.defaults.DefaultSqlSession.selectList(DefaultSqlSession.java:147)
	at org.apache.ibatis.session.defaults.DefaultSqlSession.selectList(DefaultSqlSession.java:140)
	at org.apache.ibatis.session.defaults.DefaultSqlSession.selectOne(DefaultSqlSession.java:76)
	at sun.reflect.NativeMethodAccessorImpl.invoke0(Native Method)
	at sun.reflect.NativeMethodAccessorImpl.invoke(NativeMethodAccessorImpl.java:62)
	at sun.reflect.DelegatingMethodAccessorImpl.invoke(DelegatingMethodAccessorImpl.java:43)
	at java.lang.reflect.Method.invoke(Method.java:498)
	at org.mybatis.spring.SqlSessionTemplate$SqlSessionInterceptor.invoke(SqlSessionTemplate.java:426)
	at com.sun.proxy.$Proxy59.selectOne(Unknown Source)
	at org.mybatis.spring.SqlSessionTemplate.selectOne(SqlSessionTemplate.java:159)
	at org.apache.ibatis.binding.MapperMethod.execute(MapperMethod.java:87)
	at org.apache.ibatis.binding.MapperProxy.invoke(MapperProxy.java:57)
	at com.sun.proxy.$Proxy61.LoginMember(Unknown Source)
	at com.daejist.login.service.LoginServiceImp.LoginCheck(LoginServiceImp.java:29)
	at com.daejist.login.controller.LoginController.getLogin(LoginController.java:98)
	at sun.reflect.NativeMethodAccessorImpl.invoke0(Native Method)
	at sun.reflect.NativeMethodAccessorImpl.invoke(NativeMethodAccessorImpl.java:62)
	at sun.reflect.DelegatingMethodAccessorImpl.invoke(DelegatingMethodAccessorImpl.java:43)
	at java.lang.reflect.Method.invoke(Method.java:498)
	at org.springframework.web.method.support.InvocableHandlerMethod.doInvoke(InvocableHandlerMethod.java:190)
	at org.springframework.web.method.support.InvocableHandlerMethod.invokeForRequest(InvocableHandlerMethod.java:138)
	at org.springframework.web.servlet.mvc.method.annotation.ServletInvocableHandlerMethod.invokeAndHandle(ServletInvocableHandlerMethod.java:104)
	at org.springframework.web.servlet.mvc.method.annotation.RequestMappingHandlerAdapter.invokeHandlerMethod(RequestMappingHandlerAdapter.java:892)
	at org.springframework.web.servlet.mvc.method.annotation.RequestMappingHandlerAdapter.handleInternal(RequestMappingHandlerAdapter.java:797)
	at org.springframework.web.servlet.mvc.method.AbstractHandlerMethodAdapter.handle(AbstractHandlerMethodAdapter.java:87)
	at org.springframework.web.servlet.DispatcherServlet.doDispatch(DispatcherServlet.java:1039)
	at org.springframework.web.servlet.DispatcherServlet.doService(DispatcherServlet.java:942)
	at org.springframework.web.servlet.FrameworkServlet.processRequest(FrameworkServlet.java:1005)
	at org.springframework.web.servlet.FrameworkServlet.doPost(FrameworkServlet.java:908)
	at javax.servlet.http.HttpServlet.service(HttpServlet.java:648)
	at org.springframework.web.servlet.FrameworkServlet.service(FrameworkServlet.java:882)
	at javax.servlet.http.HttpServlet.service(HttpServlet.java:729)
	at org.apache.catalina.core.ApplicationFilterChain.internalDoFilter(ApplicationFilterChain.java:292)
	at org.apache.catalina.core.ApplicationFilterChain.doFilter(ApplicationFilterChain.java:207)
	at org.apache.tomcat.websocket.server.WsFilter.doFilter(WsFilter.java:52)
	at org.apache.catalina.core.ApplicationFilterChain.internalDoFilter(ApplicationFilterChain.java:240)
	at org.apache.catalina.core.ApplicationFilterChain.doFilter(ApplicationFilterChain.java:207)
	at org.springframework.web.filter.CharacterEncodingFilter.doFilterInternal(CharacterEncodingFilter.java:200)
	at org.springframework.web.filter.OncePerRequestFilter.doFilter(OncePerRequestFilter.java:118)
	at org.apache.catalina.core.ApplicationFilterChain.internalDoFilter(ApplicationFilterChain.java:240)
	at org.apache.catalina.core.ApplicationFilterChain.doFilter(ApplicationFilterChain.java:207)
	at org.apache.catalina.core.StandardWrapperValve.invoke(StandardWrapperValve.java:212)
	at org.apache.catalina.core.StandardContextValve.invoke(StandardContextValve.java:94)
	at org.apache.catalina.core.StandardHostValve.invoke(StandardHostValve.java:141)
	at org.apache.catalina.valves.ErrorReportValve.invoke(ErrorReportValve.java:79)
	at org.apache.catalina.core.StandardEngineValve.invoke(StandardEngineValve.java:88)
	at org.apache.catalina.connector.CoyoteAdapter.service(CoyoteAdapter.java:502)
	at org.apache.coyote.http11.AbstractHttp11Processor.process(AbstractHttp11Processor.java:1132)
	at org.apache.coyote.AbstractProtocol$AbstractConnectionHandler.process(AbstractProtocol.java:684)
	at org.apache.tomcat.util.net.NioEndpoint$SocketProcessor.doRun(NioEndpoint.java:1539)
	at org.apache.tomcat.util.net.NioEndpoint$SocketProcessor.run(NioEndpoint.java:1495)
	at java.util.concurrent.ThreadPoolExecutor.runWorker(ThreadPoolExecutor.java:1142)
	at java.util.concurrent.ThreadPoolExecutor$Worker.run(ThreadPoolExecutor.java:617)
	at org.apache.tomcat.util.threads.TaskThread$WrappingRunnable.run(TaskThread.java:61)
	at java.lang.Thread.run(Thread.java:745)

10-Aug-2026 13:21:44.674 심각 [http-nio-8855-exec-3] org.apache.catalina.core.StandardWrapperValve.invoke Servlet.service() for servlet [appServlet] in context with path [] threw exception [Request processing failed; nested exception is org.mybatis.spring.MyBatisSystemException: nested exception is org.apache.ibatis.exceptions.PersistenceException: 
### Error querying database.  Cause: org.springframework.jdbc.CannotGetJdbcConnectionException: Failed to obtain JDBC Connection; nested exception is org.apache.commons.dbcp.SQLNestedException: Cannot create PoolableConnectionFactory (호스트 61.32.101.234, 포트 1433에 대한 TCP/IP 연결에 실패했습니다. 오류: "connect timed out. 연결 속성을 확인하십시오. SQL Server의 인스턴스가 호스트에서 실행되고 있고 포트에서 TCP/IP 연결을 허용하고 있는지 확인하십시오. 또한 방화벽에서 포트로의 TCP 연결을 차단하지 않는지 확인하십시오.".)
### The error may exist in com/daejist/login/mapper/LoginMapper.xml
### The error may involve com.daejist.login.mapper.LoginMapper.LoginMember
### The error occurred while executing a query
### Cause: org.springframework.jdbc.CannotGetJdbcConnectionException: Failed to obtain JDBC Connection; nested exception is org.apache.commons.dbcp.SQLNestedException: Cannot create PoolableConnectionFactory (호스트 61.32.101.234, 포트 1433에 대한 TCP/IP 연결에 실패했습니다. 오류: "connect timed out. 연결 속성을 확인하십시오. SQL Server의 인스턴스가 호스트에서 실행되고 있고 포트에서 TCP/IP 연결을 허용하고 있는지 확인하십시오. 또한 방화벽에서 포트로의 TCP 연결을 차단하지 않는지 확인하십시오.".)] with root cause
 com.microsoft.sqlserver.jdbc.SQLServerException: 호스트 61.32.101.234, 포트 1433에 대한 TCP/IP 연결에 실패했습니다. 오류: "connect timed out. 연결 속성을 확인하십시오. SQL Server의 인스턴스가 호스트에서 실행되고 있고 포트에서 TCP/IP 연결을 허용하고 있는지 확인하십시오. 또한 방화벽에서 포트로의 TCP 연결을 차단하지 않는지 확인하십시오.".
	at com.microsoft.sqlserver.jdbc.SQLServerException.makeFromDriverError(SQLServerException.java:234)
	at com.microsoft.sqlserver.jdbc.SQLServerException.ConvertConnectExceptionToSQLServerException(SQLServerException.java:285)
	at com.microsoft.sqlserver.jdbc.SocketFinder.findSocket(IOBuffer.java:2462)
	at com.microsoft.sqlserver.jdbc.TDSChannel.open(IOBuffer.java:668)
	at com.microsoft.sqlserver.jdbc.SQLServerConnection.connectHelper(SQLServerConnection.java:2695)
	at com.microsoft.sqlserver.jdbc.SQLServerConnection.login(SQLServerConnection.java:2362)
	at com.microsoft.sqlserver.jdbc.SQLServerConnection.connectInternal(SQLServerConnection.java:2213)
	at com.microsoft.sqlserver.jdbc.SQLServerConnection.connect(SQLServerConnection.java:1276)
	at com.microsoft.sqlserver.jdbc.SQLServerDriver.connect(SQLServerDriver.java:861)
	at org.apache.commons.dbcp.DriverConnectionFactory.createConnection(DriverConnectionFactory.java:38)
	at org.apache.commons.dbcp.PoolableConnectionFactory.makeObject(PoolableConnectionFactory.java:582)
	at org.apache.commons.dbcp.BasicDataSource.validateConnectionFactory(BasicDataSource.java:1556)
	at org.apache.commons.dbcp.BasicDataSource.createPoolableConnectionFactory(BasicDataSource.java:1545)
	at org.apache.commons.dbcp.BasicDataSource.createDataSource(BasicDataSource.java:1388)
	at org.apache.commons.dbcp.BasicDataSource.getConnection(BasicDataSource.java:1044)
	at org.springframework.jdbc.datasource.DataSourceUtils.fetchConnection(DataSourceUtils.java:157)
	at org.springframework.jdbc.datasource.DataSourceUtils.doGetConnection(DataSourceUtils.java:115)
	at org.springframework.jdbc.datasource.DataSourceUtils.getConnection(DataSourceUtils.java:78)
	at org.mybatis.spring.transaction.SpringManagedTransaction.openConnection(SpringManagedTransaction.java:80)
	at org.mybatis.spring.transaction.SpringManagedTransaction.getConnection(SpringManagedTransaction.java:67)
	at org.apache.ibatis.executor.BaseExecutor.getConnection(BaseExecutor.java:336)
	at org.apache.ibatis.executor.SimpleExecutor.prepareStatement(SimpleExecutor.java:85)
	at org.apache.ibatis.executor.SimpleExecutor.doQuery(SimpleExecutor.java:62)
	at org.apache.ibatis.executor.BaseExecutor.queryFromDatabase(BaseExecutor.java:324)
	at org.apache.ibatis.executor.BaseExecutor.query(BaseExecutor.java:156)
	at org.apache.ibatis.executor.CachingExecutor.query(CachingExecutor.java:109)
	at org.apache.ibatis.executor.CachingExecutor.query(CachingExecutor.java:83)
	at org.apache.ibatis.session.defaults.DefaultSqlSession.selectList(DefaultSqlSession.java:147)
	at org.apache.ibatis.session.defaults.DefaultSqlSession.selectList(DefaultSqlSession.java:140)
	at org.apache.ibatis.session.defaults.DefaultSqlSession.selectOne(DefaultSqlSession.java:76)
	at sun.reflect.NativeMethodAccessorImpl.invoke0(Native Method)
	at sun.reflect.NativeMethodAccessorImpl.invoke(NativeMethodAccessorImpl.java:62)
	at sun.reflect.DelegatingMethodAccessorImpl.invoke(DelegatingMethodAccessorImpl.java:43)
	at java.lang.reflect.Method.invoke(Method.java:498)
	at org.mybatis.spring.SqlSessionTemplate$SqlSessionInterceptor.invoke(SqlSessionTemplate.java:426)
	at com.sun.proxy.$Proxy59.selectOne(Unknown Source)
	at org.mybatis.spring.SqlSessionTemplate.selectOne(SqlSessionTemplate.java:159)
	at org.apache.ibatis.binding.MapperMethod.execute(MapperMethod.java:87)
	at org.apache.ibatis.binding.MapperProxy.invoke(MapperProxy.java:57)
	at com.sun.proxy.$Proxy61.LoginMember(Unknown Source)
	at com.daejist.login.service.LoginServiceImp.LoginCheck(LoginServiceImp.java:29)
	at com.daejist.login.controller.LoginController.getLogin(LoginController.java:98)
	at sun.reflect.NativeMethodAccessorImpl.invoke0(Native Method)
	at sun.reflect.NativeMethodAccessorImpl.invoke(NativeMethodAccessorImpl.java:62)
	at sun.reflect.DelegatingMethodAccessorImpl.invoke(DelegatingMethodAccessorImpl.java:43)
	at java.lang.reflect.Method.invoke(Method.java:498)
	at org.springframework.web.method.support.InvocableHandlerMethod.doInvoke(InvocableHandlerMethod.java:190)
	at org.springframework.web.method.support.InvocableHandlerMethod.invokeForRequest(InvocableHandlerMethod.java:138)
	at org.springframework.web.servlet.mvc.method.annotation.ServletInvocableHandlerMethod.invokeAndHandle(ServletInvocableHandlerMethod.java:104)
	at org.springframework.web.servlet.mvc.method.annotation.RequestMappingHandlerAdapter.invokeHandlerMethod(RequestMappingHandlerAdapter.java:892)
	at org.springframework.web.servlet.mvc.method.annotation.RequestMappingHandlerAdapter.handleInternal(RequestMappingHandlerAdapter.java:797)
	at org.springframework.web.servlet.mvc.method.AbstractHandlerMethodAdapter.handle(AbstractHandlerMethodAdapter.java:87)
	at org.springframework.web.servlet.DispatcherServlet.doDispatch(DispatcherServlet.java:1039)
	at org.springframework.web.servlet.DispatcherServlet.doService(DispatcherServlet.java:942)
	at org.springframework.web.servlet.FrameworkServlet.processRequest(FrameworkServlet.java:1005)
	at org.springframework.web.servlet.FrameworkServlet.doPost(FrameworkServlet.java:908)
	at javax.servlet.http.HttpServlet.service(HttpServlet.java:648)
	at org.springframework.web.servlet.FrameworkServlet.service(FrameworkServlet.java:882)
	at javax.servlet.http.HttpServlet.service(HttpServlet.java:729)
	at org.apache.catalina.core.ApplicationFilterChain.internalDoFilter(ApplicationFilterChain.java:292)
	at org.apache.catalina.core.ApplicationFilterChain.doFilter(ApplicationFilterChain.java:207)
	at org.apache.tomcat.websocket.server.WsFilter.doFilter(WsFilter.java:52)
	at org.apache.catalina.core.ApplicationFilterChain.internalDoFilter(ApplicationFilterChain.java:240)
	at org.apache.catalina.core.ApplicationFilterChain.doFilter(ApplicationFilterChain.java:207)
	at org.springframework.web.filter.CharacterEncodingFilter.doFilterInternal(CharacterEncodingFilter.java:200)
	at org.springframework.web.filter.OncePerRequestFilter.doFilter(OncePerRequestFilter.java:118)
	at org.apache.catalina.core.ApplicationFilterChain.internalDoFilter(ApplicationFilterChain.java:240)
	at org.apache.catalina.core.ApplicationFilterChain.doFilter(ApplicationFilterChain.java:207)
	at org.apache.catalina.core.StandardWrapperValve.invoke(StandardWrapperValve.java:212)
	at org.apache.catalina.core.StandardContextValve.invoke(StandardContextValve.java:94)
	at org.apache.catalina.core.StandardHostValve.invoke(StandardHostValve.java:141)
	at org.apache.catalina.valves.ErrorReportValve.invoke(ErrorReportValve.java:79)
	at org.apache.catalina.core.StandardEngineValve.invoke(StandardEngineValve.java:88)
	at org.apache.catalina.connector.CoyoteAdapter.service(CoyoteAdapter.java:502)
	at org.apache.coyote.http11.AbstractHttp11Processor.process(AbstractHttp11Processor.java:1132)
	at org.apache.coyote.AbstractProtocol$AbstractConnectionHandler.process(AbstractProtocol.java:684)
	at org.apache.tomcat.util.net.NioEndpoint$SocketProcessor.doRun(NioEndpoint.java:1539)
	at org.apache.tomcat.util.net.NioEndpoint$SocketProcessor.run(NioEndpoint.java:1495)
	at java.util.concurrent.ThreadPoolExecutor.runWorker(ThreadPoolExecutor.java:1142)
	at java.util.concurrent.ThreadPoolExecutor$Worker.run(ThreadPoolExecutor.java:617)
	at org.apache.tomcat.util.threads.TaskThread$WrappingRunnable.run(TaskThread.java:61)
	at java.lang.Thread.run(Thread.java:745)

10-Aug-2026 13:21:59.679 심각 [http-nio-8855-exec-4] org.apache.catalina.core.StandardWrapperValve.invoke Servlet.service() for servlet [appServlet] in context with path [] threw exception [Request processing failed; nested exception is org.mybatis.spring.MyBatisSystemException: nested exception is org.apache.ibatis.exceptions.PersistenceException: 
### Error querying database.  Cause: org.springframework.jdbc.CannotGetJdbcConnectionException: Failed to obtain JDBC Connection; nested exception is org.apache.commons.dbcp.SQLNestedException: Cannot create PoolableConnectionFactory (호스트 61.32.101.234, 포트 1433에 대한 TCP/IP 연결에 실패했습니다. 오류: "connect timed out. 연결 속성을 확인하십시오. SQL Server의 인스턴스가 호스트에서 실행되고 있고 포트에서 TCP/IP 연결을 허용하고 있는지 확인하십시오. 또한 방화벽에서 포트로의 TCP 연결을 차단하지 않는지 확인하십시오.".)
### The error may exist in com/daejist/login/mapper/LoginMapper.xml
### The error may involve com.daejist.login.mapper.LoginMapper.LoginMember
### The error occurred while executing a query
### Cause: org.springframework.jdbc.CannotGetJdbcConnectionException: Failed to obtain JDBC Connection; nested exception is org.apache.commons.dbcp.SQLNestedException: Cannot create PoolableConnectionFactory (호스트 61.32.101.234, 포트 1433에 대한 TCP/IP 연결에 실패했습니다. 오류: "connect timed out. 연결 속성을 확인하십시오. SQL Server의 인스턴스가 호스트에서 실행되고 있고 포트에서 TCP/IP 연결을 허용하고 있는지 확인하십시오. 또한 방화벽에서 포트로의 TCP 연결을 차단하지 않는지 확인하십시오.".)] with root cause
 com.microsoft.sqlserver.jdbc.SQLServerException: 호스트 61.32.101.234, 포트 1433에 대한 TCP/IP 연결에 실패했습니다. 오류: "connect timed out. 연결 속성을 확인하십시오. SQL Server의 인스턴스가 호스트에서 실행되고 있고 포트에서 TCP/IP 연결을 허용하고 있는지 확인하십시오. 또한 방화벽에서 포트로의 TCP 연결을 차단하지 않는지 확인하십시오.".
	at com.microsoft.sqlserver.jdbc.SQLServerException.makeFromDriverError(SQLServerException.java:234)
	at com.microsoft.sqlserver.jdbc.SQLServerException.ConvertConnectExceptionToSQLServerException(SQLServerException.java:285)
	at com.microsoft.sqlserver.jdbc.SocketFinder.findSocket(IOBuffer.java:2462)
	at com.microsoft.sqlserver.jdbc.TDSChannel.open(IOBuffer.java:668)
	at com.microsoft.sqlserver.jdbc.SQLServerConnection.connectHelper(SQLServerConnection.java:2695)
	at com.microsoft.sqlserver.jdbc.SQLServerConnection.login(SQLServerConnection.java:2362)
	at com.microsoft.sqlserver.jdbc.SQLServerConnection.connectInternal(SQLServerConnection.java:2213)
	at com.microsoft.sqlserver.jdbc.SQLServerConnection.connect(SQLServerConnection.java:1276)
	at com.microsoft.sqlserver.jdbc.SQLServerDriver.connect(SQLServerDriver.java:861)
	at org.apache.commons.dbcp.DriverConnectionFactory.createConnection(DriverConnectionFactory.java:38)
	at org.apache.commons.dbcp.PoolableConnectionFactory.makeObject(PoolableConnectionFactory.java:582)
	at org.apache.commons.dbcp.BasicDataSource.validateConnectionFactory(BasicDataSource.java:1556)
	at org.apache.commons.dbcp.BasicDataSource.createPoolableConnectionFactory(BasicDataSource.java:1545)
	at org.apache.commons.dbcp.BasicDataSource.createDataSource(BasicDataSource.java:1388)
	at org.apache.commons.dbcp.BasicDataSource.getConnection(BasicDataSource.java:1044)
	at org.springframework.jdbc.datasource.DataSourceUtils.fetchConnection(DataSourceUtils.java:157)
	at org.springframework.jdbc.datasource.DataSourceUtils.doGetConnection(DataSourceUtils.java:115)
	at org.springframework.jdbc.datasource.DataSourceUtils.getConnection(DataSourceUtils.java:78)
	at org.mybatis.spring.transaction.SpringManagedTransaction.openConnection(SpringManagedTransaction.java:80)
	at org.mybatis.spring.transaction.SpringManagedTransaction.getConnection(SpringManagedTransaction.java:67)
	at org.apache.ibatis.executor.BaseExecutor.getConnection(BaseExecutor.java:336)
	at org.apache.ibatis.executor.SimpleExecutor.prepareStatement(SimpleExecutor.java:85)
	at org.apache.ibatis.executor.SimpleExecutor.doQuery(SimpleExecutor.java:62)
	at org.apache.ibatis.executor.BaseExecutor.queryFromDatabase(BaseExecutor.java:324)
	at org.apache.ibatis.executor.BaseExecutor.query(BaseExecutor.java:156)
	at org.apache.ibatis.executor.CachingExecutor.query(CachingExecutor.java:109)
	at org.apache.ibatis.executor.CachingExecutor.query(CachingExecutor.java:83)
	at org.apache.ibatis.session.defaults.DefaultSqlSession.selectList(DefaultSqlSession.java:147)
	at org.apache.ibatis.session.defaults.DefaultSqlSession.selectList(DefaultSqlSession.java:140)
	at org.apache.ibatis.session.defaults.DefaultSqlSession.selectOne(DefaultSqlSession.java:76)
	at sun.reflect.NativeMethodAccessorImpl.invoke0(Native Method)
	at sun.reflect.NativeMethodAccessorImpl.invoke(NativeMethodAccessorImpl.java:62)
	at sun.reflect.DelegatingMethodAccessorImpl.invoke(DelegatingMethodAccessorImpl.java:43)
	at java.lang.reflect.Method.invoke(Method.java:498)
	at org.mybatis.spring.SqlSessionTemplate$SqlSessionInterceptor.invoke(SqlSessionTemplate.java:426)
	at com.sun.proxy.$Proxy59.selectOne(Unknown Source)
	at org.mybatis.spring.SqlSessionTemplate.selectOne(SqlSessionTemplate.java:159)
	at org.apache.ibatis.binding.MapperMethod.execute(MapperMethod.java:87)
	at org.apache.ibatis.binding.MapperProxy.invoke(MapperProxy.java:57)
	at com.sun.proxy.$Proxy61.LoginMember(Unknown Source)
	at com.daejist.login.service.LoginServiceImp.LoginCheck(LoginServiceImp.java:29)
	at com.daejist.login.controller.LoginController.getLogin(LoginController.java:98)
	at sun.reflect.NativeMethodAccessorImpl.invoke0(Native Method)
	at sun.reflect.NativeMethodAccessorImpl.invoke(NativeMethodAccessorImpl.java:62)
	at sun.reflect.DelegatingMethodAccessorImpl.invoke(DelegatingMethodAccessorImpl.java:43)
	at java.lang.reflect.Method.invoke(Method.java:498)
	at org.springframework.web.method.support.InvocableHandlerMethod.doInvoke(InvocableHandlerMethod.java:190)
	at org.springframework.web.method.support.InvocableHandlerMethod.invokeForRequest(InvocableHandlerMethod.java:138)
	at org.springframework.web.servlet.mvc.method.annotation.ServletInvocableHandlerMethod.invokeAndHandle(ServletInvocableHandlerMethod.java:104)
	at org.springframework.web.servlet.mvc.method.annotation.RequestMappingHandlerAdapter.invokeHandlerMethod(RequestMappingHandlerAdapter.java:892)
	at org.springframework.web.servlet.mvc.method.annotation.RequestMappingHandlerAdapter.handleInternal(RequestMappingHandlerAdapter.java:797)
	at org.springframework.web.servlet.mvc.method.AbstractHandlerMethodAdapter.handle(AbstractHandlerMethodAdapter.java:87)
	at org.springframework.web.servlet.DispatcherServlet.doDispatch(DispatcherServlet.java:1039)
	at org.springframework.web.servlet.DispatcherServlet.doService(DispatcherServlet.java:942)
	at org.springframework.web.servlet.FrameworkServlet.processRequest(FrameworkServlet.java:1005)
	at org.springframework.web.servlet.FrameworkServlet.doPost(FrameworkServlet.java:908)
	at javax.servlet.http.HttpServlet.service(HttpServlet.java:648)
	at org.springframework.web.servlet.FrameworkServlet.service(FrameworkServlet.java:882)
	at javax.servlet.http.HttpServlet.service(HttpServlet.java:729)
	at org.apache.catalina.core.ApplicationFilterChain.internalDoFilter(ApplicationFilterChain.java:292)
	at org.apache.catalina.core.ApplicationFilterChain.doFilter(ApplicationFilterChain.java:207)
	at org.apache.tomcat.websocket.server.WsFilter.doFilter(WsFilter.java:52)
	at org.apache.catalina.core.ApplicationFilterChain.internalDoFilter(ApplicationFilterChain.java:240)
	at org.apache.catalina.core.ApplicationFilterChain.doFilter(ApplicationFilterChain.java:207)
	at org.springframework.web.filter.CharacterEncodingFilter.doFilterInternal(CharacterEncodingFilter.java:200)
	at org.springframework.web.filter.OncePerRequestFilter.doFilter(OncePerRequestFilter.java:118)
	at org.apache.catalina.core.ApplicationFilterChain.internalDoFilter(ApplicationFilterChain.java:240)
	at org.apache.catalina.core.ApplicationFilterChain.doFilter(ApplicationFilterChain.java:207)
	at org.apache.catalina.core.StandardWrapperValve.invoke(StandardWrapperValve.java:212)
	at org.apache.catalina.core.StandardContextValve.invoke(StandardContextValve.java:94)
	at org.apache.catalina.core.StandardHostValve.invoke(StandardHostValve.java:141)
	at org.apache.catalina.valves.ErrorReportValve.invoke(ErrorReportValve.java:79)
	at org.apache.catalina.core.StandardEngineValve.invoke(StandardEngineValve.java:88)
	at org.apache.catalina.connector.CoyoteAdapter.service(CoyoteAdapter.java:502)
	at org.apache.coyote.http11.AbstractHttp11Processor.process(AbstractHttp11Processor.java:1132)
	at org.apache.coyote.AbstractProtocol$AbstractConnectionHandler.process(AbstractProtocol.java:684)
	at org.apache.tomcat.util.net.NioEndpoint$SocketProcessor.doRun(NioEndpoint.java:1539)
	at org.apache.tomcat.util.net.NioEndpoint$SocketProcessor.run(NioEndpoint.java:1495)
	at java.util.concurrent.ThreadPoolExecutor.runWorker(ThreadPoolExecutor.java:1142)
	at java.util.concurrent.ThreadPoolExecutor$Worker.run(ThreadPoolExecutor.java:617)
	at org.apache.tomcat.util.threads.TaskThread$WrappingRunnable.run(TaskThread.java:61)
	at java.lang.Thread.run(Thread.java:745)

10-Aug-2026 13:22:14.682 심각 [http-nio-8855-exec-2] org.apache.catalina.core.StandardWrapperValve.invoke Servlet.service() for servlet [appServlet] in context with path [] threw exception [Request processing failed; nested exception is org.mybatis.spring.MyBatisSystemException: nested exception is org.apache.ibatis.exceptions.PersistenceException: 
### Error querying database.  Cause: org.springframework.jdbc.CannotGetJdbcConnectionException: Failed to obtain JDBC Connection; nested exception is org.apache.commons.dbcp.SQLNestedException: Cannot create PoolableConnectionFactory (호스트 61.32.101.234, 포트 1433에 대한 TCP/IP 연결에 실패했습니다. 오류: "connect timed out. 연결 속성을 확인하십시오. SQL Server의 인스턴스가 호스트에서 실행되고 있고 포트에서 TCP/IP 연결을 허용하고 있는지 확인하십시오. 또한 방화벽에서 포트로의 TCP 연결을 차단하지 않는지 확인하십시오.".)
### The error may exist in com/daejist/login/mapper/LoginMapper.xml
### The error may involve com.daejist.login.mapper.LoginMapper.checkUserWithSessionKey
### The error occurred while executing a query
### Cause: org.springframework.jdbc.CannotGetJdbcConnectionException: Failed to obtain JDBC Connection; nested exception is org.apache.commons.dbcp.SQLNestedException: Cannot create PoolableConnectionFactory (호스트 61.32.101.234, 포트 1433에 대한 TCP/IP 연결에 실패했습니다. 오류: "connect timed out. 연결 속성을 확인하십시오. SQL Server의 인스턴스가 호스트에서 실행되고 있고 포트에서 TCP/IP 연결을 허용하고 있는지 확인하십시오. 또한 방화벽에서 포트로의 TCP 연결을 차단하지 않는지 확인하십시오.".)] with root cause
 com.microsoft.sqlserver.jdbc.SQLServerException: 호스트 61.32.101.234, 포트 1433에 대한 TCP/IP 연결에 실패했습니다. 오류: "connect timed out. 연결 속성을 확인하십시오. SQL Server의 인스턴스가 호스트에서 실행되고 있고 포트에서 TCP/IP 연결을 허용하고 있는지 확인하십시오. 또한 방화벽에서 포트로의 TCP 연결을 차단하지 않는지 확인하십시오.".
	at com.microsoft.sqlserver.jdbc.SQLServerException.makeFromDriverError(SQLServerException.java:234)
	at com.microsoft.sqlserver.jdbc.SQLServerException.ConvertConnectExceptionToSQLServerException(SQLServerException.java:285)
	at com.microsoft.sqlserver.jdbc.SocketFinder.findSocket(IOBuffer.java:2462)
	at com.microsoft.sqlserver.jdbc.TDSChannel.open(IOBuffer.java:668)
	at com.microsoft.sqlserver.jdbc.SQLServerConnection.connectHelper(SQLServerConnection.java:2695)
	at com.microsoft.sqlserver.jdbc.SQLServerConnection.login(SQLServerConnection.java:2362)
	at com.microsoft.sqlserver.jdbc.SQLServerConnection.connectInternal(SQLServerConnection.java:2213)
	at com.microsoft.sqlserver.jdbc.SQLServerConnection.connect(SQLServerConnection.java:1276)
	at com.microsoft.sqlserver.jdbc.SQLServerDriver.connect(SQLServerDriver.java:861)
	at org.apache.commons.dbcp.DriverConnectionFactory.createConnection(DriverConnectionFactory.java:38)
	at org.apache.commons.dbcp.PoolableConnectionFactory.makeObject(PoolableConnectionFactory.java:582)
	at org.apache.commons.dbcp.BasicDataSource.validateConnectionFactory(BasicDataSource.java:1556)
	at org.apache.commons.dbcp.BasicDataSource.createPoolableConnectionFactory(BasicDataSource.java:1545)
	at org.apache.commons.dbcp.BasicDataSource.createDataSource(BasicDataSource.java:1388)
	at org.apache.commons.dbcp.BasicDataSource.getConnection(BasicDataSource.java:1044)
	at org.springframework.jdbc.datasource.DataSourceUtils.fetchConnection(DataSourceUtils.java:157)
	at org.springframework.jdbc.datasource.DataSourceUtils.doGetConnection(DataSourceUtils.java:115)
	at org.springframework.jdbc.datasource.DataSourceUtils.getConnection(DataSourceUtils.java:78)
	at org.mybatis.spring.transaction.SpringManagedTransaction.openConnection(SpringManagedTransaction.java:80)
	at org.mybatis.spring.transaction.SpringManagedTransaction.getConnection(SpringManagedTransaction.java:67)
	at org.apache.ibatis.executor.BaseExecutor.getConnection(BaseExecutor.java:336)
	at org.apache.ibatis.executor.SimpleExecutor.prepareStatement(SimpleExecutor.java:85)
	at org.apache.ibatis.executor.SimpleExecutor.doQuery(SimpleExecutor.java:62)
	at org.apache.ibatis.executor.BaseExecutor.queryFromDatabase(BaseExecutor.java:324)
	at org.apache.ibatis.executor.BaseExecutor.query(BaseExecutor.java:156)
	at org.apache.ibatis.executor.CachingExecutor.query(CachingExecutor.java:109)
	at org.apache.ibatis.executor.CachingExecutor.query(CachingExecutor.java:83)
	at org.apache.ibatis.session.defaults.DefaultSqlSession.selectList(DefaultSqlSession.java:147)
	at org.apache.ibatis.session.defaults.DefaultSqlSession.selectList(DefaultSqlSession.java:140)
	at org.apache.ibatis.session.defaults.DefaultSqlSession.selectOne(DefaultSqlSession.java:76)
	at sun.reflect.NativeMethodAccessorImpl.invoke0(Native Method)
	at sun.reflect.NativeMethodAccessorImpl.invoke(NativeMethodAccessorImpl.java:62)
	at sun.reflect.DelegatingMethodAccessorImpl.invoke(DelegatingMethodAccessorImpl.java:43)
	at java.lang.reflect.Method.invoke(Method.java:498)
	at org.mybatis.spring.SqlSessionTemplate$SqlSessionInterceptor.invoke(SqlSessionTemplate.java:426)
	at com.sun.proxy.$Proxy59.selectOne(Unknown Source)
	at org.mybatis.spring.SqlSessionTemplate.selectOne(SqlSessionTemplate.java:159)
	at org.apache.ibatis.binding.MapperMethod.execute(MapperMethod.java:87)
	at org.apache.ibatis.binding.MapperProxy.invoke(MapperProxy.java:57)
	at com.sun.proxy.$Proxy61.checkUserWithSessionKey(Unknown Source)
	at com.daejist.login.service.LoginServiceImp.checkUserWithSessionKey(LoginServiceImp.java:84)
	at com.daejist.login.controller.LoginController.login(LoginController.java:75)
	at sun.reflect.NativeMethodAccessorImpl.invoke0(Native Method)
	at sun.reflect.NativeMethodAccessorImpl.invoke(NativeMethodAccessorImpl.java:62)
	at sun.reflect.DelegatingMethodAccessorImpl.invoke(DelegatingMethodAccessorImpl.java:43)
	at java.lang.reflect.Method.invoke(Method.java:498)
	at org.springframework.web.method.support.InvocableHandlerMethod.doInvoke(InvocableHandlerMethod.java:190)
	at org.springframework.web.method.support.InvocableHandlerMethod.invokeForRequest(InvocableHandlerMethod.java:138)
	at org.springframework.web.servlet.mvc.method.annotation.ServletInvocableHandlerMethod.invokeAndHandle(ServletInvocableHandlerMethod.java:104)
	at org.springframework.web.servlet.mvc.method.annotation.RequestMappingHandlerAdapter.invokeHandlerMethod(RequestMappingHandlerAdapter.java:892)
	at org.springframework.web.servlet.mvc.method.annotation.RequestMappingHandlerAdapter.handleInternal(RequestMappingHandlerAdapter.java:797)
	at org.springframework.web.servlet.mvc.method.AbstractHandlerMethodAdapter.handle(AbstractHandlerMethodAdapter.java:87)
	at org.springframework.web.servlet.DispatcherServlet.doDispatch(DispatcherServlet.java:1039)
	at org.springframework.web.servlet.DispatcherServlet.doService(DispatcherServlet.java:942)
	at org.springframework.web.servlet.FrameworkServlet.processRequest(FrameworkServlet.java:1005)
	at org.springframework.web.servlet.FrameworkServlet.doGet(FrameworkServlet.java:897)
	at javax.servlet.http.HttpServlet.service(HttpServlet.java:622)
	at org.springframework.web.servlet.FrameworkServlet.service(FrameworkServlet.java:882)
	at javax.servlet.http.HttpServlet.service(HttpServlet.java:729)
	at org.apache.catalina.core.ApplicationFilterChain.internalDoFilter(ApplicationFilterChain.java:292)
	at org.apache.catalina.core.ApplicationFilterChain.doFilter(ApplicationFilterChain.java:207)
	at org.apache.tomcat.websocket.server.WsFilter.doFilter(WsFilter.java:52)
	at org.apache.catalina.core.ApplicationFilterChain.internalDoFilter(ApplicationFilterChain.java:240)
	at org.apache.catalina.core.ApplicationFilterChain.doFilter(ApplicationFilterChain.java:207)
	at org.springframework.web.filter.CharacterEncodingFilter.doFilterInternal(CharacterEncodingFilter.java:200)
	at org.springframework.web.filter.OncePerRequestFilter.doFilter(OncePerRequestFilter.java:118)
	at org.apache.catalina.core.ApplicationFilterChain.internalDoFilter(ApplicationFilterChain.java:240)
	at org.apache.catalina.core.ApplicationFilterChain.doFilter(ApplicationFilterChain.java:207)
	at org.apache.catalina.core.StandardWrapperValve.invoke(StandardWrapperValve.java:212)
	at org.apache.catalina.core.StandardContextValve.invoke(StandardContextValve.java:94)
	at org.apache.catalina.core.StandardHostValve.invoke(StandardHostValve.java:141)
	at org.apache.catalina.valves.ErrorReportValve.invoke(ErrorReportValve.java:79)
	at org.apache.catalina.core.StandardEngineValve.invoke(StandardEngineValve.java:88)
	at org.apache.catalina.connector.CoyoteAdapter.service(CoyoteAdapter.java:502)
	at org.apache.coyote.http11.AbstractHttp11Processor.process(AbstractHttp11Processor.java:1132)
	at org.apache.coyote.AbstractProtocol$AbstractConnectionHandler.process(AbstractProtocol.java:684)
	at org.apache.tomcat.util.net.NioEndpoint$SocketProcessor.doRun(NioEndpoint.java:1539)
	at org.apache.tomcat.util.net.NioEndpoint$SocketProcessor.run(NioEndpoint.java:1495)
	at java.util.concurrent.ThreadPoolExecutor.runWorker(ThreadPoolExecutor.java:1142)
	at java.util.concurrent.ThreadPoolExecutor$Worker.run(ThreadPoolExecutor.java:617)
	at org.apache.tomcat.util.threads.TaskThread$WrappingRunnable.run(TaskThread.java:61)
	at java.lang.Thread.run(Thread.java:745)

10-Aug-2026 13:32:14.816 심각 [http-nio-8855-exec-6] org.apache.catalina.core.StandardWrapperValve.invoke Servlet.service() for servlet [appServlet] in context with path [] threw exception [Request processing failed; nested exception is org.mybatis.spring.MyBatisSystemException: nested exception is org.apache.ibatis.exceptions.PersistenceException: 
### Error querying database.  Cause: org.springframework.jdbc.CannotGetJdbcConnectionException: Failed to obtain JDBC Connection; nested exception is org.apache.commons.dbcp.SQLNestedException: Cannot create PoolableConnectionFactory (호스트 61.32.101.234, 포트 1433에 대한 TCP/IP 연결에 실패했습니다. 오류: "connect timed out. 연결 속성을 확인하십시오. SQL Server의 인스턴스가 호스트에서 실행되고 있고 포트에서 TCP/IP 연결을 허용하고 있는지 확인하십시오. 또한 방화벽에서 포트로의 TCP 연결을 차단하지 않는지 확인하십시오.".)
### The error may exist in com/daejist/login/mapper/LoginMapper.xml
### The error may involve com.daejist.login.mapper.LoginMapper.checkUserWithSessionKey
### The error occurred while executing a query
### Cause: org.springframework.jdbc.CannotGetJdbcConnectionException: Failed to obtain JDBC Connection; nested exception is org.apache.commons.dbcp.SQLNestedException: Cannot create PoolableConnectionFactory (호스트 61.32.101.234, 포트 1433에 대한 TCP/IP 연결에 실패했습니다. 오류: "connect timed out. 연결 속성을 확인하십시오. SQL Server의 인스턴스가 호스트에서 실행되고 있고 포트에서 TCP/IP 연결을 허용하고 있는지 확인하십시오. 또한 방화벽에서 포트로의 TCP 연결을 차단하지 않는지 확인하십시오.".)] with root cause
 com.microsoft.sqlserver.jdbc.SQLServerException: 호스트 61.32.101.234, 포트 1433에 대한 TCP/IP 연결에 실패했습니다. 오류: "connect timed out. 연결 속성을 확인하십시오. SQL Server의 인스턴스가 호스트에서 실행되고 있고 포트에서 TCP/IP 연결을 허용하고 있는지 확인하십시오. 또한 방화벽에서 포트로의 TCP 연결을 차단하지 않는지 확인하십시오.".
	at com.microsoft.sqlserver.jdbc.SQLServerException.makeFromDriverError(SQLServerException.java:234)
	at com.microsoft.sqlserver.jdbc.SQLServerException.ConvertConnectExceptionToSQLServerException(SQLServerException.java:285)
	at com.microsoft.sqlserver.jdbc.SocketFinder.findSocket(IOBuffer.java:2462)
	at com.microsoft.sqlserver.jdbc.TDSChannel.open(IOBuffer.java:668)
	at com.microsoft.sqlserver.jdbc.SQLServerConnection.connectHelper(SQLServerConnection.java:2695)
	at com.microsoft.sqlserver.jdbc.SQLServerConnection.login(SQLServerConnection.java:2362)
	at com.microsoft.sqlserver.jdbc.SQLServerConnection.connectInternal(SQLServerConnection.java:2213)
	at com.microsoft.sqlserver.jdbc.SQLServerConnection.connect(SQLServerConnection.java:1276)
	at com.microsoft.sqlserver.jdbc.SQLServerDriver.connect(SQLServerDriver.java:861)
	at org.apache.commons.dbcp.DriverConnectionFactory.createConnection(DriverConnectionFactory.java:38)
	at org.apache.commons.dbcp.PoolableConnectionFactory.makeObject(PoolableConnectionFactory.java:582)
	at org.apache.commons.dbcp.BasicDataSource.validateConnectionFactory(BasicDataSource.java:1556)
	at org.apache.commons.dbcp.BasicDataSource.createPoolableConnectionFactory(BasicDataSource.java:1545)
	at org.apache.commons.dbcp.BasicDataSource.createDataSource(BasicDataSource.java:1388)
	at org.apache.commons.dbcp.BasicDataSource.getConnection(BasicDataSource.java:1044)
	at org.springframework.jdbc.datasource.DataSourceUtils.fetchConnection(DataSourceUtils.java:157)
	at org.springframework.jdbc.datasource.DataSourceUtils.doGetConnection(DataSourceUtils.java:115)
	at org.springframework.jdbc.datasource.DataSourceUtils.getConnection(DataSourceUtils.java:78)
	at org.mybatis.spring.transaction.SpringManagedTransaction.openConnection(SpringManagedTransaction.java:80)
	at org.mybatis.spring.transaction.SpringManagedTransaction.getConnection(SpringManagedTransaction.java:67)
	at org.apache.ibatis.executor.BaseExecutor.getConnection(BaseExecutor.java:336)
	at org.apache.ibatis.executor.SimpleExecutor.prepareStatement(SimpleExecutor.java:85)
	at org.apache.ibatis.executor.SimpleExecutor.doQuery(SimpleExecutor.java:62)
	at org.apache.ibatis.executor.BaseExecutor.queryFromDatabase(BaseExecutor.java:324)
	at org.apache.ibatis.executor.BaseExecutor.query(BaseExecutor.java:156)
	at org.apache.ibatis.executor.CachingExecutor.query(CachingExecutor.java:109)
	at org.apache.ibatis.executor.CachingExecutor.query(CachingExecutor.java:83)
	at org.apache.ibatis.session.defaults.DefaultSqlSession.selectList(DefaultSqlSession.java:147)
	at org.apache.ibatis.session.defaults.DefaultSqlSession.selectList(DefaultSqlSession.java:140)
	at org.apache.ibatis.session.defaults.DefaultSqlSession.selectOne(DefaultSqlSession.java:76)
	at sun.reflect.NativeMethodAccessorImpl.invoke0(Native Method)
	at sun.reflect.NativeMethodAccessorImpl.invoke(NativeMethodAccessorImpl.java:62)
	at sun.reflect.DelegatingMethodAccessorImpl.invoke(DelegatingMethodAccessorImpl.java:43)
	at java.lang.reflect.Method.invoke(Method.java:498)
	at org.mybatis.spring.SqlSessionTemplate$SqlSessionInterceptor.invoke(SqlSessionTemplate.java:426)
	at com.sun.proxy.$Proxy59.selectOne(Unknown Source)
	at org.mybatis.spring.SqlSessionTemplate.selectOne(SqlSessionTemplate.java:159)
	at org.apache.ibatis.binding.MapperMethod.execute(MapperMethod.java:87)
	at org.apache.ibatis.binding.MapperProxy.invoke(MapperProxy.java:57)
	at com.sun.proxy.$Proxy61.checkUserWithSessionKey(Unknown Source)
	at com.daejist.login.service.LoginServiceImp.checkUserWithSessionKey(LoginServiceImp.java:84)
	at com.daejist.login.controller.LoginController.login(LoginController.java:75)
	at sun.reflect.NativeMethodAccessorImpl.invoke0(Native Method)
	at sun.reflect.NativeMethodAccessorImpl.invoke(NativeMethodAccessorImpl.java:62)
	at sun.reflect.DelegatingMethodAccessorImpl.invoke(DelegatingMethodAccessorImpl.java:43)
	at java.lang.reflect.Method.invoke(Method.java:498)
	at org.springframework.web.method.support.InvocableHandlerMethod.doInvoke(InvocableHandlerMethod.java:190)
	at org.springframework.web.method.support.InvocableHandlerMethod.invokeForRequest(InvocableHandlerMethod.java:138)
	at org.springframework.web.servlet.mvc.method.annotation.ServletInvocableHandlerMethod.invokeAndHandle(ServletInvocableHandlerMethod.java:104)
	at org.springframework.web.servlet.mvc.method.annotation.RequestMappingHandlerAdapter.invokeHandlerMethod(RequestMappingHandlerAdapter.java:892)
	at org.springframework.web.servlet.mvc.method.annotation.RequestMappingHandlerAdapter.handleInternal(RequestMappingHandlerAdapter.java:797)
	at org.springframework.web.servlet.mvc.method.AbstractHandlerMethodAdapter.handle(AbstractHandlerMethodAdapter.java:87)
	at org.springframework.web.servlet.DispatcherServlet.doDispatch(DispatcherServlet.java:1039)
	at org.springframework.web.servlet.DispatcherServlet.doService(DispatcherServlet.java:942)
	at org.springframework.web.servlet.FrameworkServlet.processRequest(FrameworkServlet.java:1005)
	at org.springframework.web.servlet.FrameworkServlet.doGet(FrameworkServlet.java:897)
	at javax.servlet.http.HttpServlet.service(HttpServlet.java:622)
	at org.springframework.web.servlet.FrameworkServlet.service(FrameworkServlet.java:882)
	at javax.servlet.http.HttpServlet.service(HttpServlet.java:729)
	at org.apache.catalina.core.ApplicationFilterChain.internalDoFilter(ApplicationFilterChain.java:292)
	at org.apache.catalina.core.ApplicationFilterChain.doFilter(ApplicationFilterChain.java:207)
	at org.apache.tomcat.websocket.server.WsFilter.doFilter(WsFilter.java:52)
	at org.apache.catalina.core.ApplicationFilterChain.internalDoFilter(ApplicationFilterChain.java:240)
	at org.apache.catalina.core.ApplicationFilterChain.doFilter(ApplicationFilterChain.java:207)
	at org.springframework.web.filter.CharacterEncodingFilter.doFilterInternal(CharacterEncodingFilter.java:200)
	at org.springframework.web.filter.OncePerRequestFilter.doFilter(OncePerRequestFilter.java:118)
	at org.apache.catalina.core.ApplicationFilterChain.internalDoFilter(ApplicationFilterChain.java:240)
	at org.apache.catalina.core.ApplicationFilterChain.doFilter(ApplicationFilterChain.java:207)
	at org.apache.catalina.core.StandardWrapperValve.invoke(StandardWrapperValve.java:212)
	at org.apache.catalina.core.StandardContextValve.invoke(StandardContextValve.java:94)
	at org.apache.catalina.core.StandardHostValve.invoke(StandardHostValve.java:141)
	at org.apache.catalina.valves.ErrorReportValve.invoke(ErrorReportValve.java:79)
	at org.apache.catalina.core.StandardEngineValve.invoke(StandardEngineValve.java:88)
	at org.apache.catalina.connector.CoyoteAdapter.service(CoyoteAdapter.java:502)
	at org.apache.coyote.http11.AbstractHttp11Processor.process(AbstractHttp11Processor.java:1132)
	at org.apache.coyote.AbstractProtocol$AbstractConnectionHandler.process(AbstractProtocol.java:684)
	at org.apache.tomcat.util.net.NioEndpoint$SocketProcessor.doRun(NioEndpoint.java:1539)
	at org.apache.tomcat.util.net.NioEndpoint$SocketProcessor.run(NioEndpoint.java:1495)
	at java.util.concurrent.ThreadPoolExecutor.runWorker(ThreadPoolExecutor.java:1142)
	at java.util.concurrent.ThreadPoolExecutor$Worker.run(ThreadPoolExecutor.java:617)
	at org.apache.tomcat.util.threads.TaskThread$WrappingRunnable.run(TaskThread.java:61)
	at java.lang.Thread.run(Thread.java:745)

10-Aug-2026 13:32:29.820 심각 [http-nio-8855-exec-10] org.apache.catalina.core.StandardWrapperValve.invoke Servlet.service() for servlet [appServlet] in context with path [] threw exception [Request processing failed; nested exception is org.mybatis.spring.MyBatisSystemException: nested exception is org.apache.ibatis.exceptions.PersistenceException: 
### Error querying database.  Cause: org.springframework.jdbc.CannotGetJdbcConnectionException: Failed to obtain JDBC Connection; nested exception is org.apache.commons.dbcp.SQLNestedException: Cannot create PoolableConnectionFactory (호스트 61.32.101.234, 포트 1433에 대한 TCP/IP 연결에 실패했습니다. 오류: "connect timed out. 연결 속성을 확인하십시오. SQL Server의 인스턴스가 호스트에서 실행되고 있고 포트에서 TCP/IP 연결을 허용하고 있는지 확인하십시오. 또한 방화벽에서 포트로의 TCP 연결을 차단하지 않는지 확인하십시오.".)
### The error may exist in com/daejist/login/mapper/LoginMapper.xml
### The error may involve com.daejist.login.mapper.LoginMapper.checkUserWithSessionKey
### The error occurred while executing a query
### Cause: org.springframework.jdbc.CannotGetJdbcConnectionException: Failed to obtain JDBC Connection; nested exception is org.apache.commons.dbcp.SQLNestedException: Cannot create PoolableConnectionFactory (호스트 61.32.101.234, 포트 1433에 대한 TCP/IP 연결에 실패했습니다. 오류: "connect timed out. 연결 속성을 확인하십시오. SQL Server의 인스턴스가 호스트에서 실행되고 있고 포트에서 TCP/IP 연결을 허용하고 있는지 확인하십시오. 또한 방화벽에서 포트로의 TCP 연결을 차단하지 않는지 확인하십시오.".)] with root cause
 com.microsoft.sqlserver.jdbc.SQLServerException: 호스트 61.32.101.234, 포트 1433에 대한 TCP/IP 연결에 실패했습니다. 오류: "connect timed out. 연결 속성을 확인하십시오. SQL Server의 인스턴스가 호스트에서 실행되고 있고 포트에서 TCP/IP 연결을 허용하고 있는지 확인하십시오. 또한 방화벽에서 포트로의 TCP 연결을 차단하지 않는지 확인하십시오.".
	at com.microsoft.sqlserver.jdbc.SQLServerException.makeFromDriverError(SQLServerException.java:234)
	at com.microsoft.sqlserver.jdbc.SQLServerException.ConvertConnectExceptionToSQLServerException(SQLServerException.java:285)
	at com.microsoft.sqlserver.jdbc.SocketFinder.findSocket(IOBuffer.java:2462)
	at com.microsoft.sqlserver.jdbc.TDSChannel.open(IOBuffer.java:668)
	at com.microsoft.sqlserver.jdbc.SQLServerConnection.connectHelper(SQLServerConnection.java:2695)
	at com.microsoft.sqlserver.jdbc.SQLServerConnection.login(SQLServerConnection.java:2362)
	at com.microsoft.sqlserver.jdbc.SQLServerConnection.connectInternal(SQLServerConnection.java:2213)
	at com.microsoft.sqlserver.jdbc.SQLServerConnection.connect(SQLServerConnection.java:1276)
	at com.microsoft.sqlserver.jdbc.SQLServerDriver.connect(SQLServerDriver.java:861)
	at org.apache.commons.dbcp.DriverConnectionFactory.createConnection(DriverConnectionFactory.java:38)
	at org.apache.commons.dbcp.PoolableConnectionFactory.makeObject(PoolableConnectionFactory.java:582)
	at org.apache.commons.dbcp.BasicDataSource.validateConnectionFactory(BasicDataSource.java:1556)
	at org.apache.commons.dbcp.BasicDataSource.createPoolableConnectionFactory(BasicDataSource.java:1545)
	at org.apache.commons.dbcp.BasicDataSource.createDataSource(BasicDataSource.java:1388)
	at org.apache.commons.dbcp.BasicDataSource.getConnection(BasicDataSource.java:1044)
	at org.springframework.jdbc.datasource.DataSourceUtils.fetchConnection(DataSourceUtils.java:157)
	at org.springframework.jdbc.datasource.DataSourceUtils.doGetConnection(DataSourceUtils.java:115)
	at org.springframework.jdbc.datasource.DataSourceUtils.getConnection(DataSourceUtils.java:78)
	at org.mybatis.spring.transaction.SpringManagedTransaction.openConnection(SpringManagedTransaction.java:80)
	at org.mybatis.spring.transaction.SpringManagedTransaction.getConnection(SpringManagedTransaction.java:67)
	at org.apache.ibatis.executor.BaseExecutor.getConnection(BaseExecutor.java:336)
	at org.apache.ibatis.executor.SimpleExecutor.prepareStatement(SimpleExecutor.java:85)
	at org.apache.ibatis.executor.SimpleExecutor.doQuery(SimpleExecutor.java:62)
	at org.apache.ibatis.executor.BaseExecutor.queryFromDatabase(BaseExecutor.java:324)
	at org.apache.ibatis.executor.BaseExecutor.query(BaseExecutor.java:156)
	at org.apache.ibatis.executor.CachingExecutor.query(CachingExecutor.java:109)
	at org.apache.ibatis.executor.CachingExecutor.query(CachingExecutor.java:83)
	at org.apache.ibatis.session.defaults.DefaultSqlSession.selectList(DefaultSqlSession.java:147)
	at org.apache.ibatis.session.defaults.DefaultSqlSession.selectList(DefaultSqlSession.java:140)
	at org.apache.ibatis.session.defaults.DefaultSqlSession.selectOne(DefaultSqlSession.java:76)
	at sun.reflect.NativeMethodAccessorImpl.invoke0(Native Method)
	at sun.reflect.NativeMethodAccessorImpl.invoke(NativeMethodAccessorImpl.java:62)
	at sun.reflect.DelegatingMethodAccessorImpl.invoke(DelegatingMethodAccessorImpl.java:43)
	at java.lang.reflect.Method.invoke(Method.java:498)
	at org.mybatis.spring.SqlSessionTemplate$SqlSessionInterceptor.invoke(SqlSessionTemplate.java:426)
	at com.sun.proxy.$Proxy59.selectOne(Unknown Source)
	at org.mybatis.spring.SqlSessionTemplate.selectOne(SqlSessionTemplate.java:159)
	at org.apache.ibatis.binding.MapperMethod.execute(MapperMethod.java:87)
	at org.apache.ibatis.binding.MapperProxy.invoke(MapperProxy.java:57)
	at com.sun.proxy.$Proxy61.checkUserWithSessionKey(Unknown Source)
	at com.daejist.login.service.LoginServiceImp.checkUserWithSessionKey(LoginServiceImp.java:84)
	at com.daejist.login.controller.LoginController.login(LoginController.java:75)
	at sun.reflect.NativeMethodAccessorImpl.invoke0(Native Method)
	at sun.reflect.NativeMethodAccessorImpl.invoke(NativeMethodAccessorImpl.java:62)
	at sun.reflect.DelegatingMethodAccessorImpl.invoke(DelegatingMethodAccessorImpl.java:43)
	at java.lang.reflect.Method.invoke(Method.java:498)
	at org.springframework.web.method.support.InvocableHandlerMethod.doInvoke(InvocableHandlerMethod.java:190)
	at org.springframework.web.method.support.InvocableHandlerMethod.invokeForRequest(InvocableHandlerMethod.java:138)
	at org.springframework.web.servlet.mvc.method.annotation.ServletInvocableHandlerMethod.invokeAndHandle(ServletInvocableHandlerMethod.java:104)
	at org.springframework.web.servlet.mvc.method.annotation.RequestMappingHandlerAdapter.invokeHandlerMethod(RequestMappingHandlerAdapter.java:892)
	at org.springframework.web.servlet.mvc.method.annotation.RequestMappingHandlerAdapter.handleInternal(RequestMappingHandlerAdapter.java:797)
	at org.springframework.web.servlet.mvc.method.AbstractHandlerMethodAdapter.handle(AbstractHandlerMethodAdapter.java:87)
	at org.springframework.web.servlet.DispatcherServlet.doDispatch(DispatcherServlet.java:1039)
	at org.springframework.web.servlet.DispatcherServlet.doService(DispatcherServlet.java:942)
	at org.springframework.web.servlet.FrameworkServlet.processRequest(FrameworkServlet.java:1005)
	at org.springframework.web.servlet.FrameworkServlet.doGet(FrameworkServlet.java:897)
	at javax.servlet.http.HttpServlet.service(HttpServlet.java:622)
	at org.springframework.web.servlet.FrameworkServlet.service(FrameworkServlet.java:882)
	at javax.servlet.http.HttpServlet.service(HttpServlet.java:729)
	at org.apache.catalina.core.ApplicationFilterChain.internalDoFilter(ApplicationFilterChain.java:292)
	at org.apache.catalina.core.ApplicationFilterChain.doFilter(ApplicationFilterChain.java:207)
	at org.apache.tomcat.websocket.server.WsFilter.doFilter(WsFilter.java:52)
	at org.apache.catalina.core.ApplicationFilterChain.internalDoFilter(ApplicationFilterChain.java:240)
	at org.apache.catalina.core.ApplicationFilterChain.doFilter(ApplicationFilterChain.java:207)
	at org.springframework.web.filter.CharacterEncodingFilter.doFilterInternal(CharacterEncodingFilter.java:200)
	at org.springframework.web.filter.OncePerRequestFilter.doFilter(OncePerRequestFilter.java:118)
	at org.apache.catalina.core.ApplicationFilterChain.internalDoFilter(ApplicationFilterChain.java:240)
	at org.apache.catalina.core.ApplicationFilterChain.doFilter(ApplicationFilterChain.java:207)
	at org.apache.catalina.core.StandardWrapperValve.invoke(StandardWrapperValve.java:212)
	at org.apache.catalina.core.StandardContextValve.invoke(StandardContextValve.java:94)
	at org.apache.catalina.core.StandardHostValve.invoke(StandardHostValve.java:141)
	at org.apache.catalina.valves.ErrorReportValve.invoke(ErrorReportValve.java:79)
	at org.apache.catalina.core.StandardEngineValve.invoke(StandardEngineValve.java:88)
	at org.apache.catalina.connector.CoyoteAdapter.service(CoyoteAdapter.java:502)
	at org.apache.coyote.http11.AbstractHttp11Processor.process(AbstractHttp11Processor.java:1132)
	at org.apache.coyote.AbstractProtocol$AbstractConnectionHandler.process(AbstractProtocol.java:684)
	at org.apache.tomcat.util.net.NioEndpoint$SocketProcessor.doRun(NioEndpoint.java:1539)
	at org.apache.tomcat.util.net.NioEndpoint$SocketProcessor.run(NioEndpoint.java:1495)
	at java.util.concurrent.ThreadPoolExecutor.runWorker(ThreadPoolExecutor.java:1142)
	at java.util.concurrent.ThreadPoolExecutor$Worker.run(ThreadPoolExecutor.java:617)
	at org.apache.tomcat.util.threads.TaskThread$WrappingRunnable.run(TaskThread.java:61)
	at java.lang.Thread.run(Thread.java:745)

10-Aug-2026 13:32:44.824 심각 [http-nio-8855-exec-7] org.apache.catalina.core.StandardWrapperValve.invoke Servlet.service() for servlet [appServlet] in context with path [] threw exception [Request processing failed; nested exception is org.mybatis.spring.MyBatisSystemException: nested exception is org.apache.ibatis.exceptions.PersistenceException: 
### Error querying database.  Cause: org.springframework.jdbc.CannotGetJdbcConnectionException: Failed to obtain JDBC Connection; nested exception is org.apache.commons.dbcp.SQLNestedException: Cannot create PoolableConnectionFactory (호스트 61.32.101.234, 포트 1433에 대한 TCP/IP 연결에 실패했습니다. 오류: "connect timed out. 연결 속성을 확인하십시오. SQL Server의 인스턴스가 호스트에서 실행되고 있고 포트에서 TCP/IP 연결을 허용하고 있는지 확인하십시오. 또한 방화벽에서 포트로의 TCP 연결을 차단하지 않는지 확인하십시오.".)
### The error may exist in com/daejist/login/mapper/LoginMapper.xml
### The error may involve com.daejist.login.mapper.LoginMapper.checkUserWithSessionKey
### The error occurred while executing a query
### Cause: org.springframework.jdbc.CannotGetJdbcConnectionException: Failed to obtain JDBC Connection; nested exception is org.apache.commons.dbcp.SQLNestedException: Cannot create PoolableConnectionFactory (호스트 61.32.101.234, 포트 1433에 대한 TCP/IP 연결에 실패했습니다. 오류: "connect timed out. 연결 속성을 확인하십시오. SQL Server의 인스턴스가 호스트에서 실행되고 있고 포트에서 TCP/IP 연결을 허용하고 있는지 확인하십시오. 또한 방화벽에서 포트로의 TCP 연결을 차단하지 않는지 확인하십시오.".)] with root cause
 com.microsoft.sqlserver.jdbc.SQLServerException: 호스트 61.32.101.234, 포트 1433에 대한 TCP/IP 연결에 실패했습니다. 오류: "connect timed out. 연결 속성을 확인하십시오. SQL Server의 인스턴스가 호스트에서 실행되고 있고 포트에서 TCP/IP 연결을 허용하고 있는지 확인하십시오. 또한 방화벽에서 포트로의 TCP 연결을 차단하지 않는지 확인하십시오.".
	at com.microsoft.sqlserver.jdbc.SQLServerException.makeFromDriverError(SQLServerException.java:234)
	at com.microsoft.sqlserver.jdbc.SQLServerException.ConvertConnectExceptionToSQLServerException(SQLServerException.java:285)
	at com.microsoft.sqlserver.jdbc.SocketFinder.findSocket(IOBuffer.java:2462)
	at com.microsoft.sqlserver.jdbc.TDSChannel.open(IOBuffer.java:668)
	at com.microsoft.sqlserver.jdbc.SQLServerConnection.connectHelper(SQLServerConnection.java:2695)
	at com.microsoft.sqlserver.jdbc.SQLServerConnection.login(SQLServerConnection.java:2362)
	at com.microsoft.sqlserver.jdbc.SQLServerConnection.connectInternal(SQLServerConnection.java:2213)
	at com.microsoft.sqlserver.jdbc.SQLServerConnection.connect(SQLServerConnection.java:1276)
	at com.microsoft.sqlserver.jdbc.SQLServerDriver.connect(SQLServerDriver.java:861)
	at org.apache.commons.dbcp.DriverConnectionFactory.createConnection(DriverConnectionFactory.java:38)
	at org.apache.commons.dbcp.PoolableConnectionFactory.makeObject(PoolableConnectionFactory.java:582)
	at org.apache.commons.dbcp.BasicDataSource.validateConnectionFactory(BasicDataSource.java:1556)
	at org.apache.commons.dbcp.BasicDataSource.createPoolableConnectionFactory(BasicDataSource.java:1545)
	at org.apache.commons.dbcp.BasicDataSource.createDataSource(BasicDataSource.java:1388)
	at org.apache.commons.dbcp.BasicDataSource.getConnection(BasicDataSource.java:1044)
	at org.springframework.jdbc.datasource.DataSourceUtils.fetchConnection(DataSourceUtils.java:157)
	at org.springframework.jdbc.datasource.DataSourceUtils.doGetConnection(DataSourceUtils.java:115)
	at org.springframework.jdbc.datasource.DataSourceUtils.getConnection(DataSourceUtils.java:78)
	at org.mybatis.spring.transaction.SpringManagedTransaction.openConnection(SpringManagedTransaction.java:80)
	at org.mybatis.spring.transaction.SpringManagedTransaction.getConnection(SpringManagedTransaction.java:67)
	at org.apache.ibatis.executor.BaseExecutor.getConnection(BaseExecutor.java:336)
	at org.apache.ibatis.executor.SimpleExecutor.prepareStatement(SimpleExecutor.java:85)
	at org.apache.ibatis.executor.SimpleExecutor.doQuery(SimpleExecutor.java:62)
	at org.apache.ibatis.executor.BaseExecutor.queryFromDatabase(BaseExecutor.java:324)
	at org.apache.ibatis.executor.BaseExecutor.query(BaseExecutor.java:156)
	at org.apache.ibatis.executor.CachingExecutor.query(CachingExecutor.java:109)
	at org.apache.ibatis.executor.CachingExecutor.query(CachingExecutor.java:83)
	at org.apache.ibatis.session.defaults.DefaultSqlSession.selectList(DefaultSqlSession.java:147)
	at org.apache.ibatis.session.defaults.DefaultSqlSession.selectList(DefaultSqlSession.java:140)
	at org.apache.ibatis.session.defaults.DefaultSqlSession.selectOne(DefaultSqlSession.java:76)
	at sun.reflect.NativeMethodAccessorImpl.invoke0(Native Method)
	at sun.reflect.NativeMethodAccessorImpl.invoke(NativeMethodAccessorImpl.java:62)
	at sun.reflect.DelegatingMethodAccessorImpl.invoke(DelegatingMethodAccessorImpl.java:43)
	at java.lang.reflect.Method.invoke(Method.java:498)
	at org.mybatis.spring.SqlSessionTemplate$SqlSessionInterceptor.invoke(SqlSessionTemplate.java:426)
	at com.sun.proxy.$Proxy59.selectOne(Unknown Source)
	at org.mybatis.spring.SqlSessionTemplate.selectOne(SqlSessionTemplate.java:159)
	at org.apache.ibatis.binding.MapperMethod.execute(MapperMethod.java:87)
	at org.apache.ibatis.binding.MapperProxy.invoke(MapperProxy.java:57)
	at com.sun.proxy.$Proxy61.checkUserWithSessionKey(Unknown Source)
	at com.daejist.login.service.LoginServiceImp.checkUserWithSessionKey(LoginServiceImp.java:84)
	at com.daejist.login.controller.LoginController.login(LoginController.java:75)
	at sun.reflect.NativeMethodAccessorImpl.invoke0(Native Method)
	at sun.reflect.NativeMethodAccessorImpl.invoke(NativeMethodAccessorImpl.java:62)
	at sun.reflect.DelegatingMethodAccessorImpl.invoke(DelegatingMethodAccessorImpl.java:43)
	at java.lang.reflect.Method.invoke(Method.java:498)
	at org.springframework.web.method.support.InvocableHandlerMethod.doInvoke(InvocableHandlerMethod.java:190)
	at org.springframework.web.method.support.InvocableHandlerMethod.invokeForRequest(InvocableHandlerMethod.java:138)
	at org.springframework.web.servlet.mvc.method.annotation.ServletInvocableHandlerMethod.invokeAndHandle(ServletInvocableHandlerMethod.java:104)
	at org.springframework.web.servlet.mvc.method.annotation.RequestMappingHandlerAdapter.invokeHandlerMethod(RequestMappingHandlerAdapter.java:892)
	at org.springframework.web.servlet.mvc.method.annotation.RequestMappingHandlerAdapter.handleInternal(RequestMappingHandlerAdapter.java:797)
	at org.springframework.web.servlet.mvc.method.AbstractHandlerMethodAdapter.handle(AbstractHandlerMethodAdapter.java:87)
	at org.springframework.web.servlet.DispatcherServlet.doDispatch(DispatcherServlet.java:1039)
	at org.springframework.web.servlet.DispatcherServlet.doService(DispatcherServlet.java:942)
	at org.springframework.web.servlet.FrameworkServlet.processRequest(FrameworkServlet.java:1005)
	at org.springframework.web.servlet.FrameworkServlet.doGet(FrameworkServlet.java:897)
	at javax.servlet.http.HttpServlet.service(HttpServlet.java:622)
	at org.springframework.web.servlet.FrameworkServlet.service(FrameworkServlet.java:882)
	at javax.servlet.http.HttpServlet.service(HttpServlet.java:729)
	at org.apache.catalina.core.ApplicationFilterChain.internalDoFilter(ApplicationFilterChain.java:292)
	at org.apache.catalina.core.ApplicationFilterChain.doFilter(ApplicationFilterChain.java:207)
	at org.apache.tomcat.websocket.server.WsFilter.doFilter(WsFilter.java:52)
	at org.apache.catalina.core.ApplicationFilterChain.internalDoFilter(ApplicationFilterChain.java:240)
	at org.apache.catalina.core.ApplicationFilterChain.doFilter(ApplicationFilterChain.java:207)
	at org.springframework.web.filter.CharacterEncodingFilter.doFilterInternal(CharacterEncodingFilter.java:200)
	at org.springframework.web.filter.OncePerRequestFilter.doFilter(OncePerRequestFilter.java:118)
	at org.apache.catalina.core.ApplicationFilterChain.internalDoFilter(ApplicationFilterChain.java:240)
	at org.apache.catalina.core.ApplicationFilterChain.doFilter(ApplicationFilterChain.java:207)
	at org.apache.catalina.core.StandardWrapperValve.invoke(StandardWrapperValve.java:212)
	at org.apache.catalina.core.StandardContextValve.invoke(StandardContextValve.java:94)
	at org.apache.catalina.core.StandardHostValve.invoke(StandardHostValve.java:141)
	at org.apache.catalina.valves.ErrorReportValve.invoke(ErrorReportValve.java:79)
	at org.apache.catalina.core.StandardEngineValve.invoke(StandardEngineValve.java:88)
	at org.apache.catalina.connector.CoyoteAdapter.service(CoyoteAdapter.java:502)
	at org.apache.coyote.http11.AbstractHttp11Processor.process(AbstractHttp11Processor.java:1132)
	at org.apache.coyote.AbstractProtocol$AbstractConnectionHandler.process(AbstractProtocol.java:684)
	at org.apache.tomcat.util.net.NioEndpoint$SocketProcessor.doRun(NioEndpoint.java:1539)
	at org.apache.tomcat.util.net.NioEndpoint$SocketProcessor.run(NioEndpoint.java:1495)
	at java.util.concurrent.ThreadPoolExecutor.runWorker(ThreadPoolExecutor.java:1142)
	at java.util.concurrent.ThreadPoolExecutor$Worker.run(ThreadPoolExecutor.java:617)
	at org.apache.tomcat.util.threads.TaskThread$WrappingRunnable.run(TaskThread.java:61)
	at java.lang.Thread.run(Thread.java:745)

10-Aug-2026 13:42:35.595 심각 [http-nio-8855-exec-5] org.apache.catalina.core.StandardWrapperValve.invoke Servlet.service() for servlet [appServlet] in context with path [] threw exception [Request processing failed; nested exception is org.mybatis.spring.MyBatisSystemException: nested exception is org.apache.ibatis.exceptions.PersistenceException: 
### Error querying database.  Cause: org.springframework.jdbc.CannotGetJdbcConnectionException: Failed to obtain JDBC Connection; nested exception is org.apache.commons.dbcp.SQLNestedException: Cannot create PoolableConnectionFactory (호스트 61.32.101.234, 포트 1433에 대한 TCP/IP 연결에 실패했습니다. 오류: "connect timed out. 연결 속성을 확인하십시오. SQL Server의 인스턴스가 호스트에서 실행되고 있고 포트에서 TCP/IP 연결을 허용하고 있는지 확인하십시오. 또한 방화벽에서 포트로의 TCP 연결을 차단하지 않는지 확인하십시오.".)
### The error may exist in com/daejist/login/mapper/LoginMapper.xml
### The error may involve com.daejist.login.mapper.LoginMapper.checkUserWithSessionKey
### The error occurred while executing a query
### Cause: org.springframework.jdbc.CannotGetJdbcConnectionException: Failed to obtain JDBC Connection; nested exception is org.apache.commons.dbcp.SQLNestedException: Cannot create PoolableConnectionFactory (호스트 61.32.101.234, 포트 1433에 대한 TCP/IP 연결에 실패했습니다. 오류: "connect timed out. 연결 속성을 확인하십시오. SQL Server의 인스턴스가 호스트에서 실행되고 있고 포트에서 TCP/IP 연결을 허용하고 있는지 확인하십시오. 또한 방화벽에서 포트로의 TCP 연결을 차단하지 않는지 확인하십시오.".)] with root cause
 com.microsoft.sqlserver.jdbc.SQLServerException: 호스트 61.32.101.234, 포트 1433에 대한 TCP/IP 연결에 실패했습니다. 오류: "connect timed out. 연결 속성을 확인하십시오. SQL Server의 인스턴스가 호스트에서 실행되고 있고 포트에서 TCP/IP 연결을 허용하고 있는지 확인하십시오. 또한 방화벽에서 포트로의 TCP 연결을 차단하지 않는지 확인하십시오.".
	at com.microsoft.sqlserver.jdbc.SQLServerException.makeFromDriverError(SQLServerException.java:234)
	at com.microsoft.sqlserver.jdbc.SQLServerException.ConvertConnectExceptionToSQLServerException(SQLServerException.java:285)
	at com.microsoft.sqlserver.jdbc.SocketFinder.findSocket(IOBuffer.java:2462)
	at com.microsoft.sqlserver.jdbc.TDSChannel.open(IOBuffer.java:668)
	at com.microsoft.sqlserver.jdbc.SQLServerConnection.connectHelper(SQLServerConnection.java:2695)
	at com.microsoft.sqlserver.jdbc.SQLServerConnection.login(SQLServerConnection.java:2362)
	at com.microsoft.sqlserver.jdbc.SQLServerConnection.connectInternal(SQLServerConnection.java:2213)
	at com.microsoft.sqlserver.jdbc.SQLServerConnection.connect(SQLServerConnection.java:1276)
	at com.microsoft.sqlserver.jdbc.SQLServerDriver.connect(SQLServerDriver.java:861)
	at org.apache.commons.dbcp.DriverConnectionFactory.createConnection(DriverConnectionFactory.java:38)
	at org.apache.commons.dbcp.PoolableConnectionFactory.makeObject(PoolableConnectionFactory.java:582)
	at org.apache.commons.dbcp.BasicDataSource.validateConnectionFactory(BasicDataSource.java:1556)
	at org.apache.commons.dbcp.BasicDataSource.createPoolableConnectionFactory(BasicDataSource.java:1545)
	at org.apache.commons.dbcp.BasicDataSource.createDataSource(BasicDataSource.java:1388)
	at org.apache.commons.dbcp.BasicDataSource.getConnection(BasicDataSource.java:1044)
	at org.springframework.jdbc.datasource.DataSourceUtils.fetchConnection(DataSourceUtils.java:157)
	at org.springframework.jdbc.datasource.DataSourceUtils.doGetConnection(DataSourceUtils.java:115)
	at org.springframework.jdbc.datasource.DataSourceUtils.getConnection(DataSourceUtils.java:78)
	at org.mybatis.spring.transaction.SpringManagedTransaction.openConnection(SpringManagedTransaction.java:80)
	at org.mybatis.spring.transaction.SpringManagedTransaction.getConnection(SpringManagedTransaction.java:67)
	at org.apache.ibatis.executor.BaseExecutor.getConnection(BaseExecutor.java:336)
	at org.apache.ibatis.executor.SimpleExecutor.prepareStatement(SimpleExecutor.java:85)
	at org.apache.ibatis.executor.SimpleExecutor.doQuery(SimpleExecutor.java:62)
	at org.apache.ibatis.executor.BaseExecutor.queryFromDatabase(BaseExecutor.java:324)
	at org.apache.ibatis.executor.BaseExecutor.query(BaseExecutor.java:156)
	at org.apache.ibatis.executor.CachingExecutor.query(CachingExecutor.java:109)
	at org.apache.ibatis.executor.CachingExecutor.query(CachingExecutor.java:83)
	at org.apache.ibatis.session.defaults.DefaultSqlSession.selectList(DefaultSqlSession.java:147)
	at org.apache.ibatis.session.defaults.DefaultSqlSession.selectList(DefaultSqlSession.java:140)
	at org.apache.ibatis.session.defaults.DefaultSqlSession.selectOne(DefaultSqlSession.java:76)
	at sun.reflect.NativeMethodAccessorImpl.invoke0(Native Method)
	at sun.reflect.NativeMethodAccessorImpl.invoke(NativeMethodAccessorImpl.java:62)
	at sun.reflect.DelegatingMethodAccessorImpl.invoke(DelegatingMethodAccessorImpl.java:43)
	at java.lang.reflect.Method.invoke(Method.java:498)
	at org.mybatis.spring.SqlSessionTemplate$SqlSessionInterceptor.invoke(SqlSessionTemplate.java:426)
	at com.sun.proxy.$Proxy59.selectOne(Unknown Source)
	at org.mybatis.spring.SqlSessionTemplate.selectOne(SqlSessionTemplate.java:159)
	at org.apache.ibatis.binding.MapperMethod.execute(MapperMethod.java:87)
	at org.apache.ibatis.binding.MapperProxy.invoke(MapperProxy.java:57)
	at com.sun.proxy.$Proxy61.checkUserWithSessionKey(Unknown Source)
	at com.daejist.login.service.LoginServiceImp.checkUserWithSessionKey(LoginServiceImp.java:84)
	at com.daejist.login.controller.LoginController.login(LoginController.java:75)
	at sun.reflect.NativeMethodAccessorImpl.invoke0(Native Method)
	at sun.reflect.NativeMethodAccessorImpl.invoke(NativeMethodAccessorImpl.java:62)
	at sun.reflect.DelegatingMethodAccessorImpl.invoke(DelegatingMethodAccessorImpl.java:43)
	at java.lang.reflect.Method.invoke(Method.java:498)
	at org.springframework.web.method.support.InvocableHandlerMethod.doInvoke(InvocableHandlerMethod.java:190)
	at org.springframework.web.method.support.InvocableHandlerMethod.invokeForRequest(InvocableHandlerMethod.java:138)
	at org.springframework.web.servlet.mvc.method.annotation.ServletInvocableHandlerMethod.invokeAndHandle(ServletInvocableHandlerMethod.java:104)
	at org.springframework.web.servlet.mvc.method.annotation.RequestMappingHandlerAdapter.invokeHandlerMethod(RequestMappingHandlerAdapter.java:892)
	at org.springframework.web.servlet.mvc.method.annotation.RequestMappingHandlerAdapter.handleInternal(RequestMappingHandlerAdapter.java:797)
	at org.springframework.web.servlet.mvc.method.AbstractHandlerMethodAdapter.handle(AbstractHandlerMethodAdapter.java:87)
	at org.springframework.web.servlet.DispatcherServlet.doDispatch(DispatcherServlet.java:1039)
	at org.springframework.web.servlet.DispatcherServlet.doService(DispatcherServlet.java:942)
	at org.springframework.web.servlet.FrameworkServlet.processRequest(FrameworkServlet.java:1005)
	at org.springframework.web.servlet.FrameworkServlet.doGet(FrameworkServlet.java:897)
	at javax.servlet.http.HttpServlet.service(HttpServlet.java:622)
	at org.springframework.web.servlet.FrameworkServlet.service(FrameworkServlet.java:882)
	at javax.servlet.http.HttpServlet.service(HttpServlet.java:729)
	at org.apache.catalina.core.ApplicationFilterChain.internalDoFilter(ApplicationFilterChain.java:292)
	at org.apache.catalina.core.ApplicationFilterChain.doFilter(ApplicationFilterChain.java:207)
	at org.apache.tomcat.websocket.server.WsFilter.doFilter(WsFilter.java:52)
	at org.apache.catalina.core.ApplicationFilterChain.internalDoFilter(ApplicationFilterChain.java:240)
	at org.apache.catalina.core.ApplicationFilterChain.doFilter(ApplicationFilterChain.java:207)
	at org.springframework.web.filter.CharacterEncodingFilter.doFilterInternal(CharacterEncodingFilter.java:200)
	at org.springframework.web.filter.OncePerRequestFilter.doFilter(OncePerRequestFilter.java:118)
	at org.apache.catalina.core.ApplicationFilterChain.internalDoFilter(ApplicationFilterChain.java:240)
	at org.apache.catalina.core.ApplicationFilterChain.doFilter(ApplicationFilterChain.java:207)
	at org.apache.catalina.core.StandardWrapperValve.invoke(StandardWrapperValve.java:212)
	at org.apache.catalina.core.StandardContextValve.invoke(StandardContextValve.java:94)
	at org.apache.catalina.core.StandardHostValve.invoke(StandardHostValve.java:141)
	at org.apache.catalina.valves.ErrorReportValve.invoke(ErrorReportValve.java:79)
	at org.apache.catalina.core.StandardEngineValve.invoke(StandardEngineValve.java:88)
	at org.apache.catalina.connector.CoyoteAdapter.service(CoyoteAdapter.java:502)
	at org.apache.coyote.http11.AbstractHttp11Processor.process(AbstractHttp11Processor.java:1132)
	at org.apache.coyote.AbstractProtocol$AbstractConnectionHandler.process(AbstractProtocol.java:684)
	at org.apache.tomcat.util.net.NioEndpoint$SocketProcessor.doRun(NioEndpoint.java:1539)
	at org.apache.tomcat.util.net.NioEndpoint$SocketProcessor.run(NioEndpoint.java:1495)
	at java.util.concurrent.ThreadPoolExecutor.runWorker(ThreadPoolExecutor.java:1142)
	at java.util.concurrent.ThreadPoolExecutor$Worker.run(ThreadPoolExecutor.java:617)
	at org.apache.tomcat.util.threads.TaskThread$WrappingRunnable.run(TaskThread.java:61)
	at java.lang.Thread.run(Thread.java:745)

10-Aug-2026 13:42:55.452 심각 [http-nio-8855-exec-10] org.apache.catalina.core.StandardWrapperValve.invoke Servlet.service() for servlet [appServlet] in context with path [] threw exception [Request processing failed; nested exception is org.mybatis.spring.MyBatisSystemException: nested exception is org.apache.ibatis.exceptions.PersistenceException: 
### Error querying database.  Cause: org.springframework.jdbc.CannotGetJdbcConnectionException: Failed to obtain JDBC Connection; nested exception is org.apache.commons.dbcp.SQLNestedException: Cannot create PoolableConnectionFactory (호스트 61.32.101.234, 포트 1433에 대한 TCP/IP 연결에 실패했습니다. 오류: "connect timed out. 연결 속성을 확인하십시오. SQL Server의 인스턴스가 호스트에서 실행되고 있고 포트에서 TCP/IP 연결을 허용하고 있는지 확인하십시오. 또한 방화벽에서 포트로의 TCP 연결을 차단하지 않는지 확인하십시오.".)
### The error may exist in com/daejist/login/mapper/LoginMapper.xml
### The error may involve com.daejist.login.mapper.LoginMapper.checkUserWithSessionKey
### The error occurred while executing a query
### Cause: org.springframework.jdbc.CannotGetJdbcConnectionException: Failed to obtain JDBC Connection; nested exception is org.apache.commons.dbcp.SQLNestedException: Cannot create PoolableConnectionFactory (호스트 61.32.101.234, 포트 1433에 대한 TCP/IP 연결에 실패했습니다. 오류: "connect timed out. 연결 속성을 확인하십시오. SQL Server의 인스턴스가 호스트에서 실행되고 있고 포트에서 TCP/IP 연결을 허용하고 있는지 확인하십시오. 또한 방화벽에서 포트로의 TCP 연결을 차단하지 않는지 확인하십시오.".)] with root cause
 com.microsoft.sqlserver.jdbc.SQLServerException: 호스트 61.32.101.234, 포트 1433에 대한 TCP/IP 연결에 실패했습니다. 오류: "connect timed out. 연결 속성을 확인하십시오. SQL Server의 인스턴스가 호스트에서 실행되고 있고 포트에서 TCP/IP 연결을 허용하고 있는지 확인하십시오. 또한 방화벽에서 포트로의 TCP 연결을 차단하지 않는지 확인하십시오.".
	at com.microsoft.sqlserver.jdbc.SQLServerException.makeFromDriverError(SQLServerException.java:234)
	at com.microsoft.sqlserver.jdbc.SQLServerException.ConvertConnectExceptionToSQLServerException(SQLServerException.java:285)
	at com.microsoft.sqlserver.jdbc.SocketFinder.findSocket(IOBuffer.java:2462)
	at com.microsoft.sqlserver.jdbc.TDSChannel.open(IOBuffer.java:668)
	at com.microsoft.sqlserver.jdbc.SQLServerConnection.connectHelper(SQLServerConnection.java:2695)
	at com.microsoft.sqlserver.jdbc.SQLServerConnection.login(SQLServerConnection.java:2362)
	at com.microsoft.sqlserver.jdbc.SQLServerConnection.connectInternal(SQLServerConnection.java:2213)
	at com.microsoft.sqlserver.jdbc.SQLServerConnection.connect(SQLServerConnection.java:1276)
	at com.microsoft.sqlserver.jdbc.SQLServerDriver.connect(SQLServerDriver.java:861)
	at org.apache.commons.dbcp.DriverConnectionFactory.createConnection(DriverConnectionFactory.java:38)
	at org.apache.commons.dbcp.PoolableConnectionFactory.makeObject(PoolableConnectionFactory.java:582)
	at org.apache.commons.dbcp.BasicDataSource.validateConnectionFactory(BasicDataSource.java:1556)
	at org.apache.commons.dbcp.BasicDataSource.createPoolableConnectionFactory(BasicDataSource.java:1545)
	at org.apache.commons.dbcp.BasicDataSource.createDataSource(BasicDataSource.java:1388)
	at org.apache.commons.dbcp.BasicDataSource.getConnection(BasicDataSource.java:1044)
	at org.springframework.jdbc.datasource.DataSourceUtils.fetchConnection(DataSourceUtils.java:157)
	at org.springframework.jdbc.datasource.DataSourceUtils.doGetConnection(DataSourceUtils.java:115)
	at org.springframework.jdbc.datasource.DataSourceUtils.getConnection(DataSourceUtils.java:78)
	at org.mybatis.spring.transaction.SpringManagedTransaction.openConnection(SpringManagedTransaction.java:80)
	at org.mybatis.spring.transaction.SpringManagedTransaction.getConnection(SpringManagedTransaction.java:67)
	at org.apache.ibatis.executor.BaseExecutor.getConnection(BaseExecutor.java:336)
	at org.apache.ibatis.executor.SimpleExecutor.prepareStatement(SimpleExecutor.java:85)
	at org.apache.ibatis.executor.SimpleExecutor.doQuery(SimpleExecutor.java:62)
	at org.apache.ibatis.executor.BaseExecutor.queryFromDatabase(BaseExecutor.java:324)
	at org.apache.ibatis.executor.BaseExecutor.query(BaseExecutor.java:156)
	at org.apache.ibatis.executor.CachingExecutor.query(CachingExecutor.java:109)
	at org.apache.ibatis.executor.CachingExecutor.query(CachingExecutor.java:83)
	at org.apache.ibatis.session.defaults.DefaultSqlSession.selectList(DefaultSqlSession.java:147)
	at org.apache.ibatis.session.defaults.DefaultSqlSession.selectList(DefaultSqlSession.java:140)
	at org.apache.ibatis.session.defaults.DefaultSqlSession.selectOne(DefaultSqlSession.java:76)
	at sun.reflect.NativeMethodAccessorImpl.invoke0(Native Method)
	at sun.reflect.NativeMethodAccessorImpl.invoke(NativeMethodAccessorImpl.java:62)
	at sun.reflect.DelegatingMethodAccessorImpl.invoke(DelegatingMethodAccessorImpl.java:43)
	at java.lang.reflect.Method.invoke(Method.java:498)
	at org.mybatis.spring.SqlSessionTemplate$SqlSessionInterceptor.invoke(SqlSessionTemplate.java:426)
	at com.sun.proxy.$Proxy59.selectOne(Unknown Source)
	at org.mybatis.spring.SqlSessionTemplate.selectOne(SqlSessionTemplate.java:159)
	at org.apache.ibatis.binding.MapperMethod.execute(MapperMethod.java:87)
	at org.apache.ibatis.binding.MapperProxy.invoke(MapperProxy.java:57)
	at com.sun.proxy.$Proxy61.checkUserWithSessionKey(Unknown Source)
	at com.daejist.login.service.LoginServiceImp.checkUserWithSessionKey(LoginServiceImp.java:84)
	at com.daejist.login.controller.LoginController.login(LoginController.java:75)
	at sun.reflect.NativeMethodAccessorImpl.invoke0(Native Method)
	at sun.reflect.NativeMethodAccessorImpl.invoke(NativeMethodAccessorImpl.java:62)
	at sun.reflect.DelegatingMethodAccessorImpl.invoke(DelegatingMethodAccessorImpl.java:43)
	at java.lang.reflect.Method.invoke(Method.java:498)
	at org.springframework.web.method.support.InvocableHandlerMethod.doInvoke(InvocableHandlerMethod.java:190)
	at org.springframework.web.method.support.InvocableHandlerMethod.invokeForRequest(InvocableHandlerMethod.java:138)
	at org.springframework.web.servlet.mvc.method.annotation.ServletInvocableHandlerMethod.invokeAndHandle(ServletInvocableHandlerMethod.java:104)
	at org.springframework.web.servlet.mvc.method.annotation.RequestMappingHandlerAdapter.invokeHandlerMethod(RequestMappingHandlerAdapter.java:892)
	at org.springframework.web.servlet.mvc.method.annotation.RequestMappingHandlerAdapter.handleInternal(RequestMappingHandlerAdapter.java:797)
	at org.springframework.web.servlet.mvc.method.AbstractHandlerMethodAdapter.handle(AbstractHandlerMethodAdapter.java:87)
	at org.springframework.web.servlet.DispatcherServlet.doDispatch(DispatcherServlet.java:1039)
	at org.springframework.web.servlet.DispatcherServlet.doService(DispatcherServlet.java:942)
	at org.springframework.web.servlet.FrameworkServlet.processRequest(FrameworkServlet.java:1005)
	at org.springframework.web.servlet.FrameworkServlet.doGet(FrameworkServlet.java:897)
	at javax.servlet.http.HttpServlet.service(HttpServlet.java:622)
	at org.springframework.web.servlet.FrameworkServlet.service(FrameworkServlet.java:882)
	at javax.servlet.http.HttpServlet.service(HttpServlet.java:729)
	at org.apache.catalina.core.ApplicationFilterChain.internalDoFilter(ApplicationFilterChain.java:292)
	at org.apache.catalina.core.ApplicationFilterChain.doFilter(ApplicationFilterChain.java:207)
	at org.apache.tomcat.websocket.server.WsFilter.doFilter(WsFilter.java:52)
	at org.apache.catalina.core.ApplicationFilterChain.internalDoFilter(ApplicationFilterChain.java:240)
	at org.apache.catalina.core.ApplicationFilterChain.doFilter(ApplicationFilterChain.java:207)
	at org.springframework.web.filter.CharacterEncodingFilter.doFilterInternal(CharacterEncodingFilter.java:200)
	at org.springframework.web.filter.OncePerRequestFilter.doFilter(OncePerRequestFilter.java:118)
	at org.apache.catalina.core.ApplicationFilterChain.internalDoFilter(ApplicationFilterChain.java:240)
	at org.apache.catalina.core.ApplicationFilterChain.doFilter(ApplicationFilterChain.java:207)
	at org.apache.catalina.core.StandardWrapperValve.invoke(StandardWrapperValve.java:212)
	at org.apache.catalina.core.StandardContextValve.invoke(StandardContextValve.java:94)
	at org.apache.catalina.core.StandardHostValve.invoke(StandardHostValve.java:141)
	at org.apache.catalina.valves.ErrorReportValve.invoke(ErrorReportValve.java:79)
	at org.apache.catalina.core.StandardEngineValve.invoke(StandardEngineValve.java:88)
	at org.apache.catalina.connector.CoyoteAdapter.service(CoyoteAdapter.java:502)
	at org.apache.coyote.http11.AbstractHttp11Processor.process(AbstractHttp11Processor.java:1132)
	at org.apache.coyote.AbstractProtocol$AbstractConnectionHandler.process(AbstractProtocol.java:684)
	at org.apache.tomcat.util.net.NioEndpoint$SocketProcessor.doRun(NioEndpoint.java:1539)
	at org.apache.tomcat.util.net.NioEndpoint$SocketProcessor.run(NioEndpoint.java:1495)
	at java.util.concurrent.ThreadPoolExecutor.runWorker(ThreadPoolExecutor.java:1142)
	at java.util.concurrent.ThreadPoolExecutor$Worker.run(ThreadPoolExecutor.java:617)
	at org.apache.tomcat.util.threads.TaskThread$WrappingRunnable.run(TaskThread.java:61)
	at java.lang.Thread.run(Thread.java:745)

10-Aug-2026 13:43:10.457 심각 [http-nio-8855-exec-7] org.apache.catalina.core.StandardWrapperValve.invoke Servlet.service() for servlet [appServlet] in context with path [] threw exception [Request processing failed; nested exception is org.mybatis.spring.MyBatisSystemException: nested exception is org.apache.ibatis.exceptions.PersistenceException: 
### Error querying database.  Cause: org.springframework.jdbc.CannotGetJdbcConnectionException: Failed to obtain JDBC Connection; nested exception is org.apache.commons.dbcp.SQLNestedException: Cannot create PoolableConnectionFactory (호스트 61.32.101.234, 포트 1433에 대한 TCP/IP 연결에 실패했습니다. 오류: "connect timed out. 연결 속성을 확인하십시오. SQL Server의 인스턴스가 호스트에서 실행되고 있고 포트에서 TCP/IP 연결을 허용하고 있는지 확인하십시오. 또한 방화벽에서 포트로의 TCP 연결을 차단하지 않는지 확인하십시오.".)
### The error may exist in com/daejist/login/mapper/LoginMapper.xml
### The error may involve com.daejist.login.mapper.LoginMapper.checkUserWithSessionKey
### The error occurred while executing a query
### Cause: org.springframework.jdbc.CannotGetJdbcConnectionException: Failed to obtain JDBC Connection; nested exception is org.apache.commons.dbcp.SQLNestedException: Cannot create PoolableConnectionFactory (호스트 61.32.101.234, 포트 1433에 대한 TCP/IP 연결에 실패했습니다. 오류: "connect timed out. 연결 속성을 확인하십시오. SQL Server의 인스턴스가 호스트에서 실행되고 있고 포트에서 TCP/IP 연결을 허용하고 있는지 확인하십시오. 또한 방화벽에서 포트로의 TCP 연결을 차단하지 않는지 확인하십시오.".)] with root cause
 com.microsoft.sqlserver.jdbc.SQLServerException: 호스트 61.32.101.234, 포트 1433에 대한 TCP/IP 연결에 실패했습니다. 오류: "connect timed out. 연결 속성을 확인하십시오. SQL Server의 인스턴스가 호스트에서 실행되고 있고 포트에서 TCP/IP 연결을 허용하고 있는지 확인하십시오. 또한 방화벽에서 포트로의 TCP 연결을 차단하지 않는지 확인하십시오.".
	at com.microsoft.sqlserver.jdbc.SQLServerException.makeFromDriverError(SQLServerException.java:234)
	at com.microsoft.sqlserver.jdbc.SQLServerException.ConvertConnectExceptionToSQLServerException(SQLServerException.java:285)
	at com.microsoft.sqlserver.jdbc.SocketFinder.findSocket(IOBuffer.java:2462)
	at com.microsoft.sqlserver.jdbc.TDSChannel.open(IOBuffer.java:668)
	at com.microsoft.sqlserver.jdbc.SQLServerConnection.connectHelper(SQLServerConnection.java:2695)
	at com.microsoft.sqlserver.jdbc.SQLServerConnection.login(SQLServerConnection.java:2362)
	at com.microsoft.sqlserver.jdbc.SQLServerConnection.connectInternal(SQLServerConnection.java:2213)
	at com.microsoft.sqlserver.jdbc.SQLServerConnection.connect(SQLServerConnection.java:1276)
	at com.microsoft.sqlserver.jdbc.SQLServerDriver.connect(SQLServerDriver.java:861)
	at org.apache.commons.dbcp.DriverConnectionFactory.createConnection(DriverConnectionFactory.java:38)
	at org.apache.commons.dbcp.PoolableConnectionFactory.makeObject(PoolableConnectionFactory.java:582)
	at org.apache.commons.dbcp.BasicDataSource.validateConnectionFactory(BasicDataSource.java:1556)
	at org.apache.commons.dbcp.BasicDataSource.createPoolableConnectionFactory(BasicDataSource.java:1545)
	at org.apache.commons.dbcp.BasicDataSource.createDataSource(BasicDataSource.java:1388)
	at org.apache.commons.dbcp.BasicDataSource.getConnection(BasicDataSource.java:1044)
	at org.springframework.jdbc.datasource.DataSourceUtils.fetchConnection(DataSourceUtils.java:157)
	at org.springframework.jdbc.datasource.DataSourceUtils.doGetConnection(DataSourceUtils.java:115)
	at org.springframework.jdbc.datasource.DataSourceUtils.getConnection(DataSourceUtils.java:78)
	at org.mybatis.spring.transaction.SpringManagedTransaction.openConnection(SpringManagedTransaction.java:80)
	at org.mybatis.spring.transaction.SpringManagedTransaction.getConnection(SpringManagedTransaction.java:67)
	at org.apache.ibatis.executor.BaseExecutor.getConnection(BaseExecutor.java:336)
	at org.apache.ibatis.executor.SimpleExecutor.prepareStatement(SimpleExecutor.java:85)
	at org.apache.ibatis.executor.SimpleExecutor.doQuery(SimpleExecutor.java:62)
	at org.apache.ibatis.executor.BaseExecutor.queryFromDatabase(BaseExecutor.java:324)
	at org.apache.ibatis.executor.BaseExecutor.query(BaseExecutor.java:156)
	at org.apache.ibatis.executor.CachingExecutor.query(CachingExecutor.java:109)
	at org.apache.ibatis.executor.CachingExecutor.query(CachingExecutor.java:83)
	at org.apache.ibatis.session.defaults.DefaultSqlSession.selectList(DefaultSqlSession.java:147)
	at org.apache.ibatis.session.defaults.DefaultSqlSession.selectList(DefaultSqlSession.java:140)
	at org.apache.ibatis.session.defaults.DefaultSqlSession.selectOne(DefaultSqlSession.java:76)
	at sun.reflect.NativeMethodAccessorImpl.invoke0(Native Method)
	at sun.reflect.NativeMethodAccessorImpl.invoke(NativeMethodAccessorImpl.java:62)
	at sun.reflect.DelegatingMethodAccessorImpl.invoke(DelegatingMethodAccessorImpl.java:43)
	at java.lang.reflect.Method.invoke(Method.java:498)
	at org.mybatis.spring.SqlSessionTemplate$SqlSessionInterceptor.invoke(SqlSessionTemplate.java:426)
	at com.sun.proxy.$Proxy59.selectOne(Unknown Source)
	at org.mybatis.spring.SqlSessionTemplate.selectOne(SqlSessionTemplate.java:159)
	at org.apache.ibatis.binding.MapperMethod.execute(MapperMethod.java:87)
	at org.apache.ibatis.binding.MapperProxy.invoke(MapperProxy.java:57)
	at com.sun.proxy.$Proxy61.checkUserWithSessionKey(Unknown Source)
	at com.daejist.login.service.LoginServiceImp.checkUserWithSessionKey(LoginServiceImp.java:84)
	at com.daejist.login.controller.LoginController.login(LoginController.java:75)
	at sun.reflect.NativeMethodAccessorImpl.invoke0(Native Method)
	at sun.reflect.NativeMethodAccessorImpl.invoke(NativeMethodAccessorImpl.java:62)
	at sun.reflect.DelegatingMethodAccessorImpl.invoke(DelegatingMethodAccessorImpl.java:43)
	at java.lang.reflect.Method.invoke(Method.java:498)
	at org.springframework.web.method.support.InvocableHandlerMethod.doInvoke(InvocableHandlerMethod.java:190)
	at org.springframework.web.method.support.InvocableHandlerMethod.invokeForRequest(InvocableHandlerMethod.java:138)
	at org.springframework.web.servlet.mvc.method.annotation.ServletInvocableHandlerMethod.invokeAndHandle(ServletInvocableHandlerMethod.java:104)
	at org.springframework.web.servlet.mvc.method.annotation.RequestMappingHandlerAdapter.invokeHandlerMethod(RequestMappingHandlerAdapter.java:892)
	at org.springframework.web.servlet.mvc.method.annotation.RequestMappingHandlerAdapter.handleInternal(RequestMappingHandlerAdapter.java:797)
	at org.springframework.web.servlet.mvc.method.AbstractHandlerMethodAdapter.handle(AbstractHandlerMethodAdapter.java:87)
	at org.springframework.web.servlet.DispatcherServlet.doDispatch(DispatcherServlet.java:1039)
	at org.springframework.web.servlet.DispatcherServlet.doService(DispatcherServlet.java:942)
	at org.springframework.web.servlet.FrameworkServlet.processRequest(FrameworkServlet.java:1005)
	at org.springframework.web.servlet.FrameworkServlet.doGet(FrameworkServlet.java:897)
	at javax.servlet.http.HttpServlet.service(HttpServlet.java:622)
	at org.springframework.web.servlet.FrameworkServlet.service(FrameworkServlet.java:882)
	at javax.servlet.http.HttpServlet.service(HttpServlet.java:729)
	at org.apache.catalina.core.ApplicationFilterChain.internalDoFilter(ApplicationFilterChain.java:292)
	at org.apache.catalina.core.ApplicationFilterChain.doFilter(ApplicationFilterChain.java:207)
	at org.apache.tomcat.websocket.server.WsFilter.doFilter(WsFilter.java:52)
	at org.apache.catalina.core.ApplicationFilterChain.internalDoFilter(ApplicationFilterChain.java:240)
	at org.apache.catalina.core.ApplicationFilterChain.doFilter(ApplicationFilterChain.java:207)
	at org.springframework.web.filter.CharacterEncodingFilter.doFilterInternal(CharacterEncodingFilter.java:200)
	at org.springframework.web.filter.OncePerRequestFilter.doFilter(OncePerRequestFilter.java:118)
	at org.apache.catalina.core.ApplicationFilterChain.internalDoFilter(ApplicationFilterChain.java:240)
	at org.apache.catalina.core.ApplicationFilterChain.doFilter(ApplicationFilterChain.java:207)
	at org.apache.catalina.core.StandardWrapperValve.invoke(StandardWrapperValve.java:212)
	at org.apache.catalina.core.StandardContextValve.invoke(StandardContextValve.java:94)
	at org.apache.catalina.core.StandardHostValve.invoke(StandardHostValve.java:141)
	at org.apache.catalina.valves.ErrorReportValve.invoke(ErrorReportValve.java:79)
	at org.apache.catalina.core.StandardEngineValve.invoke(StandardEngineValve.java:88)
	at org.apache.catalina.connector.CoyoteAdapter.service(CoyoteAdapter.java:502)
	at org.apache.coyote.http11.AbstractHttp11Processor.process(AbstractHttp11Processor.java:1132)
	at org.apache.coyote.AbstractProtocol$AbstractConnectionHandler.process(AbstractProtocol.java:684)
	at org.apache.tomcat.util.net.NioEndpoint$SocketProcessor.doRun(NioEndpoint.java:1539)
	at org.apache.tomcat.util.net.NioEndpoint$SocketProcessor.run(NioEndpoint.java:1495)
	at java.util.concurrent.ThreadPoolExecutor.runWorker(ThreadPoolExecutor.java:1142)
	at java.util.concurrent.ThreadPoolExecutor$Worker.run(ThreadPoolExecutor.java:617)
	at org.apache.tomcat.util.threads.TaskThread$WrappingRunnable.run(TaskThread.java:61)
	at java.lang.Thread.run(Thread.java:745)

10-Aug-2026 13:43:25.462 심각 [http-nio-8855-exec-2] org.apache.catalina.core.StandardWrapperValve.invoke Servlet.service() for servlet [appServlet] in context with path [] threw exception [Request processing failed; nested exception is org.mybatis.spring.MyBatisSystemException: nested exception is org.apache.ibatis.exceptions.PersistenceException: 
### Error querying database.  Cause: org.springframework.jdbc.CannotGetJdbcConnectionException: Failed to obtain JDBC Connection; nested exception is org.apache.commons.dbcp.SQLNestedException: Cannot create PoolableConnectionFactory (호스트 61.32.101.234, 포트 1433에 대한 TCP/IP 연결에 실패했습니다. 오류: "connect timed out. 연결 속성을 확인하십시오. SQL Server의 인스턴스가 호스트에서 실행되고 있고 포트에서 TCP/IP 연결을 허용하고 있는지 확인하십시오. 또한 방화벽에서 포트로의 TCP 연결을 차단하지 않는지 확인하십시오.".)
### The error may exist in com/daejist/login/mapper/MesuringMapper.xml
### The error may involve com.daejist.login.mapper.MesuringMapper.getList
### The error occurred while executing a query
### Cause: org.springframework.jdbc.CannotGetJdbcConnectionException: Failed to obtain JDBC Connection; nested exception is org.apache.commons.dbcp.SQLNestedException: Cannot create PoolableConnectionFactory (호스트 61.32.101.234, 포트 1433에 대한 TCP/IP 연결에 실패했습니다. 오류: "connect timed out. 연결 속성을 확인하십시오. SQL Server의 인스턴스가 호스트에서 실행되고 있고 포트에서 TCP/IP 연결을 허용하고 있는지 확인하십시오. 또한 방화벽에서 포트로의 TCP 연결을 차단하지 않는지 확인하십시오.".)] with root cause
 com.microsoft.sqlserver.jdbc.SQLServerException: 호스트 61.32.101.234, 포트 1433에 대한 TCP/IP 연결에 실패했습니다. 오류: "connect timed out. 연결 속성을 확인하십시오. SQL Server의 인스턴스가 호스트에서 실행되고 있고 포트에서 TCP/IP 연결을 허용하고 있는지 확인하십시오. 또한 방화벽에서 포트로의 TCP 연결을 차단하지 않는지 확인하십시오.".
	at com.microsoft.sqlserver.jdbc.SQLServerException.makeFromDriverError(SQLServerException.java:234)
	at com.microsoft.sqlserver.jdbc.SQLServerException.ConvertConnectExceptionToSQLServerException(SQLServerException.java:285)
	at com.microsoft.sqlserver.jdbc.SocketFinder.findSocket(IOBuffer.java:2462)
	at com.microsoft.sqlserver.jdbc.TDSChannel.open(IOBuffer.java:668)
	at com.microsoft.sqlserver.jdbc.SQLServerConnection.connectHelper(SQLServerConnection.java:2695)
	at com.microsoft.sqlserver.jdbc.SQLServerConnection.login(SQLServerConnection.java:2362)
	at com.microsoft.sqlserver.jdbc.SQLServerConnection.connectInternal(SQLServerConnection.java:2213)
	at com.microsoft.sqlserver.jdbc.SQLServerConnection.connect(SQLServerConnection.java:1276)
	at com.microsoft.sqlserver.jdbc.SQLServerDriver.connect(SQLServerDriver.java:861)
	at org.apache.commons.dbcp.DriverConnectionFactory.createConnection(DriverConnectionFactory.java:38)
	at org.apache.commons.dbcp.PoolableConnectionFactory.makeObject(PoolableConnectionFactory.java:582)
	at org.apache.commons.dbcp.BasicDataSource.validateConnectionFactory(BasicDataSource.java:1556)
	at org.apache.commons.dbcp.BasicDataSource.createPoolableConnectionFactory(BasicDataSource.java:1545)
	at org.apache.commons.dbcp.BasicDataSource.createDataSource(BasicDataSource.java:1388)
	at org.apache.commons.dbcp.BasicDataSource.getConnection(BasicDataSource.java:1044)
	at org.springframework.jdbc.datasource.DataSourceUtils.fetchConnection(DataSourceUtils.java:157)
	at org.springframework.jdbc.datasource.DataSourceUtils.doGetConnection(DataSourceUtils.java:115)
	at org.springframework.jdbc.datasource.DataSourceUtils.getConnection(DataSourceUtils.java:78)
	at org.mybatis.spring.transaction.SpringManagedTransaction.openConnection(SpringManagedTransaction.java:80)
	at org.mybatis.spring.transaction.SpringManagedTransaction.getConnection(SpringManagedTransaction.java:67)
	at org.apache.ibatis.executor.BaseExecutor.getConnection(BaseExecutor.java:336)
	at org.apache.ibatis.executor.SimpleExecutor.prepareStatement(SimpleExecutor.java:85)
	at org.apache.ibatis.executor.SimpleExecutor.doQuery(SimpleExecutor.java:62)
	at org.apache.ibatis.executor.BaseExecutor.queryFromDatabase(BaseExecutor.java:324)
	at org.apache.ibatis.executor.BaseExecutor.query(BaseExecutor.java:156)
	at org.apache.ibatis.executor.CachingExecutor.query(CachingExecutor.java:109)
	at org.apache.ibatis.executor.CachingExecutor.query(CachingExecutor.java:83)
	at org.apache.ibatis.session.defaults.DefaultSqlSession.selectList(DefaultSqlSession.java:147)
	at org.apache.ibatis.session.defaults.DefaultSqlSession.selectList(DefaultSqlSession.java:140)
	at sun.reflect.NativeMethodAccessorImpl.invoke0(Native Method)
	at sun.reflect.NativeMethodAccessorImpl.invoke(NativeMethodAccessorImpl.java:62)
	at sun.reflect.DelegatingMethodAccessorImpl.invoke(DelegatingMethodAccessorImpl.java:43)
	at java.lang.reflect.Method.invoke(Method.java:498)
	at org.mybatis.spring.SqlSessionTemplate$SqlSessionInterceptor.invoke(SqlSessionTemplate.java:426)
	at com.sun.proxy.$Proxy59.selectList(Unknown Source)
	at org.mybatis.spring.SqlSessionTemplate.selectList(SqlSessionTemplate.java:223)
	at org.apache.ibatis.binding.MapperMethod.executeForMany(MapperMethod.java:147)
	at org.apache.ibatis.binding.MapperMethod.execute(MapperMethod.java:80)
	at org.apache.ibatis.binding.MapperProxy.invoke(MapperProxy.java:57)
	at com.sun.proxy.$Proxy64.getList(Unknown Source)
	at com.daejist.login.service.MesuringServiceImp.getList(MesuringServiceImp.java:29)
	at com.daejist.login.controller.LoginController.InspectionGrid(LoginController.java:180)
	at sun.reflect.NativeMethodAccessorImpl.invoke0(Native Method)
	at sun.reflect.NativeMethodAccessorImpl.invoke(NativeMethodAccessorImpl.java:62)
	at sun.reflect.DelegatingMethodAccessorImpl.invoke(DelegatingMethodAccessorImpl.java:43)
	at java.lang.reflect.Method.invoke(Method.java:498)
	at org.springframework.web.method.support.InvocableHandlerMethod.doInvoke(InvocableHandlerMethod.java:190)
	at org.springframework.web.method.support.InvocableHandlerMethod.invokeForRequest(InvocableHandlerMethod.java:138)
	at org.springframework.web.servlet.mvc.method.annotation.ServletInvocableHandlerMethod.invokeAndHandle(ServletInvocableHandlerMethod.java:104)
	at org.springframework.web.servlet.mvc.method.annotation.RequestMappingHandlerAdapter.invokeHandlerMethod(RequestMappingHandlerAdapter.java:892)
	at org.springframework.web.servlet.mvc.method.annotation.RequestMappingHandlerAdapter.handleInternal(RequestMappingHandlerAdapter.java:797)
	at org.springframework.web.servlet.mvc.method.AbstractHandlerMethodAdapter.handle(AbstractHandlerMethodAdapter.java:87)
	at org.springframework.web.servlet.DispatcherServlet.doDispatch(DispatcherServlet.java:1039)
	at org.springframework.web.servlet.DispatcherServlet.doService(DispatcherServlet.java:942)
	at org.springframework.web.servlet.FrameworkServlet.processRequest(FrameworkServlet.java:1005)
	at org.springframework.web.servlet.FrameworkServlet.doGet(FrameworkServlet.java:897)
	at javax.servlet.http.HttpServlet.service(HttpServlet.java:622)
	at org.springframework.web.servlet.FrameworkServlet.service(FrameworkServlet.java:882)
	at javax.servlet.http.HttpServlet.service(HttpServlet.java:729)
	at org.apache.catalina.core.ApplicationFilterChain.internalDoFilter(ApplicationFilterChain.java:292)
	at org.apache.catalina.core.ApplicationFilterChain.doFilter(ApplicationFilterChain.java:207)
	at org.apache.tomcat.websocket.server.WsFilter.doFilter(WsFilter.java:52)
	at org.apache.catalina.core.ApplicationFilterChain.internalDoFilter(ApplicationFilterChain.java:240)
	at org.apache.catalina.core.ApplicationFilterChain.doFilter(ApplicationFilterChain.java:207)
	at org.springframework.web.filter.CharacterEncodingFilter.doFilterInternal(CharacterEncodingFilter.java:200)
	at org.springframework.web.filter.OncePerRequestFilter.doFilter(OncePerRequestFilter.java:118)
	at org.apache.catalina.core.ApplicationFilterChain.internalDoFilter(ApplicationFilterChain.java:240)
	at org.apache.catalina.core.ApplicationFilterChain.doFilter(ApplicationFilterChain.java:207)
	at org.apache.catalina.core.StandardWrapperValve.invoke(StandardWrapperValve.java:212)
	at org.apache.catalina.core.StandardContextValve.invoke(StandardContextValve.java:94)
	at org.apache.catalina.core.StandardHostValve.invoke(StandardHostValve.java:141)
	at org.apache.catalina.valves.ErrorReportValve.invoke(ErrorReportValve.java:79)
	at org.apache.catalina.core.StandardEngineValve.invoke(StandardEngineValve.java:88)
	at org.apache.catalina.connector.CoyoteAdapter.service(CoyoteAdapter.java:502)
	at org.apache.coyote.http11.AbstractHttp11Processor.process(AbstractHttp11Processor.java:1132)
	at org.apache.coyote.AbstractProtocol$AbstractConnectionHandler.process(AbstractProtocol.java:684)
	at org.apache.tomcat.util.net.NioEndpoint$SocketProcessor.doRun(NioEndpoint.java:1539)
	at org.apache.tomcat.util.net.NioEndpoint$SocketProcessor.run(NioEndpoint.java:1495)
	at java.util.concurrent.ThreadPoolExecutor.runWorker(ThreadPoolExecutor.java:1142)
	at java.util.concurrent.ThreadPoolExecutor$Worker.run(ThreadPoolExecutor.java:617)
	at org.apache.tomcat.util.threads.TaskThread$WrappingRunnable.run(TaskThread.java:61)
	at java.lang.Thread.run(Thread.java:745)

10-Aug-2026 13:45:34.673 심각 [http-nio-8855-exec-8] org.apache.catalina.core.StandardWrapperValve.invoke Servlet.service() for servlet [appServlet] in context with path [] threw exception [Request processing failed; nested exception is org.mybatis.spring.MyBatisSystemException: nested exception is org.apache.ibatis.exceptions.PersistenceException: 
### Error querying database.  Cause: org.springframework.jdbc.CannotGetJdbcConnectionException: Failed to obtain JDBC Connection; nested exception is org.apache.commons.dbcp.SQLNestedException: Cannot create PoolableConnectionFactory (호스트 61.32.101.234, 포트 1433에 대한 TCP/IP 연결에 실패했습니다. 오류: "connect timed out. 연결 속성을 확인하십시오. SQL Server의 인스턴스가 호스트에서 실행되고 있고 포트에서 TCP/IP 연결을 허용하고 있는지 확인하십시오. 또한 방화벽에서 포트로의 TCP 연결을 차단하지 않는지 확인하십시오.".)
### The error may exist in com/daejist/login/mapper/LoginMapper.xml
### The error may involve com.daejist.login.mapper.LoginMapper.checkUserWithSessionKey
### The error occurred while executing a query
### Cause: org.springframework.jdbc.CannotGetJdbcConnectionException: Failed to obtain JDBC Connection; nested exception is org.apache.commons.dbcp.SQLNestedException: Cannot create PoolableConnectionFactory (호스트 61.32.101.234, 포트 1433에 대한 TCP/IP 연결에 실패했습니다. 오류: "connect timed out. 연결 속성을 확인하십시오. SQL Server의 인스턴스가 호스트에서 실행되고 있고 포트에서 TCP/IP 연결을 허용하고 있는지 확인하십시오. 또한 방화벽에서 포트로의 TCP 연결을 차단하지 않는지 확인하십시오.".)] with root cause
 com.microsoft.sqlserver.jdbc.SQLServerException: 호스트 61.32.101.234, 포트 1433에 대한 TCP/IP 연결에 실패했습니다. 오류: "connect timed out. 연결 속성을 확인하십시오. SQL Server의 인스턴스가 호스트에서 실행되고 있고 포트에서 TCP/IP 연결을 허용하고 있는지 확인하십시오. 또한 방화벽에서 포트로의 TCP 연결을 차단하지 않는지 확인하십시오.".
	at com.microsoft.sqlserver.jdbc.SQLServerException.makeFromDriverError(SQLServerException.java:234)
	at com.microsoft.sqlserver.jdbc.SQLServerException.ConvertConnectExceptionToSQLServerException(SQLServerException.java:285)
	at com.microsoft.sqlserver.jdbc.SocketFinder.findSocket(IOBuffer.java:2462)
	at com.microsoft.sqlserver.jdbc.TDSChannel.open(IOBuffer.java:668)
	at com.microsoft.sqlserver.jdbc.SQLServerConnection.connectHelper(SQLServerConnection.java:2695)
	at com.microsoft.sqlserver.jdbc.SQLServerConnection.login(SQLServerConnection.java:2362)
	at com.microsoft.sqlserver.jdbc.SQLServerConnection.connectInternal(SQLServerConnection.java:2213)
	at com.microsoft.sqlserver.jdbc.SQLServerConnection.connect(SQLServerConnection.java:1276)
	at com.microsoft.sqlserver.jdbc.SQLServerDriver.connect(SQLServerDriver.java:861)
	at org.apache.commons.dbcp.DriverConnectionFactory.createConnection(DriverConnectionFactory.java:38)
	at org.apache.commons.dbcp.PoolableConnectionFactory.makeObject(PoolableConnectionFactory.java:582)
	at org.apache.commons.dbcp.BasicDataSource.validateConnectionFactory(BasicDataSource.java:1556)
	at org.apache.commons.dbcp.BasicDataSource.createPoolableConnectionFactory(BasicDataSource.java:1545)
	at org.apache.commons.dbcp.BasicDataSource.createDataSource(BasicDataSource.java:1388)
	at org.apache.commons.dbcp.BasicDataSource.getConnection(BasicDataSource.java:1044)
	at org.springframework.jdbc.datasource.DataSourceUtils.fetchConnection(DataSourceUtils.java:157)
	at org.springframework.jdbc.datasource.DataSourceUtils.doGetConnection(DataSourceUtils.java:115)
	at org.springframework.jdbc.datasource.DataSourceUtils.getConnection(DataSourceUtils.java:78)
	at org.mybatis.spring.transaction.SpringManagedTransaction.openConnection(SpringManagedTransaction.java:80)
	at org.mybatis.spring.transaction.SpringManagedTransaction.getConnection(SpringManagedTransaction.java:67)
	at org.apache.ibatis.executor.BaseExecutor.getConnection(BaseExecutor.java:336)
	at org.apache.ibatis.executor.SimpleExecutor.prepareStatement(SimpleExecutor.java:85)
	at org.apache.ibatis.executor.SimpleExecutor.doQuery(SimpleExecutor.java:62)
	at org.apache.ibatis.executor.BaseExecutor.queryFromDatabase(BaseExecutor.java:324)
	at org.apache.ibatis.executor.BaseExecutor.query(BaseExecutor.java:156)
	at org.apache.ibatis.executor.CachingExecutor.query(CachingExecutor.java:109)
	at org.apache.ibatis.executor.CachingExecutor.query(CachingExecutor.java:83)
	at org.apache.ibatis.session.defaults.DefaultSqlSession.selectList(DefaultSqlSession.java:147)
	at org.apache.ibatis.session.defaults.DefaultSqlSession.selectList(DefaultSqlSession.java:140)
	at org.apache.ibatis.session.defaults.DefaultSqlSession.selectOne(DefaultSqlSession.java:76)
	at sun.reflect.NativeMethodAccessorImpl.invoke0(Native Method)
	at sun.reflect.NativeMethodAccessorImpl.invoke(NativeMethodAccessorImpl.java:62)
	at sun.reflect.DelegatingMethodAccessorImpl.invoke(DelegatingMethodAccessorImpl.java:43)
	at java.lang.reflect.Method.invoke(Method.java:498)
	at org.mybatis.spring.SqlSessionTemplate$SqlSessionInterceptor.invoke(SqlSessionTemplate.java:426)
	at com.sun.proxy.$Proxy59.selectOne(Unknown Source)
	at org.mybatis.spring.SqlSessionTemplate.selectOne(SqlSessionTemplate.java:159)
	at org.apache.ibatis.binding.MapperMethod.execute(MapperMethod.java:87)
	at org.apache.ibatis.binding.MapperProxy.invoke(MapperProxy.java:57)
	at com.sun.proxy.$Proxy61.checkUserWithSessionKey(Unknown Source)
	at com.daejist.login.service.LoginServiceImp.checkUserWithSessionKey(LoginServiceImp.java:84)
	at com.daejist.login.controller.LoginController.login(LoginController.java:75)
	at sun.reflect.NativeMethodAccessorImpl.invoke0(Native Method)
	at sun.reflect.NativeMethodAccessorImpl.invoke(NativeMethodAccessorImpl.java:62)
	at sun.reflect.DelegatingMethodAccessorImpl.invoke(DelegatingMethodAccessorImpl.java:43)
	at java.lang.reflect.Method.invoke(Method.java:498)
	at org.springframework.web.method.support.InvocableHandlerMethod.doInvoke(InvocableHandlerMethod.java:190)
	at org.springframework.web.method.support.InvocableHandlerMethod.invokeForRequest(InvocableHandlerMethod.java:138)
	at org.springframework.web.servlet.mvc.method.annotation.ServletInvocableHandlerMethod.invokeAndHandle(ServletInvocableHandlerMethod.java:104)
	at org.springframework.web.servlet.mvc.method.annotation.RequestMappingHandlerAdapter.invokeHandlerMethod(RequestMappingHandlerAdapter.java:892)
	at org.springframework.web.servlet.mvc.method.annotation.RequestMappingHandlerAdapter.handleInternal(RequestMappingHandlerAdapter.java:797)
	at org.springframework.web.servlet.mvc.method.AbstractHandlerMethodAdapter.handle(AbstractHandlerMethodAdapter.java:87)
	at org.springframework.web.servlet.DispatcherServlet.doDispatch(DispatcherServlet.java:1039)
	at org.springframework.web.servlet.DispatcherServlet.doService(DispatcherServlet.java:942)
	at org.springframework.web.servlet.FrameworkServlet.processRequest(FrameworkServlet.java:1005)
	at org.springframework.web.servlet.FrameworkServlet.doGet(FrameworkServlet.java:897)
	at javax.servlet.http.HttpServlet.service(HttpServlet.java:622)
	at org.springframework.web.servlet.FrameworkServlet.service(FrameworkServlet.java:882)
	at javax.servlet.http.HttpServlet.service(HttpServlet.java:729)
	at org.apache.catalina.core.ApplicationFilterChain.internalDoFilter(ApplicationFilterChain.java:292)
	at org.apache.catalina.core.ApplicationFilterChain.doFilter(ApplicationFilterChain.java:207)
	at org.apache.tomcat.websocket.server.WsFilter.doFilter(WsFilter.java:52)
	at org.apache.catalina.core.ApplicationFilterChain.internalDoFilter(ApplicationFilterChain.java:240)
	at org.apache.catalina.core.ApplicationFilterChain.doFilter(ApplicationFilterChain.java:207)
	at org.springframework.web.filter.CharacterEncodingFilter.doFilterInternal(CharacterEncodingFilter.java:200)
	at org.springframework.web.filter.OncePerRequestFilter.doFilter(OncePerRequestFilter.java:118)
	at org.apache.catalina.core.ApplicationFilterChain.internalDoFilter(ApplicationFilterChain.java:240)
	at org.apache.catalina.core.ApplicationFilterChain.doFilter(ApplicationFilterChain.java:207)
	at org.apache.catalina.core.StandardWrapperValve.invoke(StandardWrapperValve.java:212)
	at org.apache.catalina.core.StandardContextValve.invoke(StandardContextValve.java:94)
	at org.apache.catalina.core.StandardHostValve.invoke(StandardHostValve.java:141)
	at org.apache.catalina.valves.ErrorReportValve.invoke(ErrorReportValve.java:79)
	at org.apache.catalina.core.StandardEngineValve.invoke(StandardEngineValve.java:88)
	at org.apache.catalina.connector.CoyoteAdapter.service(CoyoteAdapter.java:502)
	at org.apache.coyote.http11.AbstractHttp11Processor.process(AbstractHttp11Processor.java:1132)
	at org.apache.coyote.AbstractProtocol$AbstractConnectionHandler.process(AbstractProtocol.java:684)
	at org.apache.tomcat.util.net.NioEndpoint$SocketProcessor.doRun(NioEndpoint.java:1539)
	at org.apache.tomcat.util.net.NioEndpoint$SocketProcessor.run(NioEndpoint.java:1495)
	at java.util.concurrent.ThreadPoolExecutor.runWorker(ThreadPoolExecutor.java:1142)
	at java.util.concurrent.ThreadPoolExecutor$Worker.run(ThreadPoolExecutor.java:617)
	at org.apache.tomcat.util.threads.TaskThread$WrappingRunnable.run(TaskThread.java:61)
	at java.lang.Thread.run(Thread.java:745)

10-Aug-2026 13:53:33.128 심각 [http-nio-8855-exec-1] org.apache.catalina.core.StandardWrapperValve.invoke Servlet.service() for servlet [appServlet] in context with path [] threw exception [Request processing failed; nested exception is org.mybatis.spring.MyBatisSystemException: nested exception is org.apache.ibatis.exceptions.PersistenceException: 
### Error querying database.  Cause: org.springframework.jdbc.CannotGetJdbcConnectionException: Failed to obtain JDBC Connection; nested exception is org.apache.commons.dbcp.SQLNestedException: Cannot create PoolableConnectionFactory (호스트 61.32.101.234, 포트 1433에 대한 TCP/IP 연결에 실패했습니다. 오류: "connect timed out. 연결 속성을 확인하십시오. SQL Server의 인스턴스가 호스트에서 실행되고 있고 포트에서 TCP/IP 연결을 허용하고 있는지 확인하십시오. 또한 방화벽에서 포트로의 TCP 연결을 차단하지 않는지 확인하십시오.".)
### The error may exist in com/daejist/login/mapper/LoginMapper.xml
### The error may involve com.daejist.login.mapper.LoginMapper.LoginMember
### The error occurred while executing a query
### Cause: org.springframework.jdbc.CannotGetJdbcConnectionException: Failed to obtain JDBC Connection; nested exception is org.apache.commons.dbcp.SQLNestedException: Cannot create PoolableConnectionFactory (호스트 61.32.101.234, 포트 1433에 대한 TCP/IP 연결에 실패했습니다. 오류: "connect timed out. 연결 속성을 확인하십시오. SQL Server의 인스턴스가 호스트에서 실행되고 있고 포트에서 TCP/IP 연결을 허용하고 있는지 확인하십시오. 또한 방화벽에서 포트로의 TCP 연결을 차단하지 않는지 확인하십시오.".)] with root cause
 com.microsoft.sqlserver.jdbc.SQLServerException: 호스트 61.32.101.234, 포트 1433에 대한 TCP/IP 연결에 실패했습니다. 오류: "connect timed out. 연결 속성을 확인하십시오. SQL Server의 인스턴스가 호스트에서 실행되고 있고 포트에서 TCP/IP 연결을 허용하고 있는지 확인하십시오. 또한 방화벽에서 포트로의 TCP 연결을 차단하지 않는지 확인하십시오.".
	at com.microsoft.sqlserver.jdbc.SQLServerException.makeFromDriverError(SQLServerException.java:234)
	at com.microsoft.sqlserver.jdbc.SQLServerException.ConvertConnectExceptionToSQLServerException(SQLServerException.java:285)
	at com.microsoft.sqlserver.jdbc.SocketFinder.findSocket(IOBuffer.java:2462)
	at com.microsoft.sqlserver.jdbc.TDSChannel.open(IOBuffer.java:668)
	at com.microsoft.sqlserver.jdbc.SQLServerConnection.connectHelper(SQLServerConnection.java:2695)
	at com.microsoft.sqlserver.jdbc.SQLServerConnection.login(SQLServerConnection.java:2362)
	at com.microsoft.sqlserver.jdbc.SQLServerConnection.connectInternal(SQLServerConnection.java:2213)
	at com.microsoft.sqlserver.jdbc.SQLServerConnection.connect(SQLServerConnection.java:1276)
	at com.microsoft.sqlserver.jdbc.SQLServerDriver.connect(SQLServerDriver.java:861)
	at org.apache.commons.dbcp.DriverConnectionFactory.createConnection(DriverConnectionFactory.java:38)
	at org.apache.commons.dbcp.PoolableConnectionFactory.makeObject(PoolableConnectionFactory.java:582)
	at org.apache.commons.dbcp.BasicDataSource.validateConnectionFactory(BasicDataSource.java:1556)
	at org.apache.commons.dbcp.BasicDataSource.createPoolableConnectionFactory(BasicDataSource.java:1545)
	at org.apache.commons.dbcp.BasicDataSource.createDataSource(BasicDataSource.java:1388)
	at org.apache.commons.dbcp.BasicDataSource.getConnection(BasicDataSource.java:1044)
	at org.springframework.jdbc.datasource.DataSourceUtils.fetchConnection(DataSourceUtils.java:157)
	at org.springframework.jdbc.datasource.DataSourceUtils.doGetConnection(DataSourceUtils.java:115)
	at org.springframework.jdbc.datasource.DataSourceUtils.getConnection(DataSourceUtils.java:78)
	at org.mybatis.spring.transaction.SpringManagedTransaction.openConnection(SpringManagedTransaction.java:80)
	at org.mybatis.spring.transaction.SpringManagedTransaction.getConnection(SpringManagedTransaction.java:67)
	at org.apache.ibatis.executor.BaseExecutor.getConnection(BaseExecutor.java:336)
	at org.apache.ibatis.executor.SimpleExecutor.prepareStatement(SimpleExecutor.java:85)
	at org.apache.ibatis.executor.SimpleExecutor.doQuery(SimpleExecutor.java:62)
	at org.apache.ibatis.executor.BaseExecutor.queryFromDatabase(BaseExecutor.java:324)
	at org.apache.ibatis.executor.BaseExecutor.query(BaseExecutor.java:156)
	at org.apache.ibatis.executor.CachingExecutor.query(CachingExecutor.java:109)
	at org.apache.ibatis.executor.CachingExecutor.query(CachingExecutor.java:83)
	at org.apache.ibatis.session.defaults.DefaultSqlSession.selectList(DefaultSqlSession.java:147)
	at org.apache.ibatis.session.defaults.DefaultSqlSession.selectList(DefaultSqlSession.java:140)
	at org.apache.ibatis.session.defaults.DefaultSqlSession.selectOne(DefaultSqlSession.java:76)
	at sun.reflect.NativeMethodAccessorImpl.invoke0(Native Method)
	at sun.reflect.NativeMethodAccessorImpl.invoke(NativeMethodAccessorImpl.java:62)
	at sun.reflect.DelegatingMethodAccessorImpl.invoke(DelegatingMethodAccessorImpl.java:43)
	at java.lang.reflect.Method.invoke(Method.java:498)
	at org.mybatis.spring.SqlSessionTemplate$SqlSessionInterceptor.invoke(SqlSessionTemplate.java:426)
	at com.sun.proxy.$Proxy59.selectOne(Unknown Source)
	at org.mybatis.spring.SqlSessionTemplate.selectOne(SqlSessionTemplate.java:159)
	at org.apache.ibatis.binding.MapperMethod.execute(MapperMethod.java:87)
	at org.apache.ibatis.binding.MapperProxy.invoke(MapperProxy.java:57)
	at com.sun.proxy.$Proxy61.LoginMember(Unknown Source)
	at com.daejist.login.service.LoginServiceImp.LoginCheck(LoginServiceImp.java:29)
	at com.daejist.login.controller.LoginController.getLogin(LoginController.java:98)
	at sun.reflect.NativeMethodAccessorImpl.invoke0(Native Method)
	at sun.reflect.NativeMethodAccessorImpl.invoke(NativeMethodAccessorImpl.java:62)
	at sun.reflect.DelegatingMethodAccessorImpl.invoke(DelegatingMethodAccessorImpl.java:43)
	at java.lang.reflect.Method.invoke(Method.java:498)
	at org.springframework.web.method.support.InvocableHandlerMethod.doInvoke(InvocableHandlerMethod.java:190)
	at org.springframework.web.method.support.InvocableHandlerMethod.invokeForRequest(InvocableHandlerMethod.java:138)
	at org.springframework.web.servlet.mvc.method.annotation.ServletInvocableHandlerMethod.invokeAndHandle(ServletInvocableHandlerMethod.java:104)
	at org.springframework.web.servlet.mvc.method.annotation.RequestMappingHandlerAdapter.invokeHandlerMethod(RequestMappingHandlerAdapter.java:892)
	at org.springframework.web.servlet.mvc.method.annotation.RequestMappingHandlerAdapter.handleInternal(RequestMappingHandlerAdapter.java:797)
	at org.springframework.web.servlet.mvc.method.AbstractHandlerMethodAdapter.handle(AbstractHandlerMethodAdapter.java:87)
	at org.springframework.web.servlet.DispatcherServlet.doDispatch(DispatcherServlet.java:1039)
	at org.springframework.web.servlet.DispatcherServlet.doService(DispatcherServlet.java:942)
	at org.springframework.web.servlet.FrameworkServlet.processRequest(FrameworkServlet.java:1005)
	at org.springframework.web.servlet.FrameworkServlet.doPost(FrameworkServlet.java:908)
	at javax.servlet.http.HttpServlet.service(HttpServlet.java:648)
	at org.springframework.web.servlet.FrameworkServlet.service(FrameworkServlet.java:882)
	at javax.servlet.http.HttpServlet.service(HttpServlet.java:729)
	at org.apache.catalina.core.ApplicationFilterChain.internalDoFilter(ApplicationFilterChain.java:292)
	at org.apache.catalina.core.ApplicationFilterChain.doFilter(ApplicationFilterChain.java:207)
	at org.apache.tomcat.websocket.server.WsFilter.doFilter(WsFilter.java:52)
	at org.apache.catalina.core.ApplicationFilterChain.internalDoFilter(ApplicationFilterChain.java:240)
	at org.apache.catalina.core.ApplicationFilterChain.doFilter(ApplicationFilterChain.java:207)
	at org.springframework.web.filter.CharacterEncodingFilter.doFilterInternal(CharacterEncodingFilter.java:200)
	at org.springframework.web.filter.OncePerRequestFilter.doFilter(OncePerRequestFilter.java:118)
	at org.apache.catalina.core.ApplicationFilterChain.internalDoFilter(ApplicationFilterChain.java:240)
	at org.apache.catalina.core.ApplicationFilterChain.doFilter(ApplicationFilterChain.java:207)
	at org.apache.catalina.core.StandardWrapperValve.invoke(StandardWrapperValve.java:212)
	at org.apache.catalina.core.StandardContextValve.invoke(StandardContextValve.java:94)
	at org.apache.catalina.core.StandardHostValve.invoke(StandardHostValve.java:141)
	at org.apache.catalina.valves.ErrorReportValve.invoke(ErrorReportValve.java:79)
	at org.apache.catalina.core.StandardEngineValve.invoke(StandardEngineValve.java:88)
	at org.apache.catalina.connector.CoyoteAdapter.service(CoyoteAdapter.java:502)
	at org.apache.coyote.http11.AbstractHttp11Processor.process(AbstractHttp11Processor.java:1132)
	at org.apache.coyote.AbstractProtocol$AbstractConnectionHandler.process(AbstractProtocol.java:684)
	at org.apache.tomcat.util.net.NioEndpoint$SocketProcessor.doRun(NioEndpoint.java:1539)
	at org.apache.tomcat.util.net.NioEndpoint$SocketProcessor.run(NioEndpoint.java:1495)
	at java.util.concurrent.ThreadPoolExecutor.runWorker(ThreadPoolExecutor.java:1142)
	at java.util.concurrent.ThreadPoolExecutor$Worker.run(ThreadPoolExecutor.java:617)
	at org.apache.tomcat.util.threads.TaskThread$WrappingRunnable.run(TaskThread.java:61)
	at java.lang.Thread.run(Thread.java:745)

10-Aug-2026 13:53:48.132 심각 [http-nio-8855-exec-5] org.apache.catalina.core.StandardWrapperValve.invoke Servlet.service() for servlet [appServlet] in context with path [] threw exception [Request processing failed; nested exception is org.mybatis.spring.MyBatisSystemException: nested exception is org.apache.ibatis.exceptions.PersistenceException: 
### Error querying database.  Cause: org.springframework.jdbc.CannotGetJdbcConnectionException: Failed to obtain JDBC Connection; nested exception is org.apache.commons.dbcp.SQLNestedException: Cannot create PoolableConnectionFactory (호스트 61.32.101.234, 포트 1433에 대한 TCP/IP 연결에 실패했습니다. 오류: "connect timed out. 연결 속성을 확인하십시오. SQL Server의 인스턴스가 호스트에서 실행되고 있고 포트에서 TCP/IP 연결을 허용하고 있는지 확인하십시오. 또한 방화벽에서 포트로의 TCP 연결을 차단하지 않는지 확인하십시오.".)
### The error may exist in com/daejist/login/mapper/LoginMapper.xml
### The error may involve com.daejist.login.mapper.LoginMapper.LoginMember
### The error occurred while executing a query
### Cause: org.springframework.jdbc.CannotGetJdbcConnectionException: Failed to obtain JDBC Connection; nested exception is org.apache.commons.dbcp.SQLNestedException: Cannot create PoolableConnectionFactory (호스트 61.32.101.234, 포트 1433에 대한 TCP/IP 연결에 실패했습니다. 오류: "connect timed out. 연결 속성을 확인하십시오. SQL Server의 인스턴스가 호스트에서 실행되고 있고 포트에서 TCP/IP 연결을 허용하고 있는지 확인하십시오. 또한 방화벽에서 포트로의 TCP 연결을 차단하지 않는지 확인하십시오.".)] with root cause
 com.microsoft.sqlserver.jdbc.SQLServerException: 호스트 61.32.101.234, 포트 1433에 대한 TCP/IP 연결에 실패했습니다. 오류: "connect timed out. 연결 속성을 확인하십시오. SQL Server의 인스턴스가 호스트에서 실행되고 있고 포트에서 TCP/IP 연결을 허용하고 있는지 확인하십시오. 또한 방화벽에서 포트로의 TCP 연결을 차단하지 않는지 확인하십시오.".
	at com.microsoft.sqlserver.jdbc.SQLServerException.makeFromDriverError(SQLServerException.java:234)
	at com.microsoft.sqlserver.jdbc.SQLServerException.ConvertConnectExceptionToSQLServerException(SQLServerException.java:285)
	at com.microsoft.sqlserver.jdbc.SocketFinder.findSocket(IOBuffer.java:2462)
	at com.microsoft.sqlserver.jdbc.TDSChannel.open(IOBuffer.java:668)
	at com.microsoft.sqlserver.jdbc.SQLServerConnection.connectHelper(SQLServerConnection.java:2695)
	at com.microsoft.sqlserver.jdbc.SQLServerConnection.login(SQLServerConnection.java:2362)
	at com.microsoft.sqlserver.jdbc.SQLServerConnection.connectInternal(SQLServerConnection.java:2213)
	at com.microsoft.sqlserver.jdbc.SQLServerConnection.connect(SQLServerConnection.java:1276)
	at com.microsoft.sqlserver.jdbc.SQLServerDriver.connect(SQLServerDriver.java:861)
	at org.apache.commons.dbcp.DriverConnectionFactory.createConnection(DriverConnectionFactory.java:38)
	at org.apache.commons.dbcp.PoolableConnectionFactory.makeObject(PoolableConnectionFactory.java:582)
	at org.apache.commons.dbcp.BasicDataSource.validateConnectionFactory(BasicDataSource.java:1556)
	at org.apache.commons.dbcp.BasicDataSource.createPoolableConnectionFactory(BasicDataSource.java:1545)
	at org.apache.commons.dbcp.BasicDataSource.createDataSource(BasicDataSource.java:1388)
	at org.apache.commons.dbcp.BasicDataSource.getConnection(BasicDataSource.java:1044)
	at org.springframework.jdbc.datasource.DataSourceUtils.fetchConnection(DataSourceUtils.java:157)
	at org.springframework.jdbc.datasource.DataSourceUtils.doGetConnection(DataSourceUtils.java:115)
	at org.springframework.jdbc.datasource.DataSourceUtils.getConnection(DataSourceUtils.java:78)
	at org.mybatis.spring.transaction.SpringManagedTransaction.openConnection(SpringManagedTransaction.java:80)
	at org.mybatis.spring.transaction.SpringManagedTransaction.getConnection(SpringManagedTransaction.java:67)
	at org.apache.ibatis.executor.BaseExecutor.getConnection(BaseExecutor.java:336)
	at org.apache.ibatis.executor.SimpleExecutor.prepareStatement(SimpleExecutor.java:85)
	at org.apache.ibatis.executor.SimpleExecutor.doQuery(SimpleExecutor.java:62)
	at org.apache.ibatis.executor.BaseExecutor.queryFromDatabase(BaseExecutor.java:324)
	at org.apache.ibatis.executor.BaseExecutor.query(BaseExecutor.java:156)
	at org.apache.ibatis.executor.CachingExecutor.query(CachingExecutor.java:109)
	at org.apache.ibatis.executor.CachingExecutor.query(CachingExecutor.java:83)
	at org.apache.ibatis.session.defaults.DefaultSqlSession.selectList(DefaultSqlSession.java:147)
	at org.apache.ibatis.session.defaults.DefaultSqlSession.selectList(DefaultSqlSession.java:140)
	at org.apache.ibatis.session.defaults.DefaultSqlSession.selectOne(DefaultSqlSession.java:76)
	at sun.reflect.NativeMethodAccessorImpl.invoke0(Native Method)
	at sun.reflect.NativeMethodAccessorImpl.invoke(NativeMethodAccessorImpl.java:62)
	at sun.reflect.DelegatingMethodAccessorImpl.invoke(DelegatingMethodAccessorImpl.java:43)
	at java.lang.reflect.Method.invoke(Method.java:498)
	at org.mybatis.spring.SqlSessionTemplate$SqlSessionInterceptor.invoke(SqlSessionTemplate.java:426)
	at com.sun.proxy.$Proxy59.selectOne(Unknown Source)
	at org.mybatis.spring.SqlSessionTemplate.selectOne(SqlSessionTemplate.java:159)
	at org.apache.ibatis.binding.MapperMethod.execute(MapperMethod.java:87)
	at org.apache.ibatis.binding.MapperProxy.invoke(MapperProxy.java:57)
	at com.sun.proxy.$Proxy61.LoginMember(Unknown Source)
	at com.daejist.login.service.LoginServiceImp.LoginCheck(LoginServiceImp.java:29)
	at com.daejist.login.controller.LoginController.getLogin(LoginController.java:98)
	at sun.reflect.NativeMethodAccessorImpl.invoke0(Native Method)
	at sun.reflect.NativeMethodAccessorImpl.invoke(NativeMethodAccessorImpl.java:62)
	at sun.reflect.DelegatingMethodAccessorImpl.invoke(DelegatingMethodAccessorImpl.java:43)
	at java.lang.reflect.Method.invoke(Method.java:498)
	at org.springframework.web.method.support.InvocableHandlerMethod.doInvoke(InvocableHandlerMethod.java:190)
	at org.springframework.web.method.support.InvocableHandlerMethod.invokeForRequest(InvocableHandlerMethod.java:138)
	at org.springframework.web.servlet.mvc.method.annotation.ServletInvocableHandlerMethod.invokeAndHandle(ServletInvocableHandlerMethod.java:104)
	at org.springframework.web.servlet.mvc.method.annotation.RequestMappingHandlerAdapter.invokeHandlerMethod(RequestMappingHandlerAdapter.java:892)
	at org.springframework.web.servlet.mvc.method.annotation.RequestMappingHandlerAdapter.handleInternal(RequestMappingHandlerAdapter.java:797)
	at org.springframework.web.servlet.mvc.method.AbstractHandlerMethodAdapter.handle(AbstractHandlerMethodAdapter.java:87)
	at org.springframework.web.servlet.DispatcherServlet.doDispatch(DispatcherServlet.java:1039)
	at org.springframework.web.servlet.DispatcherServlet.doService(DispatcherServlet.java:942)
	at org.springframework.web.servlet.FrameworkServlet.processRequest(FrameworkServlet.java:1005)
	at org.springframework.web.servlet.FrameworkServlet.doPost(FrameworkServlet.java:908)
	at javax.servlet.http.HttpServlet.service(HttpServlet.java:648)
	at org.springframework.web.servlet.FrameworkServlet.service(FrameworkServlet.java:882)
	at javax.servlet.http.HttpServlet.service(HttpServlet.java:729)
	at org.apache.catalina.core.ApplicationFilterChain.internalDoFilter(ApplicationFilterChain.java:292)
	at org.apache.catalina.core.ApplicationFilterChain.doFilter(ApplicationFilterChain.java:207)
	at org.apache.tomcat.websocket.server.WsFilter.doFilter(WsFilter.java:52)
	at org.apache.catalina.core.ApplicationFilterChain.internalDoFilter(ApplicationFilterChain.java:240)
	at org.apache.catalina.core.ApplicationFilterChain.doFilter(ApplicationFilterChain.java:207)
	at org.springframework.web.filter.CharacterEncodingFilter.doFilterInternal(CharacterEncodingFilter.java:200)
	at org.springframework.web.filter.OncePerRequestFilter.doFilter(OncePerRequestFilter.java:118)
	at org.apache.catalina.core.ApplicationFilterChain.internalDoFilter(ApplicationFilterChain.java:240)
	at org.apache.catalina.core.ApplicationFilterChain.doFilter(ApplicationFilterChain.java:207)
	at org.apache.catalina.core.StandardWrapperValve.invoke(StandardWrapperValve.java:212)
	at org.apache.catalina.core.StandardContextValve.invoke(StandardContextValve.java:94)
	at org.apache.catalina.core.StandardHostValve.invoke(StandardHostValve.java:141)
	at org.apache.catalina.valves.ErrorReportValve.invoke(ErrorReportValve.java:79)
	at org.apache.catalina.core.StandardEngineValve.invoke(StandardEngineValve.java:88)
	at org.apache.catalina.connector.CoyoteAdapter.service(CoyoteAdapter.java:502)
	at org.apache.coyote.http11.AbstractHttp11Processor.process(AbstractHttp11Processor.java:1132)
	at org.apache.coyote.AbstractProtocol$AbstractConnectionHandler.process(AbstractProtocol.java:684)
	at org.apache.tomcat.util.net.NioEndpoint$SocketProcessor.doRun(NioEndpoint.java:1539)
	at org.apache.tomcat.util.net.NioEndpoint$SocketProcessor.run(NioEndpoint.java:1495)
	at java.util.concurrent.ThreadPoolExecutor.runWorker(ThreadPoolExecutor.java:1142)
	at java.util.concurrent.ThreadPoolExecutor$Worker.run(ThreadPoolExecutor.java:617)
	at org.apache.tomcat.util.threads.TaskThread$WrappingRunnable.run(TaskThread.java:61)
	at java.lang.Thread.run(Thread.java:745)

10-Aug-2026 13:54:03.137 심각 [http-nio-8855-exec-4] org.apache.catalina.core.StandardWrapperValve.invoke Servlet.service() for servlet [appServlet] in context with path [] threw exception [Request processing failed; nested exception is org.mybatis.spring.MyBatisSystemException: nested exception is org.apache.ibatis.exceptions.PersistenceException: 
### Error querying database.  Cause: org.springframework.jdbc.CannotGetJdbcConnectionException: Failed to obtain JDBC Connection; nested exception is org.apache.commons.dbcp.SQLNestedException: Cannot create PoolableConnectionFactory (호스트 61.32.101.234, 포트 1433에 대한 TCP/IP 연결에 실패했습니다. 오류: "connect timed out. 연결 속성을 확인하십시오. SQL Server의 인스턴스가 호스트에서 실행되고 있고 포트에서 TCP/IP 연결을 허용하고 있는지 확인하십시오. 또한 방화벽에서 포트로의 TCP 연결을 차단하지 않는지 확인하십시오.".)
### The error may exist in com/daejist/login/mapper/LoginMapper.xml
### The error may involve com.daejist.login.mapper.LoginMapper.LoginMember
### The error occurred while executing a query
### Cause: org.springframework.jdbc.CannotGetJdbcConnectionException: Failed to obtain JDBC Connection; nested exception is org.apache.commons.dbcp.SQLNestedException: Cannot create PoolableConnectionFactory (호스트 61.32.101.234, 포트 1433에 대한 TCP/IP 연결에 실패했습니다. 오류: "connect timed out. 연결 속성을 확인하십시오. SQL Server의 인스턴스가 호스트에서 실행되고 있고 포트에서 TCP/IP 연결을 허용하고 있는지 확인하십시오. 또한 방화벽에서 포트로의 TCP 연결을 차단하지 않는지 확인하십시오.".)] with root cause
 com.microsoft.sqlserver.jdbc.SQLServerException: 호스트 61.32.101.234, 포트 1433에 대한 TCP/IP 연결에 실패했습니다. 오류: "connect timed out. 연결 속성을 확인하십시오. SQL Server의 인스턴스가 호스트에서 실행되고 있고 포트에서 TCP/IP 연결을 허용하고 있는지 확인하십시오. 또한 방화벽에서 포트로의 TCP 연결을 차단하지 않는지 확인하십시오.".
	at com.microsoft.sqlserver.jdbc.SQLServerException.makeFromDriverError(SQLServerException.java:234)
	at com.microsoft.sqlserver.jdbc.SQLServerException.ConvertConnectExceptionToSQLServerException(SQLServerException.java:285)
	at com.microsoft.sqlserver.jdbc.SocketFinder.findSocket(IOBuffer.java:2462)
	at com.microsoft.sqlserver.jdbc.TDSChannel.open(IOBuffer.java:668)
	at com.microsoft.sqlserver.jdbc.SQLServerConnection.connectHelper(SQLServerConnection.java:2695)
	at com.microsoft.sqlserver.jdbc.SQLServerConnection.login(SQLServerConnection.java:2362)
	at com.microsoft.sqlserver.jdbc.SQLServerConnection.connectInternal(SQLServerConnection.java:2213)
	at com.microsoft.sqlserver.jdbc.SQLServerConnection.connect(SQLServerConnection.java:1276)
	at com.microsoft.sqlserver.jdbc.SQLServerDriver.connect(SQLServerDriver.java:861)
	at org.apache.commons.dbcp.DriverConnectionFactory.createConnection(DriverConnectionFactory.java:38)
	at org.apache.commons.dbcp.PoolableConnectionFactory.makeObject(PoolableConnectionFactory.java:582)
	at org.apache.commons.dbcp.BasicDataSource.validateConnectionFactory(BasicDataSource.java:1556)
	at org.apache.commons.dbcp.BasicDataSource.createPoolableConnectionFactory(BasicDataSource.java:1545)
	at org.apache.commons.dbcp.BasicDataSource.createDataSource(BasicDataSource.java:1388)
	at org.apache.commons.dbcp.BasicDataSource.getConnection(BasicDataSource.java:1044)
	at org.springframework.jdbc.datasource.DataSourceUtils.fetchConnection(DataSourceUtils.java:157)
	at org.springframework.jdbc.datasource.DataSourceUtils.doGetConnection(DataSourceUtils.java:115)
	at org.springframework.jdbc.datasource.DataSourceUtils.getConnection(DataSourceUtils.java:78)
	at org.mybatis.spring.transaction.SpringManagedTransaction.openConnection(SpringManagedTransaction.java:80)
	at org.mybatis.spring.transaction.SpringManagedTransaction.getConnection(SpringManagedTransaction.java:67)
	at org.apache.ibatis.executor.BaseExecutor.getConnection(BaseExecutor.java:336)
	at org.apache.ibatis.executor.SimpleExecutor.prepareStatement(SimpleExecutor.java:85)
	at org.apache.ibatis.executor.SimpleExecutor.doQuery(SimpleExecutor.java:62)
	at org.apache.ibatis.executor.BaseExecutor.queryFromDatabase(BaseExecutor.java:324)
	at org.apache.ibatis.executor.BaseExecutor.query(BaseExecutor.java:156)
	at org.apache.ibatis.executor.CachingExecutor.query(CachingExecutor.java:109)
	at org.apache.ibatis.executor.CachingExecutor.query(CachingExecutor.java:83)
	at org.apache.ibatis.session.defaults.DefaultSqlSession.selectList(DefaultSqlSession.java:147)
	at org.apache.ibatis.session.defaults.DefaultSqlSession.selectList(DefaultSqlSession.java:140)
	at org.apache.ibatis.session.defaults.DefaultSqlSession.selectOne(DefaultSqlSession.java:76)
	at sun.reflect.NativeMethodAccessorImpl.invoke0(Native Method)
	at sun.reflect.NativeMethodAccessorImpl.invoke(NativeMethodAccessorImpl.java:62)
	at sun.reflect.DelegatingMethodAccessorImpl.invoke(DelegatingMethodAccessorImpl.java:43)
	at java.lang.reflect.Method.invoke(Method.java:498)
	at org.mybatis.spring.SqlSessionTemplate$SqlSessionInterceptor.invoke(SqlSessionTemplate.java:426)
	at com.sun.proxy.$Proxy59.selectOne(Unknown Source)
	at org.mybatis.spring.SqlSessionTemplate.selectOne(SqlSessionTemplate.java:159)
	at org.apache.ibatis.binding.MapperMethod.execute(MapperMethod.java:87)
	at org.apache.ibatis.binding.MapperProxy.invoke(MapperProxy.java:57)
	at com.sun.proxy.$Proxy61.LoginMember(Unknown Source)
	at com.daejist.login.service.LoginServiceImp.LoginCheck(LoginServiceImp.java:29)
	at com.daejist.login.controller.LoginController.getLogin(LoginController.java:98)
	at sun.reflect.NativeMethodAccessorImpl.invoke0(Native Method)
	at sun.reflect.NativeMethodAccessorImpl.invoke(NativeMethodAccessorImpl.java:62)
	at sun.reflect.DelegatingMethodAccessorImpl.invoke(DelegatingMethodAccessorImpl.java:43)
	at java.lang.reflect.Method.invoke(Method.java:498)
	at org.springframework.web.method.support.InvocableHandlerMethod.doInvoke(InvocableHandlerMethod.java:190)
	at org.springframework.web.method.support.InvocableHandlerMethod.invokeForRequest(InvocableHandlerMethod.java:138)
	at org.springframework.web.servlet.mvc.method.annotation.ServletInvocableHandlerMethod.invokeAndHandle(ServletInvocableHandlerMethod.java:104)
	at org.springframework.web.servlet.mvc.method.annotation.RequestMappingHandlerAdapter.invokeHandlerMethod(RequestMappingHandlerAdapter.java:892)
	at org.springframework.web.servlet.mvc.method.annotation.RequestMappingHandlerAdapter.handleInternal(RequestMappingHandlerAdapter.java:797)
	at org.springframework.web.servlet.mvc.method.AbstractHandlerMethodAdapter.handle(AbstractHandlerMethodAdapter.java:87)
	at org.springframework.web.servlet.DispatcherServlet.doDispatch(DispatcherServlet.java:1039)
	at org.springframework.web.servlet.DispatcherServlet.doService(DispatcherServlet.java:942)
	at org.springframework.web.servlet.FrameworkServlet.processRequest(FrameworkServlet.java:1005)
	at org.springframework.web.servlet.FrameworkServlet.doPost(FrameworkServlet.java:908)
	at javax.servlet.http.HttpServlet.service(HttpServlet.java:648)
	at org.springframework.web.servlet.FrameworkServlet.service(FrameworkServlet.java:882)
	at javax.servlet.http.HttpServlet.service(HttpServlet.java:729)
	at org.apache.catalina.core.ApplicationFilterChain.internalDoFilter(ApplicationFilterChain.java:292)
	at org.apache.catalina.core.ApplicationFilterChain.doFilter(ApplicationFilterChain.java:207)
	at org.apache.tomcat.websocket.server.WsFilter.doFilter(WsFilter.java:52)
	at org.apache.catalina.core.ApplicationFilterChain.internalDoFilter(ApplicationFilterChain.java:240)
	at org.apache.catalina.core.ApplicationFilterChain.doFilter(ApplicationFilterChain.java:207)
	at org.springframework.web.filter.CharacterEncodingFilter.doFilterInternal(CharacterEncodingFilter.java:200)
	at org.springframework.web.filter.OncePerRequestFilter.doFilter(OncePerRequestFilter.java:118)
	at org.apache.catalina.core.ApplicationFilterChain.internalDoFilter(ApplicationFilterChain.java:240)
	at org.apache.catalina.core.ApplicationFilterChain.doFilter(ApplicationFilterChain.java:207)
	at org.apache.catalina.core.StandardWrapperValve.invoke(StandardWrapperValve.java:212)
	at org.apache.catalina.core.StandardContextValve.invoke(StandardContextValve.java:94)
	at org.apache.catalina.core.StandardHostValve.invoke(StandardHostValve.java:141)
	at org.apache.catalina.valves.ErrorReportValve.invoke(ErrorReportValve.java:79)
	at org.apache.catalina.core.StandardEngineValve.invoke(StandardEngineValve.java:88)
	at org.apache.catalina.connector.CoyoteAdapter.service(CoyoteAdapter.java:502)
	at org.apache.coyote.http11.AbstractHttp11Processor.process(AbstractHttp11Processor.java:1132)
	at org.apache.coyote.AbstractProtocol$AbstractConnectionHandler.process(AbstractProtocol.java:684)
	at org.apache.tomcat.util.net.NioEndpoint$SocketProcessor.doRun(NioEndpoint.java:1539)
	at org.apache.tomcat.util.net.NioEndpoint$SocketProcessor.run(NioEndpoint.java:1495)
	at java.util.concurrent.ThreadPoolExecutor.runWorker(ThreadPoolExecutor.java:1142)
	at java.util.concurrent.ThreadPoolExecutor$Worker.run(ThreadPoolExecutor.java:617)
	at org.apache.tomcat.util.threads.TaskThread$WrappingRunnable.run(TaskThread.java:61)
	at java.lang.Thread.run(Thread.java:745)

10-Aug-2026 13:55:11.788 정보 [main] org.apache.catalina.core.StandardServer.await A valid shutdown command was received via the shutdown port. Stopping the Server instance.
10-Aug-2026 13:55:11.788 정보 [main] org.apache.coyote.AbstractProtocol.pause Pausing ProtocolHandler ["http-nio-8855"]
10-Aug-2026 13:55:11.840 정보 [main] org.apache.catalina.core.StandardService.stopInternal Stopping service daejist7
10-Aug-2026 13:55:11.841 정보 [daejist7.cafe24.com-startStop-2] org.apache.catalina.core.ApplicationContext.log Destroying Spring FrameworkServlet 'appServlet'
10-Aug-2026 13:55:11.845 정보 [daejist7.cafe24.com-startStop-2] org.apache.catalina.core.ApplicationContext.log Closing Spring root WebApplicationContext
10-Aug-2026 13:55:11.847 경고 [daejist7.cafe24.com-startStop-2] org.apache.catalina.loader.WebappClassLoaderBase.clearReferencesJdbc The web application [ROOT] registered the JDBC driver [com.microsoft.sqlserver.jdbc.SQLServerDriver] but failed to unregister it when the web application was stopped. To prevent a memory leak, the JDBC Driver has been forcibly unregistered.
10-Aug-2026 13:55:11.850 정보 [daejist7.cafe24.com-startStop-2] org.apache.catalina.core.ApplicationContext.log Destroying Spring FrameworkServlet 'appServlet'
10-Aug-2026 13:55:11.852 정보 [daejist7.cafe24.com-startStop-2] org.apache.catalina.core.ApplicationContext.log Closing Spring root WebApplicationContext
10-Aug-2026 13:55:11.881 정보 [daejist7.cafe24.com-startStop-2] org.apache.catalina.core.ApplicationContext.log Destroying Spring FrameworkServlet 'appServlet'
10-Aug-2026 13:55:11.890 정보 [daejist7.cafe24.com-startStop-2] org.apache.catalina.core.ApplicationContext.log Closing Spring root WebApplicationContext
10-Aug-2026 13:55:11.895 경고 [daejist7.cafe24.com-startStop-2] org.apache.catalina.loader.WebappClassLoaderBase.clearReferencesJdbc The web application [scm] registered the JDBC driver [com.microsoft.sqlserver.jdbc.SQLServerDriver] but failed to unregister it when the web application was stopped. To prevent a memory leak, the JDBC Driver has been forcibly unregistered.
10-Aug-2026 13:55:11.896 정보 [daejist7.cafe24.com-startStop-2] org.apache.catalina.core.ApplicationContext.log Destroying Spring FrameworkServlet 'appServlet'
10-Aug-2026 13:55:11.898 정보 [daejist7.cafe24.com-startStop-2] org.apache.catalina.core.ApplicationContext.log Closing Spring root WebApplicationContext
10-Aug-2026 13:55:11.909 경고 [daejist7.cafe24.com-startStop-2] org.apache.catalina.loader.WebappClassLoaderBase.clearReferencesThreads The web application [daejiM] appears to have started a thread named [SeedGenerator Thread] but has failed to stop it. This is very likely to create a memory leak. Stack trace of thread:
 java.lang.Object.wait(Native Method)
 java.lang.Object.wait(Object.java:502)
 sun.security.provider.SeedGenerator$ThreadedSeedGenerator.run(SeedGenerator.java:334)
 java.lang.Thread.run(Thread.java:745)
10-Aug-2026 13:55:11.913 정보 [main] org.apache.coyote.AbstractProtocol.stop Stopping ProtocolHandler ["http-nio-8855"]
10-Aug-2026 13:55:11.914 정보 [main] org.apache.coyote.AbstractProtocol.destroy Destroying ProtocolHandler ["http-nio-8855"]
10-Aug-2026 13:55:15.629 정보 [main] org.apache.catalina.core.AprLifecycleListener.lifecycleEvent The APR based Apache Tomcat Native library which allows optimal performance in production environments was not found on the java.library.path: :/usr/local/mysql/lib:/usr/local/mysql/lib:/usr/local/mysql/lib:/usr/java/packages/lib/amd64:/usr/lib64:/lib64:/lib:/usr/lib
10-Aug-2026 13:55:15.678 정보 [main] org.apache.coyote.AbstractProtocol.init Initializing ProtocolHandler ["http-nio-8855"]
10-Aug-2026 13:55:15.687 정보 [main] org.apache.tomcat.util.net.NioSelectorPool.getSharedSelector Using a shared selector for servlet write/read
10-Aug-2026 13:55:15.688 정보 [main] org.apache.catalina.startup.Catalina.load Initialization processed in 216 ms
10-Aug-2026 13:55:15.699 정보 [main] org.apache.catalina.core.StandardService.startInternal Starting service daejist7
10-Aug-2026 13:55:15.699 정보 [main] org.apache.catalina.core.StandardEngine.startInternal Starting Servlet Engine: Apache Tomcat/8.0.50
10-Aug-2026 13:55:15.711 정보 [daejist7.cafe24.com-startStop-1] org.apache.catalina.startup.HostConfig.deployWAR Deploying web application archive /daejist7/tomcat/webapps/daejiM.war
10-Aug-2026 13:55:17.911 정보 [daejist7.cafe24.com-startStop-1] org.apache.jasper.servlet.TldScanner.scanJars At least one JAR was scanned for TLDs yet contained no TLDs. Enable debug logging for this logger for a complete list of JARs that were scanned but no TLDs were found in them. Skipping unneeded JARs during scanning can improve startup time and JSP compilation time.
10-Aug-2026 13:55:17.923 정보 [daejist7.cafe24.com-startStop-1] org.apache.catalina.core.ApplicationContext.log No Spring WebApplicationInitializer types detected on classpath
10-Aug-2026 13:55:17.929 정보 [daejist7.cafe24.com-startStop-1] org.apache.catalina.core.ApplicationContext.log Initializing Spring root WebApplicationContext
10-Aug-2026 13:55:23.792 정보 [daejist7.cafe24.com-startStop-1] org.apache.catalina.core.ApplicationContext.log Initializing Spring DispatcherServlet 'appServlet'
10-Aug-2026 13:55:24.191 정보 [daejist7.cafe24.com-startStop-1] org.apache.catalina.startup.HostConfig.deployWAR Deployment of web application archive /daejist7/tomcat/webapps/daejiM.war has finished in 8,480 ms
10-Aug-2026 13:55:24.191 정보 [daejist7.cafe24.com-startStop-1] org.apache.catalina.startup.HostConfig.deployWAR Deploying web application archive /daejist7/tomcat/webapps/scm.war
10-Aug-2026 13:55:25.554 정보 [daejist7.cafe24.com-startStop-1] org.apache.jasper.servlet.TldScanner.scanJars At least one JAR was scanned for TLDs yet contained no TLDs. Enable debug logging for this logger for a complete list of JARs that were scanned but no TLDs were found in them. Skipping unneeded JARs during scanning can improve startup time and JSP compilation time.
10-Aug-2026 13:55:25.556 정보 [daejist7.cafe24.com-startStop-1] org.apache.catalina.core.ApplicationContext.log No Spring WebApplicationInitializer types detected on classpath
10-Aug-2026 13:55:25.561 정보 [daejist7.cafe24.com-startStop-1] org.apache.catalina.core.ApplicationContext.log Initializing Spring root WebApplicationContext
10-Aug-2026 13:55:26.129 정보 [daejist7.cafe24.com-startStop-1] org.apache.catalina.core.ApplicationContext.log Initializing Spring DispatcherServlet 'appServlet'
10-Aug-2026 13:55:26.428 정보 [daejist7.cafe24.com-startStop-1] org.apache.catalina.startup.HostConfig.deployWAR Deployment of web application archive /daejist7/tomcat/webapps/scm.war has finished in 2,237 ms
10-Aug-2026 13:55:26.428 정보 [daejist7.cafe24.com-startStop-1] org.apache.catalina.startup.HostConfig.deployWAR Deploying web application archive /daejist7/tomcat/webapps/ROOT.war
10-Aug-2026 13:55:27.068 정보 [daejist7.cafe24.com-startStop-1] org.apache.jasper.servlet.TldScanner.scanJars At least one JAR was scanned for TLDs yet contained no TLDs. Enable debug logging for this logger for a complete list of JARs that were scanned but no TLDs were found in them. Skipping unneeded JARs during scanning can improve startup time and JSP compilation time.
10-Aug-2026 13:55:27.070 정보 [daejist7.cafe24.com-startStop-1] org.apache.catalina.core.ApplicationContext.log No Spring WebApplicationInitializer types detected on classpath
10-Aug-2026 13:55:27.074 정보 [daejist7.cafe24.com-startStop-1] org.apache.catalina.core.ApplicationContext.log Initializing Spring root WebApplicationContext
10-Aug-2026 13:55:27.422 정보 [daejist7.cafe24.com-startStop-1] org.apache.catalina.core.ApplicationContext.log Initializing Spring DispatcherServlet 'appServlet'
10-Aug-2026 13:55:27.888 정보 [daejist7.cafe24.com-startStop-1] org.apache.catalina.startup.HostConfig.deployWAR Deployment of web application archive /daejist7/tomcat/webapps/ROOT.war has finished in 1,460 ms
10-Aug-2026 13:55:27.888 정보 [daejist7.cafe24.com-startStop-1] org.apache.catalina.startup.HostConfig.deployWAR Deploying web application archive /daejist7/tomcat/webapps/exe.war
10-Aug-2026 13:55:28.592 정보 [daejist7.cafe24.com-startStop-1] org.apache.jasper.servlet.TldScanner.scanJars At least one JAR was scanned for TLDs yet contained no TLDs. Enable debug logging for this logger for a complete list of JARs that were scanned but no TLDs were found in them. Skipping unneeded JARs during scanning can improve startup time and JSP compilation time.
10-Aug-2026 13:55:28.594 정보 [daejist7.cafe24.com-startStop-1] org.apache.catalina.core.ApplicationContext.log No Spring WebApplicationInitializer types detected on classpath
10-Aug-2026 13:55:28.620 정보 [daejist7.cafe24.com-startStop-1] org.apache.catalina.core.ApplicationContext.log Initializing Spring root WebApplicationContext
10-Aug-2026 13:55:29.004 정보 [daejist7.cafe24.com-startStop-1] org.apache.catalina.core.ApplicationContext.log Initializing Spring FrameworkServlet 'appServlet'
10-Aug-2026 13:55:29.346 정보 [daejist7.cafe24.com-startStop-1] org.apache.catalina.startup.HostConfig.deployWAR Deployment of web application archive /daejist7/tomcat/webapps/exe.war has finished in 1,458 ms
10-Aug-2026 13:55:29.346 정보 [daejist7.cafe24.com-startStop-1] org.apache.catalina.startup.HostConfig.deployDirectory Deploying web application directory /daejist7/tomcat/webapps/host-manager
10-Aug-2026 13:55:29.457 정보 [daejist7.cafe24.com-startStop-1] org.apache.jasper.servlet.TldScanner.scanJars At least one JAR was scanned for TLDs yet contained no TLDs. Enable debug logging for this logger for a complete list of JARs that were scanned but no TLDs were found in them. Skipping unneeded JARs during scanning can improve startup time and JSP compilation time.
10-Aug-2026 13:55:29.459 정보 [daejist7.cafe24.com-startStop-1] org.apache.catalina.startup.HostConfig.deployDirectory Deployment of web application directory /daejist7/tomcat/webapps/host-manager has finished in 113 ms
10-Aug-2026 13:55:29.459 정보 [daejist7.cafe24.com-startStop-1] org.apache.catalina.startup.HostConfig.deployDirectory Deploying web application directory /daejist7/tomcat/webapps/manager
10-Aug-2026 13:55:29.570 정보 [daejist7.cafe24.com-startStop-1] org.apache.jasper.servlet.TldScanner.scanJars At least one JAR was scanned for TLDs yet contained no TLDs. Enable debug logging for this logger for a complete list of JARs that were scanned but no TLDs were found in them. Skipping unneeded JARs during scanning can improve startup time and JSP compilation time.
10-Aug-2026 13:55:29.571 정보 [daejist7.cafe24.com-startStop-1] org.apache.catalina.startup.HostConfig.deployDirectory Deployment of web application directory /daejist7/tomcat/webapps/manager has finished in 112 ms
10-Aug-2026 13:55:29.573 정보 [main] org.apache.coyote.AbstractProtocol.start Starting ProtocolHandler ["http-nio-8855"]
10-Aug-2026 13:55:29.582 정보 [main] org.apache.catalina.startup.Catalina.start Server startup in 13893 ms
10-Aug-2026 14:38:20.012 정보 [main] org.apache.catalina.core.StandardServer.await A valid shutdown command was received via the shutdown port. Stopping the Server instance.
10-Aug-2026 14:38:20.013 정보 [main] org.apache.coyote.AbstractProtocol.pause Pausing ProtocolHandler ["http-nio-8855"]
10-Aug-2026 14:38:20.064 정보 [main] org.apache.catalina.core.StandardService.stopInternal Stopping service daejist7
10-Aug-2026 14:38:20.065 정보 [daejist7.cafe24.com-startStop-2] org.apache.catalina.core.ApplicationContext.log Destroying Spring FrameworkServlet 'appServlet'
10-Aug-2026 14:38:20.070 정보 [daejist7.cafe24.com-startStop-2] org.apache.catalina.core.ApplicationContext.log Closing Spring root WebApplicationContext
10-Aug-2026 14:38:20.072 경고 [daejist7.cafe24.com-startStop-2] org.apache.catalina.loader.WebappClassLoaderBase.clearReferencesJdbc The web application [ROOT] registered the JDBC driver [com.microsoft.sqlserver.jdbc.SQLServerDriver] but failed to unregister it when the web application was stopped. To prevent a memory leak, the JDBC Driver has been forcibly unregistered.
10-Aug-2026 14:38:20.076 정보 [daejist7.cafe24.com-startStop-2] org.apache.catalina.core.ApplicationContext.log Destroying Spring FrameworkServlet 'appServlet'
10-Aug-2026 14:38:20.077 정보 [daejist7.cafe24.com-startStop-2] org.apache.catalina.core.ApplicationContext.log Closing Spring root WebApplicationContext
10-Aug-2026 14:38:20.080 경고 [daejist7.cafe24.com-startStop-2] org.apache.catalina.loader.WebappClassLoaderBase.clearReferencesJdbc The web application [exe] registered the JDBC driver [com.microsoft.sqlserver.jdbc.SQLServerDriver] but failed to unregister it when the web application was stopped. To prevent a memory leak, the JDBC Driver has been forcibly unregistered.
10-Aug-2026 14:38:20.084 정보 [daejist7.cafe24.com-startStop-2] org.apache.catalina.core.ApplicationContext.log Destroying Spring FrameworkServlet 'appServlet'
10-Aug-2026 14:38:20.088 정보 [daejist7.cafe24.com-startStop-2] org.apache.catalina.core.ApplicationContext.log Closing Spring root WebApplicationContext
10-Aug-2026 14:38:20.094 경고 [daejist7.cafe24.com-startStop-2] org.apache.catalina.loader.WebappClassLoaderBase.clearReferencesJdbc The web application [scm] registered the JDBC driver [com.microsoft.sqlserver.jdbc.SQLServerDriver] but failed to unregister it when the web application was stopped. To prevent a memory leak, the JDBC Driver has been forcibly unregistered.
10-Aug-2026 14:38:20.095 정보 [daejist7.cafe24.com-startStop-2] org.apache.catalina.core.ApplicationContext.log Destroying Spring FrameworkServlet 'appServlet'
10-Aug-2026 14:38:20.097 정보 [daejist7.cafe24.com-startStop-2] org.apache.catalina.core.ApplicationContext.log Closing Spring root WebApplicationContext
10-Aug-2026 14:38:20.107 경고 [daejist7.cafe24.com-startStop-2] org.apache.catalina.loader.WebappClassLoaderBase.clearReferencesThreads The web application [daejiM] appears to have started a thread named [SeedGenerator Thread] but has failed to stop it. This is very likely to create a memory leak. Stack trace of thread:
 java.lang.Object.wait(Native Method)
 java.lang.Object.wait(Object.java:502)
 sun.security.provider.SeedGenerator$ThreadedSeedGenerator.run(SeedGenerator.java:334)
 java.lang.Thread.run(Thread.java:745)
10-Aug-2026 14:38:20.111 정보 [main] org.apache.coyote.AbstractProtocol.stop Stopping ProtocolHandler ["http-nio-8855"]
10-Aug-2026 14:38:20.112 정보 [main] org.apache.coyote.AbstractProtocol.destroy Destroying ProtocolHandler ["http-nio-8855"]
10-Aug-2026 14:38:33.676 정보 [main] org.apache.catalina.core.AprLifecycleListener.lifecycleEvent The APR based Apache Tomcat Native library which allows optimal performance in production environments was not found on the java.library.path: :/usr/local/mysql/lib:/usr/local/mysql/lib:/usr/local/mysql/lib:/usr/java/packages/lib/amd64:/usr/lib64:/lib64:/lib:/usr/lib
10-Aug-2026 14:38:33.726 정보 [main] org.apache.coyote.AbstractProtocol.init Initializing ProtocolHandler ["http-nio-8855"]
10-Aug-2026 14:38:33.735 정보 [main] org.apache.tomcat.util.net.NioSelectorPool.getSharedSelector Using a shared selector for servlet write/read
10-Aug-2026 14:38:33.736 정보 [main] org.apache.catalina.startup.Catalina.load Initialization processed in 222 ms
10-Aug-2026 14:38:33.747 정보 [main] org.apache.catalina.core.StandardService.startInternal Starting service daejist7
10-Aug-2026 14:38:33.747 정보 [main] org.apache.catalina.core.StandardEngine.startInternal Starting Servlet Engine: Apache Tomcat/8.0.50
10-Aug-2026 14:38:33.758 정보 [daejist7.cafe24.com-startStop-1] org.apache.catalina.startup.HostConfig.deployWAR Deploying web application archive /daejist7/tomcat/webapps/daejiM.war
10-Aug-2026 14:38:35.927 정보 [daejist7.cafe24.com-startStop-1] org.apache.jasper.servlet.TldScanner.scanJars At least one JAR was scanned for TLDs yet contained no TLDs. Enable debug logging for this logger for a complete list of JARs that were scanned but no TLDs were found in them. Skipping unneeded JARs during scanning can improve startup time and JSP compilation time.
10-Aug-2026 14:38:35.939 정보 [daejist7.cafe24.com-startStop-1] org.apache.catalina.core.ApplicationContext.log No Spring WebApplicationInitializer types detected on classpath
10-Aug-2026 14:38:35.945 정보 [daejist7.cafe24.com-startStop-1] org.apache.catalina.core.ApplicationContext.log Initializing Spring root WebApplicationContext
10-Aug-2026 14:38:41.787 정보 [daejist7.cafe24.com-startStop-1] org.apache.catalina.core.ApplicationContext.log Initializing Spring DispatcherServlet 'appServlet'
10-Aug-2026 14:38:42.178 정보 [daejist7.cafe24.com-startStop-1] org.apache.catalina.startup.HostConfig.deployWAR Deployment of web application archive /daejist7/tomcat/webapps/daejiM.war has finished in 8,419 ms
10-Aug-2026 14:38:42.178 정보 [daejist7.cafe24.com-startStop-1] org.apache.catalina.startup.HostConfig.deployWAR Deploying web application archive /daejist7/tomcat/webapps/scm.war
10-Aug-2026 14:38:43.533 정보 [daejist7.cafe24.com-startStop-1] org.apache.jasper.servlet.TldScanner.scanJars At least one JAR was scanned for TLDs yet contained no TLDs. Enable debug logging for this logger for a complete list of JARs that were scanned but no TLDs were found in them. Skipping unneeded JARs during scanning can improve startup time and JSP compilation time.
10-Aug-2026 14:38:43.535 정보 [daejist7.cafe24.com-startStop-1] org.apache.catalina.core.ApplicationContext.log No Spring WebApplicationInitializer types detected on classpath
10-Aug-2026 14:38:43.540 정보 [daejist7.cafe24.com-startStop-1] org.apache.catalina.core.ApplicationContext.log Initializing Spring root WebApplicationContext
10-Aug-2026 14:38:44.112 정보 [daejist7.cafe24.com-startStop-1] org.apache.catalina.core.ApplicationContext.log Initializing Spring DispatcherServlet 'appServlet'
10-Aug-2026 14:38:44.458 정보 [daejist7.cafe24.com-startStop-1] org.apache.catalina.startup.HostConfig.deployWAR Deployment of web application archive /daejist7/tomcat/webapps/scm.war has finished in 2,280 ms
10-Aug-2026 14:38:44.462 정보 [daejist7.cafe24.com-startStop-1] org.apache.catalina.startup.HostConfig.deployWAR Deploying web application archive /daejist7/tomcat/webapps/ROOT.war
10-Aug-2026 14:38:45.160 정보 [daejist7.cafe24.com-startStop-1] org.apache.jasper.servlet.TldScanner.scanJars At least one JAR was scanned for TLDs yet contained no TLDs. Enable debug logging for this logger for a complete list of JARs that were scanned but no TLDs were found in them. Skipping unneeded JARs during scanning can improve startup time and JSP compilation time.
10-Aug-2026 14:38:45.162 정보 [daejist7.cafe24.com-startStop-1] org.apache.catalina.core.ApplicationContext.log No Spring WebApplicationInitializer types detected on classpath
10-Aug-2026 14:38:45.166 정보 [daejist7.cafe24.com-startStop-1] org.apache.catalina.core.ApplicationContext.log Initializing Spring root WebApplicationContext
10-Aug-2026 14:38:45.538 정보 [daejist7.cafe24.com-startStop-1] org.apache.catalina.core.ApplicationContext.log Initializing Spring DispatcherServlet 'appServlet'
10-Aug-2026 14:38:45.909 정보 [daejist7.cafe24.com-startStop-1] org.apache.catalina.startup.HostConfig.deployWAR Deployment of web application archive /daejist7/tomcat/webapps/ROOT.war has finished in 1,447 ms
10-Aug-2026 14:38:45.909 정보 [daejist7.cafe24.com-startStop-1] org.apache.catalina.startup.HostConfig.deployWAR Deploying web application archive /daejist7/tomcat/webapps/exe.war
10-Aug-2026 14:38:46.604 정보 [daejist7.cafe24.com-startStop-1] org.apache.jasper.servlet.TldScanner.scanJars At least one JAR was scanned for TLDs yet contained no TLDs. Enable debug logging for this logger for a complete list of JARs that were scanned but no TLDs were found in them. Skipping unneeded JARs during scanning can improve startup time and JSP compilation time.
10-Aug-2026 14:38:46.606 정보 [daejist7.cafe24.com-startStop-1] org.apache.catalina.core.ApplicationContext.log No Spring WebApplicationInitializer types detected on classpath
10-Aug-2026 14:38:46.631 정보 [daejist7.cafe24.com-startStop-1] org.apache.catalina.core.ApplicationContext.log Initializing Spring root WebApplicationContext
10-Aug-2026 14:38:47.026 정보 [daejist7.cafe24.com-startStop-1] org.apache.catalina.core.ApplicationContext.log Initializing Spring FrameworkServlet 'appServlet'
10-Aug-2026 14:38:47.395 정보 [daejist7.cafe24.com-startStop-1] org.apache.catalina.startup.HostConfig.deployWAR Deployment of web application archive /daejist7/tomcat/webapps/exe.war has finished in 1,486 ms
10-Aug-2026 14:38:47.395 정보 [daejist7.cafe24.com-startStop-1] org.apache.catalina.startup.HostConfig.deployDirectory Deploying web application directory /daejist7/tomcat/webapps/host-manager
10-Aug-2026 14:38:47.502 정보 [daejist7.cafe24.com-startStop-1] org.apache.jasper.servlet.TldScanner.scanJars At least one JAR was scanned for TLDs yet contained no TLDs. Enable debug logging for this logger for a complete list of JARs that were scanned but no TLDs were found in them. Skipping unneeded JARs during scanning can improve startup time and JSP compilation time.
10-Aug-2026 14:38:47.504 정보 [daejist7.cafe24.com-startStop-1] org.apache.catalina.startup.HostConfig.deployDirectory Deployment of web application directory /daejist7/tomcat/webapps/host-manager has finished in 109 ms
10-Aug-2026 14:38:47.504 정보 [daejist7.cafe24.com-startStop-1] org.apache.catalina.startup.HostConfig.deployDirectory Deploying web application directory /daejist7/tomcat/webapps/manager
10-Aug-2026 14:38:47.611 정보 [daejist7.cafe24.com-startStop-1] org.apache.jasper.servlet.TldScanner.scanJars At least one JAR was scanned for TLDs yet contained no TLDs. Enable debug logging for this logger for a complete list of JARs that were scanned but no TLDs were found in them. Skipping unneeded JARs during scanning can improve startup time and JSP compilation time.
10-Aug-2026 14:38:47.612 정보 [daejist7.cafe24.com-startStop-1] org.apache.catalina.startup.HostConfig.deployDirectory Deployment of web application directory /daejist7/tomcat/webapps/manager has finished in 108 ms
10-Aug-2026 14:38:47.614 정보 [main] org.apache.coyote.AbstractProtocol.start Starting ProtocolHandler ["http-nio-8855"]
10-Aug-2026 14:38:47.618 정보 [main] org.apache.catalina.startup.Catalina.start Server startup in 13881 ms
